$date
        2026-Jun-05 17:26:01
$end
$version
        Vivado v2024.1 (64-bit)
$end
$timescale
        1ps
$end
$scope module dut $end
$var reg 1 " pynq_z2_i/top_0_ila_ab_edge $end
$var reg 1 # pynq_z2_i/top_0_ila_z_edge $end
$var reg 8 $ pynq_z2_i/top_0_ila_ab_count [7:0] $end
$var reg 8 , pynq_z2_i/top_0_ila_ppr_conf [7:0] $end
$var reg 32 4 pynq_z2_i/top_0_ila_ab_period [31:0] $end
$var reg 32 T pynq_z2_i/top_0_ila_angle_angfac [31:0] $end
$var reg 32 t pynq_z2_i/top_0_ila_angle_nco_ab_inc [31:0] $end
$var reg 32 6" pynq_z2_i/top_0_ila_angle_nco_clk_inc [31:0] $end
$var reg 1 V" pynq_z2_i/top_0_ila_angle_nco_clk_inc_valid $end
$var reg 1 W" pynq_z2_i/top_0_ila_ref_edge $end
$var reg 1 X" pynq_z2_i/top_0_ila_phase_ref_det $end
$var reg 1 Y" pynq_z2_i/top_0_ila_phase_ref_found $end
$var reg 1 Z" pynq_z2_i/top_0_ila_phase_eng $end
$var reg 32 [" pynq_z2_i/top_0_ila_phase_ref_angfac [31:0] $end
$var reg 16 {" pynq_z2_i/top_0_ila_phase_ref_det_cnt [15:0] $end
$var reg 2 -# pynq_z2_i/top_0_ila_sync_state [1:0] $end
$var reg 1 /# pynq_z2_i/top_0_ila_sync_full $end
$var reg 32 0# pynq_z2_i/top_0_ila_pll_angfac [31:0] $end
$var reg 32 P# pynq_z2_i/top_0_ila_pll_nco_accum [31:0] $end
$var reg 32 p# pynq_z2_i/top_0_ila_pll_err_angfac [31:0] $end
$var reg 32 2$ pynq_z2_i/top_0_ila_pll_p_term [31:0] $end
$var reg 32 R$ pynq_z2_i/top_0_ila_pll_i_term [31:0] $end
$var reg 32 r$ pynq_z2_i/top_0_ila_pll_pi_corr [31:0] $end
$var reg 1 4% pynq_z2_i/top_0_ila_pll_div_valid $end
$var reg 32 5% pynq_z2_i/top_0_ila_ang_angfac [31:0] $end
$var reg 16 U% pynq_z2_i/top_0_ila_tdc_deg [15:0] $end
$var reg 1 e% pynq_z2_i/top_0_ila_trig_pulse $end
$var reg 32 f% pynq_z2_i/top_0_ila_trig_count [31:0] $end
$var reg 1 (& pynq_z2_i/top_0_ila_fault_cam_tooth $end
$var reg 1 )& pynq_z2_i/top_0_ila_fault_crank_tooth $end
$var reg 1 *& pynq_z2_i/top_0_ila_fault_crank_ab $end
$var reg 1 +& pynq_z2_i/top_0_ila_fault_pll_phase $end
$var reg 1 ,& pynq_z2_i/top_0_ila_fault_speed_calc $end
$var reg 1 -& _TRIGGER $end
$var reg 1 .& _WINDOW $end
$var reg 1 /& _GAP $end
$upscope $end
$enddefinitions $end
#0
$dumpvars
0"
0#
b110111 $
b111100 ,
b11000011100011100 4
b11101101110110011101100010100010 T
b100010001000100010001000100 t
b1011001010 6"
1V"
0W"
0X"
1Y"
0Z"
b1000010001000110101010011101000 ["
b101011011110 {"
b11 -#
1/#
b11101010101100100011000001011000 0#
b11101010101100100011000001011000 P#
b11111100110110011111111110101010 p#
b0 2$
b0 R$
b0 r$
14%
b11101101110110011101100010100010 5%
b110100010000 U%
1e%
b110100010001 f%
0(&
0)&
0*&
1+&
0,&
0-&
1.&
0/&
$end
#1
b11101101111011000000111111110010 T
b11101010110001000110011110101000 0#
b11101010110001000110011110101000 P#
b11101101111011000000111111110010 5%
b110100010001 U%
b110100010010 f%
#2
b11101101111111100100010001111000 T
b11101010110101101001110000101110 0#
b11101010110101101001110000101110 P#
b11101101111111100100010001111000 5%
b110100010010 U%
b110100010011 f%
#3
b11101110000100000111100011111110 T
b11101010111010001101000010110100 0#
b11101010111010001101000010110100 P#
b11101110000100000111100011111110 5%
b110100010011 U%
b110100010100 f%
#4
b11101110001000101011000001001110 T
b11101010111110110000100000000100 0#
b11101010111110110000100000000100 P#
b11101110001000101011000001001110 5%
b110100010100 U%
b110100010101 f%
#5
b11101110001101001110010011010100 T
b11101011000011010011110010001010 0#
b11101011000011010011110010001010 P#
b11101110001101001110010011010100 5%
b110100010101 U%
b110100010110 f%
#6
b11101110010001110001100101011010 T
b11101011000111110111000100010000 0#
b11101011000111110111000100010000 P#
b11101110010001110001100101011010 5%
b110100010110 U%
b110100010111 f%
#7
b11101110010110010101000010101010 T
b11101011001100011010100001100000 0#
b11101011001100011010100001100000 P#
b11101110010110010101000010101010 5%
b110100010111 U%
b110100011000 f%
#8
b11101110011010111000010100110000 T
b11101011010000111101110011100110 0#
b11101011010000111101110011100110 P#
b11101110011010111000010100110000 5%
b110100011000 U%
b110100011001 f%
#9
b11101110011111011011100110110110 T
b11101011010101100001000101101100 0#
b11101011010101100001000101101100 P#
b11101110011111011011100110110110 5%
b110100011001 U%
b110100011010 f%
#10
b11101110100011111111000100000110 T
b11101011011010000100100010111100 0#
b11101011011010000100100010111100 P#
b11101110100011111111000100000110 5%
b110100011010 U%
b110100011011 f%
#11
b11101110101000100010010110001100 T
b11101011011110100111110101000010 0#
b11101011011110100111110101000010 P#
b11101110101000100010010110001100 5%
b110100011011 U%
b110100011100 f%
#12
b11101110101101000101101000010010 T
b11101011100011001011000111001000 0#
b11101011100011001011000111001000 P#
b11101110101101000101101000010010 5%
b110100011100 U%
b110100011101 f%
#13
b11101110110001101001000101100010 T
b11101011100111101110100100011000 0#
b11101011100111101110100100011000 P#
b11101110110001101001000101100010 5%
b110100011101 U%
b110100011110 f%
#14
b11101110110110001100010111101000 T
b11101011101100010001110110011110 0#
b11101011101100010001110110011110 P#
b11101110110110001100010111101000 5%
b110100011110 U%
b110100011111 f%
#15
b11101110111010101111101001101110 T
b11101011110000110101001000100100 0#
b11101011110000110101001000100100 P#
b11101110111010101111101001101110 5%
b110100011111 U%
b110100100000 f%
#16
b111000 $
b11000011100011011 4
b11101110111111010011000111000010 T
b11101011110101000101001111011110 0#
b11101011110101000101001111011110 P#
b11111100110110000101011110110110 p#
b11101110111111010011000111000010 5%
b110100100000 U%
b110100100001 f%
#17
b11101111000011110110011001001000 T
b11101011111001101000100001100100 0#
b11101011111001101000100001100100 P#
b11101111000011110110011001001000 5%
b110100100001 U%
b110100100010 f%
#18
b11101111001000011001101011001110 T
b11101011111110001011110011101010 0#
b11101011111110001011110011101010 P#
b11101111001000011001101011001110 5%
b110100100010 U%
b110100100011 f%
#19
b11101111001100111101001000011110 T
b11101100000010101111010000111010 0#
b11101100000010101111010000111010 P#
b11101111001100111101001000011110 5%
b110100100011 U%
b110100100100 f%
#20
b11101111010001100000011010100100 T
b11101100000111010010100011000000 0#
b11101100000111010010100011000000 P#
b11101111010001100000011010100100 5%
b110100100100 U%
b110100100101 f%
#21
b11101111010110000011101100101010 T
b11101100001011110101110101000110 0#
b11101100001011110101110101000110 P#
b11101111010110000011101100101010 5%
b110100100101 U%
b110100100110 f%
#22
b11101111011010100110111110110000 T
b11101100010000011001000111001100 0#
b11101100010000011001000111001100 P#
b11101111011010100110111110110000 5%
b110100100110 U%
b110100100111 f%
#23
b11101111011111001010011100000000 T
b11101100010100111100100100011100 0#
b11101100010100111100100100011100 P#
b11101111011111001010011100000000 5%
b110100100111 U%
b110100101000 f%
#24
b11101111100011101101101110000110 T
b11101100011001011111110110100010 0#
b11101100011001011111110110100010 P#
b11101111100011101101101110000110 5%
b110100101000 U%
b110100101001 f%
#25
b11101111101000010001000000001100 T
b11101100011110000011001000101000 0#
b11101100011110000011001000101000 P#
b11101111101000010001000000001100 5%
b110100101001 U%
b110100101010 f%
#26
b11101111101100110100011101011100 T
b11101100100010100110100101111000 0#
b11101100100010100110100101111000 P#
b11101111101100110100011101011100 5%
b110100101010 U%
b110100101011 f%
#27
b11101111110001010111101111100010 T
b11101100100111001001110111111110 0#
b11101100100111001001110111111110 P#
b11101111110001010111101111100010 5%
b110100101011 U%
b110100101100 f%
#28
b11101111110101111011000001101000 T
b11101100101011101101001010000100 0#
b11101100101011101101001010000100 P#
b11101111110101111011000001101000 5%
b110100101100 U%
b110100101101 f%
#29
b11101111111010011110011110111000 T
b11101100110000010000100111010100 0#
b11101100110000010000100111010100 P#
b11101111111010011110011110111000 5%
b110100101101 U%
b110100101110 f%
#30
b11101111111111000001110000111110 T
b11101100110100110011111001011010 0#
b11101100110100110011111001011010 P#
b11101111111111000001110000111110 5%
b110100101110 U%
b110100101111 f%
#31
b11110000000011100101000011000100 T
b11101100111001010111001011100000 0#
b11101100111001010111001011100000 P#
b11110000000011100101000011000100 5%
b110100101111 U%
b110100110000 f%
#32
b11110000001000001000100000010100 T
b11101100111101111010101000110000 0#
b11101100111101111010101000110000 P#
b11110000001000001000100000010100 5%
b110100110000 U%
b110100110001 f%
#33
b11110000001100101011110010011010 T
b11101101000010011101111010110110 0#
b11101101000010011101111010110110 P#
b11110000001100101011110010011010 5%
b110100110001 U%
b110100110010 f%
#34
b11110000010001001111000100100000 T
b11101101000111000001001100111100 0#
b11101101000111000001001100111100 P#
b11110000010001001111000100100000 5%
b110100110010 U%
b110100110011 f%
#35
b11110000010101110010100001110000 T
b11101101001011100100101010001100 0#
b11101101001011100100101010001100 P#
b11110000010101110010100001110000 5%
b110100110011 U%
b110100110100 f%
#36
b11110000011010010101110011110110 T
b11101101010000000111111100010010 0#
b11101101010000000111111100010010 P#
b11110000011010010101110011110110 5%
b110100110100 U%
b110100110101 f%
#37
b11110000011110111001000101111100 T
b11101101010100101011001110011000 0#
b11101101010100101011001110011000 P#
b11110000011110111001000101111100 5%
b110100110101 U%
b110100110110 f%
#38
b11110000100011011100100011001100 T
b11101101011001001110101011101000 0#
b11101101011001001110101011101000 P#
b11110000100011011100100011001100 5%
b110100110110 U%
b110100110111 f%
#39
b11110000100111111111110101010010 T
b11101101011101110001111101101110 0#
b11101101011101110001111101101110 P#
b11110000100111111111110101010010 5%
b110100110111 U%
b110100111000 f%
#40
b11110000101100100011000111011000 T
b11101101100010010101001111110100 0#
b11101101100010010101001111110100 P#
b11110000101100100011000111011000 5%
b110100111000 U%
b110100111001 f%
#41
b11110000110001000110100100101000 T
b11101101100110111000101101000100 0#
b11101101100110111000101101000100 P#
b11110000110001000110100100101000 5%
b110100111001 U%
b110100111010 f%
#42
b11110000110101101001110110101110 T
b11101101101011011011111111001010 0#
b11101101101011011011111111001010 P#
b11110000110101101001110110101110 5%
b110100111010 U%
b110100111011 f%
#43
b11110000111010001101001000110100 T
b11101101101111111111010001010000 0#
b11101101101111111111010001010000 P#
b11110000111010001101001000110100 5%
b110100111011 U%
b110100111100 f%
#44
b11110000111110110000100110000100 T
b11101101110100100010101110100000 0#
b11101101110100100010101110100000 P#
b11110000111110110000100110000100 5%
b110100111100 U%
b110100111101 f%
#45
b11110001000011010011111000001010 T
b11101101111001000110000000100110 0#
b11101101111001000110000000100110 P#
b11110001000011010011111000001010 5%
b110100111101 U%
b110100111110 f%
#46
b11110001000111110111001010010000 T
b11101101111101101001010010101100 0#
b11101101111101101001010010101100 P#
b11110001000111110111001010010000 5%
b110100111110 U%
b110100111111 f%
#47
b11110001001100011010100111100000 T
b11101110000010001100101111111100 0#
b11101110000010001100101111111100 P#
b11110001001100011010100111100000 5%
b110100111111 U%
b110101000000 f%
#48
b11110001010000111101111001100110 T
b11101110000110110000000010000010 0#
b11101110000110110000000010000010 P#
b11110001010000111101111001100110 5%
b110101000000 U%
b110101000001 f%
#49
b11110001010101100001001011101100 T
b11101110001011010011010100001000 0#
b11101110001011010011010100001000 P#
b11110001010101100001001011101100 5%
b110101000001 U%
b110101000010 f%
#50
b11110001011010000100011101110010 T
b11101110001111110110100110001110 0#
b11101110001111110110100110001110 P#
b11110001011010000100011101110010 5%
b110101000010 U%
b110101000011 f%
#51
b11110001011110100111111011000010 T
b11101110010100011010000011011110 0#
b11101110010100011010000011011110 P#
b11110001011110100111111011000010 5%
b110101000011 U%
b110101000100 f%
#52
b11110001100011001011001101001000 T
b11101110011000111101010101100100 0#
b11101110011000111101010101100100 P#
b11110001100011001011001101001000 5%
b110101000100 U%
b110101000101 f%
#53
b11110001100111101110011111001110 T
b11101110011101100000100111101010 0#
b11101110011101100000100111101010 P#
b11110001100111101110011111001110 5%
b110101000101 U%
b110101000110 f%
#54
b11110001101100010001111100011110 T
b11101110100010000100000100111010 0#
b11101110100010000100000100111010 P#
b11110001101100010001111100011110 5%
b110101000110 U%
b110101000111 f%
#55
b11110001110000110101001110100100 T
b11101110100110100111010111000000 0#
b11101110100110100111010111000000 P#
b11110001110000110101001110100100 5%
b110101000111 U%
b110101001000 f%
#56
b11110001110101011000100000101010 T
b11101110101011001010101001000110 0#
b11101110101011001010101001000110 P#
b11110001110101011000100000101010 5%
b110101001000 U%
b110101001001 f%
#57
b11110001111001111011111101111010 T
b11101110101111101110000110010110 0#
b11101110101111101110000110010110 P#
b11110001111001111011111101111010 5%
b110101001001 U%
b110101001010 f%
#58
b11110001111110011111010000000000 T
b11101110110100010001011000011100 0#
b11101110110100010001011000011100 P#
b11110001111110011111010000000000 5%
b110101001010 U%
b110101001011 f%
#59
b11110010000011000010100010000110 T
b11101110111000110100101010100010 0#
b11101110111000110100101010100010 P#
b11110010000011000010100010000110 5%
b110101001011 U%
b110101001100 f%
#60
b11110010000111100101111111010110 T
b11101110111101011000000111110010 0#
b11101110111101011000000111110010 P#
b11110010000111100101111111010110 5%
b110101001100 U%
b110101001101 f%
#61
b11110010001100001001010001011100 T
b11101111000001111011011001111000 0#
b11101111000001111011011001111000 P#
b11110010001100001001010001011100 5%
b110101001101 U%
b110101001110 f%
#62
b11110010010000101100100011100010 T
b11101111000110011110101011111110 0#
b11101111000110011110101011111110 P#
b11110010010000101100100011100010 5%
b110101001110 U%
b110101001111 f%
#63
b11110010010101010000000000110010 T
b11101111001011000010001001001110 0#
b11101111001011000010001001001110 P#
b11110010010101010000000000110010 5%
b110101001111 U%
b110101010000 f%
#64
b11110010011001110011010010111000 T
b11101111001111100101011011010100 0#
b11101111001111100101011011010100 P#
b11110010011001110011010010111000 5%
b110101010000 U%
b110101010001 f%
#65
b11110010011110010110100100111110 T
b11101111010100001000101101011010 0#
b11101111010100001000101101011010 P#
b11110010011110010110100100111110 5%
b110101010001 U%
b110101010010 f%
#66
b11110010100010111010000010001110 T
b11101111011000101100001010101010 0#
b11101111011000101100001010101010 P#
b11110010100010111010000010001110 5%
b110101010010 U%
b110101010011 f%
#67
b11110010100111011101010100010100 T
b11101111011101001111011100110000 0#
b11101111011101001111011100110000 P#
b11110010100111011101010100010100 5%
b110101010011 U%
b110101010100 f%
#68
b11110010101100000000100110011010 T
b11101111100001110010101110110110 0#
b11101111100001110010101110110110 P#
b11110010101100000000100110011010 5%
b110101010100 U%
b110101010101 f%
#69
b11110010110000100100000011101010 T
b11101111100110010110001100000110 0#
b11101111100110010110001100000110 P#
b11110010110000100100000011101010 5%
b110101010101 U%
b110101010110 f%
#70
b11110010110101000111010101110000 T
b11101111101010111001011110001100 0#
b11101111101010111001011110001100 P#
b11110010110101000111010101110000 5%
b110101010110 U%
b110101010111 f%
#71
b11110010111001101010100111110110 T
b11101111101111011100110000010010 0#
b11101111101111011100110000010010 P#
b11110010111001101010100111110110 5%
b110101010111 U%
b110101011000 f%
#72
b11110010111110001110000101000110 T
b11101111110100000000001101100010 0#
b11101111110100000000001101100010 P#
b11110010111110001110000101000110 5%
b110101011000 U%
b110101011001 f%
#73
b11110011000010110001010111001100 T
b11101111111000100011011111101000 0#
b11101111111000100011011111101000 P#
b11110011000010110001010111001100 5%
b110101011001 U%
b110101011010 f%
#74
b11110011000111010100101001010010 T
b11101111111101000110110001101110 0#
b11101111111101000110110001101110 P#
b11110011000111010100101001010010 5%
b110101011010 U%
b110101011011 f%
#75
b11110011001011111000000110100010 T
b11110000000001101010001110111110 0#
b11110000000001101010001110111110 P#
b11110011001011111000000110100010 5%
b110101011011 U%
b110101011100 f%
#76
b111001 $
b11000011100011100 4
b11110011010000011011011000101100 T
b11110000000101110110101011100110 0#
b11110000000101110110101011100110 P#
b11111100110101110010001000011100 p#
b11110011010000011011011000101100 5%
b110101011100 U%
b110101011101 f%
#77
b11110011010100111110101010110010 T
b11110000001010011001111101101100 0#
b11110000001010011001111101101100 P#
b11110011010100111110101010110010 5%
b110101011101 U%
b110101011110 f%
#78
b11110011011001100010001000000010 T
b11110000001110111101011010111100 0#
b11110000001110111101011010111100 P#
b11110011011001100010001000000010 5%
b110101011110 U%
b110101011111 f%
#79
b11110011011110000101011010001000 T
b11110000010011100000101101000010 0#
b11110000010011100000101101000010 P#
b11110011011110000101011010001000 5%
b110101011111 U%
b110101100000 f%
#80
b11110011100010101000101100001110 T
b11110000011000000011111111001000 0#
b11110000011000000011111111001000 P#
b11110011100010101000101100001110 5%
b110101100000 U%
b110101100001 f%
#81
b11110011100111001011111110010100 T
b11110000011100100111010001001110 0#
b11110000011100100111010001001110 P#
b11110011100111001011111110010100 5%
b110101100001 U%
b110101100010 f%
#82
b11110011101011101111011011100100 T
b11110000100001001010101110011110 0#
b11110000100001001010101110011110 P#
b11110011101011101111011011100100 5%
b110101100010 U%
b110101100011 f%
#83
b11110011110000010010101101101010 T
b11110000100101101110000000100100 0#
b11110000100101101110000000100100 P#
b11110011110000010010101101101010 5%
b110101100011 U%
b110101100100 f%
#84
b11110011110100110101111111110000 T
b11110000101010010001010010101010 0#
b11110000101010010001010010101010 P#
b11110011110100110101111111110000 5%
b110101100100 U%
b110101100101 f%
#85
b11110011111001011001011101000000 T
b11110000101110110100101111111010 0#
b11110000101110110100101111111010 P#
b11110011111001011001011101000000 5%
b110101100101 U%
b110101100110 f%
#86
b11110011111101111100101111000110 T
b11110000110011011000000010000000 0#
b11110000110011011000000010000000 P#
b11110011111101111100101111000110 5%
b110101100110 U%
b110101100111 f%
#87
b11110100000010100000000001001100 T
b11110000110111111011010100000110 0#
b11110000110111111011010100000110 P#
b11110100000010100000000001001100 5%
b110101100111 U%
b110101101000 f%
#88
b11110100000111000011011110011100 T
b11110000111100011110110001010110 0#
b11110000111100011110110001010110 P#
b11110100000111000011011110011100 5%
b110101101000 U%
b110101101001 f%
#89
b11110100001011100110110000100010 T
b11110001000001000010000011011100 0#
b11110001000001000010000011011100 P#
b11110100001011100110110000100010 5%
b110101101001 U%
b110101101010 f%
#90
b11110100010000001010000010101000 T
b11110001000101100101010101100010 0#
b11110001000101100101010101100010 P#
b11110100010000001010000010101000 5%
b110101101010 U%
b110101101011 f%
#91
b11110100010100101101011111111000 T
b11110001001010001000110010110010 0#
b11110001001010001000110010110010 P#
b11110100010100101101011111111000 5%
b110101101011 U%
b110101101100 f%
#92
b11110100011001010000110001111110 T
b11110001001110101100000100111000 0#
b11110001001110101100000100111000 P#
b11110100011001010000110001111110 5%
b110101101100 U%
b110101101101 f%
#93
b11110100011101110100000100000100 T
b11110001010011001111010110111110 0#
b11110001010011001111010110111110 P#
b11110100011101110100000100000100 5%
b110101101101 U%
b110101101110 f%
#94
b11110100100010010111100001010100 T
b11110001010111110010110100001110 0#
b11110001010111110010110100001110 P#
b11110100100010010111100001010100 5%
b110101101110 U%
b110101101111 f%
#95
b11110100100110111010110011011010 T
b11110001011100010110000110010100 0#
b11110001011100010110000110010100 P#
b11110100100110111010110011011010 5%
b110101101111 U%
b110101110000 f%
#96
b11110100101011011110000101100000 T
b11110001100000111001011000011010 0#
b11110001100000111001011000011010 P#
b11110100101011011110000101100000 5%
b110101110000 U%
b110101110001 f%
#97
b11110100110000000001100010110000 T
b11110001100101011100110101101010 0#
b11110001100101011100110101101010 P#
b11110100110000000001100010110000 5%
b110101110001 U%
b110101110010 f%
#98
b11110100110100100100110100110110 T
b11110001101010000000000111110000 0#
b11110001101010000000000111110000 P#
b11110100110100100100110100110110 5%
b110101110010 U%
b110101110011 f%
#99
b11110100111001001000000110111100 T
b11110001101110100011011001110110 0#
b11110001101110100011011001110110 P#
b11110100111001001000000110111100 5%
b110101110011 U%
b110101110100 f%
#100
b11110100111101101011100100001100 T
b11110001110011000110110111000110 0#
b11110001110011000110110111000110 P#
b11110100111101101011100100001100 5%
b110101110100 U%
b110101110101 f%
#101
b11110101000010001110110110010010 T
b11110001110111101010001001001100 0#
b11110001110111101010001001001100 P#
b11110101000010001110110110010010 5%
b110101110101 U%
b110101110110 f%
#102
b11110101000110110010001000011000 T
b11110001111100001101011011010010 0#
b11110001111100001101011011010010 P#
b11110101000110110010001000011000 5%
b110101110110 U%
b110101110111 f%
#103
b11110101001011010101100101101000 T
b11110010000000110000111000100010 0#
b11110010000000110000111000100010 P#
b11110101001011010101100101101000 5%
b110101110111 U%
b110101111000 f%
#104
b11110101001111111000110111101110 T
b11110010000101010100001010101000 0#
b11110010000101010100001010101000 P#
b11110101001111111000110111101110 5%
b110101111000 U%
b110101111001 f%
#105
b11110101010100011100001001110100 T
b11110010001001110111011100101110 0#
b11110010001001110111011100101110 P#
b11110101010100011100001001110100 5%
b110101111001 U%
b110101111010 f%
#106
b11110101011000111111100111000100 T
b11110010001110011010111001111110 0#
b11110010001110011010111001111110 P#
b11110101011000111111100111000100 5%
b110101111010 U%
b110101111011 f%
#107
b11110101011101100010111001001010 T
b11110010010010111110001100000100 0#
b11110010010010111110001100000100 P#
b11110101011101100010111001001010 5%
b110101111011 U%
b110101111100 f%
#108
b11110101100010000110001011010000 T
b11110010010111100001011110001010 0#
b11110010010111100001011110001010 P#
b11110101100010000110001011010000 5%
b110101111100 U%
b110101111101 f%
#109
b11110101100110101001011101010110 T
b11110010011100000100110000010000 0#
b11110010011100000100110000010000 P#
b11110101100110101001011101010110 5%
b110101111101 U%
b110101111110 f%
#110
b11110101101011001100111010100110 T
b11110010100000101000001101100000 0#
b11110010100000101000001101100000 P#
b11110101101011001100111010100110 5%
b110101111110 U%
b110101111111 f%
#111
b11110101101111110000001100101100 T
b11110010100101001011011111100110 0#
b11110010100101001011011111100110 P#
b11110101101111110000001100101100 5%
b110101111111 U%
b110110000000 f%
#112
b11110101110100010011011110110010 T
b11110010101001101110110001101100 0#
b11110010101001101110110001101100 P#
b11110101110100010011011110110010 5%
b110110000000 U%
b110110000001 f%
#113
b11110101111000110110111100000010 T
b11110010101110010010001110111100 0#
b11110010101110010010001110111100 P#
b11110101111000110110111100000010 5%
b110110000001 U%
b110110000010 f%
#114
b11110101111101011010001110001000 T
b11110010110010110101100001000010 0#
b11110010110010110101100001000010 P#
b11110101111101011010001110001000 5%
b110110000010 U%
b110110000011 f%
#115
b11110110000001111101100000001110 T
b11110010110111011000110011001000 0#
b11110010110111011000110011001000 P#
b11110110000001111101100000001110 5%
b110110000011 U%
b110110000100 f%
#116
b11110110000110100000111101011110 T
b11110010111011111100010000011000 0#
b11110010111011111100010000011000 P#
b11110110000110100000111101011110 5%
b110110000100 U%
b110110000101 f%
#117
b11110110001011000100001111100100 T
b11110011000000011111100010011110 0#
b11110011000000011111100010011110 P#
b11110110001011000100001111100100 5%
b110110000101 U%
b110110000110 f%
#118
b11110110001111100111100001101010 T
b11110011000101000010110100100100 0#
b11110011000101000010110100100100 P#
b11110110001111100111100001101010 5%
b110110000110 U%
b110110000111 f%
#119
b11110110010100001010111110111010 T
b11110011001001100110010001110100 0#
b11110011001001100110010001110100 P#
b11110110010100001010111110111010 5%
b110110000111 U%
b110110001000 f%
#120
b11110110011000101110010001000000 T
b11110011001110001001100011111010 0#
b11110011001110001001100011111010 P#
b11110110011000101110010001000000 5%
b110110001000 U%
b110110001001 f%
#121
b11110110011101010001100011000110 T
b11110011010010101100110110000000 0#
b11110011010010101100110110000000 P#
b11110110011101010001100011000110 5%
b110110001001 U%
b110110001010 f%
#122
b11110110100001110101000000010110 T
b11110011010111010000010011010000 0#
b11110011010111010000010011010000 P#
b11110110100001110101000000010110 5%
b110110001010 U%
b110110001011 f%
#123
b11110110100110011000010010011100 T
b11110011011011110011100101010110 0#
b11110011011011110011100101010110 P#
b11110110100110011000010010011100 5%
b110110001011 U%
b110110001100 f%
#124
b11110110101010111011100100100010 T
b11110011100000010110110111011100 0#
b11110011100000010110110111011100 P#
b11110110101010111011100100100010 5%
b110110001100 U%
b110110001101 f%
#125
b11110110101111011111000001110010 T
b11110011100100111010010100101100 0#
b11110011100100111010010100101100 P#
b11110110101111011111000001110010 5%
b110110001101 U%
b110110001110 f%
#126
b11110110110100000010010011111000 T
b11110011101001011101100110110010 0#
b11110011101001011101100110110010 P#
b11110110110100000010010011111000 5%
b110110001110 U%
b110110001111 f%
#127
b11110110111000100101100101111110 T
b11110011101110000000111000111000 0#
b11110011101110000000111000111000 P#
b11110110111000100101100101111110 5%
b110110001111 U%
b110110010000 f%
#128
b11110110111101001001000011001110 T
b11110011110010100100010110001000 0#
b11110011110010100100010110001000 P#
b11110110111101001001000011001110 5%
b110110010000 U%
b110110010001 f%
#129
b11110111000001101100010101010100 T
b11110011110111000111101000001110 0#
b11110011110111000111101000001110 P#
b11110111000001101100010101010100 5%
b110110010001 U%
b110110010010 f%
#130
b11110111000110001111100111011010 T
b11110011111011101010111010010100 0#
b11110011111011101010111010010100 P#
b11110111000110001111100111011010 5%
b110110010010 U%
b110110010011 f%
#131
b11110111001010110011000100101010 T
b11110100000000001110010111100100 0#
b11110100000000001110010111100100 P#
b11110111001010110011000100101010 5%
b110110010011 U%
b110110010100 f%
#132
b11110111001111010110010110110000 T
b11110100000100110001101001101010 0#
b11110100000100110001101001101010 P#
b11110111001111010110010110110000 5%
b110110010100 U%
b110110010101 f%
#133
b11110111010011111001101000110110 T
b11110100001001010100111011110000 0#
b11110100001001010100111011110000 P#
b11110111010011111001101000110110 5%
b110110010101 U%
b110110010110 f%
#134
b11110111011000011101000110000110 T
b11110100001101111000011001000000 0#
b11110100001101111000011001000000 P#
b11110111011000011101000110000110 5%
b110110010110 U%
b110110010111 f%
#135
b11110111011101000000011000001100 T
b11110100010010011011101011000110 0#
b11110100010010011011101011000110 P#
b11110111011101000000011000001100 5%
b110110010111 U%
b110110011000 f%
#136
b111010 $
b11110111100001100011101010010110 T
b11110100010110100100010010010010 0#
b11110100010110100100010010010010 P#
b11111100110101011011010010111010 p#
b11110111100001100011101010010110 5%
b110110011000 U%
b110110011001 f%
#137
b11110111100110000111000111100110 T
b11110100011011000111101111100010 0#
b11110100011011000111101111100010 P#
b11110111100110000111000111100110 5%
b110110011001 U%
b110110011010 f%
#138
b11110111101010101010011001101100 T
b11110100011111101011000001101000 0#
b11110100011111101011000001101000 P#
b11110111101010101010011001101100 5%
b110110011010 U%
b110110011011 f%
#139
b11110111101111001101101011110010 T
b11110100100100001110010011101110 0#
b11110100100100001110010011101110 P#
b11110111101111001101101011110010 5%
b110110011011 U%
b110110011100 f%
#140
b11110111110011110000111101111000 T
b11110100101000110001100101110100 0#
b11110100101000110001100101110100 P#
b11110111110011110000111101111000 5%
b110110011100 U%
b110110011101 f%
#141
b11110111111000010100011011001000 T
b11110100101101010101000011000100 0#
b11110100101101010101000011000100 P#
b11110111111000010100011011001000 5%
b110110011101 U%
b110110011110 f%
#142
b11110111111100110111101101001110 T
b11110100110001111000010101001010 0#
b11110100110001111000010101001010 P#
b11110111111100110111101101001110 5%
b110110011110 U%
b110110011111 f%
#143
b11111000000001011010111111010100 T
b11110100110110011011100111010000 0#
b11110100110110011011100111010000 P#
b11111000000001011010111111010100 5%
b110110011111 U%
b110110100000 f%
#144
b11111000000101111110011100100100 T
b11110100111010111111000100100000 0#
b11110100111010111111000100100000 P#
b11111000000101111110011100100100 5%
b110110100000 U%
b110110100001 f%
#145
b11111000001010100001101110101010 T
b11110100111111100010010110100110 0#
b11110100111111100010010110100110 P#
b11111000001010100001101110101010 5%
b110110100001 U%
b110110100010 f%
#146
b11111000001111000101000000110000 T
b11110101000100000101101000101100 0#
b11110101000100000101101000101100 P#
b11111000001111000101000000110000 5%
b110110100010 U%
b110110100011 f%
#147
b11111000010011101000011110000000 T
b11110101001000101001000101111100 0#
b11110101001000101001000101111100 P#
b11111000010011101000011110000000 5%
b110110100011 U%
b110110100100 f%
#148
b11111000011000001011110000000110 T
b11110101001101001100011000000010 0#
b11110101001101001100011000000010 P#
b11111000011000001011110000000110 5%
b110110100100 U%
b110110100101 f%
#149
b11111000011100101111000010001100 T
b11110101010001101111101010001000 0#
b11110101010001101111101010001000 P#
b11111000011100101111000010001100 5%
b110110100101 U%
b110110100110 f%
#150
b11111000100001010010011111011100 T
b11110101010110010011000111011000 0#
b11110101010110010011000111011000 P#
b11111000100001010010011111011100 5%
b110110100110 U%
b110110100111 f%
#151
b11111000100101110101110001100010 T
b11110101011010110110011001011110 0#
b11110101011010110110011001011110 P#
b11111000100101110101110001100010 5%
b110110100111 U%
b110110101000 f%
#152
b11111000101010011001000011101000 T
b11110101011111011001101011100100 0#
b11110101011111011001101011100100 P#
b11111000101010011001000011101000 5%
b110110101000 U%
b110110101001 f%
#153
b11111000101110111100100000111000 T
b11110101100011111101001000110100 0#
b11110101100011111101001000110100 P#
b11111000101110111100100000111000 5%
b110110101001 U%
b110110101010 f%
#154
b11111000110011011111110010111110 T
b11110101101000100000011010111010 0#
b11110101101000100000011010111010 P#
b11111000110011011111110010111110 5%
b110110101010 U%
b110110101011 f%
#155
b11111000111000000011000101000100 T
b11110101101101000011101101000000 0#
b11110101101101000011101101000000 P#
b11111000111000000011000101000100 5%
b110110101011 U%
b110110101100 f%
#156
b11111000111100100110100010010100 T
b11110101110001100111001010010000 0#
b11110101110001100111001010010000 P#
b11111000111100100110100010010100 5%
b110110101100 U%
b110110101101 f%
#157
b11111001000001001001110100011010 T
b11110101110110001010011100010110 0#
b11110101110110001010011100010110 P#
b11111001000001001001110100011010 5%
b110110101101 U%
b110110101110 f%
#158
b11111001000101101101000110100000 T
b11110101111010101101101110011100 0#
b11110101111010101101101110011100 P#
b11111001000101101101000110100000 5%
b110110101110 U%
b110110101111 f%
#159
b11111001001010010000100011110000 T
b11110101111111010001001011101100 0#
b11110101111111010001001011101100 P#
b11111001001010010000100011110000 5%
b110110101111 U%
b110110110000 f%
#160
b11111001001110110011110101110110 T
b11110110000011110100011101110010 0#
b11110110000011110100011101110010 P#
b11111001001110110011110101110110 5%
b110110110000 U%
b110110110001 f%
#161
b11111001010011010111000111111100 T
b11110110001000010111101111111000 0#
b11110110001000010111101111111000 P#
b11111001010011010111000111111100 5%
b110110110001 U%
b110110110010 f%
#162
b11111001010111111010100101001100 T
b11110110001100111011001101001000 0#
b11110110001100111011001101001000 P#
b11111001010111111010100101001100 5%
b110110110010 U%
b110110110011 f%
#163
b11111001011100011101110111010010 T
b11110110010001011110011111001110 0#
b11110110010001011110011111001110 P#
b11111001011100011101110111010010 5%
b110110110011 U%
b110110110100 f%
#164
b11111001100001000001001001011000 T
b11110110010110000001110001010100 0#
b11110110010110000001110001010100 P#
b11111001100001000001001001011000 5%
b110110110100 U%
b110110110101 f%
#165
b11111001100101100100100110101000 T
b11110110011010100101001110100100 0#
b11110110011010100101001110100100 P#
b11111001100101100100100110101000 5%
b110110110101 U%
b110110110110 f%
#166
b11111001101010000111111000101110 T
b11110110011111001000100000101010 0#
b11110110011111001000100000101010 P#
b11111001101010000111111000101110 5%
b110110110110 U%
b110110110111 f%
#167
b11111001101110101011001010110100 T
b11110110100011101011110010110000 0#
b11110110100011101011110010110000 P#
b11111001101110101011001010110100 5%
b110110110111 U%
b110110111000 f%
#168
b11111001110011001110011100111010 T
b11110110101000001111000100110110 0#
b11110110101000001111000100110110 P#
b11111001110011001110011100111010 5%
b110110111000 U%
b110110111001 f%
#169
b11111001110111110001111010001010 T
b11110110101100110010100010000110 0#
b11110110101100110010100010000110 P#
b11111001110111110001111010001010 5%
b110110111001 U%
b110110111010 f%
#170
b11111001111100010101001100010000 T
b11110110110001010101110100001100 0#
b11110110110001010101110100001100 P#
b11111001111100010101001100010000 5%
b110110111010 U%
b110110111011 f%
#171
b11111010000000111000011110010110 T
b11110110110101111001000110010010 0#
b11110110110101111001000110010010 P#
b11111010000000111000011110010110 5%
b110110111011 U%
b110110111100 f%
#172
b11111010000101011011111011100110 T
b11110110111010011100100011100010 0#
b11110110111010011100100011100010 P#
b11111010000101011011111011100110 5%
b110110111100 U%
b110110111101 f%
#173
b11111010001001111111001101101100 T
b11110110111110111111110101101000 0#
b11110110111110111111110101101000 P#
b11111010001001111111001101101100 5%
b110110111101 U%
b110110111110 f%
#174
b11111010001110100010011111110010 T
b11110111000011100011000111101110 0#
b11110111000011100011000111101110 P#
b11111010001110100010011111110010 5%
b110110111110 U%
b110110111111 f%
#175
b11111010010011000101111101000010 T
b11110111001000000110100100111110 0#
b11110111001000000110100100111110 P#
b11111010010011000101111101000010 5%
b110110111111 U%
b110111000000 f%
#176
b11111010010111101001001111001000 T
b11110111001100101001110111000100 0#
b11110111001100101001110111000100 P#
b11111010010111101001001111001000 5%
b110111000000 U%
b110111000001 f%
#177
b11111010011100001100100001001110 T
b11110111010001001101001001001010 0#
b11110111010001001101001001001010 P#
b11111010011100001100100001001110 5%
b110111000001 U%
b110111000010 f%
#178
b11111010100000101111111110011110 T
b11110111010101110000100110011010 0#
b11110111010101110000100110011010 P#
b11111010100000101111111110011110 5%
b110111000010 U%
b110111000011 f%
#179
b11111010100101010011010000100100 T
b11110111011010010011111000100000 0#
b11110111011010010011111000100000 P#
b11111010100101010011010000100100 5%
b110111000011 U%
b110111000100 f%
#180
b11111010101001110110100010101010 T
b11110111011110110111001010100110 0#
b11110111011110110111001010100110 P#
b11111010101001110110100010101010 5%
b110111000100 U%
b110111000101 f%
#181
b11111010101110011001111111111010 T
b11110111100011011010100111110110 0#
b11110111100011011010100111110110 P#
b11111010101110011001111111111010 5%
b110111000101 U%
b110111000110 f%
#182
b11111010110010111101010010000000 T
b11110111100111111101111001111100 0#
b11110111100111111101111001111100 P#
b11111010110010111101010010000000 5%
b110111000110 U%
b110111000111 f%
#183
b11111010110111100000100100000110 T
b11110111101100100001001100000010 0#
b11110111101100100001001100000010 P#
b11111010110111100000100100000110 5%
b110111000111 U%
b110111001000 f%
#184
b11111010111100000100000001010110 T
b11110111110001000100101001010010 0#
b11110111110001000100101001010010 P#
b11111010111100000100000001010110 5%
b110111001000 U%
b110111001001 f%
#185
b11111011000000100111010011011100 T
b11110111110101100111111011011000 0#
b11110111110101100111111011011000 P#
b11111011000000100111010011011100 5%
b110111001001 U%
b110111001010 f%
#186
b11111011000101001010100101100010 T
b11110111111010001011001101011110 0#
b11110111111010001011001101011110 P#
b11111011000101001010100101100010 5%
b110111001010 U%
b110111001011 f%
#187
b11111011001001101110000010110010 T
b11110111111110101110101010101110 0#
b11110111111110101110101010101110 P#
b11111011001001101110000010110010 5%
b110111001011 U%
b110111001100 f%
#188
b11111011001110010001010100111000 T
b11111000000011010001111100110100 0#
b11111000000011010001111100110100 P#
b11111011001110010001010100111000 5%
b110111001100 U%
b110111001101 f%
#189
b11111011010010110100100110111110 T
b11111000000111110101001110111010 0#
b11111000000111110101001110111010 P#
b11111011010010110100100110111110 5%
b110111001101 U%
b110111001110 f%
#190
b11111011010111011000000100001110 T
b11111000001100011000101100001010 0#
b11111000001100011000101100001010 P#
b11111011010111011000000100001110 5%
b110111001110 U%
b110111001111 f%
#191
b11111011011011111011010110010100 T
b11111000010000111011111110010000 0#
b11111000010000111011111110010000 P#
b11111011011011111011010110010100 5%
b110111001111 U%
b110111010000 f%
#192
b11111011100000011110101000011010 T
b11111000010101011111010000010110 0#
b11111000010101011111010000010110 P#
b11111011100000011110101000011010 5%
b110111010000 U%
b110111010001 f%
#193
b11111011100101000010000101101010 T
b11111000011010000010101101100110 0#
b11111000011010000010101101100110 P#
b11111011100101000010000101101010 5%
b110111010001 U%
b110111010010 f%
#194
b11111011101001100101010111110000 T
b11111000011110100101111111101100 0#
b11111000011110100101111111101100 P#
b11111011101001100101010111110000 5%
b110111010010 U%
b110111010011 f%
#195
b11111011101110001000101001110110 T
b11111000100011001001010001110010 0#
b11111000100011001001010001110010 P#
b11111011101110001000101001110110 5%
b110111010011 U%
b110111010100 f%
#196
b111011 $
b11111011110010101100000111001010 T
b11111000100111010101100011010000 0#
b11111000100111010101100011010000 P#
b11111100110101000000100111111100 p#
b11111011110010101100000111001010 5%
b110111010100 U%
b110111010101 f%
#197
b11111011110111001111011001010000 T
b11111000101011111000110101010110 0#
b11111000101011111000110101010110 P#
b11111011110111001111011001010000 5%
b110111010101 U%
b110111010110 f%
#198
b11111011111011110010101011010110 T
b11111000110000011100000111011100 0#
b11111000110000011100000111011100 P#
b11111011111011110010101011010110 5%
b110111010110 U%
b110111010111 f%
#199
b11111100000000010101111101011100 T
b11111000110100111111011001100010 0#
b11111000110100111111011001100010 P#
b11111100000000010101111101011100 5%
b110111010111 U%
b110111011000 f%
#200
b11111100000100111001011010101100 T
b11111000111001100010110110110010 0#
b11111000111001100010110110110010 P#
b11111100000100111001011010101100 5%
b110111011000 U%
b110111011001 f%
#201
b11111100001001011100101100110010 T
b11111000111110000110001000111000 0#
b11111000111110000110001000111000 P#
b11111100001001011100101100110010 5%
b110111011001 U%
b110111011010 f%
#202
b11111100001101111111111110111000 T
b11111001000010101001011010111110 0#
b11111001000010101001011010111110 P#
b11111100001101111111111110111000 5%
b110111011010 U%
b110111011011 f%
#203
b11111100010010100011011100001000 T
b11111001000111001100111000001110 0#
b11111001000111001100111000001110 P#
b11111100010010100011011100001000 5%
b110111011011 U%
b110111011100 f%
#204
b11111100010111000110101110001110 T
b11111001001011110000001010010100 0#
b11111001001011110000001010010100 P#
b11111100010111000110101110001110 5%
b110111011100 U%
b110111011101 f%
#205
b11111100011011101010000000010100 T
b11111001010000010011011100011010 0#
b11111001010000010011011100011010 P#
b11111100011011101010000000010100 5%
b110111011101 U%
b110111011110 f%
#206
b11111100100000001101011101100100 T
b11111001010100110110111001101010 0#
b11111001010100110110111001101010 P#
b11111100100000001101011101100100 5%
b110111011110 U%
b110111011111 f%
#207
b11111100100100110000101111101010 T
b11111001011001011010001011110000 0#
b11111001011001011010001011110000 P#
b11111100100100110000101111101010 5%
b110111011111 U%
b110111100000 f%
#208
b11111100101001010100000001110000 T
b11111001011101111101011101110110 0#
b11111001011101111101011101110110 P#
b11111100101001010100000001110000 5%
b110111100000 U%
b110111100001 f%
#209
b11111100101101110111011111000000 T
b11111001100010100000111011000110 0#
b11111001100010100000111011000110 P#
b11111100101101110111011111000000 5%
b110111100001 U%
b110111100010 f%
#210
b11111100110010011010110001000110 T
b11111001100111000100001101001100 0#
b11111001100111000100001101001100 P#
b11111100110010011010110001000110 5%
b110111100010 U%
b110111100011 f%
#211
b11111100110110111110000011001100 T
b11111001101011100111011111010010 0#
b11111001101011100111011111010010 P#
b11111100110110111110000011001100 5%
b110111100011 U%
b110111100100 f%
#212
b11111100111011100001100000011100 T
b11111001110000001010111100100010 0#
b11111001110000001010111100100010 P#
b11111100111011100001100000011100 5%
b110111100100 U%
b110111100101 f%
#213
b11111101000000000100110010100010 T
b11111001110100101110001110101000 0#
b11111001110100101110001110101000 P#
b11111101000000000100110010100010 5%
b110111100101 U%
b110111100110 f%
#214
b11111101000100101000000100101000 T
b11111001111001010001100000101110 0#
b11111001111001010001100000101110 P#
b11111101000100101000000100101000 5%
b110111100110 U%
b110111100111 f%
#215
b11111101001001001011100001111000 T
b11111001111101110100111101111110 0#
b11111001111101110100111101111110 P#
b11111101001001001011100001111000 5%
b110111100111 U%
b110111101000 f%
#216
b11111101001101101110110011111110 T
b11111010000010011000010000000100 0#
b11111010000010011000010000000100 P#
b11111101001101101110110011111110 5%
b110111101000 U%
b110111101001 f%
#217
b11111101010010010010000110000100 T
b11111010000110111011100010001010 0#
b11111010000110111011100010001010 P#
b11111101010010010010000110000100 5%
b110111101001 U%
b110111101010 f%
#218
b11111101010110110101100011010100 T
b11111010001011011110111111011010 0#
b11111010001011011110111111011010 P#
b11111101010110110101100011010100 5%
b110111101010 U%
b110111101011 f%
#219
b11111101011011011000110101011010 T
b11111010010000000010010001100000 0#
b11111010010000000010010001100000 P#
b11111101011011011000110101011010 5%
b110111101011 U%
b110111101100 f%
#220
b11111101011111111100000111100000 T
b11111010010100100101100011100110 0#
b11111010010100100101100011100110 P#
b11111101011111111100000111100000 5%
b110111101100 U%
b110111101101 f%
#221
b11111101100100011111100100110000 T
b11111010011001001001000000110110 0#
b11111010011001001001000000110110 P#
b11111101100100011111100100110000 5%
b110111101101 U%
b110111101110 f%
#222
b11111101101001000010110110110110 T
b11111010011101101100010010111100 0#
b11111010011101101100010010111100 P#
b11111101101001000010110110110110 5%
b110111101110 U%
b110111101111 f%
#223
b11111101101101100110001000111100 T
b11111010100010001111100101000010 0#
b11111010100010001111100101000010 P#
b11111101101101100110001000111100 5%
b110111101111 U%
b110111110000 f%
#224
b11111101110010001001100110001100 T
b11111010100110110011000010010010 0#
b11111010100110110011000010010010 P#
b11111101110010001001100110001100 5%
b110111110000 U%
b110111110001 f%
#225
b11111101110110101100111000010010 T
b11111010101011010110010100011000 0#
b11111010101011010110010100011000 P#
b11111101110110101100111000010010 5%
b110111110001 U%
b110111110010 f%
#226
b11111101111011010000001010011000 T
b11111010101111111001100110011110 0#
b11111010101111111001100110011110 P#
b11111101111011010000001010011000 5%
b110111110010 U%
b110111110011 f%
#227
b11111101111111110011011100011110 T
b11111010110100011100111000100100 0#
b11111010110100011100111000100100 P#
b11111101111111110011011100011110 5%
b110111110011 U%
b110111110100 f%
#228
b11111110000100010110111001101110 T
b11111010111001000000010101110100 0#
b11111010111001000000010101110100 P#
b11111110000100010110111001101110 5%
b110111110100 U%
b110111110101 f%
#229
b11111110001000111010001011110100 T
b11111010111101100011100111111010 0#
b11111010111101100011100111111010 P#
b11111110001000111010001011110100 5%
b110111110101 U%
b110111110110 f%
#230
b11111110001101011101011101111010 T
b11111011000010000110111010000000 0#
b11111011000010000110111010000000 P#
b11111110001101011101011101111010 5%
b110111110110 U%
b110111110111 f%
#231
b11111110010010000000111011001010 T
b11111011000110101010010111010000 0#
b11111011000110101010010111010000 P#
b11111110010010000000111011001010 5%
b110111110111 U%
b110111111000 f%
#232
b11111110010110100100001101010000 T
b11111011001011001101101001010110 0#
b11111011001011001101101001010110 P#
b11111110010110100100001101010000 5%
b110111111000 U%
b110111111001 f%
#233
b11111110011011000111011111010110 T
b11111011001111110000111011011100 0#
b11111011001111110000111011011100 P#
b11111110011011000111011111010110 5%
b110111111001 U%
b110111111010 f%
#234
b11111110011111101010111100100110 T
b11111011010100010100011000101100 0#
b11111011010100010100011000101100 P#
b11111110011111101010111100100110 5%
b110111111010 U%
b110111111011 f%
#235
b11111110100100001110001110101100 T
b11111011011000110111101010110010 0#
b11111011011000110111101010110010 P#
b11111110100100001110001110101100 5%
b110111111011 U%
b110111111100 f%
#236
b11111110101000110001100000110010 T
b11111011011101011010111100111000 0#
b11111011011101011010111100111000 P#
b11111110101000110001100000110010 5%
b110111111100 U%
b110111111101 f%
#237
b11111110101101010100111110000010 T
b11111011100001111110011010001000 0#
b11111011100001111110011010001000 P#
b11111110101101010100111110000010 5%
b110111111101 U%
b110111111110 f%
#238
b11111110110001111000010000001000 T
b11111011100110100001101100001110 0#
b11111011100110100001101100001110 P#
b11111110110001111000010000001000 5%
b110111111110 U%
b110111111111 f%
#239
b11111110110110011011100010001110 T
b11111011101011000100111110010100 0#
b11111011101011000100111110010100 P#
b11111110110110011011100010001110 5%
b110111111111 U%
b111000000000 f%
#240
b11111110111010111110111111011110 T
b11111011101111101000011011100100 0#
b11111011101111101000011011100100 P#
b11111110111010111110111111011110 5%
b111000000000 U%
b111000000001 f%
#241
b11111110111111100010010001100100 T
b11111011110100001011101101101010 0#
b11111011110100001011101101101010 P#
b11111110111111100010010001100100 5%
b111000000001 U%
b111000000010 f%
#242
b11111111000100000101100011101010 T
b11111011111000101110111111110000 0#
b11111011111000101110111111110000 P#
b11111111000100000101100011101010 5%
b111000000010 U%
b111000000011 f%
#243
b11111111001000101001000000111010 T
b11111011111101010010011101000000 0#
b11111011111101010010011101000000 P#
b11111111001000101001000000111010 5%
b111000000011 U%
b111000000100 f%
#244
b11111111001101001100010011000000 T
b11111100000001110101101111000110 0#
b11111100000001110101101111000110 P#
b11111111001101001100010011000000 5%
b111000000100 U%
b111000000101 f%
#245
b11111111010001101111100101000110 T
b11111100000110011001000001001100 0#
b11111100000110011001000001001100 P#
b11111111010001101111100101000110 5%
b111000000101 U%
b111000000110 f%
#246
b11111111010110010011000010010110 T
b11111100001010111100011110011100 0#
b11111100001010111100011110011100 P#
b11111111010110010011000010010110 5%
b111000000110 U%
b111000000111 f%
#247
b11111111011010110110010100011100 T
b11111100001111011111110000100010 0#
b11111100001111011111110000100010 P#
b11111111011010110110010100011100 5%
b111000000111 U%
b111000001000 f%
#248
b11111111011111011001100110100010 T
b11111100010100000011000010101000 0#
b11111100010100000011000010101000 P#
b11111111011111011001100110100010 5%
b111000001000 U%
b111000001001 f%
#249
b11111111100011111101000011110010 T
b11111100011000100110011111111000 0#
b11111100011000100110011111111000 P#
b11111111100011111101000011110010 5%
b111000001001 U%
b111000001010 f%
#250
b11111111101000100000010101111000 T
b11111100011101001001110001111110 0#
b11111100011101001001110001111110 P#
b11111111101000100000010101111000 5%
b111000001010 U%
b111000001011 f%
#251
b11111111101101000011100111111110 T
b11111100100001101101000100000100 0#
b11111100100001101101000100000100 P#
b11111111101101000011100111111110 5%
b111000001011 U%
b111000001100 f%
#252
b11111111110001100111000101001110 T
b11111100100110010000100001010100 0#
b11111100100110010000100001010100 P#
b11111111110001100111000101001110 5%
b111000001100 U%
b111000001101 f%
#253
b11111111110110001010010111010100 T
b11111100101010110011110011011010 0#
b11111100101010110011110011011010 P#
b11111111110110001010010111010100 5%
b111000001101 U%
b111000001110 f%
#254
b11111111111010101101101001011010 T
b11111100101111010111000101100000 0#
b11111100101111010111000101100000 P#
b11111111111010101101101001011010 5%
b111000001110 U%
b111000001111 f%
#255
b11111111111111010001000110101010 T
b11111100110011111010100010110000 0#
b11111100110011111010100010110000 P#
b11111111111111010001000110101010 5%
b111000001111 U%
b111000010001 f%
#256
1"
1#
b0 $
b1001001101111101100 4
b0 T
0V"
1Z"
b0 0#
b0 P#
b11111100110100101001011100000110 p#
b0 5%
0e%
b1 f%
1)&
1*&
1-&
#257
b1011001010 0#
b1011001010 P#
b111000010000 U%
1e%
0)&
0*&
#258
0"
0#
b100100011011111000100 T
b11101100 6"
1V"
b1101110101000000010010 0#
b1101110101000000010010 P#
b100100011011111000100 5%
b111000010001 U%
b10 f%
#259
b1001000110110011000100 T
b11011100110010110010010 0#
b11011100110010110010010 P#
b1001000110110011000100 5%
b111000010010 U%
b11 f%
#260
b1101101010001010110000 T
b101001010111110111011100 0#
b101001010111110111011100 P#
b1101101010001010110000 5%
b111000010011 U%
b100 f%
#261
b10010001101011110110000 T
b110111001001001101011100 0#
b110111001001001101011100 P#
b10010001101011110110000 5%
b111000010100 U%
b101 f%
#262
b10110110000110110011100 T
b1000100111010101110100110 0#
b1000100111010101110100110 P#
b10110110000110110011100 5%
b111000010101 U%
b110 f%
#263
b11011010100001010011100 T
b1010010101100000100100110 0#
b1010010101100000100100110 P#
b11011010100001010011100 5%
b111000010110 U%
b111 f%
#264
b11111110111100010001000 T
b1100000011101100101110000 0#
b1100000011101100101110000 P#
b11111110111100010001000 5%
b111000010111 U%
b1000 f%
#265
b100100011010110110001000 T
b1101110001110111011110000 0#
b1101110001110111011110000 P#
b100100011010110110001000 5%
b111000011000 U%
b1001 f%
#266
b101000111110001101110100 T
b1111100000000011100111010 0#
b1111100000000011100111010 P#
b101000111110001101110100 5%
b111000011001 U%
b1010 f%
#267
b101101100001100001110100 T
b10001001110001110010111010 0#
b10001001110001110010111010 P#
b101101100001100001110100 5%
b111000011010 U%
b1011 f%
#268
b110010000100111001100000 T
b10010111100011010100000100 0#
b10010111100011010100000100 P#
b110010000100111001100000 5%
b111000011011 U%
b1100 f%
#269
b110110101000001101100000 T
b10100101010100101010000100 0#
b10100101010100101010000100 P#
b110110101000001101100000 5%
b111000011100 U%
b1101 f%
#270
b111011001011100001100000 T
b10110011000110000000000100 0#
b10110011000110000000000100 P#
b111011001011100001100000 5%
b111000011101 U%
b1110 f%
#271
b111111101110111001001100 T
b11000000110111100001001110 0#
b11000000110111100001001110 P#
b111111101110111001001100 5%
b111000011110 U%
b1111 f%
#272
b1000100010010001101001100 T
b11001110101000110111001110 0#
b11001110101000110111001110 P#
b1000100010010001101001100 5%
b111000011111 U%
b10000 f%
#273
b1001000110101100100111000 T
b11011100011010011000011000 0#
b11011100011010011000011000 P#
b1001000110101100100111000 5%
b111000100000 U%
b10001 f%
#274
b1001101011000111000111000 T
b11101010001011101110011000 0#
b11101010001011101110011000 P#
b1001101011000111000111000 5%
b111000100001 U%
b10010 f%
#275
b1010001111100010000100100 T
b11110111111101001111100010 0#
b11110111111101001111100010 P#
b1010001111100010000100100 5%
b111000100010 U%
b10011 f%
#276
b1010110011111100100100100 T
b100000101101110100101100010 0#
b100000101101110100101100010 P#
b1010110011111100100100100 5%
b111000100011 U%
b10100 f%
#277
1"
b1 $
b11000011100001001 4
b100010001000100010001000100 T
0V"
b100010000101010000011110010 0#
b100010000101010000011110010 P#
b10110110100011000110001000 p#
b100010001000100010001000100 5%
b111001001011 U%
b10110 f%
#278
0"
b100010101101100001001011001 T
b1011001011 6"
1V"
b100010010001100111011100010 0#
b100010010001100111011100010 P#
b100010101101100001001011001 5%
b111001001101 U%
b111110 f%
#279
b100011010001111011111010000 T
b100010011101101000101111110 0#
b100010011101101000101111110 P#
b100011010001111011111010000 5%
b111001001110 U%
b111111 f%
#280
b100011110110010110101000111 T
b100010101001101010000011010 0#
b100010101001101010000011010 P#
b100011110110010110101000111 5%
b111001001111 U%
b1000000 f%
#281
b100100011010110001010111110 T
b100010110101101011010110110 0#
b100010110101101011010110110 P#
b100100011010110001010111110 5%
b111001010000 U%
b1000001 f%
#282
b100100111111001100000110101 T
b100011000001101100101010010 0#
b100011000001101100101010010 P#
b100100111111001100000110101 5%
b111001010001 U%
b1000010 f%
#283
b100101100011100110110101100 T
b100011001101101101111101110 0#
b100011001101101101111101110 P#
b100101100011100110110101100 5%
b111001010010 U%
b1000011 f%
#284
b100110001000000001100100011 T
b100011011001101111010001010 0#
b100011011001101111010001010 P#
b100110001000000001100100011 5%
b111001010011 U%
b1000100 f%
#285
b100110101100011100010011010 T
b100011100101110000100100110 0#
b100011100101110000100100110 P#
b100110101100011100010011010 5%
b111001010100 U%
b1000101 f%
#286
b100111010000110111000010001 T
b100011110001110001111000010 0#
b100011110001110001111000010 P#
b100111010000110111000010001 5%
b111001010101 U%
b1000110 f%
#287
b100111110101010001110001000 T
b100011111101110011001011110 0#
b100011111101110011001011110 P#
b100111110101010001110001000 5%
b111001010110 U%
b1000111 f%
#288
b101000011001101100011111111 T
b100100001001110100011111010 0#
b100100001001110100011111010 P#
b101000011001101100011111111 5%
b111001010111 U%
b1001000 f%
#289
b101000111110000111001110110 T
b100100010101110101110010110 0#
b100100010101110101110010110 P#
b101000111110000111001110110 5%
b111001011000 U%
b1001001 f%
#290
b101001100010100001111101101 T
b100100100001110111000110010 0#
b100100100001110111000110010 P#
b101001100010100001111101101 5%
b111001011001 U%
b1001010 f%
#291
b101010000110111100101100100 T
b100100101101111000011001110 0#
b100100101101111000011001110 P#
b101010000110111100101100100 5%
b111001011010 U%
b1001011 f%
#292
b101010101011010111011011011 T
b100100111001111001101101010 0#
b100100111001111001101101010 P#
b101010101011010111011011011 5%
b111001011011 U%
b1001100 f%
#293
b101011001111110010001010010 T
b100101000101111011000000110 0#
b100101000101111011000000110 P#
b101011001111110010001010010 5%
b111001011100 U%
b1001101 f%
#294
b101011110100001100111001001 T
b100101010001111100010100010 0#
b100101010001111100010100010 P#
b101011110100001100111001001 5%
b111001011101 U%
b1001110 f%
#295
b101100011000100111101000000 T
b100101011101111101100111110 0#
b100101011101111101100111110 P#
b101100011000100111101000000 5%
b111001011110 U%
b1001111 f%
#296
b101100111101000000111101100 T
b100101101001111110011101110 0#
b100101101001111110011101110 P#
b101100111101000000111101100 5%
b111001011111 U%
b1010000 f%
#297
b101101100001011011101100011 T
b100101110101111111110001010 0#
b100101110101111111110001010 P#
b101101100001011011101100011 5%
b111001100000 U%
b1010001 f%
#298
b101110000101110110011011010 T
b100110000010000001000100110 0#
b100110000010000001000100110 P#
b101110000101110110011011010 5%
b111001100001 U%
b1010010 f%
#299
b101110101010010001001010001 T
b100110001110000010011000010 0#
b100110001110000010011000010 P#
b101110101010010001001010001 5%
b111001100010 U%
b1010011 f%
#300
b101111001110101011111001000 T
b100110011010000011101011110 0#
b100110011010000011101011110 P#
b101111001110101011111001000 5%
b111001100011 U%
b1010100 f%
#301
b101111110011000110100111111 T
b100110100110000100111111010 0#
b100110100110000100111111010 P#
b101111110011000110100111111 5%
b111001100100 U%
b1010101 f%
#302
b110000010111100001010110110 T
b100110110010000110010010110 0#
b100110110010000110010010110 P#
b110000010111100001010110110 5%
b111001100101 U%
b1010110 f%
#303
b110000111011111100000101101 T
b100110111110000111100110010 0#
b100110111110000111100110010 P#
b110000111011111100000101101 5%
b111001100110 U%
b1010111 f%
#304
b110001100000010110110100100 T
b100111001010001000111001110 0#
b100111001010001000111001110 P#
b110001100000010110110100100 5%
b111001100111 U%
b1011000 f%
#305
b110010000100110001100011011 T
b100111010110001010001101010 0#
b100111010110001010001101010 P#
b110010000100110001100011011 5%
b111001101000 U%
b1011001 f%
#306
b110010101001001100010010010 T
b100111100010001011100000110 0#
b100111100010001011100000110 P#
b110010101001001100010010010 5%
b111001101001 U%
b1011010 f%
#307
b110011001101100111000001001 T
b100111101110001100110100010 0#
b100111101110001100110100010 P#
b110011001101100111000001001 5%
b111001101010 U%
b1011011 f%
#308
b110011110010000001110000000 T
b100111111010001110000111110 0#
b100111111010001110000111110 P#
b110011110010000001110000000 5%
b111001101011 U%
b1011100 f%
#309
b110100010110011100011110111 T
b101000000110001111011011010 0#
b101000000110001111011011010 P#
b110100010110011100011110111 5%
b111001101100 U%
b1011101 f%
#310
b110100111010110111001101110 T
b101000010010010000101110110 0#
b101000010010010000101110110 P#
b110100111010110111001101110 5%
b111001101101 U%
b1011110 f%
#311
b110101011111010001111100101 T
b101000011110010010000010010 0#
b101000011110010010000010010 P#
b110101011111010001111100101 5%
b111001101110 U%
b1011111 f%
#312
b110110000011101100101011100 T
b101000101010010011010101110 0#
b101000101010010011010101110 P#
b110110000011101100101011100 5%
b111001101111 U%
b1100000 f%
#313
b110110101000000111011010011 T
b101000110110010100101001010 0#
b101000110110010100101001010 P#
b110110101000000111011010011 5%
b111001110000 U%
b1100001 f%
#314
b110111001100100010001001010 T
b101001000010010101111100110 0#
b101001000010010101111100110 P#
b110111001100100010001001010 5%
b111001110001 U%
b1100010 f%
#315
b110111110000111100111000001 T
b101001001110010111010000010 0#
b101001001110010111010000010 P#
b110111110000111100111000001 5%
b111001110010 U%
b1100011 f%
#316
b111000010101010111100111000 T
b101001011010011000100011110 0#
b101001011010011000100011110 P#
b111000010101010111100111000 5%
b111001110011 U%
b1100100 f%
#317
b111000111001110010010101111 T
b101001100110011001110111010 0#
b101001100110011001110111010 P#
b111000111001110010010101111 5%
b111001110100 U%
b1100101 f%
#318
b111001011110001101000100110 T
b101001110010011011001010110 0#
b101001110010011011001010110 P#
b111001011110001101000100110 5%
b111001110101 U%
b1100110 f%
#319
b111010000010100111110011101 T
b101001111110011100011110010 0#
b101001111110011100011110010 P#
b111010000010100111110011101 5%
b111001110110 U%
b1100111 f%
#320
b111010100111000010100010100 T
b101010001010011101110001110 0#
b101010001010011101110001110 P#
b111010100111000010100010100 5%
b111001110111 U%
b1101000 f%
#321
b111011001011011101010001011 T
b101010010110011111000101010 0#
b101010010110011111000101010 P#
b111011001011011101010001011 5%
b111001111000 U%
b1101001 f%
#322
b111011101111111000000000010 T
b101010100010100000011000110 0#
b101010100010100000011000110 P#
b111011101111111000000000010 5%
b111001111001 U%
b1101010 f%
#323
b111100010100010010101111001 T
b101010101110100001101100010 0#
b101010101110100001101100010 P#
b111100010100010010101111001 5%
b111001111010 U%
b1101011 f%
#324
b111100111000101101011110000 T
b101010111010100010111111110 0#
b101010111010100010111111110 P#
b111100111000101101011110000 5%
b111001111011 U%
b1101100 f%
#325
b111101011101001000001100111 T
b101011000110100100010011010 0#
b101011000110100100010011010 P#
b111101011101001000001100111 5%
b111001111100 U%
b1101101 f%
#326
b111110000001100010111011110 T
b101011010010100101100110110 0#
b101011010010100101100110110 P#
b111110000001100010111011110 5%
b111001111101 U%
b1101110 f%
#327
b111110100101111101101010101 T
b101011011110100110111010010 0#
b101011011110100110111010010 P#
b111110100101111101101010101 5%
b111001111110 U%
b1101111 f%
#328
b111111001010011000011001100 T
b101011101010101000001101110 0#
b101011101010101000001101110 P#
b111111001010011000011001100 5%
b111001111111 U%
b1110000 f%
#329
b111111101110110011001000011 T
b101011110110101001100001010 0#
b101011110110101001100001010 P#
b111111101110110011001000011 5%
b111010000000 U%
b1110001 f%
#330
b1000000010011001101110111010 T
b101100000010101010110100110 0#
b101100000010101010110100110 P#
b1000000010011001101110111010 5%
b111010000001 U%
b1110010 f%
#331
b1000000110111101000100110001 T
b101100001110101100001000010 0#
b101100001110101100001000010 P#
b1000000110111101000100110001 5%
b111010000010 U%
b1110011 f%
#332
b1000001011100000011010101000 T
b101100011010101101011011110 0#
b101100011010101101011011110 P#
b1000001011100000011010101000 5%
b111010000011 U%
b1110100 f%
#333
b1000010000000011110000011111 T
b101100100110101110101111010 0#
b101100100110101110101111010 P#
b1000010000000011110000011111 5%
b111010000100 U%
b1110101 f%
#334
b1000010100100111000110010110 T
b101100110010110000000010110 0#
b101100110010110000000010110 P#
b1000010100100111000110010110 5%
b111010000101 U%
b1110110 f%
#335
b1000011001001010011100001101 T
b101100111110110001010110010 0#
b101100111110110001010110010 P#
b1000011001001010011100001101 5%
b111010000110 U%
b1110111 f%
#336
b1000011101101101110010000100 T
b101101001010110010101001110 0#
b101101001010110010101001110 P#
b1000011101101101110010000100 5%
b111010000111 U%
b1111000 f%
#337
1"
b10 $
b11000011100011100 4
b1000100010010001000100110010 T
b1011001010 6"
b101101010111111011011101110 0#
b101101010111111011011101110 P#
b11111101001000101100110110101111 p#
b1000100010010001000100110010 5%
b111010001000 U%
b1111001 f%
#338
0"
b1000100110110100010110111000 T
b101101111100011000111111011 0#
b101101111100011000111111011 P#
b1000100110110100010110111000 5%
b111010001001 U%
b1111010 f%
#339
b1000101011010111110100001000 T
b101110100000110111111010011 0#
b101110100000110111111010011 P#
b1000101011010111110100001000 5%
b111010001010 U%
b1111011 f%
#340
b1000101111111011000110001110 T
b101111000101010101011100000 0#
b101111000101010101011100000 P#
b1000101111111011000110001110 5%
b111010001011 U%
b1111100 f%
#341
b1000110100011110011000010100 T
b101111101001110010111101101 0#
b101111101001110010111101101 P#
b1000110100011110011000010100 5%
b111010001100 U%
b1111101 f%
#342
b1000111001000001110101100100 T
b110000001110010001111000101 0#
b110000001110010001111000101 P#
b1000111001000001110101100100 5%
b111010001101 U%
b1111110 f%
#343
b1000111101100101000111101010 T
b110000110010101111011010010 0#
b110000110010101111011010010 P#
b1000111101100101000111101010 5%
b111010001110 U%
b1111111 f%
#344
b1001000010001000011001110000 T
b110001010111001100111011111 0#
b110001010111001100111011111 P#
b1001000010001000011001110000 5%
b111010001111 U%
b10000000 f%
#345
b1001000110101011110111000000 T
b110001111011101011110110111 0#
b110001111011101011110110111 P#
b1001000110101011110111000000 5%
b111010010000 U%
b10000001 f%
#346
b1001001011001111001001000110 T
b110010100000001001011000100 0#
b110010100000001001011000100 P#
b1001001011001111001001000110 5%
b111010010001 U%
b10000010 f%
#347
b1001001111110010011011001100 T
b110011000100100110111010001 0#
b110011000100100110111010001 P#
b1001001111110010011011001100 5%
b111010010010 U%
b10000011 f%
#348
b1001010100010101111000011100 T
b110011101001000101110101001 0#
b110011101001000101110101001 P#
b1001010100010101111000011100 5%
b111010010011 U%
b10000100 f%
#349
b1001011000111001001010100010 T
b110100001101100011010110110 0#
b110100001101100011010110110 P#
b1001011000111001001010100010 5%
b111010010100 U%
b10000101 f%
#350
b1001011101011100011100101000 T
b110100110010000000111000011 0#
b110100110010000000111000011 P#
b1001011101011100011100101000 5%
b111010010101 U%
b10000110 f%
#351
b1001100001111111111001111000 T
b110101010110011111110011011 0#
b110101010110011111110011011 P#
b1001100001111111111001111000 5%
b111010010110 U%
b10000111 f%
#352
b1001100110100011001011111110 T
b110101111010111101010101000 0#
b110101111010111101010101000 P#
b1001100110100011001011111110 5%
b111010010111 U%
b10001000 f%
#353
b1001101011000110011110000100 T
b110110011111011010110110101 0#
b110110011111011010110110101 P#
b1001101011000110011110000100 5%
b111010011000 U%
b10001001 f%
#354
b1001101111101001111011010100 T
b110111000011111001110001101 0#
b110111000011111001110001101 P#
b1001101111101001111011010100 5%
b111010011001 U%
b10001010 f%
#355
b1001110100001101001101011010 T
b110111101000010111010011010 0#
b110111101000010111010011010 P#
b1001110100001101001101011010 5%
b111010011010 U%
b10001011 f%
#356
b1001111000110000011111100000 T
b111000001100110100110100111 0#
b111000001100110100110100111 P#
b1001111000110000011111100000 5%
b111010011011 U%
b10001100 f%
#357
b1001111101010011111100110000 T
b111000110001010011101111111 0#
b111000110001010011101111111 P#
b1001111101010011111100110000 5%
b111010011100 U%
b10001101 f%
#358
b1010000001110111001110110110 T
b111001010101110001010001100 0#
b111001010101110001010001100 P#
b1010000001110111001110110110 5%
b111010011101 U%
b10001110 f%
#359
b1010000110011010100000111100 T
b111001111010001110110011001 0#
b111001111010001110110011001 P#
b1010000110011010100000111100 5%
b111010011110 U%
b10001111 f%
#360
b1010001010111101111110001100 T
b111010011110101101101110001 0#
b111010011110101101101110001 P#
b1010001010111101111110001100 5%
b111010011111 U%
b10010000 f%
#361
b1010001111100001010000010010 T
b111011000011001011001111110 0#
b111011000011001011001111110 P#
b1010001111100001010000010010 5%
b111010100000 U%
b10010001 f%
#362
b1010010100000100100010011000 T
b111011100111101000110001011 0#
b111011100111101000110001011 P#
b1010010100000100100010011000 5%
b111010100001 U%
b10010010 f%
#363
b1010011000100111111111101000 T
b111100001100000111101100011 0#
b111100001100000111101100011 P#
b1010011000100111111111101000 5%
b111010100010 U%
b10010011 f%
#364
b1010011101001011010001101110 T
b111100110000100101001110000 0#
b111100110000100101001110000 P#
b1010011101001011010001101110 5%
b111010100011 U%
b10010100 f%
#365
b1010100001101110100011110100 T
b111101010101000010101111101 0#
b111101010101000010101111101 P#
b1010100001101110100011110100 5%
b111010100100 U%
b10010101 f%
#366
b1010100110010001110101111010 T
b111101111001100000010001010 0#
b111101111001100000010001010 P#
b1010100110010001110101111010 5%
b111010100101 U%
b10010110 f%
#367
b1010101010110101010011001010 T
b111110011101111111001100010 0#
b111110011101111111001100010 P#
b1010101010110101010011001010 5%
b111010100110 U%
b10010111 f%
#368
b1010101111011000100101010000 T
b111111000010011100101101111 0#
b111111000010011100101101111 P#
b1010101111011000100101010000 5%
b111010100111 U%
b10011000 f%
#369
b1010110011111011110111010110 T
b111111100110111010001111100 0#
b111111100110111010001111100 P#
b1010110011111011110111010110 5%
b111010101000 U%
b10011001 f%
#370
b1010111000011111010100100110 T
b1000000001011011001001010100 0#
b1000000001011011001001010100 P#
b1010111000011111010100100110 5%
b111010101001 U%
b10011010 f%
#371
b1010111101000010100110101100 T
b1000000101111110110101100001 0#
b1000000101111110110101100001 P#
b1010111101000010100110101100 5%
b111010101010 U%
b10011011 f%
#372
b1011000001100101111000110010 T
b1000001010100010100001101110 0#
b1000001010100010100001101110 P#
b1011000001100101111000110010 5%
b111010101011 U%
b10011100 f%
#373
b1011000110001001010110000010 T
b1000001111000110011001000110 0#
b1000001111000110011001000110 P#
b1011000110001001010110000010 5%
b111010101100 U%
b10011101 f%
#374
b1011001010101100101000001000 T
b1000010011101010000101010011 0#
b1000010011101010000101010011 P#
b1011001010101100101000001000 5%
b111010101101 U%
b10011110 f%
#375
b1011001111001111111010001110 T
b1000011000001101110001100000 0#
b1000011000001101110001100000 P#
b1011001111001111111010001110 5%
b111010101110 U%
b10011111 f%
#376
b1011010011110011010111011110 T
b1000011100110001101000111000 0#
b1000011100110001101000111000 P#
b1011010011110011010111011110 5%
b111010101111 U%
b10100000 f%
#377
b1011011000010110101001100100 T
b1000100001010101010101000101 0#
b1000100001010101010101000101 P#
b1011011000010110101001100100 5%
b111010110000 U%
b10100001 f%
#378
b1011011100111001111011101010 T
b1000100101111001000001010010 0#
b1000100101111001000001010010 P#
b1011011100111001111011101010 5%
b111010110001 U%
b10100010 f%
#379
b1011100001011101011000111010 T
b1000101010011100111000101010 0#
b1000101010011100111000101010 P#
b1011100001011101011000111010 5%
b111010110010 U%
b10100011 f%
#380
b1011100110000000101011000000 T
b1000101111000000100100110111 0#
b1000101111000000100100110111 P#
b1011100110000000101011000000 5%
b111010110011 U%
b10100100 f%
#381
b1011101010100011111101000110 T
b1000110011100100010001000100 0#
b1000110011100100010001000100 P#
b1011101010100011111101000110 5%
b111010110100 U%
b10100101 f%
#382
b1011101111000111011010010110 T
b1000111000001000001000011100 0#
b1000111000001000001000011100 P#
b1011101111000111011010010110 5%
b111010110101 U%
b10100110 f%
#383
b1011110011101010101100011100 T
b1000111100101011110100101001 0#
b1000111100101011110100101001 P#
b1011110011101010101100011100 5%
b111010110110 U%
b10100111 f%
#384
b1011111000001101111110100010 T
b1001000001001111100000110110 0#
b1001000001001111100000110110 P#
b1011111000001101111110100010 5%
b111010110111 U%
b10101000 f%
#385
b1011111100110001011011110010 T
b1001000101110011011000001110 0#
b1001000101110011011000001110 P#
b1011111100110001011011110010 5%
b111010111000 U%
b10101001 f%
#386
b1100000001010100101101111000 T
b1001001010010111000100011011 0#
b1001001010010111000100011011 P#
b1100000001010100101101111000 5%
b111010111001 U%
b10101010 f%
#387
b1100000101110111111111111110 T
b1001001110111010110000101000 0#
b1001001110111010110000101000 P#
b1100000101110111111111111110 5%
b111010111010 U%
b10101011 f%
#388
b1100001010011011011101001110 T
b1001010011011110101000000000 0#
b1001010011011110101000000000 P#
b1100001010011011011101001110 5%
b111010111011 U%
b10101100 f%
#389
b1100001110111110101111010100 T
b1001011000000010010100001101 0#
b1001011000000010010100001101 P#
b1100001110111110101111010100 5%
b111010111100 U%
b10101101 f%
#390
b1100010011100010000001011010 T
b1001011100100110000000011010 0#
b1001011100100110000000011010 P#
b1100010011100010000001011010 5%
b111010111101 U%
b10101110 f%
#391
b1100011000000101011110101010 T
b1001100001001001110111110010 0#
b1001100001001001110111110010 P#
b1100011000000101011110101010 5%
b111010111110 U%
b10101111 f%
#392
b1100011100101000110000110000 T
b1001100101101101100011111111 0#
b1001100101101101100011111111 P#
b1100011100101000110000110000 5%
b111010111111 U%
b10110000 f%
#393
b1100100001001100000010110110 T
b1001101010010001010000001100 0#
b1001101010010001010000001100 P#
b1100100001001100000010110110 5%
b111011000000 U%
b10110001 f%
#394
b1100100101101111100000000110 T
b1001101110110101000111100100 0#
b1001101110110101000111100100 P#
b1100100101101111100000000110 5%
b111011000001 U%
b10110010 f%
#395
b1100101010010010110010001100 T
b1001110011011000110011110001 0#
b1001110011011000110011110001 P#
b1100101010010010110010001100 5%
b111011000010 U%
b10110011 f%
#396
b1100101110110110000100010010 T
b1001110111111100011111111110 0#
b1001110111111100011111111110 P#
b1100101110110110000100010010 5%
b111011000011 U%
b10110100 f%
#397
1"
b11 $
b11000011100011011 4
b1100110011011001010110011100 T
b1001111100001001001000000000 0#
b1001111100001001001000000000 P#
b11111101001001000110110010001111 p#
b1100110011011001010110011100 5%
b111011000100 U%
b10110101 f%
#398
0"
b1100110111111100110011101100 T
b1010000000101100100101010000 0#
b1010000000101100100101010000 P#
b1100110111111100110011101100 5%
b111011000101 U%
b10110110 f%
#399
b1100111100100000000101110010 T
b1010000101001111110111010110 0#
b1010000101001111110111010110 P#
b1100111100100000000101110010 5%
b111011000110 U%
b10110111 f%
#400
b1101000001000011010111111000 T
b1010001001110011001001011100 0#
b1010001001110011001001011100 P#
b1101000001000011010111111000 5%
b111011000111 U%
b10111000 f%
#401
b1101000101100110110101001000 T
b1010001110010110100110101100 0#
b1010001110010110100110101100 P#
b1101000101100110110101001000 5%
b111011001000 U%
b10111001 f%
#402
b1101001010001010000111001110 T
b1010010010111001111000110010 0#
b1010010010111001111000110010 P#
b1101001010001010000111001110 5%
b111011001001 U%
b10111010 f%
#403
b1101001110101101011001010100 T
b1010010111011101001010111000 0#
b1010010111011101001010111000 P#
b1101001110101101011001010100 5%
b111011001010 U%
b10111011 f%
#404
b1101010011010000110110100100 T
b1010011100000000101000001000 0#
b1010011100000000101000001000 P#
b1101010011010000110110100100 5%
b111011001011 U%
b10111100 f%
#405
b1101010111110100001000101010 T
b1010100000100011111010001110 0#
b1010100000100011111010001110 P#
b1101010111110100001000101010 5%
b111011001100 U%
b10111101 f%
#406
b1101011100010111011010110000 T
b1010100101000111001100010100 0#
b1010100101000111001100010100 P#
b1101011100010111011010110000 5%
b111011001101 U%
b10111110 f%
#407
b1101100000111010111000000000 T
b1010101001101010101001100100 0#
b1010101001101010101001100100 P#
b1101100000111010111000000000 5%
b111011001110 U%
b10111111 f%
#408
b1101100101011110001010000110 T
b1010101110001101111011101010 0#
b1010101110001101111011101010 P#
b1101100101011110001010000110 5%
b111011001111 U%
b11000000 f%
#409
b1101101010000001011100001100 T
b1010110010110001001101110000 0#
b1010110010110001001101110000 P#
b1101101010000001011100001100 5%
b111011010000 U%
b11000001 f%
#410
b1101101110100100111001011100 T
b1010110111010100101011000000 0#
b1010110111010100101011000000 P#
b1101101110100100111001011100 5%
b111011010001 U%
b11000010 f%
#411
b1101110011001000001011100010 T
b1010111011110111111101000110 0#
b1010111011110111111101000110 P#
b1101110011001000001011100010 5%
b111011010010 U%
b11000011 f%
#412
b1101110111101011011101101000 T
b1011000000011011001111001100 0#
b1011000000011011001111001100 P#
b1101110111101011011101101000 5%
b111011010011 U%
b11000100 f%
#413
b1101111100001110111010111000 T
b1011000100111110101100011100 0#
b1011000100111110101100011100 P#
b1101111100001110111010111000 5%
b111011010100 U%
b11000101 f%
#414
b1110000000110010001100111110 T
b1011001001100001111110100010 0#
b1011001001100001111110100010 P#
b1110000000110010001100111110 5%
b111011010101 U%
b11000110 f%
#415
b1110000101010101011111000100 T
b1011001110000101010000101000 0#
b1011001110000101010000101000 P#
b1110000101010101011111000100 5%
b111011010110 U%
b11000111 f%
#416
b1110001001111000111100010100 T
b1011010010101000101101111000 0#
b1011010010101000101101111000 P#
b1110001001111000111100010100 5%
b111011010111 U%
b11001000 f%
#417
b1110001110011100001110011010 T
b1011010111001011111111111110 0#
b1011010111001011111111111110 P#
b1110001110011100001110011010 5%
b111011011000 U%
b11001001 f%
#418
b1110010010111111100000100000 T
b1011011011101111010010000100 0#
b1011011011101111010010000100 P#
b1110010010111111100000100000 5%
b111011011001 U%
b11001010 f%
#419
b1110010111100010111101110000 T
b1011100000010010101111010100 0#
b1011100000010010101111010100 P#
b1110010111100010111101110000 5%
b111011011010 U%
b11001011 f%
#420
b1110011100000110001111110110 T
b1011100100110110000001011010 0#
b1011100100110110000001011010 P#
b1110011100000110001111110110 5%
b111011011011 U%
b11001100 f%
#421
b1110100000101001100001111100 T
b1011101001011001010011100000 0#
b1011101001011001010011100000 P#
b1110100000101001100001111100 5%
b111011011100 U%
b11001101 f%
#422
b1110100101001100111111001100 T
b1011101101111100110000110000 0#
b1011101101111100110000110000 P#
b1110100101001100111111001100 5%
b111011011101 U%
b11001110 f%
#423
b1110101001110000010001010010 T
b1011110010100000000010110110 0#
b1011110010100000000010110110 P#
b1110101001110000010001010010 5%
b111011011110 U%
b11001111 f%
#424
b1110101110010011100011011000 T
b1011110111000011010100111100 0#
b1011110111000011010100111100 P#
b1110101110010011100011011000 5%
b111011011111 U%
b11010000 f%
#425
b1110110010110110110101011110 T
b1011111011100110100111000010 0#
b1011111011100110100111000010 P#
b1110110010110110110101011110 5%
b111011100000 U%
b11010001 f%
#426
b1110110111011010010010101110 T
b1100000000001010000100010010 0#
b1100000000001010000100010010 P#
b1110110111011010010010101110 5%
b111011100001 U%
b11010010 f%
#427
b1110111011111101100100110100 T
b1100000100101101010110011000 0#
b1100000100101101010110011000 P#
b1110111011111101100100110100 5%
b111011100010 U%
b11010011 f%
#428
b1111000000100000110110111010 T
b1100001001010000101000011110 0#
b1100001001010000101000011110 P#
b1111000000100000110110111010 5%
b111011100011 U%
b11010100 f%
#429
b1111000101000100010100001010 T
b1100001101110100000101101110 0#
b1100001101110100000101101110 P#
b1111000101000100010100001010 5%
b111011100100 U%
b11010101 f%
#430
b1111001001100111100110010000 T
b1100010010010111010111110100 0#
b1100010010010111010111110100 P#
b1111001001100111100110010000 5%
b111011100101 U%
b11010110 f%
#431
b1111001110001010111000010110 T
b1100010110111010101001111010 0#
b1100010110111010101001111010 P#
b1111001110001010111000010110 5%
b111011100110 U%
b11010111 f%
#432
b1111010010101110010101100110 T
b1100011011011110000111001010 0#
b1100011011011110000111001010 P#
b1111010010101110010101100110 5%
b111011100111 U%
b11011000 f%
#433
b1111010111010001100111101100 T
b1100100000000001011001010000 0#
b1100100000000001011001010000 P#
b1111010111010001100111101100 5%
b111011101000 U%
b11011001 f%
#434
b1111011011110100111001110010 T
b1100100100100100101011010110 0#
b1100100100100100101011010110 P#
b1111011011110100111001110010 5%
b111011101001 U%
b11011010 f%
#435
b1111100000011000010111000010 T
b1100101001001000001000100110 0#
b1100101001001000001000100110 P#
b1111100000011000010111000010 5%
b111011101010 U%
b11011011 f%
#436
b1111100100111011101001001000 T
b1100101101101011011010101100 0#
b1100101101101011011010101100 P#
b1111100100111011101001001000 5%
b111011101011 U%
b11011100 f%
#437
b1111101001011110111011001110 T
b1100110010001110101100110010 0#
b1100110010001110101100110010 P#
b1111101001011110111011001110 5%
b111011101100 U%
b11011101 f%
#438
b1111101110000010011000011110 T
b1100110110110010001010000010 0#
b1100110110110010001010000010 P#
b1111101110000010011000011110 5%
b111011101101 U%
b11011110 f%
#439
b1111110010100101101010100100 T
b1100111011010101011100001000 0#
b1100111011010101011100001000 P#
b1111110010100101101010100100 5%
b111011101110 U%
b11011111 f%
#440
b1111110111001000111100101010 T
b1100111111111000101110001110 0#
b1100111111111000101110001110 P#
b1111110111001000111100101010 5%
b111011101111 U%
b11100000 f%
#441
b1111111011101100011001111010 T
b1101000100011100001011011110 0#
b1101000100011100001011011110 P#
b1111111011101100011001111010 5%
b111011110000 U%
b11100001 f%
#442
b10000000000001111101100000000 T
b1101001000111111011101100100 0#
b1101001000111111011101100100 P#
b10000000000001111101100000000 5%
b111011110001 U%
b11100010 f%
#443
b10000000100110010111110000110 T
b1101001101100010101111101010 0#
b1101001101100010101111101010 P#
b10000000100110010111110000110 5%
b111011110010 U%
b11100011 f%
#444
b10000001001010110011011010110 T
b1101010010000110001100111010 0#
b1101010010000110001100111010 P#
b10000001001010110011011010110 5%
b111011110011 U%
b11100100 f%
#445
b10000001101111001101101011100 T
b1101010110101001011111000000 0#
b1101010110101001011111000000 P#
b10000001101111001101101011100 5%
b111011110100 U%
b11100101 f%
#446
b10000010010011100111111100010 T
b1101011011001100110001000110 0#
b1101011011001100110001000110 P#
b10000010010011100111111100010 5%
b111011110101 U%
b11100110 f%
#447
b10000010111000000011100110010 T
b1101011111110000001110010110 0#
b1101011111110000001110010110 P#
b10000010111000000011100110010 5%
b111011110110 U%
b11100111 f%
#448
b10000011011100011101110111000 T
b1101100100010011100000011100 0#
b1101100100010011100000011100 P#
b10000011011100011101110111000 5%
b111011110111 U%
b11101000 f%
#449
b10000100000000111000000111110 T
b1101101000110110110010100010 0#
b1101101000110110110010100010 P#
b10000100000000111000000111110 5%
b111011111000 U%
b11101001 f%
#450
b10000100100101010011110001110 T
b1101101101011010001111110010 0#
b1101101101011010001111110010 P#
b10000100100101010011110001110 5%
b111011111001 U%
b11101010 f%
#451
b10000101001001101110000010100 T
b1101110001111101100001111000 0#
b1101110001111101100001111000 P#
b10000101001001101110000010100 5%
b111011111010 U%
b11101011 f%
#452
b10000101101110001000010011010 T
b1101110110100000110011111110 0#
b1101110110100000110011111110 P#
b10000101101110001000010011010 5%
b111011111011 U%
b11101100 f%
#453
b10000110010010100011111101010 T
b1101111011000100010001001110 0#
b1101111011000100010001001110 P#
b10000110010010100011111101010 5%
b111011111100 U%
b11101101 f%
#454
b10000110110110111110001110000 T
b1101111111100111100011010100 0#
b1101111111100111100011010100 P#
b10000110110110111110001110000 5%
b111011111101 U%
b11101110 f%
#455
b10000111011011011000011110110 T
b1110000100001010110101011010 0#
b1110000100001010110101011010 P#
b10000111011011011000011110110 5%
b111011111110 U%
b11101111 f%
#456
b10000111111111110010101111100 T
b1110001000101110000111100000 0#
b1110001000101110000111100000 P#
b10000111111111110010101111100 5%
b111011111111 U%
b11110000 f%
#457
1"
b100 $
b11000011100011100 4
b10001000100100001110011010000 T
b1110001100111010101111010010 0#
b1110001100111010101111010010 P#
b11111101001000101111110001100100 p#
b10001000100100001110011010000 5%
b111100000000 U%
b11110001 f%
#458
0"
b10001001001000101000101010110 T
b1110010001011110000001011000 0#
b1110010001011110000001011000 P#
b10001001001000101000101010110 5%
b111100000001 U%
b11110010 f%
#459
b10001001101101000010111011100 T
b1110010110000001010011011110 0#
b1110010110000001010011011110 P#
b10001001101101000010111011100 5%
b111100000010 U%
b11110011 f%
#460
b10001010010001011110100101100 T
b1110011010100100110000101110 0#
b1110011010100100110000101110 P#
b10001010010001011110100101100 5%
b111100000011 U%
b11110100 f%
#461
b10001010110101111000110110010 T
b1110011111001000000010110100 0#
b1110011111001000000010110100 P#
b10001010110101111000110110010 5%
b111100000100 U%
b11110101 f%
#462
b10001011011010010011000111000 T
b1110100011101011010100111010 0#
b1110100011101011010100111010 P#
b10001011011010010011000111000 5%
b111100000101 U%
b11110110 f%
#463
b10001011111110101110110001000 T
b1110101000001110110010001010 0#
b1110101000001110110010001010 P#
b10001011111110101110110001000 5%
b111100000110 U%
b11110111 f%
#464
b10001100100011001001000001110 T
b1110101100110010000100010000 0#
b1110101100110010000100010000 P#
b10001100100011001001000001110 5%
b111100000111 U%
b11111000 f%
#465
b10001101000111100011010010100 T
b1110110001010101010110010110 0#
b1110110001010101010110010110 P#
b10001101000111100011010010100 5%
b111100001000 U%
b11111001 f%
#466
b10001101101011111110111100100 T
b1110110101111000110011100110 0#
b1110110101111000110011100110 P#
b10001101101011111110111100100 5%
b111100001001 U%
b11111010 f%
#467
b10001110010000011001001101010 T
b1110111010011100000101101100 0#
b1110111010011100000101101100 P#
b10001110010000011001001101010 5%
b111100001010 U%
b11111011 f%
#468
b10001110110100110011011110000 T
b1110111110111111010111110010 0#
b1110111110111111010111110010 P#
b10001110110100110011011110000 5%
b111100001011 U%
b11111100 f%
#469
b10001111011001001111001000000 T
b1111000011100010110101000010 0#
b1111000011100010110101000010 P#
b10001111011001001111001000000 5%
b111100001100 U%
b11111101 f%
#470
b10001111111101101001011000110 T
b1111001000000110000111001000 0#
b1111001000000110000111001000 P#
b10001111111101101001011000110 5%
b111100001101 U%
b11111110 f%
#471
b10010000100010000011101001100 T
b1111001100101001011001001110 0#
b1111001100101001011001001110 P#
b10010000100010000011101001100 5%
b111100001110 U%
b11111111 f%
#472
b10010001000110011111010011100 T
b1111010001001100110110011110 0#
b1111010001001100110110011110 P#
b10010001000110011111010011100 5%
b111100001111 U%
b100000000 f%
#473
b10010001101010111001100100010 T
b1111010101110000001000100100 0#
b1111010101110000001000100100 P#
b10010001101010111001100100010 5%
b111100010000 U%
b100000001 f%
#474
b10010010001111010011110101000 T
b1111011010010011011010101010 0#
b1111011010010011011010101010 P#
b10010010001111010011110101000 5%
b111100010001 U%
b100000010 f%
#475
b10010010110011101111011111000 T
b1111011110110110110111111010 0#
b1111011110110110110111111010 P#
b10010010110011101111011111000 5%
b111100010010 U%
b100000011 f%
#476
b10010011011000001001101111110 T
b1111100011011010001010000000 0#
b1111100011011010001010000000 P#
b10010011011000001001101111110 5%
b111100010011 U%
b100000100 f%
#477
b10010011111100100100000000100 T
b1111100111111101011100000110 0#
b1111100111111101011100000110 P#
b10010011111100100100000000100 5%
b111100010100 U%
b100000101 f%
#478
b10010100100000111111101010100 T
b1111101100100000111001010110 0#
b1111101100100000111001010110 P#
b10010100100000111111101010100 5%
b111100010101 U%
b100000110 f%
#479
b10010101000101011001111011010 T
b1111110001000100001011011100 0#
b1111110001000100001011011100 P#
b10010101000101011001111011010 5%
b111100010110 U%
b100000111 f%
#480
b10010101101001110100001100000 T
b1111110101100111011101100010 0#
b1111110101100111011101100010 P#
b10010101101001110100001100000 5%
b111100010111 U%
b100001000 f%
#481
b10010110001110001111110110000 T
b1111111010001010111010110010 0#
b1111111010001010111010110010 P#
b10010110001110001111110110000 5%
b111100011000 U%
b100001001 f%
#482
b10010110110010101010000110110 T
b1111111110101110001100111000 0#
b1111111110101110001100111000 P#
b10010110110010101010000110110 5%
b111100011001 U%
b100001010 f%
#483
b10010111010111000100010111100 T
b10000000011010001011110111110 0#
b10000000011010001011110111110 P#
b10010111010111000100010111100 5%
b111100011010 U%
b100001011 f%
#484
b10010111111011011110101000010 T
b10000000111110100110001000100 0#
b10000000111110100110001000100 P#
b10010111111011011110101000010 5%
b111100011011 U%
b100001100 f%
#485
b10011000011111111010010010010 T
b10000001100011000001110010100 0#
b10000001100011000001110010100 P#
b10011000011111111010010010010 5%
b111100011100 U%
b100001101 f%
#486
b10011001000100010100100011000 T
b10000010000111011100000011010 0#
b10000010000111011100000011010 P#
b10011001000100010100100011000 5%
b111100011101 U%
b100001110 f%
#487
b10011001101000101110110011110 T
b10000010101011110110010100000 0#
b10000010101011110110010100000 P#
b10011001101000101110110011110 5%
b111100011110 U%
b100001111 f%
#488
b10011010001101001010011101110 T
b10000011010000010001111110000 0#
b10000011010000010001111110000 P#
b10011010001101001010011101110 5%
b111100011111 U%
b100010000 f%
#489
b10011010110001100100101110100 T
b10000011110100101100001110110 0#
b10000011110100101100001110110 P#
b10011010110001100100101110100 5%
b111100100000 U%
b100010001 f%
#490
b10011011010101111110111111010 T
b10000100011001000110011111100 0#
b10000100011001000110011111100 P#
b10011011010101111110111111010 5%
b111100100001 U%
b100010010 f%
#491
b10011011111010011010101001010 T
b10000100111101100010001001100 0#
b10000100111101100010001001100 P#
b10011011111010011010101001010 5%
b111100100010 U%
b100010011 f%
#492
b10011100011110110100111010000 T
b10000101100001111100011010010 0#
b10000101100001111100011010010 P#
b10011100011110110100111010000 5%
b111100100011 U%
b100010100 f%
#493
b10011101000011001111001010110 T
b10000110000110010110101011000 0#
b10000110000110010110101011000 P#
b10011101000011001111001010110 5%
b111100100100 U%
b100010101 f%
#494
b10011101100111101010110100110 T
b10000110101010110010010101000 0#
b10000110101010110010010101000 P#
b10011101100111101010110100110 5%
b111100100101 U%
b100010110 f%
#495
b10011110001100000101000101100 T
b10000111001111001100100101110 0#
b10000111001111001100100101110 P#
b10011110001100000101000101100 5%
b111100100110 U%
b100010111 f%
#496
b10011110110000011111010110010 T
b10000111110011100110110110100 0#
b10000111110011100110110110100 P#
b10011110110000011111010110010 5%
b111100100111 U%
b100011000 f%
#497
b10011111010100111011000000010 T
b10001000011000000010100000100 0#
b10001000011000000010100000100 P#
b10011111010100111011000000010 5%
b111100101000 U%
b100011001 f%
#498
b10011111111001010101010001000 T
b10001000111100011100110001010 0#
b10001000111100011100110001010 P#
b10011111111001010101010001000 5%
b111100101001 U%
b100011010 f%
#499
b10100000011101101111100001110 T
b10001001100000110111000010000 0#
b10001001100000110111000010000 P#
b10100000011101101111100001110 5%
b111100101010 U%
b100011011 f%
#500
b10100001000010001011001011110 T
b10001010000101010010101100000 0#
b10001010000101010010101100000 P#
b10100001000010001011001011110 5%
b111100101011 U%
b100011100 f%
#501
b10100001100110100101011100100 T
b10001010101001101100111100110 0#
b10001010101001101100111100110 P#
b10100001100110100101011100100 5%
b111100101100 U%
b100011101 f%
#502
b10100010001010111111101101010 T
b10001011001110000111001101100 0#
b10001011001110000111001101100 P#
b10100010001010111111101101010 5%
b111100101101 U%
b100011110 f%
#503
b10100010101111011011010111010 T
b10001011110010100010110111100 0#
b10001011110010100010110111100 P#
b10100010101111011011010111010 5%
b111100101110 U%
b100011111 f%
#504
b10100011010011110101101000000 T
b10001100010110111101001000010 0#
b10001100010110111101001000010 P#
b10100011010011110101101000000 5%
b111100101111 U%
b100100000 f%
#505
b10100011111000001111111000110 T
b10001100111011010111011001000 0#
b10001100111011010111011001000 P#
b10100011111000001111111000110 5%
b111100110000 U%
b100100001 f%
#506
b10100100011100101011100010110 T
b10001101011111110011000011000 0#
b10001101011111110011000011000 P#
b10100100011100101011100010110 5%
b111100110001 U%
b100100010 f%
#507
b10100101000001000101110011100 T
b10001110000100001101010011110 0#
b10001110000100001101010011110 P#
b10100101000001000101110011100 5%
b111100110010 U%
b100100011 f%
#508
b10100101100101100000000100010 T
b10001110101000100111100100100 0#
b10001110101000100111100100100 P#
b10100101100101100000000100010 5%
b111100110011 U%
b100100100 f%
#509
b10100110001001111011101110010 T
b10001111001101000011001110100 0#
b10001111001101000011001110100 P#
b10100110001001111011101110010 5%
b111100110100 U%
b100100101 f%
#510
b10100110101110010101111111000 T
b10001111110001011101011111010 0#
b10001111110001011101011111010 P#
b10100110101110010101111111000 5%
b111100110101 U%
b100100110 f%
#511
b10100111010010110000001111110 T
b10010000010101110111110000000 0#
b10010000010101110111110000000 P#
b10100111010010110000001111110 5%
b111100110110 U%
b100100111 f%
#512
b10100111110111001011111001110 T
b10010000111010010011011010000 0#
b10010000111010010011011010000 P#
b10100111110111001011111001110 5%
b111100110111 U%
b100101000 f%
#513
b10101000011011100110001010100 T
b10010001011110101101101010110 0#
b10010001011110101101101010110 P#
b10101000011011100110001010100 5%
b111100111000 U%
b100101001 f%
#514
b10101001000000000000011011010 T
b10010010000011000111111011100 0#
b10010010000011000111111011100 P#
b10101001000000000000011011010 5%
b111100111001 U%
b100101010 f%
#515
b10101001100100011010101100000 T
b10010010100111100010001100010 0#
b10010010100111100010001100010 P#
b10101001100100011010101100000 5%
b111100111010 U%
b100101011 f%
#516
b10101010001000110110010110000 T
b10010011001011111101110110010 0#
b10010011001011111101110110010 P#
b10101010001000110110010110000 5%
b111100111011 U%
b100101100 f%
#517
1"
b101 $
b11000011100011011 4
b10101010101101010000100111010 T
b10010011101101100000000010000 0#
b10010011101101100000000010000 P#
b11111101001000011000111100000010 p#
b10101010101101010000100111010 5%
b111100111100 U%
b100101101 f%
#518
0"
b10101011010001101010111000000 T
b10010100010001111010010010110 0#
b10010100010001111010010010110 P#
b10101011010001101010111000000 5%
b111100111101 U%
b100101110 f%
#519
b10101011110110000110100010000 T
b10010100110110010101111100110 0#
b10010100110110010101111100110 P#
b10101011110110000110100010000 5%
b111100111110 U%
b100101111 f%
#520
b10101100011010100000110010110 T
b10010101011010110000001101100 0#
b10010101011010110000001101100 P#
b10101100011010100000110010110 5%
b111100111111 U%
b100110000 f%
#521
b10101100111110111011000011100 T
b10010101111111001010011110010 0#
b10010101111111001010011110010 P#
b10101100111110111011000011100 5%
b111101000000 U%
b100110001 f%
#522
b10101101100011010110101101100 T
b10010110100011100110001000010 0#
b10010110100011100110001000010 P#
b10101101100011010110101101100 5%
b111101000001 U%
b100110010 f%
#523
b10101110000111110000111110010 T
b10010111001000000000011001000 0#
b10010111001000000000011001000 P#
b10101110000111110000111110010 5%
b111101000010 U%
b100110011 f%
#524
b10101110101100001011001111000 T
b10010111101100011010101001110 0#
b10010111101100011010101001110 P#
b10101110101100001011001111000 5%
b111101000011 U%
b100110100 f%
#525
b10101111010000100110111001000 T
b10011000010000110110010011110 0#
b10011000010000110110010011110 P#
b10101111010000100110111001000 5%
b111101000100 U%
b100110101 f%
#526
b10101111110101000001001001110 T
b10011000110101010000100100100 0#
b10011000110101010000100100100 P#
b10101111110101000001001001110 5%
b111101000101 U%
b100110110 f%
#527
b10110000011001011011011010100 T
b10011001011001101010110101010 0#
b10011001011001101010110101010 P#
b10110000011001011011011010100 5%
b111101000110 U%
b100110111 f%
#528
b10110000111101110111000100100 T
b10011001111110000110011111010 0#
b10011001111110000110011111010 P#
b10110000111101110111000100100 5%
b111101000111 U%
b100111000 f%
#529
b10110001100010010001010101010 T
b10011010100010100000110000000 0#
b10011010100010100000110000000 P#
b10110001100010010001010101010 5%
b111101001000 U%
b100111001 f%
#530
b10110010000110101011100110000 T
b10011011000110111011000000110 0#
b10011011000110111011000000110 P#
b10110010000110101011100110000 5%
b111101001001 U%
b100111010 f%
#531
b10110010101011000111010000000 T
b10011011101011010110101010110 0#
b10011011101011010110101010110 P#
b10110010101011000111010000000 5%
b111101001010 U%
b100111011 f%
#532
b10110011001111100001100000110 T
b10011100001111110000111011100 0#
b10011100001111110000111011100 P#
b10110011001111100001100000110 5%
b111101001011 U%
b100111100 f%
#533
b10110011110011111011110001100 T
b10011100110100001011001100010 0#
b10011100110100001011001100010 P#
b10110011110011111011110001100 5%
b111101001100 U%
b100111101 f%
#534
b10110100011000010111011011100 T
b10011101011000100110110110010 0#
b10011101011000100110110110010 P#
b10110100011000010111011011100 5%
b111101001101 U%
b100111110 f%
#535
b10110100111100110001101100010 T
b10011101111101000001000111000 0#
b10011101111101000001000111000 P#
b10110100111100110001101100010 5%
b111101001110 U%
b100111111 f%
#536
b10110101100001001011111101000 T
b10011110100001011011010111110 0#
b10011110100001011011010111110 P#
b10110101100001001011111101000 5%
b111101001111 U%
b101000000 f%
#537
b10110110000101100111100111000 T
b10011111000101110111000001110 0#
b10011111000101110111000001110 P#
b10110110000101100111100111000 5%
b111101010000 U%
b101000001 f%
#538
b10110110101010000001110111110 T
b10011111101010010001010010100 0#
b10011111101010010001010010100 P#
b10110110101010000001110111110 5%
b111101010001 U%
b101000010 f%
#539
b10110111001110011100001000100 T
b10100000001110101011100011010 0#
b10100000001110101011100011010 P#
b10110111001110011100001000100 5%
b111101010010 U%
b101000011 f%
#540
b10110111110010110111110010100 T
b10100000110011000111001101010 0#
b10100000110011000111001101010 P#
b10110111110010110111110010100 5%
b111101010011 U%
b101000100 f%
#541
b10111000010111010010000011010 T
b10100001010111100001011110000 0#
b10100001010111100001011110000 P#
b10111000010111010010000011010 5%
b111101010100 U%
b101000101 f%
#542
b10111000111011101100010100000 T
b10100001111011111011101110110 0#
b10100001111011111011101110110 P#
b10111000111011101100010100000 5%
b111101010101 U%
b101000110 f%
#543
b10111001100000000110100100110 T
b10100010100000010101111111100 0#
b10100010100000010101111111100 P#
b10111001100000000110100100110 5%
b111101010110 U%
b101000111 f%
#544
b10111010000100100010001110110 T
b10100011000100110001101001100 0#
b10100011000100110001101001100 P#
b10111010000100100010001110110 5%
b111101010111 U%
b101001000 f%
#545
b10111010101000111100011111100 T
b10100011101001001011111010010 0#
b10100011101001001011111010010 P#
b10111010101000111100011111100 5%
b111101011000 U%
b101001001 f%
#546
b10111011001101010110110000010 T
b10100100001101100110001011000 0#
b10100100001101100110001011000 P#
b10111011001101010110110000010 5%
b111101011001 U%
b101001010 f%
#547
b10111011110001110010011010010 T
b10100100110010000001110101000 0#
b10100100110010000001110101000 P#
b10111011110001110010011010010 5%
b111101011010 U%
b101001011 f%
#548
b10111100010110001100101011000 T
b10100101010110011100000101110 0#
b10100101010110011100000101110 P#
b10111100010110001100101011000 5%
b111101011011 U%
b101001100 f%
#549
b10111100111010100110111011110 T
b10100101111010110110010110100 0#
b10100101111010110110010110100 P#
b10111100111010100110111011110 5%
b111101011100 U%
b101001101 f%
#550
b10111101011111000010100101110 T
b10100110011111010010000000100 0#
b10100110011111010010000000100 P#
b10111101011111000010100101110 5%
b111101011101 U%
b101001110 f%
#551
b10111110000011011100110110100 T
b10100111000011101100010001010 0#
b10100111000011101100010001010 P#
b10111110000011011100110110100 5%
b111101011110 U%
b101001111 f%
#552
b10111110100111110111000111010 T
b10100111101000000110100010000 0#
b10100111101000000110100010000 P#
b10111110100111110111000111010 5%
b111101011111 U%
b101010000 f%
#553
b10111111001100010010110001010 T
b10101000001100100010001100000 0#
b10101000001100100010001100000 P#
b10111111001100010010110001010 5%
b111101100000 U%
b101010001 f%
#554
b10111111110000101101000010000 T
b10101000110000111100011100110 0#
b10101000110000111100011100110 P#
b10111111110000101101000010000 5%
b111101100001 U%
b101010010 f%
#555
b11000000010101000111010010110 T
b10101001010101010110101101100 0#
b10101001010101010110101101100 P#
b11000000010101000111010010110 5%
b111101100010 U%
b101010011 f%
#556
b11000000111001100010111100110 T
b10101001111001110010010111100 0#
b10101001111001110010010111100 P#
b11000000111001100010111100110 5%
b111101100011 U%
b101010100 f%
#557
b11000001011101111101001101100 T
b10101010011110001100101000010 0#
b10101010011110001100101000010 P#
b11000001011101111101001101100 5%
b111101100100 U%
b101010101 f%
#558
b11000010000010010111011110010 T
b10101011000010100110111001000 0#
b10101011000010100110111001000 P#
b11000010000010010111011110010 5%
b111101100101 U%
b101010110 f%
#559
b11000010100110110011001000010 T
b10101011100111000010100011000 0#
b10101011100111000010100011000 P#
b11000010100110110011001000010 5%
b111101100110 U%
b101010111 f%
#560
b11000011001011001101011001000 T
b10101100001011011100110011110 0#
b10101100001011011100110011110 P#
b11000011001011001101011001000 5%
b111101100111 U%
b101011000 f%
#561
b11000011101111100111101001110 T
b10101100101111110111000100100 0#
b10101100101111110111000100100 P#
b11000011101111100111101001110 5%
b111101101000 U%
b101011001 f%
#562
b11000100010100000011010011110 T
b10101101010100010010101110100 0#
b10101101010100010010101110100 P#
b11000100010100000011010011110 5%
b111101101001 U%
b101011010 f%
#563
b11000100111000011101100100100 T
b10101101111000101100111111010 0#
b10101101111000101100111111010 P#
b11000100111000011101100100100 5%
b111101101010 U%
b101011011 f%
#564
b11000101011100110111110101010 T
b10101110011101000111010000000 0#
b10101110011101000111010000000 P#
b11000101011100110111110101010 5%
b111101101011 U%
b101011100 f%
#565
b11000110000001010011011111010 T
b10101111000001100010111010000 0#
b10101111000001100010111010000 P#
b11000110000001010011011111010 5%
b111101101100 U%
b101011101 f%
#566
b11000110100101101101110000000 T
b10101111100101111101001010110 0#
b10101111100101111101001010110 P#
b11000110100101101101110000000 5%
b111101101101 U%
b101011110 f%
#567
b11000111001010001000000000110 T
b10110000001010010111011011100 0#
b10110000001010010111011011100 P#
b11000111001010001000000000110 5%
b111101101110 U%
b101011111 f%
#568
b11000111101110100011101010110 T
b10110000101110110011000101100 0#
b10110000101110110011000101100 P#
b11000111101110100011101010110 5%
b111101101111 U%
b101100000 f%
#569
b11001000010010111101111011100 T
b10110001010011001101010110010 0#
b10110001010011001101010110010 P#
b11001000010010111101111011100 5%
b111101110000 U%
b101100001 f%
#570
b11001000110111011000001100010 T
b10110001110111100111100111000 0#
b10110001110111100111100111000 P#
b11001000110111011000001100010 5%
b111101110001 U%
b101100010 f%
#571
b11001001011011110011110110010 T
b10110010011100000011010001000 0#
b10110010011100000011010001000 P#
b11001001011011110011110110010 5%
b111101110010 U%
b101100011 f%
#572
b11001010000000001110000111000 T
b10110011000000011101100001110 0#
b10110011000000011101100001110 P#
b11001010000000001110000111000 5%
b111101110011 U%
b101100100 f%
#573
b11001010100100101000010111110 T
b10110011100100110111110010100 0#
b10110011100100110111110010100 P#
b11001010100100101000010111110 5%
b111101110100 U%
b101100101 f%
#574
b11001011001001000010101000100 T
b10110100001001010010000011010 0#
b10110100001001010010000011010 P#
b11001011001001000010101000100 5%
b111101110101 U%
b101100110 f%
#575
b11001011101101011110010010100 T
b10110100101101101101101101010 0#
b10110100101101101101101101010 P#
b11001011101101011110010010100 5%
b111101110110 U%
b101100111 f%
#576
b11001100010001111000100011010 T
b10110101010010000111111110000 0#
b10110101010010000111111110000 P#
b11001100010001111000100011010 5%
b111101110111 U%
b101101000 f%
#577
1"
b110 $
b11000011100011100 4
b11001100110110010010110100100 T
b10110101110011101011100011000 0#
b10110101110011101011100011000 P#
b11111101001000000001111011010110 p#
b11001100110110010010110100100 5%
b111101111000 U%
b101101001 f%
#578
0"
b11001101011010101110011110100 T
b10110110011000000111001101000 0#
b10110110011000000111001101000 P#
b11001101011010101110011110100 5%
b111101111001 U%
b101101010 f%
#579
b11001101111111001000101111010 T
b10110110111100100001011101110 0#
b10110110111100100001011101110 P#
b11001101111111001000101111010 5%
b111101111010 U%
b101101011 f%
#580
b11001110100011100011000000000 T
b10110111100000111011101110100 0#
b10110111100000111011101110100 P#
b11001110100011100011000000000 5%
b111101111011 U%
b101101100 f%
#581
b11001111000111111110101010000 T
b10111000000101010111011000100 0#
b10111000000101010111011000100 P#
b11001111000111111110101010000 5%
b111101111100 U%
b101101101 f%
#582
b11001111101100011000111010110 T
b10111000101001110001101001010 0#
b10111000101001110001101001010 P#
b11001111101100011000111010110 5%
b111101111101 U%
b101101110 f%
#583
b11010000010000110011001011100 T
b10111001001110001011111010000 0#
b10111001001110001011111010000 P#
b11010000010000110011001011100 5%
b111101111110 U%
b101101111 f%
#584
b11010000110101001110110101100 T
b10111001110010100111100100000 0#
b10111001110010100111100100000 P#
b11010000110101001110110101100 5%
b111101111111 U%
b101110000 f%
#585
b11010001011001101001000110010 T
b10111010010111000001110100110 0#
b10111010010111000001110100110 P#
b11010001011001101001000110010 5%
b111110000000 U%
b101110001 f%
#586
b11010001111110000011010111000 T
b10111010111011011100000101100 0#
b10111010111011011100000101100 P#
b11010001111110000011010111000 5%
b111110000001 U%
b101110010 f%
#587
b11010010100010011111000001000 T
b10111011011111110111101111100 0#
b10111011011111110111101111100 P#
b11010010100010011111000001000 5%
b111110000010 U%
b101110011 f%
#588
b11010011000110111001010001110 T
b10111100000100010010000000010 0#
b10111100000100010010000000010 P#
b11010011000110111001010001110 5%
b111110000011 U%
b101110100 f%
#589
b11010011101011010011100010100 T
b10111100101000101100010001000 0#
b10111100101000101100010001000 P#
b11010011101011010011100010100 5%
b111110000100 U%
b101110101 f%
#590
b11010100001111101111001100100 T
b10111101001101000111111011000 0#
b10111101001101000111111011000 P#
b11010100001111101111001100100 5%
b111110000101 U%
b101110110 f%
#591
b11010100110100001001011101010 T
b10111101110001100010001011110 0#
b10111101110001100010001011110 P#
b11010100110100001001011101010 5%
b111110000110 U%
b101110111 f%
#592
b11010101011000100011101110000 T
b10111110010101111100011100100 0#
b10111110010101111100011100100 P#
b11010101011000100011101110000 5%
b111110000111 U%
b101111000 f%
#593
b11010101111100111111011000000 T
b10111110111010011000000110100 0#
b10111110111010011000000110100 P#
b11010101111100111111011000000 5%
b111110001000 U%
b101111001 f%
#594
b11010110100001011001101000110 T
b10111111011110110010010111010 0#
b10111111011110110010010111010 P#
b11010110100001011001101000110 5%
b111110001001 U%
b101111010 f%
#595
b11010111000101110011111001100 T
b11000000000011001100101000000 0#
b11000000000011001100101000000 P#
b11010111000101110011111001100 5%
b111110001010 U%
b101111011 f%
#596
b11010111101010001111100011100 T
b11000000100111101000010010000 0#
b11000000100111101000010010000 P#
b11010111101010001111100011100 5%
b111110001011 U%
b101111100 f%
#597
b11011000001110101001110100010 T
b11000001001100000010100010110 0#
b11000001001100000010100010110 P#
b11011000001110101001110100010 5%
b111110001100 U%
b101111101 f%
#598
b11011000110011000100000101000 T
b11000001110000011100110011100 0#
b11000001110000011100110011100 P#
b11011000110011000100000101000 5%
b111110001101 U%
b101111110 f%
#599
b11011001010111011111101111000 T
b11000010010100111000011101100 0#
b11000010010100111000011101100 P#
b11011001010111011111101111000 5%
b111110001110 U%
b101111111 f%
#600
b11011001111011111001111111110 T
b11000010111001010010101110010 0#
b11000010111001010010101110010 P#
b11011001111011111001111111110 5%
b111110001111 U%
b110000000 f%
#601
b11011010100000010100010000100 T
b11000011011101101100111111000 0#
b11000011011101101100111111000 P#
b11011010100000010100010000100 5%
b111110010000 U%
b110000001 f%
#602
b11011011000100101110100001010 T
b11000100000010000111001111110 0#
b11000100000010000111001111110 P#
b11011011000100101110100001010 5%
b111110010001 U%
b110000010 f%
#603
b11011011101001001010001011010 T
b11000100100110100010111001110 0#
b11000100100110100010111001110 P#
b11011011101001001010001011010 5%
b111110010010 U%
b110000011 f%
#604
b11011100001101100100011100000 T
b11000101001010111101001010100 0#
b11000101001010111101001010100 P#
b11011100001101100100011100000 5%
b111110010011 U%
b110000100 f%
#605
b11011100110001111110101100110 T
b11000101101111010111011011010 0#
b11000101101111010111011011010 P#
b11011100110001111110101100110 5%
b111110010100 U%
b110000101 f%
#606
b11011101010110011010010110110 T
b11000110010011110011000101010 0#
b11000110010011110011000101010 P#
b11011101010110011010010110110 5%
b111110010101 U%
b110000110 f%
#607
b11011101111010110100100111100 T
b11000110111000001101010110000 0#
b11000110111000001101010110000 P#
b11011101111010110100100111100 5%
b111110010110 U%
b110000111 f%
#608
b11011110011111001110111000010 T
b11000111011100100111100110110 0#
b11000111011100100111100110110 P#
b11011110011111001110111000010 5%
b111110010111 U%
b110001000 f%
#609
b11011111000011101010100010010 T
b11001000000001000011010000110 0#
b11001000000001000011010000110 P#
b11011111000011101010100010010 5%
b111110011000 U%
b110001001 f%
#610
b11011111101000000100110011000 T
b11001000100101011101100001100 0#
b11001000100101011101100001100 P#
b11011111101000000100110011000 5%
b111110011001 U%
b110001010 f%
#611
b11100000001100011111000011110 T
b11001001001001110111110010010 0#
b11001001001001110111110010010 P#
b11100000001100011111000011110 5%
b111110011010 U%
b110001011 f%
#612
b11100000110000111010101101110 T
b11001001101110010011011100010 0#
b11001001101110010011011100010 P#
b11100000110000111010101101110 5%
b111110011011 U%
b110001100 f%
#613
b11100001010101010100111110100 T
b11001010010010101101101101000 0#
b11001010010010101101101101000 P#
b11100001010101010100111110100 5%
b111110011100 U%
b110001101 f%
#614
b11100001111001101111001111010 T
b11001010110111000111111101110 0#
b11001010110111000111111101110 P#
b11100001111001101111001111010 5%
b111110011101 U%
b110001110 f%
#615
b11100010011110001010111001010 T
b11001011011011100011100111110 0#
b11001011011011100011100111110 P#
b11100010011110001010111001010 5%
b111110011110 U%
b110001111 f%
#616
b11100011000010100101001010000 T
b11001011111111111101111000100 0#
b11001011111111111101111000100 P#
b11100011000010100101001010000 5%
b111110011111 U%
b110010000 f%
#617
b11100011100110111111011010110 T
b11001100100100011000001001010 0#
b11001100100100011000001001010 P#
b11100011100110111111011010110 5%
b111110100000 U%
b110010001 f%
#618
b11100100001011011011000100110 T
b11001101001000110011110011010 0#
b11001101001000110011110011010 P#
b11100100001011011011000100110 5%
b111110100001 U%
b110010010 f%
#619
b11100100101111110101010101100 T
b11001101101101001110000100000 0#
b11001101101101001110000100000 P#
b11100100101111110101010101100 5%
b111110100010 U%
b110010011 f%
#620
b11100101010100001111100110010 T
b11001110010001101000010100110 0#
b11001110010001101000010100110 P#
b11100101010100001111100110010 5%
b111110100011 U%
b110010100 f%
#621
b11100101111000101011010000010 T
b11001110110110000011111110110 0#
b11001110110110000011111110110 P#
b11100101111000101011010000010 5%
b111110100100 U%
b110010101 f%
#622
b11100110011101000101100001000 T
b11001111011010011110001111100 0#
b11001111011010011110001111100 P#
b11100110011101000101100001000 5%
b111110100101 U%
b110010110 f%
#623
b11100111000001011111110001110 T
b11001111111110111000100000010 0#
b11001111111110111000100000010 P#
b11100111000001011111110001110 5%
b111110100110 U%
b110010111 f%
#624
b11100111100101111011011011110 T
b11010000100011010100001010010 0#
b11010000100011010100001010010 P#
b11100111100101111011011011110 5%
b111110100111 U%
b110011000 f%
#625
b11101000001010010101101100100 T
b11010001000111101110011011000 0#
b11010001000111101110011011000 P#
b11101000001010010101101100100 5%
b111110101000 U%
b110011001 f%
#626
b11101000101110101111111101010 T
b11010001101100001000101011110 0#
b11010001101100001000101011110 P#
b11101000101110101111111101010 5%
b111110101001 U%
b110011010 f%
#627
b11101001010011001011100111010 T
b11010010010000100100010101110 0#
b11010010010000100100010101110 P#
b11101001010011001011100111010 5%
b111110101010 U%
b110011011 f%
#628
b11101001110111100101111000000 T
b11010010110100111110100110100 0#
b11010010110100111110100110100 P#
b11101001110111100101111000000 5%
b111110101011 U%
b110011100 f%
#629
b11101010011100000000001000110 T
b11010011011001011000110111010 0#
b11010011011001011000110111010 P#
b11101010011100000000001000110 5%
b111110101100 U%
b110011101 f%
#630
b11101011000000011011110010110 T
b11010011111101110100100001010 0#
b11010011111101110100100001010 P#
b11101011000000011011110010110 5%
b111110101101 U%
b110011110 f%
#631
b11101011100100110110000011100 T
b11010100100010001110110010000 0#
b11010100100010001110110010000 P#
b11101011100100110110000011100 5%
b111110101110 U%
b110011111 f%
#632
b11101100001001010000010100010 T
b11010101000110101001000010110 0#
b11010101000110101001000010110 P#
b11101100001001010000010100010 5%
b111110101111 U%
b110100000 f%
#633
b11101100101101101010100101000 T
b11010101101011000011010011100 0#
b11010101101011000011010011100 P#
b11101100101101101010100101000 5%
b111110110000 U%
b110100001 f%
#634
b11101101010010000110001111000 T
b11010110001111011110111101100 0#
b11010110001111011110111101100 P#
b11101101010010000110001111000 5%
b111110110001 U%
b110100010 f%
#635
b11101101110110100000011111110 T
b11010110110011111001001110010 0#
b11010110110011111001001110010 P#
b11101101110110100000011111110 5%
b111110110010 U%
b110100011 f%
#636
b11101110011010111010110000100 T
b11010111011000010011011111000 0#
b11010111011000010011011111000 P#
b11101110011010111010110000100 5%
b111110110011 U%
b110100100 f%
#637
1"
b111 $
b11101110111111010110011011000 T
b11010111111001011011001011000 0#
b11010111111001011011001011000 P#
b11111101000111101011000101110100 p#
b11101110111111010110011011000 5%
b111110110100 U%
b110100101 f%
#638
0"
b11101111100011110000101011110 T
b11011000011101110101011011110 0#
b11011000011101110101011011110 P#
b11101111100011110000101011110 5%
b111110110101 U%
b110100110 f%
#639
b11110000001000001010111100100 T
b11011001000010001111101100100 0#
b11011001000010001111101100100 P#
b11110000001000001010111100100 5%
b111110110110 U%
b110100111 f%
#640
b11110000101100100110100110100 T
b11011001100110101011010110100 0#
b11011001100110101011010110100 P#
b11110000101100100110100110100 5%
b111110110111 U%
b110101000 f%
#641
b11110001010001000000110111010 T
b11011010001011000101100111010 0#
b11011010001011000101100111010 P#
b11110001010001000000110111010 5%
b111110111000 U%
b110101001 f%
#642
b11110001110101011011001000000 T
b11011010101111011111111000000 0#
b11011010101111011111111000000 P#
b11110001110101011011001000000 5%
b111110111001 U%
b110101010 f%
#643
b11110010011001110110110010000 T
b11011011010011111011100010000 0#
b11011011010011111011100010000 P#
b11110010011001110110110010000 5%
b111110111010 U%
b110101011 f%
#644
b11110010111110010001000010110 T
b11011011111000010101110010110 0#
b11011011111000010101110010110 P#
b11110010111110010001000010110 5%
b111110111011 U%
b110101100 f%
#645
b11110011100010101011010011100 T
b11011100011100110000000011100 0#
b11011100011100110000000011100 P#
b11110011100010101011010011100 5%
b111110111100 U%
b110101101 f%
#646
b11110100000111000110111101100 T
b11011101000001001011101101100 0#
b11011101000001001011101101100 P#
b11110100000111000110111101100 5%
b111110111101 U%
b110101110 f%
#647
b11110100101011100001001110010 T
b11011101100101100101111110010 0#
b11011101100101100101111110010 P#
b11110100101011100001001110010 5%
b111110111110 U%
b110101111 f%
#648
b11110101001111111011011111000 T
b11011110001010000000001111000 0#
b11011110001010000000001111000 P#
b11110101001111111011011111000 5%
b111110111111 U%
b110110000 f%
#649
b11110101110100010111001001000 T
b11011110101110011011111001000 0#
b11011110101110011011111001000 P#
b11110101110100010111001001000 5%
b111111000000 U%
b110110001 f%
#650
b11110110011000110001011001110 T
b11011111010010110110001001110 0#
b11011111010010110110001001110 P#
b11110110011000110001011001110 5%
b111111000001 U%
b110110010 f%
#651
b11110110111101001011101010100 T
b11011111110111010000011010100 0#
b11011111110111010000011010100 P#
b11110110111101001011101010100 5%
b111111000010 U%
b110110011 f%
#652
b11110111100001100111010100100 T
b11100000011011101100000100100 0#
b11100000011011101100000100100 P#
b11110111100001100111010100100 5%
b111111000011 U%
b110110100 f%
#653
b11111000000110000001100101010 T
b11100001000000000110010101010 0#
b11100001000000000110010101010 P#
b11111000000110000001100101010 5%
b111111000100 U%
b110110101 f%
#654
b11111000101010011011110110000 T
b11100001100100100000100110000 0#
b11100001100100100000100110000 P#
b11111000101010011011110110000 5%
b111111000101 U%
b110110110 f%
#655
b11111001001110110111100000000 T
b11100010001000111100010000000 0#
b11100010001000111100010000000 P#
b11111001001110110111100000000 5%
b111111000110 U%
b110110111 f%
#656
b11111001110011010001110000110 T
b11100010101101010110100000110 0#
b11100010101101010110100000110 P#
b11111001110011010001110000110 5%
b111111000111 U%
b110111000 f%
#657
b11111010010111101100000001100 T
b11100011010001110000110001100 0#
b11100011010001110000110001100 P#
b11111010010111101100000001100 5%
b111111001000 U%
b110111001 f%
#658
b11111010111100000111101011100 T
b11100011110110001100011011100 0#
b11100011110110001100011011100 P#
b11111010111100000111101011100 5%
b111111001001 U%
b110111010 f%
#659
b11111011100000100001111100010 T
b11100100011010100110101100010 0#
b11100100011010100110101100010 P#
b11111011100000100001111100010 5%
b111111001010 U%
b110111011 f%
#660
b11111100000100111100001101000 T
b11100100111111000000111101000 0#
b11100100111111000000111101000 P#
b11111100000100111100001101000 5%
b111111001011 U%
b110111100 f%
#661
b11111100101001010110011101110 T
b11100101100011011011001101110 0#
b11100101100011011011001101110 P#
b11111100101001010110011101110 5%
b111111001100 U%
b110111101 f%
#662
b11111101001101110010000111110 T
b11100110000111110110110111110 0#
b11100110000111110110110111110 P#
b11111101001101110010000111110 5%
b111111001101 U%
b110111110 f%
#663
b11111101110010001100011000100 T
b11100110101100010001001000100 0#
b11100110101100010001001000100 P#
b11111101110010001100011000100 5%
b111111001110 U%
b110111111 f%
#664
b11111110010110100110101001010 T
b11100111010000101011011001010 0#
b11100111010000101011011001010 P#
b11111110010110100110101001010 5%
b111111001111 U%
b111000000 f%
#665
b11111110111011000010010011010 T
b11100111110101000111000011010 0#
b11100111110101000111000011010 P#
b11111110111011000010010011010 5%
b111111010000 U%
b111000001 f%
#666
b11111111011111011100100100000 T
b11101000011001100001010100000 0#
b11101000011001100001010100000 P#
b11111111011111011100100100000 5%
b111111010001 U%
b111000010 f%
#667
b100000000000011110110110100110 T
b11101000111101111011100100110 0#
b11101000111101111011100100110 P#
b100000000000011110110110100110 5%
b111111010010 U%
b111000011 f%
#668
b100000000101000010010011110110 T
b11101001100010010111001110110 0#
b11101001100010010111001110110 P#
b100000000101000010010011110110 5%
b111111010011 U%
b111000100 f%
#669
b100000001001100101100101111100 T
b11101010000110110001011111100 0#
b11101010000110110001011111100 P#
b100000001001100101100101111100 5%
b111111010100 U%
b111000101 f%
#670
b100000001110001000111000000010 T
b11101010101011001011110000010 0#
b11101010101011001011110000010 P#
b100000001110001000111000000010 5%
b111111010101 U%
b111000110 f%
#671
b100000010010101100010101010010 T
b11101011001111100111011010010 0#
b11101011001111100111011010010 P#
b100000010010101100010101010010 5%
b111111010110 U%
b111000111 f%
#672
b100000010111001111100111011000 T
b11101011110100000001101011000 0#
b11101011110100000001101011000 P#
b100000010111001111100111011000 5%
b111111010111 U%
b111001000 f%
#673
b100000011011110010111001011110 T
b11101100011000011011111011110 0#
b11101100011000011011111011110 P#
b100000011011110010111001011110 5%
b111111011000 U%
b111001001 f%
#674
b100000100000010110010110101110 T
b11101100111100110111100101110 0#
b11101100111100110111100101110 P#
b100000100000010110010110101110 5%
b111111011001 U%
b111001010 f%
#675
b100000100100111001101000110100 T
b11101101100001010001110110100 0#
b11101101100001010001110110100 P#
b100000100100111001101000110100 5%
b111111011010 U%
b111001011 f%
#676
b100000101001011100111010111010 T
b11101110000101101100000111010 0#
b11101110000101101100000111010 P#
b100000101001011100111010111010 5%
b111111011011 U%
b111001100 f%
#677
b100000101110000000011000001010 T
b11101110101010000111110001010 0#
b11101110101010000111110001010 P#
b100000101110000000011000001010 5%
b111111011100 U%
b111001101 f%
#678
b100000110010100011101010010000 T
b11101111001110100010000010000 0#
b11101111001110100010000010000 P#
b100000110010100011101010010000 5%
b111111011101 U%
b111001110 f%
#679
b100000110111000110111100010110 T
b11101111110010111100010010110 0#
b11101111110010111100010010110 P#
b100000110111000110111100010110 5%
b111111011110 U%
b111001111 f%
#680
b100000111011101010011001100110 T
b11110000010111010111111100110 0#
b11110000010111010111111100110 P#
b100000111011101010011001100110 5%
b111111011111 U%
b111010000 f%
#681
b100001000000001101101011101100 T
b11110000111011110010001101100 0#
b11110000111011110010001101100 P#
b100001000000001101101011101100 5%
b111111100000 U%
b111010001 f%
#682
b100001000100110000111101110010 T
b11110001100000001100011110010 0#
b11110001100000001100011110010 P#
b100001000100110000111101110010 5%
b111111100001 U%
b111010010 f%
#683
b100001001001010100011011000010 T
b11110010000100101000001000010 0#
b11110010000100101000001000010 P#
b100001001001010100011011000010 5%
b111111100010 U%
b111010011 f%
#684
b100001001101110111101101001000 T
b11110010101001000010011001000 0#
b11110010101001000010011001000 P#
b100001001101110111101101001000 5%
b111111100011 U%
b111010100 f%
#685
b100001010010011010111111001110 T
b11110011001101011100101001110 0#
b11110011001101011100101001110 P#
b100001010010011010111111001110 5%
b111111100100 U%
b111010101 f%
#686
b100001010110111110011100011110 T
b11110011110001111000010011110 0#
b11110011110001111000010011110 P#
b100001010110111110011100011110 5%
b111111100101 U%
b111010110 f%
#687
b100001011011100001101110100100 T
b11110100010110010010100100100 0#
b11110100010110010010100100100 P#
b100001011011100001101110100100 5%
b111111100110 U%
b111010111 f%
#688
b100001100000000101000000101010 T
b11110100111010101100110101010 0#
b11110100111010101100110101010 P#
b100001100000000101000000101010 5%
b111111100111 U%
b111011000 f%
#689
b100001100100101000011101111010 T
b11110101011111001000011111010 0#
b11110101011111001000011111010 P#
b100001100100101000011101111010 5%
b111111101000 U%
b111011001 f%
#690
b100001101001001011110000000000 T
b11110110000011100010110000000 0#
b11110110000011100010110000000 P#
b100001101001001011110000000000 5%
b111111101001 U%
b111011010 f%
#691
b100001101101101111000010000110 T
b11110110100111111101000000110 0#
b11110110100111111101000000110 P#
b100001101101101111000010000110 5%
b111111101010 U%
b111011011 f%
#692
b100001110010010010010100001100 T
b11110111001100010111010001100 0#
b11110111001100010111010001100 P#
b100001110010010010010100001100 5%
b111111101011 U%
b111011100 f%
#693
b100001110110110101110001011100 T
b11110111110000110010111011100 0#
b11110111110000110010111011100 P#
b100001110110110101110001011100 5%
b111111101100 U%
b111011101 f%
#694
b100001111011011001000011100010 T
b11111000010101001101001100010 0#
b11111000010101001101001100010 P#
b100001111011011001000011100010 5%
b111111101101 U%
b111011110 f%
#695
b100001111111111100010101101000 T
b11111000111001100111011101000 0#
b11111000111001100111011101000 P#
b100001111111111100010101101000 5%
b111111101110 U%
b111011111 f%
#696
b100010000100011111110010111000 T
b11111001011110000011000111000 0#
b11111001011110000011000111000 P#
b100010000100011111110010111000 5%
b111111101111 U%
b111100000 f%
#697
1"
b1000 $
b11000011100011011 4
b100010001001000011000101000010 T
b11111010000000000010100101000 0#
b11111010000000000010100101000 P#
b11111101000111010000100110000000 p#
b100010001001000011000101000010 5%
b111111110000 U%
b111100001 f%
#698
0"
b100010001101100110010111001000 T
b11111010100100011100110101110 0#
b11111010100100011100110101110 P#
b100010001101100110010111001000 5%
b111111110001 U%
b111100010 f%
#699
b100010010010001001110100011000 T
b11111011001000111000011111110 0#
b11111011001000111000011111110 P#
b100010010010001001110100011000 5%
b111111110010 U%
b111100011 f%
#700
b100010010110101101000110011110 T
b11111011101101010010110000100 0#
b11111011101101010010110000100 P#
b100010010110101101000110011110 5%
b111111110011 U%
b111100100 f%
#701
b100010011011010000011000100100 T
b11111100010001101101000001010 0#
b11111100010001101101000001010 P#
b100010011011010000011000100100 5%
b111111110100 U%
b111100101 f%
#702
b100010011111110011110101110100 T
b11111100110110001000101011010 0#
b11111100110110001000101011010 P#
b100010011111110011110101110100 5%
b111111110101 U%
b111100110 f%
#703
b100010100100010111000111111010 T
b11111101011010100010111100000 0#
b11111101011010100010111100000 P#
b100010100100010111000111111010 5%
b111111110110 U%
b111100111 f%
#704
b100010101000111010011010000000 T
b11111101111110111101001100110 0#
b11111101111110111101001100110 P#
b100010101000111010011010000000 5%
b111111110111 U%
b111101000 f%
#705
b100010101101011101110111010000 T
b11111110100011011000110110110 0#
b11111110100011011000110110110 P#
b100010101101011101110111010000 5%
b111111111000 U%
b111101001 f%
#706
b100010110010000001001001010110 T
b11111111000111110011000111100 0#
b11111111000111110011000111100 P#
b100010110010000001001001010110 5%
b111111111001 U%
b111101010 f%
#707
b100010110110100100011011011100 T
b11111111101100001101011000010 0#
b11111111101100001101011000010 P#
b100010110110100100011011011100 5%
b111111111010 U%
b111101011 f%
#708
b100010111011000111111000101100 T
b100000000010000101001000010010 0#
b100000000010000101001000010010 P#
b100010111011000111111000101100 5%
b111111111011 U%
b111101100 f%
#709
b100010111111101011001010110010 T
b100000000110101000011010011000 0#
b100000000110101000011010011000 P#
b100010111111101011001010110010 5%
b111111111100 U%
b111101101 f%
#710
b100011000100001110011100111000 T
b100000001011001011101100011110 0#
b100000001011001011101100011110 P#
b100011000100001110011100111000 5%
b111111111101 U%
b111101110 f%
#711
b100011001000110001111010001000 T
b100000001111101111001001101110 0#
b100000001111101111001001101110 P#
b100011001000110001111010001000 5%
b111111111110 U%
b111101111 f%
#712
b100011001101010101001100001110 T
b100000010100010010011011110100 0#
b100000010100010010011011110100 P#
b100011001101010101001100001110 5%
b111111111111 U%
b111110000 f%
#713
b100011010001111000011110010100 T
b100000011000110101101101111010 0#
b100000011000110101101101111010 P#
b100011010001111000011110010100 5%
b1000000000000 U%
b111110001 f%
#714
b100011010110011011111011100100 T
b100000011101011001001011001010 0#
b100000011101011001001011001010 P#
b100011010110011011111011100100 5%
b1000000000001 U%
b111110010 f%
#715
b100011011010111111001101101010 T
b100000100001111100011101010000 0#
b100000100001111100011101010000 P#
b100011011010111111001101101010 5%
b1000000000010 U%
b111110011 f%
#716
b100011011111100010011111110000 T
b100000100110011111101111010110 0#
b100000100110011111101111010110 P#
b100011011111100010011111110000 5%
b1000000000011 U%
b111110100 f%
#717
b100011100100000101111101000000 T
b100000101011000011001100100110 0#
b100000101011000011001100100110 P#
b100011100100000101111101000000 5%
b1000000000100 U%
b111110101 f%
#718
b100011101000101001001111000110 T
b100000101111100110011110101100 0#
b100000101111100110011110101100 P#
b100011101000101001001111000110 5%
b1000000000101 U%
b111110110 f%
#719
b100011101101001100100001001100 T
b100000110100001001110000110010 0#
b100000110100001001110000110010 P#
b100011101101001100100001001100 5%
b1000000000110 U%
b111110111 f%
#720
b100011110001101111110011010010 T
b100000111000101101000010111000 0#
b100000111000101101000010111000 P#
b100011110001101111110011010010 5%
b1000000000111 U%
b111111000 f%
#721
b100011110110010011010000100010 T
b100000111101010000100000001000 0#
b100000111101010000100000001000 P#
b100011110110010011010000100010 5%
b1000000001000 U%
b111111001 f%
#722
b100011111010110110100010101000 T
b100001000001110011110010001110 0#
b100001000001110011110010001110 P#
b100011111010110110100010101000 5%
b1000000001001 U%
b111111010 f%
#723
b100011111111011001110100101110 T
b100001000110010111000100010100 0#
b100001000110010111000100010100 P#
b100011111111011001110100101110 5%
b1000000001010 U%
b111111011 f%
#724
b100100000011111101010001111110 T
b100001001010111010100001100100 0#
b100001001010111010100001100100 P#
b100100000011111101010001111110 5%
b1000000001011 U%
b111111100 f%
#725
b100100001000100000100100000100 T
b100001001111011101110011101010 0#
b100001001111011101110011101010 P#
b100100001000100000100100000100 5%
b1000000001100 U%
b111111101 f%
#726
b100100001101000011110110001010 T
b100001010100000001000101110000 0#
b100001010100000001000101110000 P#
b100100001101000011110110001010 5%
b1000000001101 U%
b111111110 f%
#727
b100100010001100111010011011010 T
b100001011000100100100011000000 0#
b100001011000100100100011000000 P#
b100100010001100111010011011010 5%
b1000000001110 U%
b111111111 f%
#728
b100100010110001010100101100000 T
b100001011101000111110101000110 0#
b100001011101000111110101000110 P#
b100100010110001010100101100000 5%
b1000000001111 U%
b1000000000 f%
#729
b100100011010101101110111100110 T
b100001100001101011000111001100 0#
b100001100001101011000111001100 P#
b100100011010101101110111100110 5%
b1000000010000 U%
b1000000001 f%
#730
b100100011111010001010100110110 T
b100001100110001110100100011100 0#
b100001100110001110100100011100 P#
b100100011111010001010100110110 5%
b1000000010001 U%
b1000000010 f%
#731
b100100100011110100100110111100 T
b100001101010110001110110100010 0#
b100001101010110001110110100010 P#
b100100100011110100100110111100 5%
b1000000010010 U%
b1000000011 f%
#732
b100100101000010111111001000010 T
b100001101111010101001000101000 0#
b100001101111010101001000101000 P#
b100100101000010111111001000010 5%
b1000000010011 U%
b1000000100 f%
#733
b100100101100111011010110010010 T
b100001110011111000100101111000 0#
b100001110011111000100101111000 P#
b100100101100111011010110010010 5%
b1000000010100 U%
b1000000101 f%
#734
b100100110001011110101000011000 T
b100001111000011011110111111110 0#
b100001111000011011110111111110 P#
b100100110001011110101000011000 5%
b1000000010101 U%
b1000000110 f%
#735
b100100110110000001111010011110 T
b100001111100111111001010000100 0#
b100001111100111111001010000100 P#
b100100110110000001111010011110 5%
b1000000010110 U%
b1000000111 f%
#736
b100100111010100101010111101110 T
b100010000001100010100111010100 0#
b100010000001100010100111010100 P#
b100100111010100101010111101110 5%
b1000000010111 U%
b1000001000 f%
#737
b100100111111001000101001110100 T
b100010000110000101111001011010 0#
b100010000110000101111001011010 P#
b100100111111001000101001110100 5%
b1000000011000 U%
b1000001001 f%
#738
b100101000011101011111011111010 T
b100010001010101001001011100000 0#
b100010001010101001001011100000 P#
b100101000011101011111011111010 5%
b1000000011001 U%
b1000001010 f%
#739
b100101001000001111011001001010 T
b100010001111001100101000110000 0#
b100010001111001100101000110000 P#
b100101001000001111011001001010 5%
b1000000011010 U%
b1000001011 f%
#740
b100101001100110010101011010000 T
b100010010011101111111010110110 0#
b100010010011101111111010110110 P#
b100101001100110010101011010000 5%
b1000000011011 U%
b1000001100 f%
#741
b100101010001010101111101010110 T
b100010011000010011001100111100 0#
b100010011000010011001100111100 P#
b100101010001010101111101010110 5%
b1000000011100 U%
b1000001101 f%
#742
b100101010101111001011010100110 T
b100010011100110110101010001100 0#
b100010011100110110101010001100 P#
b100101010101111001011010100110 5%
b1000000011101 U%
b1000001110 f%
#743
b100101011010011100101100101100 T
b100010100001011001111100010010 0#
b100010100001011001111100010010 P#
b100101011010011100101100101100 5%
b1000000011110 U%
b1000001111 f%
#744
b100101011110111111111110110010 T
b100010100101111101001110011000 0#
b100010100101111101001110011000 P#
b100101011110111111111110110010 5%
b1000000011111 U%
b1000010000 f%
#745
b100101100011100011011100000010 T
b100010101010100000101011101000 0#
b100010101010100000101011101000 P#
b100101100011100011011100000010 5%
b1000000100000 U%
b1000010001 f%
#746
b100101101000000110101110001000 T
b100010101111000011111101101110 0#
b100010101111000011111101101110 P#
b100101101000000110101110001000 5%
b1000000100001 U%
b1000010010 f%
#747
b100101101100101010000000001110 T
b100010110011100111001111110100 0#
b100010110011100111001111110100 P#
b100101101100101010000000001110 5%
b1000000100010 U%
b1000010011 f%
#748
b100101110001001101011101011110 T
b100010111000001010101101000100 0#
b100010111000001010101101000100 P#
b100101110001001101011101011110 5%
b1000000100011 U%
b1000010100 f%
#749
b100101110101110000101111100100 T
b100010111100101101111111001010 0#
b100010111100101101111111001010 P#
b100101110101110000101111100100 5%
b1000000100100 U%
b1000010101 f%
#750
b100101111010010100000001101010 T
b100011000001010001010001010000 0#
b100011000001010001010001010000 P#
b100101111010010100000001101010 5%
b1000000100101 U%
b1000010110 f%
#751
b100101111110110111010011110000 T
b100011000101110100100011010110 0#
b100011000101110100100011010110 P#
b100101111110110111010011110000 5%
b1000000100110 U%
b1000010111 f%
#752
b100110000011011010110001000000 T
b100011001010011000000000100110 0#
b100011001010011000000000100110 P#
b100110000011011010110001000000 5%
b1000000100111 U%
b1000011000 f%
#753
b100110000111111110000011000110 T
b100011001110111011010010101100 0#
b100011001110111011010010101100 P#
b100110000111111110000011000110 5%
b1000000101000 U%
b1000011001 f%
#754
b100110001100100001010101001100 T
b100011010011011110100100110010 0#
b100011010011011110100100110010 P#
b100110001100100001010101001100 5%
b1000000101001 U%
b1000011010 f%
#755
b100110010001000100110010011100 T
b100011011000000010000010000010 0#
b100011011000000010000010000010 P#
b100110010001000100110010011100 5%
b1000000101010 U%
b1000011011 f%
#756
b100110010101101000000100100010 T
b100011011100100101010100001000 0#
b100011011100100101010100001000 P#
b100110010101101000000100100010 5%
b1000000101011 U%
b1000011100 f%
#757
1"
b1001 $
b11000011100011100 4
b100110011010001011010110101100 T
b100011100000110001110000110000 0#
b100011100000110001110000110000 P#
b11111101000110111101001111100110 p#
b100110011010001011010110101100 5%
b1000000101100 U%
b1000011101 f%
#758
0"
b100110011110101110110011111100 T
b100011100101010101001110000000 0#
b100011100101010101001110000000 P#
b100110011110101110110011111100 5%
b1000000101101 U%
b1000011110 f%
#759
b100110100011010010000110000010 T
b100011101001111000100000000110 0#
b100011101001111000100000000110 P#
b100110100011010010000110000010 5%
b1000000101110 U%
b1000011111 f%
#760
b100110100111110101011000001000 T
b100011101110011011110010001100 0#
b100011101110011011110010001100 P#
b100110100111110101011000001000 5%
b1000000101111 U%
b1000100000 f%
#761
b100110101100011000110101011000 T
b100011110010111111001111011100 0#
b100011110010111111001111011100 P#
b100110101100011000110101011000 5%
b1000000110000 U%
b1000100001 f%
#762
b100110110000111100000111011110 T
b100011110111100010100001100010 0#
b100011110111100010100001100010 P#
b100110110000111100000111011110 5%
b1000000110001 U%
b1000100010 f%
#763
b100110110101011111011001100100 T
b100011111100000101110011101000 0#
b100011111100000101110011101000 P#
b100110110101011111011001100100 5%
b1000000110010 U%
b1000100011 f%
#764
b100110111010000010110110110100 T
b100100000000101001010000111000 0#
b100100000000101001010000111000 P#
b100110111010000010110110110100 5%
b1000000110011 U%
b1000100100 f%
#765
b100110111110100110001000111010 T
b100100000101001100100010111110 0#
b100100000101001100100010111110 P#
b100110111110100110001000111010 5%
b1000000110100 U%
b1000100101 f%
#766
b100111000011001001011011000000 T
b100100001001101111110101000100 0#
b100100001001101111110101000100 P#
b100111000011001001011011000000 5%
b1000000110101 U%
b1000100110 f%
#767
b100111000111101100111000010000 T
b100100001110010011010010010100 0#
b100100001110010011010010010100 P#
b100111000111101100111000010000 5%
b1000000110110 U%
b1000100111 f%
#768
b100111001100010000001010010110 T
b100100010010110110100100011010 0#
b100100010010110110100100011010 P#
b100111001100010000001010010110 5%
b1000000110111 U%
b1000101000 f%
#769
b100111010000110011011100011100 T
b100100010111011001110110100000 0#
b100100010111011001110110100000 P#
b100111010000110011011100011100 5%
b1000000111000 U%
b1000101001 f%
#770
b100111010101010110111001101100 T
b100100011011111101010011110000 0#
b100100011011111101010011110000 P#
b100111010101010110111001101100 5%
b1000000111001 U%
b1000101010 f%
#771
b100111011001111010001011110010 T
b100100100000100000100101110110 0#
b100100100000100000100101110110 P#
b100111011001111010001011110010 5%
b1000000111010 U%
b1000101011 f%
#772
b100111011110011101011101111000 T
b100100100101000011110111111100 0#
b100100100101000011110111111100 P#
b100111011110011101011101111000 5%
b1000000111011 U%
b1000101100 f%
#773
b100111100011000000111011001000 T
b100100101001100111010101001100 0#
b100100101001100111010101001100 P#
b100111100011000000111011001000 5%
b1000000111100 U%
b1000101101 f%
#774
b100111100111100100001101001110 T
b100100101110001010100111010010 0#
b100100101110001010100111010010 P#
b100111100111100100001101001110 5%
b1000000111101 U%
b1000101110 f%
#775
b100111101100000111011111010100 T
b100100110010101101111001011000 0#
b100100110010101101111001011000 P#
b100111101100000111011111010100 5%
b1000000111110 U%
b1000101111 f%
#776
b100111110000101010111100100100 T
b100100110111010001010110101000 0#
b100100110111010001010110101000 P#
b100111110000101010111100100100 5%
b1000000111111 U%
b1000110000 f%
#777
b100111110101001110001110101010 T
b100100111011110100101000101110 0#
b100100111011110100101000101110 P#
b100111110101001110001110101010 5%
b1000001000000 U%
b1000110001 f%
#778
b100111111001110001100000110000 T
b100101000000010111111010110100 0#
b100101000000010111111010110100 P#
b100111111001110001100000110000 5%
b1000001000001 U%
b1000110010 f%
#779
b100111111110010100110010110110 T
b100101000100111011001100111010 0#
b100101000100111011001100111010 P#
b100111111110010100110010110110 5%
b1000001000010 U%
b1000110011 f%
#780
b101000000010111000010000000110 T
b100101001001011110101010001010 0#
b100101001001011110101010001010 P#
b101000000010111000010000000110 5%
b1000001000011 U%
b1000110100 f%
#781
b101000000111011011100010001100 T
b100101001110000001111100010000 0#
b100101001110000001111100010000 P#
b101000000111011011100010001100 5%
b1000001000100 U%
b1000110101 f%
#782
b101000001011111110110100010010 T
b100101010010100101001110010110 0#
b100101010010100101001110010110 P#
b101000001011111110110100010010 5%
b1000001000101 U%
b1000110110 f%
#783
b101000010000100010010001100010 T
b100101010111001000101011100110 0#
b100101010111001000101011100110 P#
b101000010000100010010001100010 5%
b1000001000110 U%
b1000110111 f%
#784
b101000010101000101100011101000 T
b100101011011101011111101101100 0#
b100101011011101011111101101100 P#
b101000010101000101100011101000 5%
b1000001000111 U%
b1000111000 f%
#785
b101000011001101000110101101110 T
b100101100000001111001111110010 0#
b100101100000001111001111110010 P#
b101000011001101000110101101110 5%
b1000001001000 U%
b1000111001 f%
#786
b101000011110001100010010111110 T
b100101100100110010101101000010 0#
b100101100100110010101101000010 P#
b101000011110001100010010111110 5%
b1000001001001 U%
b1000111010 f%
#787
b101000100010101111100101000100 T
b100101101001010101111111001000 0#
b100101101001010101111111001000 P#
b101000100010101111100101000100 5%
b1000001001010 U%
b1000111011 f%
#788
b101000100111010010110111001010 T
b100101101101111001010001001110 0#
b100101101101111001010001001110 P#
b101000100111010010110111001010 5%
b1000001001011 U%
b1000111100 f%
#789
b101000101011110110010100011010 T
b100101110010011100101110011110 0#
b100101110010011100101110011110 P#
b101000101011110110010100011010 5%
b1000001001100 U%
b1000111101 f%
#790
b101000110000011001100110100000 T
b100101110111000000000000100100 0#
b100101110111000000000000100100 P#
b101000110000011001100110100000 5%
b1000001001101 U%
b1000111110 f%
#791
b101000110100111100111000100110 T
b100101111011100011010010101010 0#
b100101111011100011010010101010 P#
b101000110100111100111000100110 5%
b1000001001110 U%
b1000111111 f%
#792
b101000111001100000010101110110 T
b100110000000000110101111111010 0#
b100110000000000110101111111010 P#
b101000111001100000010101110110 5%
b1000001001111 U%
b1001000000 f%
#793
b101000111110000011100111111100 T
b100110000100101010000010000000 0#
b100110000100101010000010000000 P#
b101000111110000011100111111100 5%
b1000001010000 U%
b1001000001 f%
#794
b101001000010100110111010000010 T
b100110001001001101010100000110 0#
b100110001001001101010100000110 P#
b101001000010100110111010000010 5%
b1000001010001 U%
b1001000010 f%
#795
b101001000111001010010111010010 T
b100110001101110000110001010110 0#
b100110001101110000110001010110 P#
b101001000111001010010111010010 5%
b1000001010010 U%
b1001000011 f%
#796
b101001001011101101101001011000 T
b100110010010010100000011011100 0#
b100110010010010100000011011100 P#
b101001001011101101101001011000 5%
b1000001010011 U%
b1001000100 f%
#797
b101001010000010000111011011110 T
b100110010110110111010101100010 0#
b100110010110110111010101100010 P#
b101001010000010000111011011110 5%
b1000001010100 U%
b1001000101 f%
#798
b101001010100110100011000101110 T
b100110011011011010110010110010 0#
b100110011011011010110010110010 P#
b101001010100110100011000101110 5%
b1000001010101 U%
b1001000110 f%
#799
b101001011001010111101010110100 T
b100110011111111110000100111000 0#
b100110011111111110000100111000 P#
b101001011001010111101010110100 5%
b1000001010110 U%
b1001000111 f%
#800
b101001011101111010111100111010 T
b100110100100100001010110111110 0#
b100110100100100001010110111110 P#
b101001011101111010111100111010 5%
b1000001010111 U%
b1001001000 f%
#801
b101001100010011110011010001010 T
b100110101001000100110100001110 0#
b100110101001000100110100001110 P#
b101001100010011110011010001010 5%
b1000001011000 U%
b1001001001 f%
#802
b101001100111000001101100010000 T
b100110101101101000000110010100 0#
b100110101101101000000110010100 P#
b101001100111000001101100010000 5%
b1000001011001 U%
b1001001010 f%
#803
b101001101011100100111110010110 T
b100110110010001011011000011010 0#
b100110110010001011011000011010 P#
b101001101011100100111110010110 5%
b1000001011010 U%
b1001001011 f%
#804
b101001110000001000011011100110 T
b100110110110101110110101101010 0#
b100110110110101110110101101010 P#
b101001110000001000011011100110 5%
b1000001011011 U%
b1001001100 f%
#805
b101001110100101011101101101100 T
b100110111011010010000111110000 0#
b100110111011010010000111110000 P#
b101001110100101011101101101100 5%
b1000001011100 U%
b1001001101 f%
#806
b101001111001001110111111110010 T
b100110111111110101011001110110 0#
b100110111111110101011001110110 P#
b101001111001001110111111110010 5%
b1000001011101 U%
b1001001110 f%
#807
b101001111101110010011101000010 T
b100111000100011000110111000110 0#
b100111000100011000110111000110 P#
b101001111101110010011101000010 5%
b1000001011110 U%
b1001001111 f%
#808
b101010000010010101101111001000 T
b100111001000111100001001001100 0#
b100111001000111100001001001100 P#
b101010000010010101101111001000 5%
b1000001011111 U%
b1001010000 f%
#809
b101010000110111001000001001110 T
b100111001101011111011011010010 0#
b100111001101011111011011010010 P#
b101010000110111001000001001110 5%
b1000001100000 U%
b1001010001 f%
#810
b101010001011011100010011010100 T
b100111010010000010101101011000 0#
b100111010010000010101101011000 P#
b101010001011011100010011010100 5%
b1000001100001 U%
b1001010010 f%
#811
b101010001111111111110000100100 T
b100111010110100110001010101000 0#
b100111010110100110001010101000 P#
b101010001111111111110000100100 5%
b1000001100010 U%
b1001010011 f%
#812
b101010010100100011000010101010 T
b100111011011001001011100101110 0#
b100111011011001001011100101110 P#
b101010010100100011000010101010 5%
b1000001100011 U%
b1001010100 f%
#813
b101010011001000110010100110000 T
b100111011111101100101110110100 0#
b100111011111101100101110110100 P#
b101010011001000110010100110000 5%
b1000001100100 U%
b1001010101 f%
#814
b101010011101101001110010000000 T
b100111100100010000001100000100 0#
b100111100100010000001100000100 P#
b101010011101101001110010000000 5%
b1000001100101 U%
b1001010110 f%
#815
b101010100010001101000100000110 T
b100111101000110011011110001010 0#
b100111101000110011011110001010 P#
b101010100010001101000100000110 5%
b1000001100110 U%
b1001010111 f%
#816
b101010100110110000010110001100 T
b100111101101010110110000010000 0#
b100111101101010110110000010000 P#
b101010100110110000010110001100 5%
b1000001100111 U%
b1001011000 f%
#817
1"
b1010 $
b11000011100011011 4
b101010101011010011110011100000 T
b100111110001100011001100111000 0#
b100111110001100011001100111000 P#
b11111101000110100110011010000100 p#
b101010101011010011110011100000 5%
b1000001101000 U%
b1001011001 f%
#818
0"
b101010101111110111000101100110 T
b100111110110000110011110111110 0#
b100111110110000110011110111110 P#
b101010101111110111000101100110 5%
b1000001101001 U%
b1001011010 f%
#819
b101010110100011010010111101100 T
b100111111010101001110001000100 0#
b100111111010101001110001000100 P#
b101010110100011010010111101100 5%
b1000001101010 U%
b1001011011 f%
#820
b101010111000111101110100111100 T
b100111111111001101001110010100 0#
b100111111111001101001110010100 P#
b101010111000111101110100111100 5%
b1000001101011 U%
b1001011100 f%
#821
b101010111101100001000111000010 T
b101000000011110000100000011010 0#
b101000000011110000100000011010 P#
b101010111101100001000111000010 5%
b1000001101100 U%
b1001011101 f%
#822
b101011000010000100011001001000 T
b101000001000010011110010100000 0#
b101000001000010011110010100000 P#
b101011000010000100011001001000 5%
b1000001101101 U%
b1001011110 f%
#823
b101011000110100111110110011000 T
b101000001100110111001111110000 0#
b101000001100110111001111110000 P#
b101011000110100111110110011000 5%
b1000001101110 U%
b1001011111 f%
#824
b101011001011001011001000011110 T
b101000010001011010100001110110 0#
b101000010001011010100001110110 P#
b101011001011001011001000011110 5%
b1000001101111 U%
b1001100000 f%
#825
b101011001111101110011010100100 T
b101000010101111101110011111100 0#
b101000010101111101110011111100 P#
b101011001111101110011010100100 5%
b1000001110000 U%
b1001100001 f%
#826
b101011010100010001110111110100 T
b101000011010100001010001001100 0#
b101000011010100001010001001100 P#
b101011010100010001110111110100 5%
b1000001110001 U%
b1001100010 f%
#827
b101011011000110101001001111010 T
b101000011111000100100011010010 0#
b101000011111000100100011010010 P#
b101011011000110101001001111010 5%
b1000001110010 U%
b1001100011 f%
#828
b101011011101011000011100000000 T
b101000100011100111110101011000 0#
b101000100011100111110101011000 P#
b101011011101011000011100000000 5%
b1000001110011 U%
b1001100100 f%
#829
b101011100001111011111001010000 T
b101000101000001011010010101000 0#
b101000101000001011010010101000 P#
b101011100001111011111001010000 5%
b1000001110100 U%
b1001100101 f%
#830
b101011100110011111001011010110 T
b101000101100101110100100101110 0#
b101000101100101110100100101110 P#
b101011100110011111001011010110 5%
b1000001110101 U%
b1001100110 f%
#831
b101011101011000010011101011100 T
b101000110001010001110110110100 0#
b101000110001010001110110110100 P#
b101011101011000010011101011100 5%
b1000001110110 U%
b1001100111 f%
#832
b101011101111100101111010101100 T
b101000110101110101010100000100 0#
b101000110101110101010100000100 P#
b101011101111100101111010101100 5%
b1000001110111 U%
b1001101000 f%
#833
b101011110100001001001100110010 T
b101000111010011000100110001010 0#
b101000111010011000100110001010 P#
b101011110100001001001100110010 5%
b1000001111000 U%
b1001101001 f%
#834
b101011111000101100011110111000 T
b101000111110111011111000010000 0#
b101000111110111011111000010000 P#
b101011111000101100011110111000 5%
b1000001111001 U%
b1001101010 f%
#835
b101011111101001111111100001000 T
b101001000011011111010101100000 0#
b101001000011011111010101100000 P#
b101011111101001111111100001000 5%
b1000001111010 U%
b1001101011 f%
#836
b101100000001110011001110001110 T
b101001001000000010100111100110 0#
b101001001000000010100111100110 P#
b101100000001110011001110001110 5%
b1000001111011 U%
b1001101100 f%
#837
b101100000110010110100000010100 T
b101001001100100101111001101100 0#
b101001001100100101111001101100 P#
b101100000110010110100000010100 5%
b1000001111100 U%
b1001101101 f%
#838
b101100001010111001110010011010 T
b101001010001001001001011110010 0#
b101001010001001001001011110010 P#
b101100001010111001110010011010 5%
b1000001111101 U%
b1001101110 f%
#839
b101100001111011101001111101010 T
b101001010101101100101001000010 0#
b101001010101101100101001000010 P#
b101100001111011101001111101010 5%
b1000001111110 U%
b1001101111 f%
#840
b101100010100000000100001110000 T
b101001011010001111111011001000 0#
b101001011010001111111011001000 P#
b101100010100000000100001110000 5%
b1000001111111 U%
b1001110000 f%
#841
b101100011000100011110011110110 T
b101001011110110011001101001110 0#
b101001011110110011001101001110 P#
b101100011000100011110011110110 5%
b1000010000000 U%
b1001110001 f%
#842
b101100011101000111010001000110 T
b101001100011010110101010011110 0#
b101001100011010110101010011110 P#
b101100011101000111010001000110 5%
b1000010000001 U%
b1001110010 f%
#843
b101100100001101010100011001100 T
b101001100111111001111100100100 0#
b101001100111111001111100100100 P#
b101100100001101010100011001100 5%
b1000010000010 U%
b1001110011 f%
#844
b101100100110001101110101010010 T
b101001101100011101001110101010 0#
b101001101100011101001110101010 P#
b101100100110001101110101010010 5%
b1000010000011 U%
b1001110100 f%
#845
b101100101010110001010010100010 T
b101001110001000000101011111010 0#
b101001110001000000101011111010 P#
b101100101010110001010010100010 5%
b1000010000100 U%
b1001110101 f%
#846
b101100101111010100100100101000 T
b101001110101100011111110000000 0#
b101001110101100011111110000000 P#
b101100101111010100100100101000 5%
b1000010000101 U%
b1001110110 f%
#847
b101100110011110111110110101110 T
b101001111010000111010000000110 0#
b101001111010000111010000000110 P#
b101100110011110111110110101110 5%
b1000010000110 U%
b1001110111 f%
#848
b101100111000011011010011111110 T
b101001111110101010101101010110 0#
b101001111110101010101101010110 P#
b101100111000011011010011111110 5%
b1000010000111 U%
b1001111000 f%
#849
b101100111100111110100110000100 T
b101010000011001101111111011100 0#
b101010000011001101111111011100 P#
b101100111100111110100110000100 5%
b1000010001000 U%
b1001111001 f%
#850
b101101000001100001111000001010 T
b101010000111110001010001100010 0#
b101010000111110001010001100010 P#
b101101000001100001111000001010 5%
b1000010001001 U%
b1001111010 f%
#851
b101101000110000101010101011010 T
b101010001100010100101110110010 0#
b101010001100010100101110110010 P#
b101101000110000101010101011010 5%
b1000010001010 U%
b1001111011 f%
#852
b101101001010101000100111100000 T
b101010010000111000000000111000 0#
b101010010000111000000000111000 P#
b101101001010101000100111100000 5%
b1000010001011 U%
b1001111100 f%
#853
b101101001111001011111001100110 T
b101010010101011011010010111110 0#
b101010010101011011010010111110 P#
b101101001111001011111001100110 5%
b1000010001100 U%
b1001111101 f%
#854
b101101010011101111010110110110 T
b101010011001111110110000001110 0#
b101010011001111110110000001110 P#
b101101010011101111010110110110 5%
b1000010001101 U%
b1001111110 f%
#855
b101101011000010010101000111100 T
b101010011110100010000010010100 0#
b101010011110100010000010010100 P#
b101101011000010010101000111100 5%
b1000010001110 U%
b1001111111 f%
#856
b101101011100110101111011000010 T
b101010100011000101010100011010 0#
b101010100011000101010100011010 P#
b101101011100110101111011000010 5%
b1000010001111 U%
b1010000000 f%
#857
b101101100001011001011000010010 T
b101010100111101000110001101010 0#
b101010100111101000110001101010 P#
b101101100001011001011000010010 5%
b1000010010000 U%
b1010000001 f%
#858
b101101100101111100101010011000 T
b101010101100001100000011110000 0#
b101010101100001100000011110000 P#
b101101100101111100101010011000 5%
b1000010010001 U%
b1010000010 f%
#859
b101101101010011111111100011110 T
b101010110000101111010101110110 0#
b101010110000101111010101110110 P#
b101101101010011111111100011110 5%
b1000010010010 U%
b1010000011 f%
#860
b101101101111000011011001101110 T
b101010110101010010110011000110 0#
b101010110101010010110011000110 P#
b101101101111000011011001101110 5%
b1000010010011 U%
b1010000100 f%
#861
b101101110011100110101011110100 T
b101010111001110110000101001100 0#
b101010111001110110000101001100 P#
b101101110011100110101011110100 5%
b1000010010100 U%
b1010000101 f%
#862
b101101111000001001111101111010 T
b101010111110011001010111010010 0#
b101010111110011001010111010010 P#
b101101111000001001111101111010 5%
b1000010010101 U%
b1010000110 f%
#863
b101101111100101101011011001010 T
b101011000010111100110100100010 0#
b101011000010111100110100100010 P#
b101101111100101101011011001010 5%
b1000010010110 U%
b1010000111 f%
#864
b101110000001010000101101010000 T
b101011000111100000000110101000 0#
b101011000111100000000110101000 P#
b101110000001010000101101010000 5%
b1000010010111 U%
b1010001000 f%
#865
b101110000101110011111111010110 T
b101011001100000011011000101110 0#
b101011001100000011011000101110 P#
b101110000101110011111111010110 5%
b1000010011000 U%
b1010001001 f%
#866
b101110001010010111011100100110 T
b101011010000100110110101111110 0#
b101011010000100110110101111110 P#
b101110001010010111011100100110 5%
b1000010011001 U%
b1010001010 f%
#867
b101110001110111010101110101100 T
b101011010101001010001000000100 0#
b101011010101001010001000000100 P#
b101110001110111010101110101100 5%
b1000010011010 U%
b1010001011 f%
#868
b101110010011011110000000110010 T
b101011011001101101011010001010 0#
b101011011001101101011010001010 P#
b101110010011011110000000110010 5%
b1000010011011 U%
b1010001100 f%
#869
b101110011000000001010010111000 T
b101011011110010000101100010000 0#
b101011011110010000101100010000 P#
b101110011000000001010010111000 5%
b1000010011100 U%
b1010001101 f%
#870
b101110011100100100110000001000 T
b101011100010110100001001100000 0#
b101011100010110100001001100000 P#
b101110011100100100110000001000 5%
b1000010011101 U%
b1010001110 f%
#871
b101110100001001000000010001110 T
b101011100111010111011011100110 0#
b101011100111010111011011100110 P#
b101110100001001000000010001110 5%
b1000010011110 U%
b1010001111 f%
#872
b101110100101101011010100010100 T
b101011101011111010101101101100 0#
b101011101011111010101101101100 P#
b101110100101101011010100010100 5%
b1000010011111 U%
b1010010000 f%
#873
b101110101010001110110001100100 T
b101011110000011110001010111100 0#
b101011110000011110001010111100 P#
b101110101010001110110001100100 5%
b1000010100000 U%
b1010010001 f%
#874
b101110101110110010000011101010 T
b101011110101000001011101000010 0#
b101011110101000001011101000010 P#
b101110101110110010000011101010 5%
b1000010100001 U%
b1010010010 f%
#875
b101110110011010101010101110000 T
b101011111001100100101111001000 0#
b101011111001100100101111001000 P#
b101110110011010101010101110000 5%
b1000010100010 U%
b1010010011 f%
#876
b101110110111111000110011000000 T
b101011111110001000001100011000 0#
b101011111110001000001100011000 P#
b101110110111111000110011000000 5%
b1000010100011 U%
b1010010100 f%
#877
1"
b1011 $
b11000011100011100 4
b101110111100011100000101001010 T
b101100000010010100101001000000 0#
b101100000010010100101001000000 P#
b11111101000110001111011001011000 p#
b101110111100011100000101001010 5%
b1000010100100 U%
b1010010101 f%
#878
0"
b101111000000111111010111010000 T
b101100000110110111111011000110 0#
b101100000110110111111011000110 P#
b101111000000111111010111010000 5%
b1000010100101 U%
b1010010110 f%
#879
b101111000101100010110100100000 T
b101100001011011011011000010110 0#
b101100001011011011011000010110 P#
b101111000101100010110100100000 5%
b1000010100110 U%
b1010010111 f%
#880
b101111001010000110000110100110 T
b101100001111111110101010011100 0#
b101100001111111110101010011100 P#
b101111001010000110000110100110 5%
b1000010100111 U%
b1010011000 f%
#881
b101111001110101001011000101100 T
b101100010100100001111100100010 0#
b101100010100100001111100100010 P#
b101111001110101001011000101100 5%
b1000010101000 U%
b1010011001 f%
#882
b101111010011001100110101111100 T
b101100011001000101011001110010 0#
b101100011001000101011001110010 P#
b101111010011001100110101111100 5%
b1000010101001 U%
b1010011010 f%
#883
b101111010111110000001000000010 T
b101100011101101000101011111000 0#
b101100011101101000101011111000 P#
b101111010111110000001000000010 5%
b1000010101010 U%
b1010011011 f%
#884
b101111011100010011011010001000 T
b101100100010001011111101111110 0#
b101100100010001011111101111110 P#
b101111011100010011011010001000 5%
b1000010101011 U%
b1010011100 f%
#885
b101111100000110110110111011000 T
b101100100110101111011011001110 0#
b101100100110101111011011001110 P#
b101111100000110110110111011000 5%
b1000010101100 U%
b1010011101 f%
#886
b101111100101011010001001011110 T
b101100101011010010101101010100 0#
b101100101011010010101101010100 P#
b101111100101011010001001011110 5%
b1000010101101 U%
b1010011110 f%
#887
b101111101001111101011011100100 T
b101100101111110101111111011010 0#
b101100101111110101111111011010 P#
b101111101001111101011011100100 5%
b1000010101110 U%
b1010011111 f%
#888
b101111101110100000111000110100 T
b101100110100011001011100101010 0#
b101100110100011001011100101010 P#
b101111101110100000111000110100 5%
b1000010101111 U%
b1010100000 f%
#889
b101111110011000100001010111010 T
b101100111000111100101110110000 0#
b101100111000111100101110110000 P#
b101111110011000100001010111010 5%
b1000010110000 U%
b1010100001 f%
#890
b101111110111100111011101000000 T
b101100111101100000000000110110 0#
b101100111101100000000000110110 P#
b101111110111100111011101000000 5%
b1000010110001 U%
b1010100010 f%
#891
b101111111100001010111010010000 T
b101101000010000011011110000110 0#
b101101000010000011011110000110 P#
b101111111100001010111010010000 5%
b1000010110010 U%
b1010100011 f%
#892
b110000000000101110001100010110 T
b101101000110100110110000001100 0#
b101101000110100110110000001100 P#
b110000000000101110001100010110 5%
b1000010110011 U%
b1010100100 f%
#893
b110000000101010001011110011100 T
b101101001011001010000010010010 0#
b101101001011001010000010010010 P#
b110000000101010001011110011100 5%
b1000010110100 U%
b1010100101 f%
#894
b110000001001110100111011101100 T
b101101001111101101011111100010 0#
b101101001111101101011111100010 P#
b110000001001110100111011101100 5%
b1000010110101 U%
b1010100110 f%
#895
b110000001110011000001101110010 T
b101101010100010000110001101000 0#
b101101010100010000110001101000 P#
b110000001110011000001101110010 5%
b1000010110110 U%
b1010100111 f%
#896
b110000010010111011011111111000 T
b101101011000110100000011101110 0#
b101101011000110100000011101110 P#
b110000010010111011011111111000 5%
b1000010110111 U%
b1010101000 f%
#897
b110000010111011110110001111110 T
b101101011101010111010101110100 0#
b101101011101010111010101110100 P#
b110000010111011110110001111110 5%
b1000010111000 U%
b1010101001 f%
#898
b110000011100000010001111001110 T
b101101100001111010110011000100 0#
b101101100001111010110011000100 P#
b110000011100000010001111001110 5%
b1000010111001 U%
b1010101010 f%
#899
b110000100000100101100001010100 T
b101101100110011110000101001010 0#
b101101100110011110000101001010 P#
b110000100000100101100001010100 5%
b1000010111010 U%
b1010101011 f%
#900
b110000100101001000110011011010 T
b101101101011000001010111010000 0#
b101101101011000001010111010000 P#
b110000100101001000110011011010 5%
b1000010111011 U%
b1010101100 f%
#901
b110000101001101100010000101010 T
b101101101111100100110100100000 0#
b101101101111100100110100100000 P#
b110000101001101100010000101010 5%
b1000010111100 U%
b1010101101 f%
#902
b110000101110001111100010110000 T
b101101110100001000000110100110 0#
b101101110100001000000110100110 P#
b110000101110001111100010110000 5%
b1000010111101 U%
b1010101110 f%
#903
b110000110010110010110100110110 T
b101101111000101011011000101100 0#
b101101111000101011011000101100 P#
b110000110010110010110100110110 5%
b1000010111110 U%
b1010101111 f%
#904
b110000110111010110010010000110 T
b101101111101001110110101111100 0#
b101101111101001110110101111100 P#
b110000110111010110010010000110 5%
b1000010111111 U%
b1010110000 f%
#905
b110000111011111001100100001100 T
b101110000001110010001000000010 0#
b101110000001110010001000000010 P#
b110000111011111001100100001100 5%
b1000011000000 U%
b1010110001 f%
#906
b110001000000011100110110010010 T
b101110000110010101011010001000 0#
b101110000110010101011010001000 P#
b110001000000011100110110010010 5%
b1000011000001 U%
b1010110010 f%
#907
b110001000101000000010011100010 T
b101110001010111000110111011000 0#
b101110001010111000110111011000 P#
b110001000101000000010011100010 5%
b1000011000010 U%
b1010110011 f%
#908
b110001001001100011100101101000 T
b101110001111011100001001011110 0#
b101110001111011100001001011110 P#
b110001001001100011100101101000 5%
b1000011000011 U%
b1010110100 f%
#909
b110001001110000110110111101110 T
b101110010011111111011011100100 0#
b101110010011111111011011100100 P#
b110001001110000110110111101110 5%
b1000011000100 U%
b1010110101 f%
#910
b110001010010101010010100111110 T
b101110011000100010111000110100 0#
b101110011000100010111000110100 P#
b110001010010101010010100111110 5%
b1000011000101 U%
b1010110110 f%
#911
b110001010111001101100111000100 T
b101110011101000110001010111010 0#
b101110011101000110001010111010 P#
b110001010111001101100111000100 5%
b1000011000110 U%
b1010110111 f%
#912
b110001011011110000111001001010 T
b101110100001101001011101000000 0#
b101110100001101001011101000000 P#
b110001011011110000111001001010 5%
b1000011000111 U%
b1010111000 f%
#913
b110001100000010100010110011010 T
b101110100110001100111010010000 0#
b101110100110001100111010010000 P#
b110001100000010100010110011010 5%
b1000011001000 U%
b1010111001 f%
#914
b110001100100110111101000100000 T
b101110101010110000001100010110 0#
b101110101010110000001100010110 P#
b110001100100110111101000100000 5%
b1000011001001 U%
b1010111010 f%
#915
b110001101001011010111010100110 T
b101110101111010011011110011100 0#
b101110101111010011011110011100 P#
b110001101001011010111010100110 5%
b1000011001010 U%
b1010111011 f%
#916
b110001101101111110010111110110 T
b101110110011110110111011101100 0#
b101110110011110110111011101100 P#
b110001101101111110010111110110 5%
b1000011001011 U%
b1010111100 f%
#917
b110001110010100001101001111100 T
b101110111000011010001101110010 0#
b101110111000011010001101110010 P#
b110001110010100001101001111100 5%
b1000011001100 U%
b1010111101 f%
#918
b110001110111000100111100000010 T
b101110111100111101011111111000 0#
b101110111100111101011111111000 P#
b110001110111000100111100000010 5%
b1000011001101 U%
b1010111110 f%
#919
b110001111011101000011001010010 T
b101111000001100000111101001000 0#
b101111000001100000111101001000 P#
b110001111011101000011001010010 5%
b1000011001110 U%
b1010111111 f%
#920
b110010000000001011101011011000 T
b101111000110000100001111001110 0#
b101111000110000100001111001110 P#
b110010000000001011101011011000 5%
b1000011001111 U%
b1011000000 f%
#921
b110010000100101110111101011110 T
b101111001010100111100001010100 0#
b101111001010100111100001010100 P#
b110010000100101110111101011110 5%
b1000011010000 U%
b1011000001 f%
#922
b110010001001010010011010101110 T
b101111001111001010111110100100 0#
b101111001111001010111110100100 P#
b110010001001010010011010101110 5%
b1000011010001 U%
b1011000010 f%
#923
b110010001101110101101100110100 T
b101111010011101110010000101010 0#
b101111010011101110010000101010 P#
b110010001101110101101100110100 5%
b1000011010010 U%
b1011000011 f%
#924
b110010010010011000111110111010 T
b101111011000010001100010110000 0#
b101111011000010001100010110000 P#
b110010010010011000111110111010 5%
b1000011010011 U%
b1011000100 f%
#925
b110010010110111100011100001010 T
b101111011100110101000000000000 0#
b101111011100110101000000000000 P#
b110010010110111100011100001010 5%
b1000011010100 U%
b1011000101 f%
#926
b110010011011011111101110010000 T
b101111100001011000010010000110 0#
b101111100001011000010010000110 P#
b110010011011011111101110010000 5%
b1000011010101 U%
b1011000110 f%
#927
b110010100000000011000000010110 T
b101111100101111011100100001100 0#
b101111100101111011100100001100 P#
b110010100000000011000000010110 5%
b1000011010110 U%
b1011000111 f%
#928
b110010100100100110010010011100 T
b101111101010011110110110010010 0#
b101111101010011110110110010010 P#
b110010100100100110010010011100 5%
b1000011010111 U%
b1011001000 f%
#929
b110010101001001001101111101100 T
b101111101111000010010011100010 0#
b101111101111000010010011100010 P#
b110010101001001001101111101100 5%
b1000011011000 U%
b1011001001 f%
#930
b110010101101101101000001110010 T
b101111110011100101100101101000 0#
b101111110011100101100101101000 P#
b110010101101101101000001110010 5%
b1000011011001 U%
b1011001010 f%
#931
b110010110010010000010011111000 T
b101111111000001000110111101110 0#
b101111111000001000110111101110 P#
b110010110010010000010011111000 5%
b1000011011010 U%
b1011001011 f%
#932
b110010110110110011110001001000 T
b101111111100101100010100111110 0#
b101111111100101100010100111110 P#
b110010110110110011110001001000 5%
b1000011011011 U%
b1011001100 f%
#933
b110010111011010111000011001110 T
b110000000001001111100111000100 0#
b110000000001001111100111000100 P#
b110010111011010111000011001110 5%
b1000011011100 U%
b1011001101 f%
#934
b110010111111111010010101010100 T
b110000000101110010111001001010 0#
b110000000101110010111001001010 P#
b110010111111111010010101010100 5%
b1000011011101 U%
b1011001110 f%
#935
b110011000100011101110010100100 T
b110000001010010110010110011010 0#
b110000001010010110010110011010 P#
b110011000100011101110010100100 5%
b1000011011110 U%
b1011001111 f%
#936
b110011001001000001000100101010 T
b110000001110111001101000100000 0#
b110000001110111001101000100000 P#
b110011001001000001000100101010 5%
b1000011011111 U%
b1011010000 f%
#937
1"
b1100 $
b110011001101100100010110110100 T
b110000010011000010011010110110 0#
b110000010011000010011010110110 P#
b11111101000101111000100011110110 p#
b110011001101100100010110110100 5%
b1000011100000 U%
b1011010001 f%
#938
0"
b110011010010000111110100000100 T
b110000010111100101111000000110 0#
b110000010111100101111000000110 P#
b110011010010000111110100000100 5%
b1000011100001 U%
b1011010010 f%
#939
b110011010110101011000110001010 T
b110000011100001001001010001100 0#
b110000011100001001001010001100 P#
b110011010110101011000110001010 5%
b1000011100010 U%
b1011010011 f%
#940
b110011011011001110011000010000 T
b110000100000101100011100010010 0#
b110000100000101100011100010010 P#
b110011011011001110011000010000 5%
b1000011100011 U%
b1011010100 f%
#941
b110011011111110001110101100000 T
b110000100101001111111001100010 0#
b110000100101001111111001100010 P#
b110011011111110001110101100000 5%
b1000011100100 U%
b1011010101 f%
#942
b110011100100010101000111100110 T
b110000101001110011001011101000 0#
b110000101001110011001011101000 P#
b110011100100010101000111100110 5%
b1000011100101 U%
b1011010110 f%
#943
b110011101000111000011001101100 T
b110000101110010110011101101110 0#
b110000101110010110011101101110 P#
b110011101000111000011001101100 5%
b1000011100110 U%
b1011010111 f%
#944
b110011101101011011110110111100 T
b110000110010111001111010111110 0#
b110000110010111001111010111110 P#
b110011101101011011110110111100 5%
b1000011100111 U%
b1011011000 f%
#945
b110011110001111111001001000010 T
b110000110111011101001101000100 0#
b110000110111011101001101000100 P#
b110011110001111111001001000010 5%
b1000011101000 U%
b1011011001 f%
#946
b110011110110100010011011001000 T
b110000111100000000011111001010 0#
b110000111100000000011111001010 P#
b110011110110100010011011001000 5%
b1000011101001 U%
b1011011010 f%
#947
b110011111011000101111000011000 T
b110001000000100011111100011010 0#
b110001000000100011111100011010 P#
b110011111011000101111000011000 5%
b1000011101010 U%
b1011011011 f%
#948
b110011111111101001001010011110 T
b110001000101000111001110100000 0#
b110001000101000111001110100000 P#
b110011111111101001001010011110 5%
b1000011101011 U%
b1011011100 f%
#949
b110100000100001100011100100100 T
b110001001001101010100000100110 0#
b110001001001101010100000100110 P#
b110100000100001100011100100100 5%
b1000011101100 U%
b1011011101 f%
#950
b110100001000101111111001110100 T
b110001001110001101111101110110 0#
b110001001110001101111101110110 P#
b110100001000101111111001110100 5%
b1000011101101 U%
b1011011110 f%
#951
b110100001101010011001011111010 T
b110001010010110001001111111100 0#
b110001010010110001001111111100 P#
b110100001101010011001011111010 5%
b1000011101110 U%
b1011011111 f%
#952
b110100010001110110011110000000 T
b110001010111010100100010000010 0#
b110001010111010100100010000010 P#
b110100010001110110011110000000 5%
b1000011101111 U%
b1011100000 f%
#953
b110100010110011001111011010000 T
b110001011011110111111111010010 0#
b110001011011110111111111010010 P#
b110100010110011001111011010000 5%
b1000011110000 U%
b1011100001 f%
#954
b110100011010111101001101010110 T
b110001100000011011010001011000 0#
b110001100000011011010001011000 P#
b110100011010111101001101010110 5%
b1000011110001 U%
b1011100010 f%
#955
b110100011111100000011111011100 T
b110001100100111110100011011110 0#
b110001100100111110100011011110 P#
b110100011111100000011111011100 5%
b1000011110010 U%
b1011100011 f%
#956
b110100100100000011110001100010 T
b110001101001100001110101100100 0#
b110001101001100001110101100100 P#
b110100100100000011110001100010 5%
b1000011110011 U%
b1011100100 f%
#957
b110100101000100111001110110010 T
b110001101110000101010010110100 0#
b110001101110000101010010110100 P#
b110100101000100111001110110010 5%
b1000011110100 U%
b1011100101 f%
#958
b110100101101001010100000111000 T
b110001110010101000100100111010 0#
b110001110010101000100100111010 P#
b110100101101001010100000111000 5%
b1000011110101 U%
b1011100110 f%
#959
b110100110001101101110010111110 T
b110001110111001011110111000000 0#
b110001110111001011110111000000 P#
b110100110001101101110010111110 5%
b1000011110110 U%
b1011100111 f%
#960
b110100110110010001010000001110 T
b110001111011101111010100010000 0#
b110001111011101111010100010000 P#
b110100110110010001010000001110 5%
b1000011110111 U%
b1011101000 f%
#961
b110100111010110100100010010100 T
b110010000000010010100110010110 0#
b110010000000010010100110010110 P#
b110100111010110100100010010100 5%
b1000011111000 U%
b1011101001 f%
#962
b110100111111010111110100011010 T
b110010000100110101111000011100 0#
b110010000100110101111000011100 P#
b110100111111010111110100011010 5%
b1000011111001 U%
b1011101010 f%
#963
b110101000011111011010001101010 T
b110010001001011001010101101100 0#
b110010001001011001010101101100 P#
b110101000011111011010001101010 5%
b1000011111010 U%
b1011101011 f%
#964
b110101001000011110100011110000 T
b110010001101111100100111110010 0#
b110010001101111100100111110010 P#
b110101001000011110100011110000 5%
b1000011111011 U%
b1011101100 f%
#965
b110101001101000001110101110110 T
b110010010010011111111001111000 0#
b110010010010011111111001111000 P#
b110101001101000001110101110110 5%
b1000011111100 U%
b1011101101 f%
#966
b110101010001100101010011000110 T
b110010010111000011010111001000 0#
b110010010111000011010111001000 P#
b110101010001100101010011000110 5%
b1000011111101 U%
b1011101110 f%
#967
b110101010110001000100101001100 T
b110010011011100110101001001110 0#
b110010011011100110101001001110 P#
b110101010110001000100101001100 5%
b1000011111110 U%
b1011101111 f%
#968
b110101011010101011110111010010 T
b110010100000001001111011010100 0#
b110010100000001001111011010100 P#
b110101011010101011110111010010 5%
b1000011111111 U%
b1011110000 f%
#969
b110101011111001111010100100010 T
b110010100100101101011000100100 0#
b110010100100101101011000100100 P#
b110101011111001111010100100010 5%
b1000100000000 U%
b1011110001 f%
#970
b110101100011110010100110101000 T
b110010101001010000101010101010 0#
b110010101001010000101010101010 P#
b110101100011110010100110101000 5%
b1000100000001 U%
b1011110010 f%
#971
b110101101000010101111000101110 T
b110010101101110011111100110000 0#
b110010101101110011111100110000 P#
b110101101000010101111000101110 5%
b1000100000010 U%
b1011110011 f%
#972
b110101101100111001010101111110 T
b110010110010010111011010000000 0#
b110010110010010111011010000000 P#
b110101101100111001010101111110 5%
b1000100000011 U%
b1011110100 f%
#973
b110101110001011100101000000100 T
b110010110110111010101100000110 0#
b110010110110111010101100000110 P#
b110101110001011100101000000100 5%
b1000100000100 U%
b1011110101 f%
#974
b110101110101111111111010001010 T
b110010111011011101111110001100 0#
b110010111011011101111110001100 P#
b110101110101111111111010001010 5%
b1000100000101 U%
b1011110110 f%
#975
b110101111010100011010111011010 T
b110011000000000001011011011100 0#
b110011000000000001011011011100 P#
b110101111010100011010111011010 5%
b1000100000110 U%
b1011110111 f%
#976
b110101111111000110101001100000 T
b110011000100100100101101100010 0#
b110011000100100100101101100010 P#
b110101111111000110101001100000 5%
b1000100000111 U%
b1011111000 f%
#977
b110110000011101001111011100110 T
b110011001001000111111111101000 0#
b110011001001000111111111101000 P#
b110110000011101001111011100110 5%
b1000100001000 U%
b1011111001 f%
#978
b110110001000001101011000110110 T
b110011001101101011011100111000 0#
b110011001101101011011100111000 P#
b110110001000001101011000110110 5%
b1000100001001 U%
b1011111010 f%
#979
b110110001100110000101010111100 T
b110011010010001110101110111110 0#
b110011010010001110101110111110 P#
b110110001100110000101010111100 5%
b1000100001010 U%
b1011111011 f%
#980
b110110010001010011111101000010 T
b110011010110110010000001000100 0#
b110011010110110010000001000100 P#
b110110010001010011111101000010 5%
b1000100001011 U%
b1011111100 f%
#981
b110110010101110111011010010010 T
b110011011011010101011110010100 0#
b110011011011010101011110010100 P#
b110110010101110111011010010010 5%
b1000100001100 U%
b1011111101 f%
#982
b110110011010011010101100011000 T
b110011011111111000110000011010 0#
b110011011111111000110000011010 P#
b110110011010011010101100011000 5%
b1000100001101 U%
b1011111110 f%
#983
b110110011110111101111110011110 T
b110011100100011100000010100000 0#
b110011100100011100000010100000 P#
b110110011110111101111110011110 5%
b1000100001110 U%
b1011111111 f%
#984
b110110100011100001011011101110 T
b110011101000111111011111110000 0#
b110011101000111111011111110000 P#
b110110100011100001011011101110 5%
b1000100001111 U%
b1100000000 f%
#985
b110110101000000100101101110100 T
b110011101101100010110001110110 0#
b110011101101100010110001110110 P#
b110110101000000100101101110100 5%
b1000100010000 U%
b1100000001 f%
#986
b110110101100100111111111111010 T
b110011110010000110000011111100 0#
b110011110010000110000011111100 P#
b110110101100100111111111111010 5%
b1000100010001 U%
b1100000010 f%
#987
b110110110001001011010010000000 T
b110011110110101001010110000010 0#
b110011110110101001010110000010 P#
b110110110001001011010010000000 5%
b1000100010010 U%
b1100000011 f%
#988
b110110110101101110101111010000 T
b110011111011001100110011010010 0#
b110011111011001100110011010010 P#
b110110110101101110101111010000 5%
b1000100010011 U%
b1100000100 f%
#989
b110110111010010010000001010110 T
b110011111111110000000101011000 0#
b110011111111110000000101011000 P#
b110110111010010010000001010110 5%
b1000100010100 U%
b1100000101 f%
#990
b110110111110110101010011011100 T
b110100000100010011010111011110 0#
b110100000100010011010111011110 P#
b110110111110110101010011011100 5%
b1000100010101 U%
b1100000110 f%
#991
b110111000011011000110000101100 T
b110100001000110110110100101110 0#
b110100001000110110110100101110 P#
b110111000011011000110000101100 5%
b1000100010110 U%
b1100000111 f%
#992
b110111000111111100000010110010 T
b110100001101011010000110110100 0#
b110100001101011010000110110100 P#
b110111000111111100000010110010 5%
b1000100010111 U%
b1100001000 f%
#993
b110111001100011111010100111000 T
b110100010001111101011000111010 0#
b110100010001111101011000111010 P#
b110111001100011111010100111000 5%
b1000100011000 U%
b1100001001 f%
#994
b110111010001000010110010001000 T
b110100010110100000110110001010 0#
b110100010110100000110110001010 P#
b110111010001000010110010001000 5%
b1000100011001 U%
b1100001010 f%
#995
b110111010101100110000100001110 T
b110100011011000100001000010000 0#
b110100011011000100001000010000 P#
b110111010101100110000100001110 5%
b1000100011010 U%
b1100001011 f%
#996
b110111011010001001010110010100 T
b110100011111100111011010010110 0#
b110100011111100111011010010110 P#
b110111011010001001010110010100 5%
b1000100011011 U%
b1100001100 f%
#997
1"
b1101 $
b11000011100011011 4
b110111011110101100110011101000 T
b110100100011110111100001010000 0#
b110100100011110111100001010000 P#
b11111101000101011110000100000010 p#
b110111011110101100110011101000 5%
b1000100011100 U%
b1100001101 f%
#998
0"
b110111100011010000000101101110 T
b110100101000011010110011010110 0#
b110100101000011010110011010110 P#
b110111100011010000000101101110 5%
b1000100011101 U%
b1100001110 f%
#999
b110111100111110011010111110100 T
b110100101100111110000101011100 0#
b110100101100111110000101011100 P#
b110111100111110011010111110100 5%
b1000100011110 U%
b1100001111 f%
#1000
b110111101100010110110101000100 T
b110100110001100001100010101100 0#
b110100110001100001100010101100 P#
b110111101100010110110101000100 5%
b1000100011111 U%
b1100010000 f%
#1001
b110111110000111010000111001010 T
b110100110110000100110100110010 0#
b110100110110000100110100110010 P#
b110111110000111010000111001010 5%
b1000100100000 U%
b1100010001 f%
#1002
b110111110101011101011001010000 T
b110100111010101000000110111000 0#
b110100111010101000000110111000 P#
b110111110101011101011001010000 5%
b1000100100001 U%
b1100010010 f%
#1003
b110111111010000000110110100000 T
b110100111111001011100100001000 0#
b110100111111001011100100001000 P#
b110111111010000000110110100000 5%
b1000100100010 U%
b1100010011 f%
#1004
b110111111110100100001000100110 T
b110101000011101110110110001110 0#
b110101000011101110110110001110 P#
b110111111110100100001000100110 5%
b1000100100011 U%
b1100010100 f%
#1005
b111000000011000111011010101100 T
b110101001000010010001000010100 0#
b110101001000010010001000010100 P#
b111000000011000111011010101100 5%
b1000100100100 U%
b1100010101 f%
#1006
b111000000111101010110111111100 T
b110101001100110101100101100100 0#
b110101001100110101100101100100 P#
b111000000111101010110111111100 5%
b1000100100101 U%
b1100010110 f%
#1007
b111000001100001110001010000010 T
b110101010001011000110111101010 0#
b110101010001011000110111101010 P#
b111000001100001110001010000010 5%
b1000100100110 U%
b1100010111 f%
#1008
b111000010000110001011100001000 T
b110101010101111100001001110000 0#
b110101010101111100001001110000 P#
b111000010000110001011100001000 5%
b1000100100111 U%
b1100011000 f%
#1009
b111000010101010100111001011000 T
b110101011010011111100111000000 0#
b110101011010011111100111000000 P#
b111000010101010100111001011000 5%
b1000100101000 U%
b1100011001 f%
#1010
b111000011001111000001011011110 T
b110101011111000010111001000110 0#
b110101011111000010111001000110 P#
b111000011001111000001011011110 5%
b1000100101001 U%
b1100011010 f%
#1011
b111000011110011011011101100100 T
b110101100011100110001011001100 0#
b110101100011100110001011001100 P#
b111000011110011011011101100100 5%
b1000100101010 U%
b1100011011 f%
#1012
b111000100010111110111010110100 T
b110101101000001001101000011100 0#
b110101101000001001101000011100 P#
b111000100010111110111010110100 5%
b1000100101011 U%
b1100011100 f%
#1013
b111000100111100010001100111010 T
b110101101100101100111010100010 0#
b110101101100101100111010100010 P#
b111000100111100010001100111010 5%
b1000100101100 U%
b1100011101 f%
#1014
b111000101100000101011111000000 T
b110101110001010000001100101000 0#
b110101110001010000001100101000 P#
b111000101100000101011111000000 5%
b1000100101101 U%
b1100011110 f%
#1015
b111000110000101000110001000110 T
b110101110101110011011110101110 0#
b110101110101110011011110101110 P#
b111000110000101000110001000110 5%
b1000100101110 U%
b1100011111 f%
#1016
b111000110101001100001110010110 T
b110101111010010110111011111110 0#
b110101111010010110111011111110 P#
b111000110101001100001110010110 5%
b1000100101111 U%
b1100100000 f%
#1017
b111000111001101111100000011100 T
b110101111110111010001110000100 0#
b110101111110111010001110000100 P#
b111000111001101111100000011100 5%
b1000100110000 U%
b1100100001 f%
#1018
b111000111110010010110010100010 T
b110110000011011101100000001010 0#
b110110000011011101100000001010 P#
b111000111110010010110010100010 5%
b1000100110001 U%
b1100100010 f%
#1019
b111001000010110110001111110010 T
b110110001000000000111101011010 0#
b110110001000000000111101011010 P#
b111001000010110110001111110010 5%
b1000100110010 U%
b1100100011 f%
#1020
b111001000111011001100001111000 T
b110110001100100100001111100000 0#
b110110001100100100001111100000 P#
b111001000111011001100001111000 5%
b1000100110011 U%
b1100100100 f%
#1021
b111001001011111100110011111110 T
b110110010001000111100001100110 0#
b110110010001000111100001100110 P#
b111001001011111100110011111110 5%
b1000100110100 U%
b1100100101 f%
#1022
b111001010000100000010001001110 T
b110110010101101010111110110110 0#
b110110010101101010111110110110 P#
b111001010000100000010001001110 5%
b1000100110101 U%
b1100100110 f%
#1023
b111001010101000011100011010100 T
b110110011010001110010000111100 0#
b110110011010001110010000111100 P#
b111001010101000011100011010100 5%
b1000100110110 U%
b1100100111 f%
#1024
b111001011001100110110101011010 T
b110110011110110001100011000010 0#
b110110011110110001100011000010 P#
b111001011001100110110101011010 5%
b1000100110111 U%
b1100101000 f%
#1025
b111001011110001010010010101010 T
b110110100011010101000000010010 0#
b110110100011010101000000010010 P#
b111001011110001010010010101010 5%
b1000100111000 U%
b1100101001 f%
#1026
b111001100010101101100100110000 T
b110110100111111000010010011000 0#
b110110100111111000010010011000 P#
b111001100010101101100100110000 5%
b1000100111001 U%
b1100101010 f%
#1027
b111001100111010000110110110110 T
b110110101100011011100100011110 0#
b110110101100011011100100011110 P#
b111001100111010000110110110110 5%
b1000100111010 U%
b1100101011 f%
#1028
b111001101011110100010100000110 T
b110110110000111111000001101110 0#
b110110110000111111000001101110 P#
b111001101011110100010100000110 5%
b1000100111011 U%
b1100101100 f%
#1029
b111001110000010111100110001100 T
b110110110101100010010011110100 0#
b110110110101100010010011110100 P#
b111001110000010111100110001100 5%
b1000100111100 U%
b1100101101 f%
#1030
b111001110100111010111000010010 T
b110110111010000101100101111010 0#
b110110111010000101100101111010 P#
b111001110100111010111000010010 5%
b1000100111101 U%
b1100101110 f%
#1031
b111001111001011110010101100010 T
b110110111110101001000011001010 0#
b110110111110101001000011001010 P#
b111001111001011110010101100010 5%
b1000100111110 U%
b1100101111 f%
#1032
b111001111110000001100111101000 T
b110111000011001100010101010000 0#
b110111000011001100010101010000 P#
b111001111110000001100111101000 5%
b1000100111111 U%
b1100110000 f%
#1033
b111010000010100100111001101110 T
b110111000111101111100111010110 0#
b110111000111101111100111010110 P#
b111010000010100100111001101110 5%
b1000101000000 U%
b1100110001 f%
#1034
b111010000111001000010110111110 T
b110111001100010011000100100110 0#
b110111001100010011000100100110 P#
b111010000111001000010110111110 5%
b1000101000001 U%
b1100110010 f%
#1035
b111010001011101011101001000100 T
b110111010000110110010110101100 0#
b110111010000110110010110101100 P#
b111010001011101011101001000100 5%
b1000101000010 U%
b1100110011 f%
#1036
b111010010000001110111011001010 T
b110111010101011001101000110010 0#
b110111010101011001101000110010 P#
b111010010000001110111011001010 5%
b1000101000011 U%
b1100110100 f%
#1037
b111010010100110010011000011010 T
b110111011001111101000110000010 0#
b110111011001111101000110000010 P#
b111010010100110010011000011010 5%
b1000101000100 U%
b1100110101 f%
#1038
b111010011001010101101010100000 T
b110111011110100000011000001000 0#
b110111011110100000011000001000 P#
b111010011001010101101010100000 5%
b1000101000101 U%
b1100110110 f%
#1039
b111010011101111000111100100110 T
b110111100011000011101010001110 0#
b110111100011000011101010001110 P#
b111010011101111000111100100110 5%
b1000101000110 U%
b1100110111 f%
#1040
b111010100010011100011001110110 T
b110111100111100111000111011110 0#
b110111100111100111000111011110 P#
b111010100010011100011001110110 5%
b1000101000111 U%
b1100111000 f%
#1041
b111010100110111111101011111100 T
b110111101100001010011001100100 0#
b110111101100001010011001100100 P#
b111010100110111111101011111100 5%
b1000101001000 U%
b1100111001 f%
#1042
b111010101011100010111110000010 T
b110111110000101101101011101010 0#
b110111110000101101101011101010 P#
b111010101011100010111110000010 5%
b1000101001001 U%
b1100111010 f%
#1043
b111010110000000110011011010010 T
b110111110101010001001000111010 0#
b110111110101010001001000111010 P#
b111010110000000110011011010010 5%
b1000101001010 U%
b1100111011 f%
#1044
b111010110100101001101101011000 T
b110111111001110100011011000000 0#
b110111111001110100011011000000 P#
b111010110100101001101101011000 5%
b1000101001011 U%
b1100111100 f%
#1045
b111010111001001100111111011110 T
b110111111110010111101101000110 0#
b110111111110010111101101000110 P#
b111010111001001100111111011110 5%
b1000101001100 U%
b1100111101 f%
#1046
b111010111101110000010001100100 T
b111000000010111010111111001100 0#
b111000000010111010111111001100 P#
b111010111101110000010001100100 5%
b1000101001101 U%
b1100111110 f%
#1047
b111011000010010011101110110100 T
b111000000111011110011100011100 0#
b111000000111011110011100011100 P#
b111011000010010011101110110100 5%
b1000101001110 U%
b1100111111 f%
#1048
b111011000110110111000000111010 T
b111000001100000001101110100010 0#
b111000001100000001101110100010 P#
b111011000110110111000000111010 5%
b1000101001111 U%
b1101000000 f%
#1049
b111011001011011010010011000000 T
b111000010000100101000000101000 0#
b111000010000100101000000101000 P#
b111011001011011010010011000000 5%
b1000101010000 U%
b1101000001 f%
#1050
b111011001111111101110000010000 T
b111000010101001000011101111000 0#
b111000010101001000011101111000 P#
b111011001111111101110000010000 5%
b1000101010001 U%
b1101000010 f%
#1051
b111011010100100001000010010110 T
b111000011001101011101111111110 0#
b111000011001101011101111111110 P#
b111011010100100001000010010110 5%
b1000101010010 U%
b1101000011 f%
#1052
b111011011001000100010100011100 T
b111000011110001111000010000100 0#
b111000011110001111000010000100 P#
b111011011001000100010100011100 5%
b1000101010011 U%
b1101000100 f%
#1053
b111011011101100111110001101100 T
b111000100010110010011111010100 0#
b111000100010110010011111010100 P#
b111011011101100111110001101100 5%
b1000101010100 U%
b1101000101 f%
#1054
b111011100010001011000011110010 T
b111000100111010101110001011010 0#
b111000100111010101110001011010 P#
b111011100010001011000011110010 5%
b1000101010101 U%
b1101000110 f%
#1055
b111011100110101110010101111000 T
b111000101011111001000011100000 0#
b111000101011111001000011100000 P#
b111011100110101110010101111000 5%
b1000101010110 U%
b1101000111 f%
#1056
b111011101011010001110011001000 T
b111000110000011100100000110000 0#
b111000110000011100100000110000 P#
b111011101011010001110011001000 5%
b1000101010111 U%
b1101001000 f%
#1057
1"
b1110 $
b11000011100011100 4
b111011101111110101000101010010 T
b111000110100101000111101011000 0#
b111000110100101000111101011000 P#
b11111101000101001010101101101000 p#
b111011101111110101000101010010 5%
b1000101011000 U%
b1101001001 f%
#1058
0"
b111011110100011000010111011000 T
b111000111001001100001111011110 0#
b111000111001001100001111011110 P#
b111011110100011000010111011000 5%
b1000101011001 U%
b1101001010 f%
#1059
b111011111000111011110100101000 T
b111000111101101111101100101110 0#
b111000111101101111101100101110 P#
b111011111000111011110100101000 5%
b1000101011010 U%
b1101001011 f%
#1060
b111011111101011111000110101110 T
b111001000010010010111110110100 0#
b111001000010010010111110110100 P#
b111011111101011111000110101110 5%
b1000101011011 U%
b1101001100 f%
#1061
b111100000010000010011000110100 T
b111001000110110110010000111010 0#
b111001000110110110010000111010 P#
b111100000010000010011000110100 5%
b1000101011100 U%
b1101001101 f%
#1062
b111100000110100101110110000100 T
b111001001011011001101110001010 0#
b111001001011011001101110001010 P#
b111100000110100101110110000100 5%
b1000101011101 U%
b1101001110 f%
#1063
b111100001011001001001000001010 T
b111001001111111101000000010000 0#
b111001001111111101000000010000 P#
b111100001011001001001000001010 5%
b1000101011110 U%
b1101001111 f%
#1064
b111100001111101100011010010000 T
b111001010100100000010010010110 0#
b111001010100100000010010010110 P#
b111100001111101100011010010000 5%
b1000101011111 U%
b1101010000 f%
#1065
b111100010100001111110111100000 T
b111001011001000011101111100110 0#
b111001011001000011101111100110 P#
b111100010100001111110111100000 5%
b1000101100000 U%
b1101010001 f%
#1066
b111100011000110011001001100110 T
b111001011101100111000001101100 0#
b111001011101100111000001101100 P#
b111100011000110011001001100110 5%
b1000101100001 U%
b1101010010 f%
#1067
b111100011101010110011011101100 T
b111001100010001010010011110010 0#
b111001100010001010010011110010 P#
b111100011101010110011011101100 5%
b1000101100010 U%
b1101010011 f%
#1068
b111100100001111001111000111100 T
b111001100110101101110001000010 0#
b111001100110101101110001000010 P#
b111100100001111001111000111100 5%
b1000101100011 U%
b1101010100 f%
#1069
b111100100110011101001011000010 T
b111001101011010001000011001000 0#
b111001101011010001000011001000 P#
b111100100110011101001011000010 5%
b1000101100100 U%
b1101010101 f%
#1070
b111100101011000000011101001000 T
b111001101111110100010101001110 0#
b111001101111110100010101001110 P#
b111100101011000000011101001000 5%
b1000101100101 U%
b1101010110 f%
#1071
b111100101111100011111010011000 T
b111001110100010111110010011110 0#
b111001110100010111110010011110 P#
b111100101111100011111010011000 5%
b1000101100110 U%
b1101010111 f%
#1072
b111100110100000111001100011110 T
b111001111000111011000100100100 0#
b111001111000111011000100100100 P#
b111100110100000111001100011110 5%
b1000101100111 U%
b1101011000 f%
#1073
b111100111000101010011110100100 T
b111001111101011110010110101010 0#
b111001111101011110010110101010 P#
b111100111000101010011110100100 5%
b1000101101000 U%
b1101011001 f%
#1074
b111100111101001101110000101010 T
b111010000010000001101000110000 0#
b111010000010000001101000110000 P#
b111100111101001101110000101010 5%
b1000101101001 U%
b1101011010 f%
#1075
b111101000001110001001101111010 T
b111010000110100101000110000000 0#
b111010000110100101000110000000 P#
b111101000001110001001101111010 5%
b1000101101010 U%
b1101011011 f%
#1076
b111101000110010100100000000000 T
b111010001011001000011000000110 0#
b111010001011001000011000000110 P#
b111101000110010100100000000000 5%
b1000101101011 U%
b1101011100 f%
#1077
b111101001010110111110010000110 T
b111010001111101011101010001100 0#
b111010001111101011101010001100 P#
b111101001010110111110010000110 5%
b1000101101100 U%
b1101011101 f%
#1078
b111101001111011011001111010110 T
b111010010100001111000111011100 0#
b111010010100001111000111011100 P#
b111101001111011011001111010110 5%
b1000101101101 U%
b1101011110 f%
#1079
b111101010011111110100001011100 T
b111010011000110010011001100010 0#
b111010011000110010011001100010 P#
b111101010011111110100001011100 5%
b1000101101110 U%
b1101011111 f%
#1080
b111101011000100001110011100010 T
b111010011101010101101011101000 0#
b111010011101010101101011101000 P#
b111101011000100001110011100010 5%
b1000101101111 U%
b1101100000 f%
#1081
b111101011101000101010000110010 T
b111010100001111001001000111000 0#
b111010100001111001001000111000 P#
b111101011101000101010000110010 5%
b1000101110000 U%
b1101100001 f%
#1082
b111101100001101000100010111000 T
b111010100110011100011010111110 0#
b111010100110011100011010111110 P#
b111101100001101000100010111000 5%
b1000101110001 U%
b1101100010 f%
#1083
b111101100110001011110100111110 T
b111010101010111111101101000100 0#
b111010101010111111101101000100 P#
b111101100110001011110100111110 5%
b1000101110010 U%
b1101100011 f%
#1084
b111101101010101111010010001110 T
b111010101111100011001010010100 0#
b111010101111100011001010010100 P#
b111101101010101111010010001110 5%
b1000101110011 U%
b1101100100 f%
#1085
b111101101111010010100100010100 T
b111010110100000110011100011010 0#
b111010110100000110011100011010 P#
b111101101111010010100100010100 5%
b1000101110100 U%
b1101100101 f%
#1086
b111101110011110101110110011010 T
b111010111000101001101110100000 0#
b111010111000101001101110100000 P#
b111101110011110101110110011010 5%
b1000101110101 U%
b1101100110 f%
#1087
b111101111000011001010011101010 T
b111010111101001101001011110000 0#
b111010111101001101001011110000 P#
b111101111000011001010011101010 5%
b1000101110110 U%
b1101100111 f%
#1088
b111101111100111100100101110000 T
b111011000001110000011101110110 0#
b111011000001110000011101110110 P#
b111101111100111100100101110000 5%
b1000101110111 U%
b1101101000 f%
#1089
b111110000001011111110111110110 T
b111011000110010011101111111100 0#
b111011000110010011101111111100 P#
b111110000001011111110111110110 5%
b1000101111000 U%
b1101101001 f%
#1090
b111110000110000011010101000110 T
b111011001010110111001101001100 0#
b111011001010110111001101001100 P#
b111110000110000011010101000110 5%
b1000101111001 U%
b1101101010 f%
#1091
b111110001010100110100111001100 T
b111011001111011010011111010010 0#
b111011001111011010011111010010 P#
b111110001010100110100111001100 5%
b1000101111010 U%
b1101101011 f%
#1092
b111110001111001001111001010010 T
b111011010011111101110001011000 0#
b111011010011111101110001011000 P#
b111110001111001001111001010010 5%
b1000101111011 U%
b1101101100 f%
#1093
b111110010011101101010110100010 T
b111011011000100001001110101000 0#
b111011011000100001001110101000 P#
b111110010011101101010110100010 5%
b1000101111100 U%
b1101101101 f%
#1094
b111110011000010000101000101000 T
b111011011101000100100000101110 0#
b111011011101000100100000101110 P#
b111110011000010000101000101000 5%
b1000101111101 U%
b1101101110 f%
#1095
b111110011100110011111010101110 T
b111011100001100111110010110100 0#
b111011100001100111110010110100 P#
b111110011100110011111010101110 5%
b1000101111110 U%
b1101101111 f%
#1096
b111110100001010111010111111110 T
b111011100110001011010000000100 0#
b111011100110001011010000000100 P#
b111110100001010111010111111110 5%
b1000101111111 U%
b1101110000 f%
#1097
b111110100101111010101010000100 T
b111011101010101110100010001010 0#
b111011101010101110100010001010 P#
b111110100101111010101010000100 5%
b1000110000000 U%
b1101110001 f%
#1098
b111110101010011101111100001010 T
b111011101111010001110100010000 0#
b111011101111010001110100010000 P#
b111110101010011101111100001010 5%
b1000110000001 U%
b1101110010 f%
#1099
b111110101111000001011001011010 T
b111011110011110101010001100000 0#
b111011110011110101010001100000 P#
b111110101111000001011001011010 5%
b1000110000010 U%
b1101110011 f%
#1100
b111110110011100100101011100000 T
b111011111000011000100011100110 0#
b111011111000011000100011100110 P#
b111110110011100100101011100000 5%
b1000110000011 U%
b1101110100 f%
#1101
b111110111000000111111101100110 T
b111011111100111011110101101100 0#
b111011111100111011110101101100 P#
b111110111000000111111101100110 5%
b1000110000100 U%
b1101110101 f%
#1102
b111110111100101011011010110110 T
b111100000001011111010010111100 0#
b111100000001011111010010111100 P#
b111110111100101011011010110110 5%
b1000110000101 U%
b1101110110 f%
#1103
b111111000001001110101100111100 T
b111100000110000010100101000010 0#
b111100000110000010100101000010 P#
b111111000001001110101100111100 5%
b1000110000110 U%
b1101110111 f%
#1104
b111111000101110001111111000010 T
b111100001010100101110111001000 0#
b111100001010100101110111001000 P#
b111111000101110001111111000010 5%
b1000110000111 U%
b1101111000 f%
#1105
b111111001010010101010001001000 T
b111100001111001001001001001110 0#
b111100001111001001001001001110 P#
b111111001010010101010001001000 5%
b1000110001000 U%
b1101111001 f%
#1106
b111111001110111000101110011000 T
b111100010011101100100110011110 0#
b111100010011101100100110011110 P#
b111111001110111000101110011000 5%
b1000110001001 U%
b1101111010 f%
#1107
b111111010011011100000000011110 T
b111100011000001111111000100100 0#
b111100011000001111111000100100 P#
b111111010011011100000000011110 5%
b1000110001010 U%
b1101111011 f%
#1108
b111111010111111111010010100100 T
b111100011100110011001010101010 0#
b111100011100110011001010101010 P#
b111111010111111111010010100100 5%
b1000110001011 U%
b1101111100 f%
#1109
b111111011100100010101111110100 T
b111100100001010110100111111010 0#
b111100100001010110100111111010 P#
b111111011100100010101111110100 5%
b1000110001100 U%
b1101111101 f%
#1110
b111111100001000110000001111010 T
b111100100101111001111010000000 0#
b111100100101111001111010000000 P#
b111111100001000110000001111010 5%
b1000110001101 U%
b1101111110 f%
#1111
b111111100101101001010100000000 T
b111100101010011101001100000110 0#
b111100101010011101001100000110 P#
b111111100101101001010100000000 5%
b1000110001110 U%
b1101111111 f%
#1112
b111111101010001100110001010000 T
b111100101111000000101001010110 0#
b111100101111000000101001010110 P#
b111111101010001100110001010000 5%
b1000110001111 U%
b1110000000 f%
#1113
b111111101110110000000011010110 T
b111100110011100011111011011100 0#
b111100110011100011111011011100 P#
b111111101110110000000011010110 5%
b1000110010000 U%
b1110000001 f%
#1114
b111111110011010011010101011100 T
b111100111000000111001101100010 0#
b111100111000000111001101100010 P#
b111111110011010011010101011100 5%
b1000110010001 U%
b1110000010 f%
#1115
b111111110111110110110010101100 T
b111100111100101010101010110010 0#
b111100111100101010101010110010 P#
b111111110111110110110010101100 5%
b1000110010010 U%
b1110000011 f%
#1116
b111111111100011010000100110010 T
b111101000001001101111100111000 0#
b111101000001001101111100111000 P#
b111111111100011010000100110010 5%
b1000110010011 U%
b1110000100 f%
#1117
1"
b1111 $
b11000011100011011 4
b1000000000000111101010110111100 T
b111101000101011010001110010110 0#
b111101000101011010001110010110 P#
b11111101000100110011111000000110 p#
b1000000000000111101010110111100 5%
b1000110010100 U%
b1110000101 f%
#1118
0"
b1000000000101100000110100001100 T
b111101001001111101101011100110 0#
b111101001001111101101011100110 P#
b1000000000101100000110100001100 5%
b1000110010101 U%
b1110000110 f%
#1119
b1000000001010000100000110010010 T
b111101001110100000111101101100 0#
b111101001110100000111101101100 P#
b1000000001010000100000110010010 5%
b1000110010110 U%
b1110000111 f%
#1120
b1000000001110100111011000011000 T
b111101010011000100001111110010 0#
b111101010011000100001111110010 P#
b1000000001110100111011000011000 5%
b1000110010111 U%
b1110001000 f%
#1121
b1000000010011001010110101101000 T
b111101010111100111101101000010 0#
b111101010111100111101101000010 P#
b1000000010011001010110101101000 5%
b1000110011000 U%
b1110001001 f%
#1122
b1000000010111101110000111101110 T
b111101011100001010111111001000 0#
b111101011100001010111111001000 P#
b1000000010111101110000111101110 5%
b1000110011001 U%
b1110001010 f%
#1123
b1000000011100010001011001110100 T
b111101100000101110010001001110 0#
b111101100000101110010001001110 P#
b1000000011100010001011001110100 5%
b1000110011010 U%
b1110001011 f%
#1124
b1000000100000110100110111000100 T
b111101100101010001101110011110 0#
b111101100101010001101110011110 P#
b1000000100000110100110111000100 5%
b1000110011011 U%
b1110001100 f%
#1125
b1000000100101011000001001001010 T
b111101101001110101000000100100 0#
b111101101001110101000000100100 P#
b1000000100101011000001001001010 5%
b1000110011100 U%
b1110001101 f%
#1126
b1000000101001111011011011010000 T
b111101101110011000010010101010 0#
b111101101110011000010010101010 P#
b1000000101001111011011011010000 5%
b1000110011101 U%
b1110001110 f%
#1127
b1000000101110011110111000100000 T
b111101110010111011101111111010 0#
b111101110010111011101111111010 P#
b1000000101110011110111000100000 5%
b1000110011110 U%
b1110001111 f%
#1128
b1000000110011000010001010100110 T
b111101110111011111000010000000 0#
b111101110111011111000010000000 P#
b1000000110011000010001010100110 5%
b1000110011111 U%
b1110010000 f%
#1129
b1000000110111100101011100101100 T
b111101111100000010010100000110 0#
b111101111100000010010100000110 P#
b1000000110111100101011100101100 5%
b1000110100000 U%
b1110010001 f%
#1130
b1000000111100001000111001111100 T
b111110000000100101110001010110 0#
b111110000000100101110001010110 P#
b1000000111100001000111001111100 5%
b1000110100001 U%
b1110010010 f%
#1131
b1000001000000101100001100000010 T
b111110000101001001000011011100 0#
b111110000101001001000011011100 P#
b1000001000000101100001100000010 5%
b1000110100010 U%
b1110010011 f%
#1132
b1000001000101001111011110001000 T
b111110001001101100010101100010 0#
b111110001001101100010101100010 P#
b1000001000101001111011110001000 5%
b1000110100011 U%
b1110010100 f%
#1133
b1000001001001110010110000001110 T
b111110001110001111100111101000 0#
b111110001110001111100111101000 P#
b1000001001001110010110000001110 5%
b1000110100100 U%
b1110010101 f%
#1134
b1000001001110010110001101011110 T
b111110010010110011000100111000 0#
b111110010010110011000100111000 P#
b1000001001110010110001101011110 5%
b1000110100101 U%
b1110010110 f%
#1135
b1000001010010111001011111100100 T
b111110010111010110010110111110 0#
b111110010111010110010110111110 P#
b1000001010010111001011111100100 5%
b1000110100110 U%
b1110010111 f%
#1136
b1000001010111011100110001101010 T
b111110011011111001101001000100 0#
b111110011011111001101001000100 P#
b1000001010111011100110001101010 5%
b1000110100111 U%
b1110011000 f%
#1137
b1000001011100000000001110111010 T
b111110100000011101000110010100 0#
b111110100000011101000110010100 P#
b1000001011100000000001110111010 5%
b1000110101000 U%
b1110011001 f%
#1138
b1000001100000100011100001000000 T
b111110100101000000011000011010 0#
b111110100101000000011000011010 P#
b1000001100000100011100001000000 5%
b1000110101001 U%
b1110011010 f%
#1139
b1000001100101000110110011000110 T
b111110101001100011101010100000 0#
b111110101001100011101010100000 P#
b1000001100101000110110011000110 5%
b1000110101010 U%
b1110011011 f%
#1140
b1000001101001101010010000010110 T
b111110101110000111000111110000 0#
b111110101110000111000111110000 P#
b1000001101001101010010000010110 5%
b1000110101011 U%
b1110011100 f%
#1141
b1000001101110001101100010011100 T
b111110110010101010011001110110 0#
b111110110010101010011001110110 P#
b1000001101110001101100010011100 5%
b1000110101100 U%
b1110011101 f%
#1142
b1000001110010110000110100100010 T
b111110110111001101101011111100 0#
b111110110111001101101011111100 P#
b1000001110010110000110100100010 5%
b1000110101101 U%
b1110011110 f%
#1143
b1000001110111010100010001110010 T
b111110111011110001001001001100 0#
b111110111011110001001001001100 P#
b1000001110111010100010001110010 5%
b1000110101110 U%
b1110011111 f%
#1144
b1000001111011110111100011111000 T
b111111000000010100011011010010 0#
b111111000000010100011011010010 P#
b1000001111011110111100011111000 5%
b1000110101111 U%
b1110100000 f%
#1145
b1000010000000011010110101111110 T
b111111000100110111101101011000 0#
b111111000100110111101101011000 P#
b1000010000000011010110101111110 5%
b1000110110000 U%
b1110100001 f%
#1146
b1000010000100111110010011001110 T
b111111001001011011001010101000 0#
b111111001001011011001010101000 P#
b1000010000100111110010011001110 5%
b1000110110001 U%
b1110100010 f%
#1147
b1000010001001100001100101010100 T
b111111001101111110011100101110 0#
b111111001101111110011100101110 P#
b1000010001001100001100101010100 5%
b1000110110010 U%
b1110100011 f%
#1148
b1000010001110000100110111011010 T
b111111010010100001101110110100 0#
b111111010010100001101110110100 P#
b1000010001110000100110111011010 5%
b1000110110011 U%
b1110100100 f%
#1149
b1000010010010101000010100101010 T
b111111010111000101001100000100 0#
b111111010111000101001100000100 P#
b1000010010010101000010100101010 5%
b1000110110100 U%
b1110100101 f%
#1150
b1000010010111001011100110110000 T
b111111011011101000011110001010 0#
b111111011011101000011110001010 P#
b1000010010111001011100110110000 5%
b1000110110101 U%
b1110100110 f%
#1151
b1000010011011101110111000110110 T
b111111100000001011110000010000 0#
b111111100000001011110000010000 P#
b1000010011011101110111000110110 5%
b1000110110110 U%
b1110100111 f%
#1152
b1000010100000010010010110000110 T
b111111100100101111001101100000 0#
b111111100100101111001101100000 P#
b1000010100000010010010110000110 5%
b1000110110111 U%
b1110101000 f%
#1153
b1000010100100110101101000001100 T
b111111101001010010011111100110 0#
b111111101001010010011111100110 P#
b1000010100100110101101000001100 5%
b1000110111000 U%
b1110101001 f%
#1154
b1000010101001011000111010010010 T
b111111101101110101110001101100 0#
b111111101101110101110001101100 P#
b1000010101001011000111010010010 5%
b1000110111001 U%
b1110101010 f%
#1155
b1000010101101111100010111100010 T
b111111110010011001001110111100 0#
b111111110010011001001110111100 P#
b1000010101101111100010111100010 5%
b1000110111010 U%
b1110101011 f%
#1156
b1000010110010011111101001101000 T
b111111110110111100100001000010 0#
b111111110110111100100001000010 P#
b1000010110010011111101001101000 5%
b1000110111011 U%
b1110101100 f%
#1157
b1000010110111000010111011101110 T
b111111111011011111110011001000 0#
b111111111011011111110011001000 P#
b1000010110111000010111011101110 5%
b1000110111100 U%
b1110101101 f%
#1158
b1000010111011100110011000111110 T
b1000000000000000011010000011000 0#
b1000000000000000011010000011000 P#
b1000010111011100110011000111110 5%
b1000110111101 U%
b1110101110 f%
#1159
b1000011000000001001101011000100 T
b1000000000100100110100010011110 0#
b1000000000100100110100010011110 P#
b1000011000000001001101011000100 5%
b1000110111110 U%
b1110101111 f%
#1160
b1000011000100101100111101001010 T
b1000000001001001001110100100100 0#
b1000000001001001001110100100100 P#
b1000011000100101100111101001010 5%
b1000110111111 U%
b1110110000 f%
#1161
b1000011001001010000011010011010 T
b1000000001101101101010001110100 0#
b1000000001101101101010001110100 P#
b1000011001001010000011010011010 5%
b1000111000000 U%
b1110110001 f%
#1162
b1000011001101110011101100100000 T
b1000000010010010000100011111010 0#
b1000000010010010000100011111010 P#
b1000011001101110011101100100000 5%
b1000111000001 U%
b1110110010 f%
#1163
b1000011010010010110111110100110 T
b1000000010110110011110110000000 0#
b1000000010110110011110110000000 P#
b1000011010010010110111110100110 5%
b1000111000010 U%
b1110110011 f%
#1164
b1000011010110111010010000101100 T
b1000000011011010111001000000110 0#
b1000000011011010111001000000110 P#
b1000011010110111010010000101100 5%
b1000111000011 U%
b1110110100 f%
#1165
b1000011011011011101101101111100 T
b1000000011111111010100101010110 0#
b1000000011111111010100101010110 P#
b1000011011011011101101101111100 5%
b1000111000100 U%
b1110110101 f%
#1166
b1000011100000000001000000000010 T
b1000000100100011101110111011100 0#
b1000000100100011101110111011100 P#
b1000011100000000001000000000010 5%
b1000111000101 U%
b1110110110 f%
#1167
b1000011100100100100010010001000 T
b1000000101001000001001001100010 0#
b1000000101001000001001001100010 P#
b1000011100100100100010010001000 5%
b1000111000110 U%
b1110110111 f%
#1168
b1000011101001000111101111011000 T
b1000000101101100100100110110010 0#
b1000000101101100100100110110010 P#
b1000011101001000111101111011000 5%
b1000111000111 U%
b1110111000 f%
#1169
b1000011101101101011000001011110 T
b1000000110010000111111000111000 0#
b1000000110010000111111000111000 P#
b1000011101101101011000001011110 5%
b1000111001000 U%
b1110111001 f%
#1170
b1000011110010001110010011100100 T
b1000000110110101011001010111110 0#
b1000000110110101011001010111110 P#
b1000011110010001110010011100100 5%
b1000111001001 U%
b1110111010 f%
#1171
b1000011110110110001110000110100 T
b1000000111011001110101000001110 0#
b1000000111011001110101000001110 P#
b1000011110110110001110000110100 5%
b1000111001010 U%
b1110111011 f%
#1172
b1000011111011010101000010111010 T
b1000000111111110001111010010100 0#
b1000000111111110001111010010100 P#
b1000011111011010101000010111010 5%
b1000111001011 U%
b1110111100 f%
#1173
b1000011111111111000010101000000 T
b1000001000100010101001100011010 0#
b1000001000100010101001100011010 P#
b1000011111111111000010101000000 5%
b1000111001100 U%
b1110111101 f%
#1174
b1000100000100011011110010010000 T
b1000001001000111000101001101010 0#
b1000001001000111000101001101010 P#
b1000100000100011011110010010000 5%
b1000111001101 U%
b1110111110 f%
#1175
b1000100001000111111000100010110 T
b1000001001101011011111011110000 0#
b1000001001101011011111011110000 P#
b1000100001000111111000100010110 5%
b1000111001110 U%
b1110111111 f%
#1176
b1000100001101100010010110011100 T
b1000001010001111111001101110110 0#
b1000001010001111111001101110110 P#
b1000100001101100010010110011100 5%
b1000111001111 U%
b1111000000 f%
#1177
1"
b10000 $
b11000011100011100 4
b1000100010010000101110011110000 T
b1000001010110001011110101101000 0#
b1000001010110001011110101101000 P#
b11111101000100011100110111011010 p#
b1000100010010000101110011110000 5%
b1000111010000 U%
b1111000001 f%
#1178
0"
b1000100010110101001000101110110 T
b1000001011010101111000111101110 0#
b1000001011010101111000111101110 P#
b1000100010110101001000101110110 5%
b1000111010001 U%
b1111000010 f%
#1179
b1000100011011001100010111111100 T
b1000001011111010010011001110100 0#
b1000001011111010010011001110100 P#
b1000100011011001100010111111100 5%
b1000111010010 U%
b1111000011 f%
#1180
b1000100011111101111110101001100 T
b1000001100011110101110111000100 0#
b1000001100011110101110111000100 P#
b1000100011111101111110101001100 5%
b1000111010011 U%
b1111000100 f%
#1181
b1000100100100010011000111010010 T
b1000001101000011001001001001010 0#
b1000001101000011001001001001010 P#
b1000100100100010011000111010010 5%
b1000111010100 U%
b1111000101 f%
#1182
b1000100101000110110011001011000 T
b1000001101100111100011011010000 0#
b1000001101100111100011011010000 P#
b1000100101000110110011001011000 5%
b1000111010101 U%
b1111000110 f%
#1183
b1000100101101011001110110101000 T
b1000001110001011111111000100000 0#
b1000001110001011111111000100000 P#
b1000100101101011001110110101000 5%
b1000111010110 U%
b1111000111 f%
#1184
b1000100110001111101001000101110 T
b1000001110110000011001010100110 0#
b1000001110110000011001010100110 P#
b1000100110001111101001000101110 5%
b1000111010111 U%
b1111001000 f%
#1185
b1000100110110100000011010110100 T
b1000001111010100110011100101100 0#
b1000001111010100110011100101100 P#
b1000100110110100000011010110100 5%
b1000111011000 U%
b1111001001 f%
#1186
b1000100111011000011111000000100 T
b1000001111111001001111001111100 0#
b1000001111111001001111001111100 P#
b1000100111011000011111000000100 5%
b1000111011001 U%
b1111001010 f%
#1187
b1000100111111100111001010001010 T
b1000010000011101101001100000010 0#
b1000010000011101101001100000010 P#
b1000100111111100111001010001010 5%
b1000111011010 U%
b1111001011 f%
#1188
b1000101000100001010011100010000 T
b1000010001000010000011110001000 0#
b1000010001000010000011110001000 P#
b1000101000100001010011100010000 5%
b1000111011011 U%
b1111001100 f%
#1189
b1000101001000101101111001100000 T
b1000010001100110011111011011000 0#
b1000010001100110011111011011000 P#
b1000101001000101101111001100000 5%
b1000111011100 U%
b1111001101 f%
#1190
b1000101001101010001001011100110 T
b1000010010001010111001101011110 0#
b1000010010001010111001101011110 P#
b1000101001101010001001011100110 5%
b1000111011101 U%
b1111001110 f%
#1191
b1000101010001110100011101101100 T
b1000010010101111010011111100100 0#
b1000010010101111010011111100100 P#
b1000101010001110100011101101100 5%
b1000111011110 U%
b1111001111 f%
#1192
b1000101010110010111101111110010 T
b1000010011010011101110001101010 0#
b1000010011010011101110001101010 P#
b1000101010110010111101111110010 5%
b1000111011111 U%
b1111010000 f%
#1193
b1000101011010111011001101000010 T
b1000010011111000001001110111010 0#
b1000010011111000001001110111010 P#
b1000101011010111011001101000010 5%
b1000111100000 U%
b1111010001 f%
#1194
b1000101011111011110011111001000 T
b1000010100011100100100001000000 0#
b1000010100011100100100001000000 P#
b1000101011111011110011111001000 5%
b1000111100001 U%
b1111010010 f%
#1195
b1000101100100000001110001001110 T
b1000010101000000111110011000110 0#
b1000010101000000111110011000110 P#
b1000101100100000001110001001110 5%
b1000111100010 U%
b1111010011 f%
#1196
b1000101101000100101001110011110 T
b1000010101100101011010000010110 0#
b1000010101100101011010000010110 P#
b1000101101000100101001110011110 5%
b1000111100011 U%
b1111010100 f%
#1197
b1000101101101001000100000100100 T
b1000010110001001110100010011100 0#
b1000010110001001110100010011100 P#
b1000101101101001000100000100100 5%
b1000111100100 U%
b1111010101 f%
#1198
b1000101110001101011110010101010 T
b1000010110101110001110100100010 0#
b1000010110101110001110100100010 P#
b1000101110001101011110010101010 5%
b1000111100101 U%
b1111010110 f%
#1199
b1000101110110001111001111111010 T
b1000010111010010101010001110010 0#
b1000010111010010101010001110010 P#
b1000101110110001111001111111010 5%
b1000111100110 U%
b1111010111 f%
#1200
b1000101111010110010100010000000 T
b1000010111110111000100011111000 0#
b1000010111110111000100011111000 P#
b1000101111010110010100010000000 5%
b1000111100111 U%
b1111011000 f%
#1201
b1000101111111010101110100000110 T
b1000011000011011011110101111110 0#
b1000011000011011011110101111110 P#
b1000101111111010101110100000110 5%
b1000111101000 U%
b1111011001 f%
#1202
b1000110000011111001010001010110 T
b1000011000111111111010011001110 0#
b1000011000111111111010011001110 P#
b1000110000011111001010001010110 5%
b1000111101001 U%
b1111011010 f%
#1203
b1000110001000011100100011011100 T
b1000011001100100010100101010100 0#
b1000011001100100010100101010100 P#
b1000110001000011100100011011100 5%
b1000111101010 U%
b1111011011 f%
#1204
b1000110001100111111110101100010 T
b1000011010001000101110111011010 0#
b1000011010001000101110111011010 P#
b1000110001100111111110101100010 5%
b1000111101011 U%
b1111011100 f%
#1205
b1000110010001100011010010110010 T
b1000011010101101001010100101010 0#
b1000011010101101001010100101010 P#
b1000110010001100011010010110010 5%
b1000111101100 U%
b1111011101 f%
#1206
b1000110010110000110100100111000 T
b1000011011010001100100110110000 0#
b1000011011010001100100110110000 P#
b1000110010110000110100100111000 5%
b1000111101101 U%
b1111011110 f%
#1207
b1000110011010101001110110111110 T
b1000011011110101111111000110110 0#
b1000011011110101111111000110110 P#
b1000110011010101001110110111110 5%
b1000111101110 U%
b1111011111 f%
#1208
b1000110011111001101010100001110 T
b1000011100011010011010110000110 0#
b1000011100011010011010110000110 P#
b1000110011111001101010100001110 5%
b1000111101111 U%
b1111100000 f%
#1209
b1000110100011110000100110010100 T
b1000011100111110110101000001100 0#
b1000011100111110110101000001100 P#
b1000110100011110000100110010100 5%
b1000111110000 U%
b1111100001 f%
#1210
b1000110101000010011111000011010 T
b1000011101100011001111010010010 0#
b1000011101100011001111010010010 P#
b1000110101000010011111000011010 5%
b1000111110001 U%
b1111100010 f%
#1211
b1000110101100110111010101101010 T
b1000011110000111101010111100010 0#
b1000011110000111101010111100010 P#
b1000110101100110111010101101010 5%
b1000111110010 U%
b1111100011 f%
#1212
b1000110110001011010100111110000 T
b1000011110101100000101001101000 0#
b1000011110101100000101001101000 P#
b1000110110001011010100111110000 5%
b1000111110011 U%
b1111100100 f%
#1213
b1000110110101111101111001110110 T
b1000011111010000011111011101110 0#
b1000011111010000011111011101110 P#
b1000110110101111101111001110110 5%
b1000111110100 U%
b1111100101 f%
#1214
b1000110111010100001010111000110 T
b1000011111110100111011000111110 0#
b1000011111110100111011000111110 P#
b1000110111010100001010111000110 5%
b1000111110101 U%
b1111100110 f%
#1215
b1000110111111000100101001001100 T
b1000100000011001010101011000100 0#
b1000100000011001010101011000100 P#
b1000110111111000100101001001100 5%
b1000111110110 U%
b1111100111 f%
#1216
b1000111000011100111111011010010 T
b1000100000111101101111101001010 0#
b1000100000111101101111101001010 P#
b1000111000011100111111011010010 5%
b1000111110111 U%
b1111101000 f%
#1217
b1000111001000001011011000100010 T
b1000100001100010001011010011010 0#
b1000100001100010001011010011010 P#
b1000111001000001011011000100010 5%
b1000111111000 U%
b1111101001 f%
#1218
b1000111001100101110101010101000 T
b1000100010000110100101100100000 0#
b1000100010000110100101100100000 P#
b1000111001100101110101010101000 5%
b1000111111001 U%
b1111101010 f%
#1219
b1000111010001010001111100101110 T
b1000100010101010111111110100110 0#
b1000100010101010111111110100110 P#
b1000111010001010001111100101110 5%
b1000111111010 U%
b1111101011 f%
#1220
b1000111010101110101011001111110 T
b1000100011001111011011011110110 0#
b1000100011001111011011011110110 P#
b1000111010101110101011001111110 5%
b1000111111011 U%
b1111101100 f%
#1221
b1000111011010011000101100000100 T
b1000100011110011110101101111100 0#
b1000100011110011110101101111100 P#
b1000111011010011000101100000100 5%
b1000111111100 U%
b1111101101 f%
#1222
b1000111011110111011111110001010 T
b1000100100011000010000000000010 0#
b1000100100011000010000000000010 P#
b1000111011110111011111110001010 5%
b1000111111101 U%
b1111101110 f%
#1223
b1000111100011011111010000010000 T
b1000100100111100101010010001000 0#
b1000100100111100101010010001000 P#
b1000111100011011111010000010000 5%
b1000111111110 U%
b1111101111 f%
#1224
b1000111101000000010101101100000 T
b1000100101100001000101111011000 0#
b1000100101100001000101111011000 P#
b1000111101000000010101101100000 5%
b1000111111111 U%
b1111110000 f%
#1225
b1000111101100100101111111100110 T
b1000100110000101100000001011110 0#
b1000100110000101100000001011110 P#
b1000111101100100101111111100110 5%
b1001000000000 U%
b1111110001 f%
#1226
b1000111110001001001010001101100 T
b1000100110101001111010011100100 0#
b1000100110101001111010011100100 P#
b1000111110001001001010001101100 5%
b1001000000001 U%
b1111110010 f%
#1227
b1000111110101101100101110111100 T
b1000100111001110010110000110100 0#
b1000100111001110010110000110100 P#
b1000111110101101100101110111100 5%
b1001000000010 U%
b1111110011 f%
#1228
b1000111111010010000000001000010 T
b1000100111110010110000010111010 0#
b1000100111110010110000010111010 P#
b1000111111010010000000001000010 5%
b1001000000011 U%
b1111110100 f%
#1229
b1000111111110110011010011001000 T
b1000101000010111001010101000000 0#
b1000101000010111001010101000000 P#
b1000111111110110011010011001000 5%
b1001000000100 U%
b1111110101 f%
#1230
b1001000000011010110110000011000 T
b1000101000111011100110010010000 0#
b1000101000111011100110010010000 P#
b1001000000011010110110000011000 5%
b1001000000101 U%
b1111110110 f%
#1231
b1001000000111111010000010011110 T
b1000101001100000000000100010110 0#
b1000101001100000000000100010110 P#
b1001000000111111010000010011110 5%
b1001000000110 U%
b1111110111 f%
#1232
b1001000001100011101010100100100 T
b1000101010000100011010110011100 0#
b1000101010000100011010110011100 P#
b1001000001100011101010100100100 5%
b1001000000111 U%
b1111111000 f%
#1233
b1001000010001000000110001110100 T
b1000101010101000110110011101100 0#
b1000101010101000110110011101100 P#
b1001000010001000000110001110100 5%
b1001000001000 U%
b1111111001 f%
#1234
b1001000010101100100000011111010 T
b1000101011001101010000101110010 0#
b1000101011001101010000101110010 P#
b1001000010101100100000011111010 5%
b1001000001001 U%
b1111111010 f%
#1235
b1001000011010000111010110000000 T
b1000101011110001101010111111000 0#
b1000101011110001101010111111000 P#
b1001000011010000111010110000000 5%
b1001000001010 U%
b1111111011 f%
#1236
b1001000011110101010110011010000 T
b1000101100010110000110101001000 0#
b1000101100010110000110101001000 P#
b1001000011110101010110011010000 5%
b1001000001011 U%
b1111111100 f%
#1237
1"
b10001 $
b1001000100011001110000101011010 T
b1000101100110111001100111011110 0#
b1000101100110111001100111011110 P#
b11111101000100000110000001111000 p#
b1001000100011001110000101011010 5%
b1001000001100 U%
b1111111101 f%
#1238
0"
b1001000100111110001010111100000 T
b1000101101011011100111001100100 0#
b1000101101011011100111001100100 P#
b1001000100111110001010111100000 5%
b1001000001101 U%
b1111111110 f%
#1239
b1001000101100010100110100110000 T
b1000101110000000000010110110100 0#
b1000101110000000000010110110100 P#
b1001000101100010100110100110000 5%
b1001000001110 U%
b1111111111 f%
#1240
b1001000110000111000000110110110 T
b1000101110100100011101000111010 0#
b1000101110100100011101000111010 P#
b1001000110000111000000110110110 5%
b1001000001111 U%
b10000000000 f%
#1241
b1001000110101011011011000111100 T
b1000101111001000110111011000000 0#
b1000101111001000110111011000000 P#
b1001000110101011011011000111100 5%
b1001000010000 U%
b10000000001 f%
#1242
b1001000111001111110110110001100 T
b1000101111101101010011000010000 0#
b1000101111101101010011000010000 P#
b1001000111001111110110110001100 5%
b1001000010001 U%
b10000000010 f%
#1243
b1001000111110100010001000010010 T
b1000110000010001101101010010110 0#
b1000110000010001101101010010110 P#
b1001000111110100010001000010010 5%
b1001000010010 U%
b10000000011 f%
#1244
b1001001000011000101011010011000 T
b1000110000110110000111100011100 0#
b1000110000110110000111100011100 P#
b1001001000011000101011010011000 5%
b1001000010011 U%
b10000000100 f%
#1245
b1001001000111101000110111101000 T
b1000110001011010100011001101100 0#
b1000110001011010100011001101100 P#
b1001001000111101000110111101000 5%
b1001000010100 U%
b10000000101 f%
#1246
b1001001001100001100001001101110 T
b1000110001111110111101011110010 0#
b1000110001111110111101011110010 P#
b1001001001100001100001001101110 5%
b1001000010101 U%
b10000000110 f%
#1247
b1001001010000101111011011110100 T
b1000110010100011010111101111000 0#
b1000110010100011010111101111000 P#
b1001001010000101111011011110100 5%
b1001000010110 U%
b10000000111 f%
#1248
b1001001010101010010111001000100 T
b1000110011000111110011011001000 0#
b1000110011000111110011011001000 P#
b1001001010101010010111001000100 5%
b1001000010111 U%
b10000001000 f%
#1249
b1001001011001110110001011001010 T
b1000110011101100001101101001110 0#
b1000110011101100001101101001110 P#
b1001001011001110110001011001010 5%
b1001000011000 U%
b10000001001 f%
#1250
b1001001011110011001011101010000 T
b1000110100010000100111111010100 0#
b1000110100010000100111111010100 P#
b1001001011110011001011101010000 5%
b1001000011001 U%
b10000001010 f%
#1251
b1001001100010111100101111010110 T
b1000110100110101000010001011010 0#
b1000110100110101000010001011010 P#
b1001001100010111100101111010110 5%
b1001000011010 U%
b10000001011 f%
#1252
b1001001100111100000001100100110 T
b1000110101011001011101110101010 0#
b1000110101011001011101110101010 P#
b1001001100111100000001100100110 5%
b1001000011011 U%
b10000001100 f%
#1253
b1001001101100000011011110101100 T
b1000110101111101111000000110000 0#
b1000110101111101111000000110000 P#
b1001001101100000011011110101100 5%
b1001000011100 U%
b10000001101 f%
#1254
b1001001110000100110110000110010 T
b1000110110100010010010010110110 0#
b1000110110100010010010010110110 P#
b1001001110000100110110000110010 5%
b1001000011101 U%
b10000001110 f%
#1255
b1001001110101001010001110000010 T
b1000110111000110101110000000110 0#
b1000110111000110101110000000110 P#
b1001001110101001010001110000010 5%
b1001000011110 U%
b10000001111 f%
#1256
b1001001111001101101100000001000 T
b1000110111101011001000010001100 0#
b1000110111101011001000010001100 P#
b1001001111001101101100000001000 5%
b1001000011111 U%
b10000010000 f%
#1257
b1001001111110010000110010001110 T
b1000111000001111100010100010010 0#
b1000111000001111100010100010010 P#
b1001001111110010000110010001110 5%
b1001000100000 U%
b10000010001 f%
#1258
b1001010000010110100001111011110 T
b1000111000110011111110001100010 0#
b1000111000110011111110001100010 P#
b1001010000010110100001111011110 5%
b1001000100001 U%
b10000010010 f%
#1259
b1001010000111010111100001100100 T
b1000111001011000011000011101000 0#
b1000111001011000011000011101000 P#
b1001010000111010111100001100100 5%
b1001000100010 U%
b10000010011 f%
#1260
b1001010001011111010110011101010 T
b1000111001111100110010101101110 0#
b1000111001111100110010101101110 P#
b1001010001011111010110011101010 5%
b1001000100011 U%
b10000010100 f%
#1261
b1001010010000011110010000111010 T
b1000111010100001001110010111110 0#
b1000111010100001001110010111110 P#
b1001010010000011110010000111010 5%
b1001000100100 U%
b10000010101 f%
#1262
b1001010010101000001100011000000 T
b1000111011000101101000101000100 0#
b1000111011000101101000101000100 P#
b1001010010101000001100011000000 5%
b1001000100101 U%
b10000010110 f%
#1263
b1001010011001100100110101000110 T
b1000111011101010000010111001010 0#
b1000111011101010000010111001010 P#
b1001010011001100100110101000110 5%
b1001000100110 U%
b10000010111 f%
#1264
b1001010011110001000010010010110 T
b1000111100001110011110100011010 0#
b1000111100001110011110100011010 P#
b1001010011110001000010010010110 5%
b1001000100111 U%
b10000011000 f%
#1265
b1001010100010101011100100011100 T
b1000111100110010111000110100000 0#
b1000111100110010111000110100000 P#
b1001010100010101011100100011100 5%
b1001000101000 U%
b10000011001 f%
#1266
b1001010100111001110110110100010 T
b1000111101010111010011000100110 0#
b1000111101010111010011000100110 P#
b1001010100111001110110110100010 5%
b1001000101001 U%
b10000011010 f%
#1267
b1001010101011110010010011110010 T
b1000111101111011101110101110110 0#
b1000111101111011101110101110110 P#
b1001010101011110010010011110010 5%
b1001000101010 U%
b10000011011 f%
#1268
b1001010110000010101100101111000 T
b1000111110100000001000111111100 0#
b1000111110100000001000111111100 P#
b1001010110000010101100101111000 5%
b1001000101011 U%
b10000011100 f%
#1269
b1001010110100111000110111111110 T
b1000111111000100100011010000010 0#
b1000111111000100100011010000010 P#
b1001010110100111000110111111110 5%
b1001000101100 U%
b10000011101 f%
#1270
b1001010111001011100010101001110 T
b1000111111101000111110111010010 0#
b1000111111101000111110111010010 P#
b1001010111001011100010101001110 5%
b1001000101101 U%
b10000011110 f%
#1271
b1001010111101111111100111010100 T
b1001000000001101011001001011000 0#
b1001000000001101011001001011000 P#
b1001010111101111111100111010100 5%
b1001000101110 U%
b10000011111 f%
#1272
b1001011000010100010111001011010 T
b1001000000110001110011011011110 0#
b1001000000110001110011011011110 P#
b1001011000010100010111001011010 5%
b1001000101111 U%
b10000100000 f%
#1273
b1001011000111000110010110101010 T
b1001000001010110001111000101110 0#
b1001000001010110001111000101110 P#
b1001011000111000110010110101010 5%
b1001000110000 U%
b10000100001 f%
#1274
b1001011001011101001101000110000 T
b1001000001111010101001010110100 0#
b1001000001111010101001010110100 P#
b1001011001011101001101000110000 5%
b1001000110001 U%
b10000100010 f%
#1275
b1001011010000001100111010110110 T
b1001000010011111000011100111010 0#
b1001000010011111000011100111010 P#
b1001011010000001100111010110110 5%
b1001000110010 U%
b10000100011 f%
#1276
b1001011010100110000011000000110 T
b1001000011000011011111010001010 0#
b1001000011000011011111010001010 P#
b1001011010100110000011000000110 5%
b1001000110011 U%
b10000100100 f%
#1277
b1001011011001010011101010001100 T
b1001000011100111111001100010000 0#
b1001000011100111111001100010000 P#
b1001011011001010011101010001100 5%
b1001000110100 U%
b10000100101 f%
#1278
b1001011011101110110111100010010 T
b1001000100001100010011110010110 0#
b1001000100001100010011110010110 P#
b1001011011101110110111100010010 5%
b1001000110101 U%
b10000100110 f%
#1279
b1001011100010011010011001100010 T
b1001000100110000101111011100110 0#
b1001000100110000101111011100110 P#
b1001011100010011010011001100010 5%
b1001000110110 U%
b10000100111 f%
#1280
b1001011100110111101101011101000 T
b1001000101010101001001101101100 0#
b1001000101010101001001101101100 P#
b1001011100110111101101011101000 5%
b1001000110111 U%
b10000101000 f%
#1281
b1001011101011100000111101101110 T
b1001000101111001100011111110010 0#
b1001000101111001100011111110010 P#
b1001011101011100000111101101110 5%
b1001000111000 U%
b10000101001 f%
#1282
b1001011110000000100001111110100 T
b1001000110011101111110001111000 0#
b1001000110011101111110001111000 P#
b1001011110000000100001111110100 5%
b1001000111001 U%
b10000101010 f%
#1283
b1001011110100100111101101000100 T
b1001000111000010011001111001000 0#
b1001000111000010011001111001000 P#
b1001011110100100111101101000100 5%
b1001000111010 U%
b10000101011 f%
#1284
b1001011111001001010111111001010 T
b1001000111100110110100001001110 0#
b1001000111100110110100001001110 P#
b1001011111001001010111111001010 5%
b1001000111011 U%
b10000101100 f%
#1285
b1001011111101101110010001010000 T
b1001001000001011001110011010100 0#
b1001001000001011001110011010100 P#
b1001011111101101110010001010000 5%
b1001000111100 U%
b10000101101 f%
#1286
b1001100000010010001101110100000 T
b1001001000101111101010000100100 0#
b1001001000101111101010000100100 P#
b1001100000010010001101110100000 5%
b1001000111101 U%
b10000101110 f%
#1287
b1001100000110110101000000100110 T
b1001001001010100000100010101010 0#
b1001001001010100000100010101010 P#
b1001100000110110101000000100110 5%
b1001000111110 U%
b10000101111 f%
#1288
b1001100001011011000010010101100 T
b1001001001111000011110100110000 0#
b1001001001111000011110100110000 P#
b1001100001011011000010010101100 5%
b1001000111111 U%
b10000110000 f%
#1289
b1001100001111111011101111111100 T
b1001001010011100111010010000000 0#
b1001001010011100111010010000000 P#
b1001100001111111011101111111100 5%
b1001001000000 U%
b10000110001 f%
#1290
b1001100010100011111000010000010 T
b1001001011000001010100100000110 0#
b1001001011000001010100100000110 P#
b1001100010100011111000010000010 5%
b1001001000001 U%
b10000110010 f%
#1291
b1001100011001000010010100001000 T
b1001001011100101101110110001100 0#
b1001001011100101101110110001100 P#
b1001100011001000010010100001000 5%
b1001001000010 U%
b10000110011 f%
#1292
b1001100011101100101110001011000 T
b1001001100001010001010011011100 0#
b1001001100001010001010011011100 P#
b1001100011101100101110001011000 5%
b1001001000011 U%
b10000110100 f%
#1293
b1001100100010001001000011011110 T
b1001001100101110100100101100010 0#
b1001001100101110100100101100010 P#
b1001100100010001001000011011110 5%
b1001001000100 U%
b10000110101 f%
#1294
b1001100100110101100010101100100 T
b1001001101010010111110111101000 0#
b1001001101010010111110111101000 P#
b1001100100110101100010101100100 5%
b1001001000101 U%
b10000110110 f%
#1295
b1001100101011001111110010110100 T
b1001001101110111011010100111000 0#
b1001001101110111011010100111000 P#
b1001100101011001111110010110100 5%
b1001001000110 U%
b10000110111 f%
#1296
b1001100101111110011000100111010 T
b1001001110011011110100110111110 0#
b1001001110011011110100110111110 P#
b1001100101111110011000100111010 5%
b1001001000111 U%
b10000111000 f%
#1297
1"
b10010 $
b11000011100011011 4
b1001100110100010110010111000100 T
b1001001110111101110100010101110 0#
b1001001110111101110100010101110 P#
b11111101000011101011100010000100 p#
b1001100110100010110010111000100 5%
b1001001001000 U%
b10000111001 f%
#1298
0"
b1001100111000111001110100010100 T
b1001001111100010001111111111110 0#
b1001001111100010001111111111110 P#
b1001100111000111001110100010100 5%
b1001001001001 U%
b10000111010 f%
#1299
b1001100111101011101000110011010 T
b1001010000000110101010010000100 0#
b1001010000000110101010010000100 P#
b1001100111101011101000110011010 5%
b1001001001010 U%
b10000111011 f%
#1300
b1001101000010000000011000100000 T
b1001010000101011000100100001010 0#
b1001010000101011000100100001010 P#
b1001101000010000000011000100000 5%
b1001001001011 U%
b10000111100 f%
#1301
b1001101000110100011110101110000 T
b1001010001001111100000001011010 0#
b1001010001001111100000001011010 P#
b1001101000110100011110101110000 5%
b1001001001100 U%
b10000111101 f%
#1302
b1001101001011000111000111110110 T
b1001010001110011111010011100000 0#
b1001010001110011111010011100000 P#
b1001101001011000111000111110110 5%
b1001001001101 U%
b10000111110 f%
#1303
b1001101001111101010011001111100 T
b1001010010011000010100101100110 0#
b1001010010011000010100101100110 P#
b1001101001111101010011001111100 5%
b1001001001110 U%
b10000111111 f%
#1304
b1001101010100001101110111001100 T
b1001010010111100110000010110110 0#
b1001010010111100110000010110110 P#
b1001101010100001101110111001100 5%
b1001001001111 U%
b10001000000 f%
#1305
b1001101011000110001001001010010 T
b1001010011100001001010100111100 0#
b1001010011100001001010100111100 P#
b1001101011000110001001001010010 5%
b1001001010000 U%
b10001000001 f%
#1306
b1001101011101010100011011011000 T
b1001010100000101100100111000010 0#
b1001010100000101100100111000010 P#
b1001101011101010100011011011000 5%
b1001001010001 U%
b10001000010 f%
#1307
b1001101100001110111111000101000 T
b1001010100101010000000100010010 0#
b1001010100101010000000100010010 P#
b1001101100001110111111000101000 5%
b1001001010010 U%
b10001000011 f%
#1308
b1001101100110011011001010101110 T
b1001010101001110011010110011000 0#
b1001010101001110011010110011000 P#
b1001101100110011011001010101110 5%
b1001001010011 U%
b10001000100 f%
#1309
b1001101101010111110011100110100 T
b1001010101110010110101000011110 0#
b1001010101110010110101000011110 P#
b1001101101010111110011100110100 5%
b1001001010100 U%
b10001000101 f%
#1310
b1001101101111100001101110111010 T
b1001010110010111001111010100100 0#
b1001010110010111001111010100100 P#
b1001101101111100001101110111010 5%
b1001001010101 U%
b10001000110 f%
#1311
b1001101110100000101001100001010 T
b1001010110111011101010111110100 0#
b1001010110111011101010111110100 P#
b1001101110100000101001100001010 5%
b1001001010110 U%
b10001000111 f%
#1312
b1001101111000101000011110010000 T
b1001010111100000000101001111010 0#
b1001010111100000000101001111010 P#
b1001101111000101000011110010000 5%
b1001001010111 U%
b10001001000 f%
#1313
b1001101111101001011110000010110 T
b1001011000000100011111100000000 0#
b1001011000000100011111100000000 P#
b1001101111101001011110000010110 5%
b1001001011000 U%
b10001001001 f%
#1314
b1001110000001101111001101100110 T
b1001011000101000111011001010000 0#
b1001011000101000111011001010000 P#
b1001110000001101111001101100110 5%
b1001001011001 U%
b10001001010 f%
#1315
b1001110000110010010011111101100 T
b1001011001001101010101011010110 0#
b1001011001001101010101011010110 P#
b1001110000110010010011111101100 5%
b1001001011010 U%
b10001001011 f%
#1316
b1001110001010110101110001110010 T
b1001011001110001101111101011100 0#
b1001011001110001101111101011100 P#
b1001110001010110101110001110010 5%
b1001001011011 U%
b10001001100 f%
#1317
b1001110001111011001001111000010 T
b1001011010010110001011010101100 0#
b1001011010010110001011010101100 P#
b1001110001111011001001111000010 5%
b1001001011100 U%
b10001001101 f%
#1318
b1001110010011111100100001001000 T
b1001011010111010100101100110010 0#
b1001011010111010100101100110010 P#
b1001110010011111100100001001000 5%
b1001001011101 U%
b10001001110 f%
#1319
b1001110011000011111110011001110 T
b1001011011011110111111110111000 0#
b1001011011011110111111110111000 P#
b1001110011000011111110011001110 5%
b1001001011110 U%
b10001001111 f%
#1320
b1001110011101000011010000011110 T
b1001011100000011011011100001000 0#
b1001011100000011011011100001000 P#
b1001110011101000011010000011110 5%
b1001001011111 U%
b10001010000 f%
#1321
b1001110100001100110100010100100 T
b1001011100100111110101110001110 0#
b1001011100100111110101110001110 P#
b1001110100001100110100010100100 5%
b1001001100000 U%
b10001010001 f%
#1322
b1001110100110001001110100101010 T
b1001011101001100010000000010100 0#
b1001011101001100010000000010100 P#
b1001110100110001001110100101010 5%
b1001001100001 U%
b10001010010 f%
#1323
b1001110101010101101010001111010 T
b1001011101110000101011101100100 0#
b1001011101110000101011101100100 P#
b1001110101010101101010001111010 5%
b1001001100010 U%
b10001010011 f%
#1324
b1001110101111010000100100000000 T
b1001011110010101000101111101010 0#
b1001011110010101000101111101010 P#
b1001110101111010000100100000000 5%
b1001001100011 U%
b10001010100 f%
#1325
b1001110110011110011110110000110 T
b1001011110111001100000001110000 0#
b1001011110111001100000001110000 P#
b1001110110011110011110110000110 5%
b1001001100100 U%
b10001010101 f%
#1326
b1001110111000010111010011010110 T
b1001011111011101111011111000000 0#
b1001011111011101111011111000000 P#
b1001110111000010111010011010110 5%
b1001001100101 U%
b10001010110 f%
#1327
b1001110111100111010100101011100 T
b1001100000000010010110001000110 0#
b1001100000000010010110001000110 P#
b1001110111100111010100101011100 5%
b1001001100110 U%
b10001010111 f%
#1328
b1001111000001011101110111100010 T
b1001100000100110110000011001100 0#
b1001100000100110110000011001100 P#
b1001111000001011101110111100010 5%
b1001001100111 U%
b10001011000 f%
#1329
b1001111000110000001010100110010 T
b1001100001001011001100000011100 0#
b1001100001001011001100000011100 P#
b1001111000110000001010100110010 5%
b1001001101000 U%
b10001011001 f%
#1330
b1001111001010100100100110111000 T
b1001100001101111100110010100010 0#
b1001100001101111100110010100010 P#
b1001111001010100100100110111000 5%
b1001001101001 U%
b10001011010 f%
#1331
b1001111001111000111111000111110 T
b1001100010010100000000100101000 0#
b1001100010010100000000100101000 P#
b1001111001111000111111000111110 5%
b1001001101010 U%
b10001011011 f%
#1332
b1001111010011101011010110001110 T
b1001100010111000011100001111000 0#
b1001100010111000011100001111000 P#
b1001111010011101011010110001110 5%
b1001001101011 U%
b10001011100 f%
#1333
b1001111011000001110101000010100 T
b1001100011011100110110011111110 0#
b1001100011011100110110011111110 P#
b1001111011000001110101000010100 5%
b1001001101100 U%
b10001011101 f%
#1334
b1001111011100110001111010011010 T
b1001100100000001010000110000100 0#
b1001100100000001010000110000100 P#
b1001111011100110001111010011010 5%
b1001001101101 U%
b10001011110 f%
#1335
b1001111100001010101010111101010 T
b1001100100100101101100011010100 0#
b1001100100100101101100011010100 P#
b1001111100001010101010111101010 5%
b1001001101110 U%
b10001011111 f%
#1336
b1001111100101111000101001110000 T
b1001100101001010000110101011010 0#
b1001100101001010000110101011010 P#
b1001111100101111000101001110000 5%
b1001001101111 U%
b10001100000 f%
#1337
b1001111101010011011111011110110 T
b1001100101101110100000111100000 0#
b1001100101101110100000111100000 P#
b1001111101010011011111011110110 5%
b1001001110000 U%
b10001100001 f%
#1338
b1001111101110111111011001000110 T
b1001100110010010111100100110000 0#
b1001100110010010111100100110000 P#
b1001111101110111111011001000110 5%
b1001001110001 U%
b10001100010 f%
#1339
b1001111110011100010101011001100 T
b1001100110110111010110110110110 0#
b1001100110110111010110110110110 P#
b1001111110011100010101011001100 5%
b1001001110010 U%
b10001100011 f%
#1340
b1001111111000000101111101010010 T
b1001100111011011110001000111100 0#
b1001100111011011110001000111100 P#
b1001111111000000101111101010010 5%
b1001001110011 U%
b10001100100 f%
#1341
b1001111111100101001001111011000 T
b1001101000000000001011011000010 0#
b1001101000000000001011011000010 P#
b1001111111100101001001111011000 5%
b1001001110100 U%
b10001100101 f%
#1342
b1010000000001001100101100101000 T
b1001101000100100100111000010010 0#
b1001101000100100100111000010010 P#
b1010000000001001100101100101000 5%
b1001001110101 U%
b10001100110 f%
#1343
b1010000000101101111111110101110 T
b1001101001001001000001010011000 0#
b1001101001001001000001010011000 P#
b1010000000101101111111110101110 5%
b1001001110110 U%
b10001100111 f%
#1344
b1010000001010010011010000110100 T
b1001101001101101011011100011110 0#
b1001101001101101011011100011110 P#
b1010000001010010011010000110100 5%
b1001001110111 U%
b10001101000 f%
#1345
b1010000001110110110101110000100 T
b1001101010010001110111001101110 0#
b1001101010010001110111001101110 P#
b1010000001110110110101110000100 5%
b1001001111000 U%
b10001101001 f%
#1346
b1010000010011011010000000001010 T
b1001101010110110010001011110100 0#
b1001101010110110010001011110100 P#
b1010000010011011010000000001010 5%
b1001001111001 U%
b10001101010 f%
#1347
b1010000010111111101010010010000 T
b1001101011011010101011101111010 0#
b1001101011011010101011101111010 P#
b1010000010111111101010010010000 5%
b1001001111010 U%
b10001101011 f%
#1348
b1010000011100100000101111100000 T
b1001101011111111000111011001010 0#
b1001101011111111000111011001010 P#
b1010000011100100000101111100000 5%
b1001001111011 U%
b10001101100 f%
#1349
b1010000100001000100000001100110 T
b1001101100100011100001101010000 0#
b1001101100100011100001101010000 P#
b1010000100001000100000001100110 5%
b1001001111100 U%
b10001101101 f%
#1350
b1010000100101100111010011101100 T
b1001101101000111111011111010110 0#
b1001101101000111111011111010110 P#
b1010000100101100111010011101100 5%
b1001001111101 U%
b10001101110 f%
#1351
b1010000101010001010110000111100 T
b1001101101101100010111100100110 0#
b1001101101101100010111100100110 P#
b1010000101010001010110000111100 5%
b1001001111110 U%
b10001101111 f%
#1352
b1010000101110101110000011000010 T
b1001101110010000110001110101100 0#
b1001101110010000110001110101100 P#
b1010000101110101110000011000010 5%
b1001001111111 U%
b10001110000 f%
#1353
b1010000110011010001010101001000 T
b1001101110110101001100000110010 0#
b1001101110110101001100000110010 P#
b1010000110011010001010101001000 5%
b1001010000000 U%
b10001110001 f%
#1354
b1010000110111110100110010011000 T
b1001101111011001100111110000010 0#
b1001101111011001100111110000010 P#
b1010000110111110100110010011000 5%
b1001010000001 U%
b10001110010 f%
#1355
b1010000111100011000000100011110 T
b1001101111111110000010000001000 0#
b1001101111111110000010000001000 P#
b1010000111100011000000100011110 5%
b1001010000010 U%
b10001110011 f%
#1356
b1010001000000111011010110100100 T
b1001110000100010011100010001110 0#
b1001110000100010011100010001110 P#
b1010001000000111011010110100100 5%
b1001010000011 U%
b10001110100 f%
#1357
1"
b10011 $
b11000011100011100 4
b1010001000101011110110011111000 T
b1001110001000100000001010000000 0#
b1001110001000100000001010000000 P#
b11111101000011011000001011101010 p#
b1010001000101011110110011111000 5%
b1001010000100 U%
b10001110101 f%
#1358
0"
b1010001001010000010000101111110 T
b1001110001101000011011100000110 0#
b1001110001101000011011100000110 P#
b1010001001010000010000101111110 5%
b1001010000101 U%
b10001110110 f%
#1359
b1010001001110100101011000000100 T
b1001110010001100110101110001100 0#
b1001110010001100110101110001100 P#
b1010001001110100101011000000100 5%
b1001010000110 U%
b10001110111 f%
#1360
b1010001010011001000110101010100 T
b1001110010110001010001011011100 0#
b1001110010110001010001011011100 P#
b1010001010011001000110101010100 5%
b1001010000111 U%
b10001111000 f%
#1361
b1010001010111101100000111011010 T
b1001110011010101101011101100010 0#
b1001110011010101101011101100010 P#
b1010001010111101100000111011010 5%
b1001010001000 U%
b10001111001 f%
#1362
b1010001011100001111011001100000 T
b1001110011111010000101111101000 0#
b1001110011111010000101111101000 P#
b1010001011100001111011001100000 5%
b1001010001001 U%
b10001111010 f%
#1363
b1010001100000110010110110110000 T
b1001110100011110100001100111000 0#
b1001110100011110100001100111000 P#
b1010001100000110010110110110000 5%
b1001010001010 U%
b10001111011 f%
#1364
b1010001100101010110001000110110 T
b1001110101000010111011110111110 0#
b1001110101000010111011110111110 P#
b1010001100101010110001000110110 5%
b1001010001011 U%
b10001111100 f%
#1365
b1010001101001111001011010111100 T
b1001110101100111010110001000100 0#
b1001110101100111010110001000100 P#
b1010001101001111001011010111100 5%
b1001010001100 U%
b10001111101 f%
#1366
b1010001101110011100111000001100 T
b1001110110001011110001110010100 0#
b1001110110001011110001110010100 P#
b1010001101110011100111000001100 5%
b1001010001101 U%
b10001111110 f%
#1367
b1010001110011000000001010010010 T
b1001110110110000001100000011010 0#
b1001110110110000001100000011010 P#
b1010001110011000000001010010010 5%
b1001010001110 U%
b10001111111 f%
#1368
b1010001110111100011011100011000 T
b1001110111010100100110010100000 0#
b1001110111010100100110010100000 P#
b1010001110111100011011100011000 5%
b1001010001111 U%
b10010000000 f%
#1369
b1010001111100000110101110011110 T
b1001110111111001000000100100110 0#
b1001110111111001000000100100110 P#
b1010001111100000110101110011110 5%
b1001010010000 U%
b10010000001 f%
#1370
b1010010000000101010001011101110 T
b1001111000011101011100001110110 0#
b1001111000011101011100001110110 P#
b1010010000000101010001011101110 5%
b1001010010001 U%
b10010000010 f%
#1371
b1010010000101001101011101110100 T
b1001111001000001110110011111100 0#
b1001111001000001110110011111100 P#
b1010010000101001101011101110100 5%
b1001010010010 U%
b10010000011 f%
#1372
b1010010001001110000101111111010 T
b1001111001100110010000110000010 0#
b1001111001100110010000110000010 P#
b1010010001001110000101111111010 5%
b1001010010011 U%
b10010000100 f%
#1373
b1010010001110010100001101001010 T
b1001111010001010101100011010010 0#
b1001111010001010101100011010010 P#
b1010010001110010100001101001010 5%
b1001010010100 U%
b10010000101 f%
#1374
b1010010010010110111011111010000 T
b1001111010101111000110101011000 0#
b1001111010101111000110101011000 P#
b1010010010010110111011111010000 5%
b1001010010101 U%
b10010000110 f%
#1375
b1010010010111011010110001010110 T
b1001111011010011100000111011110 0#
b1001111011010011100000111011110 P#
b1010010010111011010110001010110 5%
b1001010010110 U%
b10010000111 f%
#1376
b1010010011011111110001110100110 T
b1001111011110111111100100101110 0#
b1001111011110111111100100101110 P#
b1010010011011111110001110100110 5%
b1001010010111 U%
b10010001000 f%
#1377
b1010010100000100001100000101100 T
b1001111100011100010110110110100 0#
b1001111100011100010110110110100 P#
b1010010100000100001100000101100 5%
b1001010011000 U%
b10010001001 f%
#1378
b1010010100101000100110010110010 T
b1001111101000000110001000111010 0#
b1001111101000000110001000111010 P#
b1010010100101000100110010110010 5%
b1001010011001 U%
b10010001010 f%
#1379
b1010010101001101000010000000010 T
b1001111101100101001100110001010 0#
b1001111101100101001100110001010 P#
b1010010101001101000010000000010 5%
b1001010011010 U%
b10010001011 f%
#1380
b1010010101110001011100010001000 T
b1001111110001001100111000010000 0#
b1001111110001001100111000010000 P#
b1010010101110001011100010001000 5%
b1001010011011 U%
b10010001100 f%
#1381
b1010010110010101110110100001110 T
b1001111110101110000001010010110 0#
b1001111110101110000001010010110 P#
b1010010110010101110110100001110 5%
b1001010011100 U%
b10010001101 f%
#1382
b1010010110111010010010001011110 T
b1001111111010010011100111100110 0#
b1001111111010010011100111100110 P#
b1010010110111010010010001011110 5%
b1001010011101 U%
b10010001110 f%
#1383
b1010010111011110101100011100100 T
b1001111111110110110111001101100 0#
b1001111111110110110111001101100 P#
b1010010111011110101100011100100 5%
b1001010011110 U%
b10010001111 f%
#1384
b1010011000000011000110101101010 T
b1010000000011011010001011110010 0#
b1010000000011011010001011110010 P#
b1010011000000011000110101101010 5%
b1001010011111 U%
b10010010000 f%
#1385
b1010011000100111100010010111010 T
b1010000000111111101101001000010 0#
b1010000000111111101101001000010 P#
b1010011000100111100010010111010 5%
b1001010100000 U%
b10010010001 f%
#1386
b1010011001001011111100101000000 T
b1010000001100100000111011001000 0#
b1010000001100100000111011001000 P#
b1010011001001011111100101000000 5%
b1001010100001 U%
b10010010010 f%
#1387
b1010011001110000010110111000110 T
b1010000010001000100001101001110 0#
b1010000010001000100001101001110 P#
b1010011001110000010110111000110 5%
b1001010100010 U%
b10010010011 f%
#1388
b1010011010010100110010100010110 T
b1010000010101100111101010011110 0#
b1010000010101100111101010011110 P#
b1010011010010100110010100010110 5%
b1001010100011 U%
b10010010100 f%
#1389
b1010011010111001001100110011100 T
b1010000011010001010111100100100 0#
b1010000011010001010111100100100 P#
b1010011010111001001100110011100 5%
b1001010100100 U%
b10010010101 f%
#1390
b1010011011011101100111000100010 T
b1010000011110101110001110101010 0#
b1010000011110101110001110101010 P#
b1010011011011101100111000100010 5%
b1001010100101 U%
b10010010110 f%
#1391
b1010011100000010000010101110010 T
b1010000100011010001101011111010 0#
b1010000100011010001101011111010 P#
b1010011100000010000010101110010 5%
b1001010100110 U%
b10010010111 f%
#1392
b1010011100100110011100111111000 T
b1010000100111110100111110000000 0#
b1010000100111110100111110000000 P#
b1010011100100110011100111111000 5%
b1001010100111 U%
b10010011000 f%
#1393
b1010011101001010110111001111110 T
b1010000101100011000010000000110 0#
b1010000101100011000010000000110 P#
b1010011101001010110111001111110 5%
b1001010101000 U%
b10010011001 f%
#1394
b1010011101101111010010111001110 T
b1010000110000111011101101010110 0#
b1010000110000111011101101010110 P#
b1010011101101111010010111001110 5%
b1001010101001 U%
b10010011010 f%
#1395
b1010011110010011101101001010100 T
b1010000110101011110111111011100 0#
b1010000110101011110111111011100 P#
b1010011110010011101101001010100 5%
b1001010101010 U%
b10010011011 f%
#1396
b1010011110111000000111011011010 T
b1010000111010000010010001100010 0#
b1010000111010000010010001100010 P#
b1010011110111000000111011011010 5%
b1001010101011 U%
b10010011100 f%
#1397
b1010011111011100100011000101010 T
b1010000111110100101101110110010 0#
b1010000111110100101101110110010 P#
b1010011111011100100011000101010 5%
b1001010101100 U%
b10010011101 f%
#1398
b1010100000000000111101010110000 T
b1010001000011001001000000111000 0#
b1010001000011001001000000111000 P#
b1010100000000000111101010110000 5%
b1001010101101 U%
b10010011110 f%
#1399
b1010100000100101010111100110110 T
b1010001000111101100010010111110 0#
b1010001000111101100010010111110 P#
b1010100000100101010111100110110 5%
b1001010101110 U%
b10010011111 f%
#1400
b1010100001001001110001110111100 T
b1010001001100001111100101000100 0#
b1010001001100001111100101000100 P#
b1010100001001001110001110111100 5%
b1001010101111 U%
b10010100000 f%
#1401
b1010100001101110001101100001100 T
b1010001010000110011000010010100 0#
b1010001010000110011000010010100 P#
b1010100001101110001101100001100 5%
b1001010110000 U%
b10010100001 f%
#1402
b1010100010010010100111110010010 T
b1010001010101010110010100011010 0#
b1010001010101010110010100011010 P#
b1010100010010010100111110010010 5%
b1001010110001 U%
b10010100010 f%
#1403
b1010100010110111000010000011000 T
b1010001011001111001100110100000 0#
b1010001011001111001100110100000 P#
b1010100010110111000010000011000 5%
b1001010110010 U%
b10010100011 f%
#1404
b1010100011011011011101101101000 T
b1010001011110011101000011110000 0#
b1010001011110011101000011110000 P#
b1010100011011011011101101101000 5%
b1001010110011 U%
b10010100100 f%
#1405
b1010100011111111110111111101110 T
b1010001100011000000010101110110 0#
b1010001100011000000010101110110 P#
b1010100011111111110111111101110 5%
b1001010110100 U%
b10010100101 f%
#1406
b1010100100100100010010001110100 T
b1010001100111100011100111111100 0#
b1010001100111100011100111111100 P#
b1010100100100100010010001110100 5%
b1001010110101 U%
b10010100110 f%
#1407
b1010100101001000101101111000100 T
b1010001101100000111000101001100 0#
b1010001101100000111000101001100 P#
b1010100101001000101101111000100 5%
b1001010110110 U%
b10010100111 f%
#1408
b1010100101101101001000001001010 T
b1010001110000101010010111010010 0#
b1010001110000101010010111010010 P#
b1010100101101101001000001001010 5%
b1001010110111 U%
b10010101000 f%
#1409
b1010100110010001100010011010000 T
b1010001110101001101101001011000 0#
b1010001110101001101101001011000 P#
b1010100110010001100010011010000 5%
b1001010111000 U%
b10010101001 f%
#1410
b1010100110110101111110000100000 T
b1010001111001110001000110101000 0#
b1010001111001110001000110101000 P#
b1010100110110101111110000100000 5%
b1001010111001 U%
b10010101010 f%
#1411
b1010100111011010011000010100110 T
b1010001111110010100011000101110 0#
b1010001111110010100011000101110 P#
b1010100111011010011000010100110 5%
b1001010111010 U%
b10010101011 f%
#1412
b1010100111111110110010100101100 T
b1010010000010110111101010110100 0#
b1010010000010110111101010110100 P#
b1010100111111110110010100101100 5%
b1001010111011 U%
b10010101100 f%
#1413
b1010101000100011001110001111100 T
b1010010000111011011001000000100 0#
b1010010000111011011001000000100 P#
b1010101000100011001110001111100 5%
b1001010111100 U%
b10010101101 f%
#1414
b1010101001000111101000100000010 T
b1010010001011111110011010001010 0#
b1010010001011111110011010001010 P#
b1010101001000111101000100000010 5%
b1001010111101 U%
b10010101110 f%
#1415
b1010101001101100000010110001000 T
b1010010010000100001101100010000 0#
b1010010010000100001101100010000 P#
b1010101001101100000010110001000 5%
b1001010111110 U%
b10010101111 f%
#1416
b1010101010010000011110011011000 T
b1010010010101000101001001100000 0#
b1010010010101000101001001100000 P#
b1010101010010000011110011011000 5%
b1001010111111 U%
b10010110000 f%
#1417
1"
b10100 $
b11000011100011011 4
b1010101010110100111000101100010 T
b1010010011001010001011010111110 0#
b1010010011001010001011010111110 P#
b11111101000011000001010110001000 p#
b1010101010110100111000101100010 5%
b1001011000000 U%
b10010110001 f%
#1418
0"
b1010101011011001010010111101000 T
b1010010011101110100101101000100 0#
b1010010011101110100101101000100 P#
b1010101011011001010010111101000 5%
b1001011000001 U%
b10010110010 f%
#1419
b1010101011111101101110100111000 T
b1010010100010011000001010010100 0#
b1010010100010011000001010010100 P#
b1010101011111101101110100111000 5%
b1001011000010 U%
b10010110011 f%
#1420
b1010101100100010001000110111110 T
b1010010100110111011011100011010 0#
b1010010100110111011011100011010 P#
b1010101100100010001000110111110 5%
b1001011000011 U%
b10010110100 f%
#1421
b1010101101000110100011001000100 T
b1010010101011011110101110100000 0#
b1010010101011011110101110100000 P#
b1010101101000110100011001000100 5%
b1001011000100 U%
b10010110101 f%
#1422
b1010101101101010111110110010100 T
b1010010110000000010001011110000 0#
b1010010110000000010001011110000 P#
b1010101101101010111110110010100 5%
b1001011000101 U%
b10010110110 f%
#1423
b1010101110001111011001000011010 T
b1010010110100100101011101110110 0#
b1010010110100100101011101110110 P#
b1010101110001111011001000011010 5%
b1001011000110 U%
b10010110111 f%
#1424
b1010101110110011110011010100000 T
b1010010111001001000101111111100 0#
b1010010111001001000101111111100 P#
b1010101110110011110011010100000 5%
b1001011000111 U%
b10010111000 f%
#1425
b1010101111011000001110111110000 T
b1010010111101101100001101001100 0#
b1010010111101101100001101001100 P#
b1010101111011000001110111110000 5%
b1001011001000 U%
b10010111001 f%
#1426
b1010101111111100101001001110110 T
b1010011000010001111011111010010 0#
b1010011000010001111011111010010 P#
b1010101111111100101001001110110 5%
b1001011001001 U%
b10010111010 f%
#1427
b1010110000100001000011011111100 T
b1010011000110110010110001011000 0#
b1010011000110110010110001011000 P#
b1010110000100001000011011111100 5%
b1001011001010 U%
b10010111011 f%
#1428
b1010110001000101011101110000010 T
b1010011001011010110000011011110 0#
b1010011001011010110000011011110 P#
b1010110001000101011101110000010 5%
b1001011001011 U%
b10010111100 f%
#1429
b1010110001101001111001011010010 T
b1010011001111111001100000101110 0#
b1010011001111111001100000101110 P#
b1010110001101001111001011010010 5%
b1001011001100 U%
b10010111101 f%
#1430
b1010110010001110010011101011000 T
b1010011010100011100110010110100 0#
b1010011010100011100110010110100 P#
b1010110010001110010011101011000 5%
b1001011001101 U%
b10010111110 f%
#1431
b1010110010110010101101111011110 T
b1010011011001000000000100111010 0#
b1010011011001000000000100111010 P#
b1010110010110010101101111011110 5%
b1001011001110 U%
b10010111111 f%
#1432
b1010110011010111001001100101110 T
b1010011011101100011100010001010 0#
b1010011011101100011100010001010 P#
b1010110011010111001001100101110 5%
b1001011001111 U%
b10011000000 f%
#1433
b1010110011111011100011110110100 T
b1010011100010000110110100010000 0#
b1010011100010000110110100010000 P#
b1010110011111011100011110110100 5%
b1001011010000 U%
b10011000001 f%
#1434
b1010110100011111111110000111010 T
b1010011100110101010000110010110 0#
b1010011100110101010000110010110 P#
b1010110100011111111110000111010 5%
b1001011010001 U%
b10011000010 f%
#1435
b1010110101000100011001110001010 T
b1010011101011001101100011100110 0#
b1010011101011001101100011100110 P#
b1010110101000100011001110001010 5%
b1001011010010 U%
b10011000011 f%
#1436
b1010110101101000110100000010000 T
b1010011101111110000110101101100 0#
b1010011101111110000110101101100 P#
b1010110101101000110100000010000 5%
b1001011010011 U%
b10011000100 f%
#1437
b1010110110001101001110010010110 T
b1010011110100010100000111110010 0#
b1010011110100010100000111110010 P#
b1010110110001101001110010010110 5%
b1001011010100 U%
b10011000101 f%
#1438
b1010110110110001101001111100110 T
b1010011111000110111100101000010 0#
b1010011111000110111100101000010 P#
b1010110110110001101001111100110 5%
b1001011010101 U%
b10011000110 f%
#1439
b1010110111010110000100001101100 T
b1010011111101011010110111001000 0#
b1010011111101011010110111001000 P#
b1010110111010110000100001101100 5%
b1001011010110 U%
b10011000111 f%
#1440
b1010110111111010011110011110010 T
b1010100000001111110001001001110 0#
b1010100000001111110001001001110 P#
b1010110111111010011110011110010 5%
b1001011010111 U%
b10011001000 f%
#1441
b1010111000011110111010001000010 T
b1010100000110100001100110011110 0#
b1010100000110100001100110011110 P#
b1010111000011110111010001000010 5%
b1001011011000 U%
b10011001001 f%
#1442
b1010111001000011010100011001000 T
b1010100001011000100111000100100 0#
b1010100001011000100111000100100 P#
b1010111001000011010100011001000 5%
b1001011011001 U%
b10011001010 f%
#1443
b1010111001100111101110101001110 T
b1010100001111101000001010101010 0#
b1010100001111101000001010101010 P#
b1010111001100111101110101001110 5%
b1001011011010 U%
b10011001011 f%
#1444
b1010111010001100001010010011110 T
b1010100010100001011100111111010 0#
b1010100010100001011100111111010 P#
b1010111010001100001010010011110 5%
b1001011011011 U%
b10011001100 f%
#1445
b1010111010110000100100100100100 T
b1010100011000101110111010000000 0#
b1010100011000101110111010000000 P#
b1010111010110000100100100100100 5%
b1001011011100 U%
b10011001101 f%
#1446
b1010111011010100111110110101010 T
b1010100011101010010001100000110 0#
b1010100011101010010001100000110 P#
b1010111011010100111110110101010 5%
b1001011011101 U%
b10011001110 f%
#1447
b1010111011111001011010011111010 T
b1010100100001110101101001010110 0#
b1010100100001110101101001010110 P#
b1010111011111001011010011111010 5%
b1001011011110 U%
b10011001111 f%
#1448
b1010111100011101110100110000000 T
b1010100100110011000111011011100 0#
b1010100100110011000111011011100 P#
b1010111100011101110100110000000 5%
b1001011011111 U%
b10011010000 f%
#1449
b1010111101000010001111000000110 T
b1010100101010111100001101100010 0#
b1010100101010111100001101100010 P#
b1010111101000010001111000000110 5%
b1001011100000 U%
b10011010001 f%
#1450
b1010111101100110101010101010110 T
b1010100101111011111101010110010 0#
b1010100101111011111101010110010 P#
b1010111101100110101010101010110 5%
b1001011100001 U%
b10011010010 f%
#1451
b1010111110001011000100111011100 T
b1010100110100000010111100111000 0#
b1010100110100000010111100111000 P#
b1010111110001011000100111011100 5%
b1001011100010 U%
b10011010011 f%
#1452
b1010111110101111011111001100010 T
b1010100111000100110001110111110 0#
b1010100111000100110001110111110 P#
b1010111110101111011111001100010 5%
b1001011100011 U%
b10011010100 f%
#1453
b1010111111010011111010110110010 T
b1010100111101001001101100001110 0#
b1010100111101001001101100001110 P#
b1010111111010011111010110110010 5%
b1001011100100 U%
b10011010101 f%
#1454
b1010111111111000010101000111000 T
b1010101000001101100111110010100 0#
b1010101000001101100111110010100 P#
b1010111111111000010101000111000 5%
b1001011100101 U%
b10011010110 f%
#1455
b1011000000011100101111010111110 T
b1010101000110010000010000011010 0#
b1010101000110010000010000011010 P#
b1011000000011100101111010111110 5%
b1001011100110 U%
b10011010111 f%
#1456
b1011000001000001001011000001110 T
b1010101001010110011101101101010 0#
b1010101001010110011101101101010 P#
b1011000001000001001011000001110 5%
b1001011100111 U%
b10011011000 f%
#1457
b1011000001100101100101010010100 T
b1010101001111010110111111110000 0#
b1010101001111010110111111110000 P#
b1011000001100101100101010010100 5%
b1001011101000 U%
b10011011001 f%
#1458
b1011000010001001111111100011010 T
b1010101010011111010010001110110 0#
b1010101010011111010010001110110 P#
b1011000010001001111111100011010 5%
b1001011101001 U%
b10011011010 f%
#1459
b1011000010101110011001110100000 T
b1010101011000011101100011111100 0#
b1010101011000011101100011111100 P#
b1011000010101110011001110100000 5%
b1001011101010 U%
b10011011011 f%
#1460
b1011000011010010110101011110000 T
b1010101011101000001000001001100 0#
b1010101011101000001000001001100 P#
b1011000011010010110101011110000 5%
b1001011101011 U%
b10011011100 f%
#1461
b1011000011110111001111101110110 T
b1010101100001100100010011010010 0#
b1010101100001100100010011010010 P#
b1011000011110111001111101110110 5%
b1001011101100 U%
b10011011101 f%
#1462
b1011000100011011101001111111100 T
b1010101100110000111100101011000 0#
b1010101100110000111100101011000 P#
b1011000100011011101001111111100 5%
b1001011101101 U%
b10011011110 f%
#1463
b1011000101000000000101101001100 T
b1010101101010101011000010101000 0#
b1010101101010101011000010101000 P#
b1011000101000000000101101001100 5%
b1001011101110 U%
b10011011111 f%
#1464
b1011000101100100011111111010010 T
b1010101101111001110010100101110 0#
b1010101101111001110010100101110 P#
b1011000101100100011111111010010 5%
b1001011101111 U%
b10011100000 f%
#1465
b1011000110001000111010001011000 T
b1010101110011110001100110110100 0#
b1010101110011110001100110110100 P#
b1011000110001000111010001011000 5%
b1001011110000 U%
b10011100001 f%
#1466
b1011000110101101010101110101000 T
b1010101111000010101000100000100 0#
b1010101111000010101000100000100 P#
b1011000110101101010101110101000 5%
b1001011110001 U%
b10011100010 f%
#1467
b1011000111010001110000000101110 T
b1010101111100111000010110001010 0#
b1010101111100111000010110001010 P#
b1011000111010001110000000101110 5%
b1001011110010 U%
b10011100011 f%
#1468
b1011000111110110001010010110100 T
b1010110000001011011101000010000 0#
b1010110000001011011101000010000 P#
b1011000111110110001010010110100 5%
b1001011110011 U%
b10011100100 f%
#1469
b1011001000011010100110000000100 T
b1010110000101111111000101100000 0#
b1010110000101111111000101100000 P#
b1011001000011010100110000000100 5%
b1001011110100 U%
b10011100101 f%
#1470
b1011001000111111000000010001010 T
b1010110001010100010010111100110 0#
b1010110001010100010010111100110 P#
b1011001000111111000000010001010 5%
b1001011110101 U%
b10011100110 f%
#1471
b1011001001100011011010100010000 T
b1010110001111000101101001101100 0#
b1010110001111000101101001101100 P#
b1011001001100011011010100010000 5%
b1001011110110 U%
b10011100111 f%
#1472
b1011001010000111110110001100000 T
b1010110010011101001000110111100 0#
b1010110010011101001000110111100 P#
b1011001010000111110110001100000 5%
b1001011110111 U%
b10011101000 f%
#1473
b1011001010101100010000011100110 T
b1010110011000001100011001000010 0#
b1010110011000001100011001000010 P#
b1011001010101100010000011100110 5%
b1001011111000 U%
b10011101001 f%
#1474
b1011001011010000101010101101100 T
b1010110011100101111101011001000 0#
b1010110011100101111101011001000 P#
b1011001011010000101010101101100 5%
b1001011111001 U%
b10011101010 f%
#1475
b1011001011110101000110010111100 T
b1010110100001010011001000011000 0#
b1010110100001010011001000011000 P#
b1011001011110101000110010111100 5%
b1001011111010 U%
b10011101011 f%
#1476
b1011001100011001100000101000010 T
b1010110100101110110011010011110 0#
b1010110100101110110011010011110 P#
b1011001100011001100000101000010 5%
b1001011111011 U%
b10011101100 f%
#1477
1"
b10101 $
b11000011100011100 4
b1011001100111101111010111001100 T
b1010110101010000010110111000110 0#
b1010110101010000010110111000110 P#
b11111101000010101010010101011100 p#
b1011001100111101111010111001100 5%
b1001011111100 U%
b10011101101 f%
#1478
0"
b1011001101100010010110100011100 T
b1010110101110100110010100010110 0#
b1010110101110100110010100010110 P#
b1011001101100010010110100011100 5%
b1001011111101 U%
b10011101110 f%
#1479
b1011001110000110110000110100010 T
b1010110110011001001100110011100 0#
b1010110110011001001100110011100 P#
b1011001110000110110000110100010 5%
b1001011111110 U%
b10011101111 f%
#1480
b1011001110101011001011000101000 T
b1010110110111101100111000100010 0#
b1010110110111101100111000100010 P#
b1011001110101011001011000101000 5%
b1001011111111 U%
b10011110000 f%
#1481
b1011001111001111100110101111000 T
b1010110111100010000010101110010 0#
b1010110111100010000010101110010 P#
b1011001111001111100110101111000 5%
b1001100000000 U%
b10011110001 f%
#1482
b1011001111110100000000111111110 T
b1010111000000110011100111111000 0#
b1010111000000110011100111111000 P#
b1011001111110100000000111111110 5%
b1001100000001 U%
b10011110010 f%
#1483
b1011010000011000011011010000100 T
b1010111000101010110111001111110 0#
b1010111000101010110111001111110 P#
b1011010000011000011011010000100 5%
b1001100000010 U%
b10011110011 f%
#1484
b1011010000111100110110111010100 T
b1010111001001111010010111001110 0#
b1010111001001111010010111001110 P#
b1011010000111100110110111010100 5%
b1001100000011 U%
b10011110100 f%
#1485
b1011010001100001010001001011010 T
b1010111001110011101101001010100 0#
b1010111001110011101101001010100 P#
b1011010001100001010001001011010 5%
b1001100000100 U%
b10011110101 f%
#1486
b1011010010000101101011011100000 T
b1010111010011000000111011011010 0#
b1010111010011000000111011011010 P#
b1011010010000101101011011100000 5%
b1001100000101 U%
b10011110110 f%
#1487
b1011010010101010000101101100110 T
b1010111010111100100001101100000 0#
b1010111010111100100001101100000 P#
b1011010010101010000101101100110 5%
b1001100000110 U%
b10011110111 f%
#1488
b1011010011001110100001010110110 T
b1010111011100000111101010110000 0#
b1010111011100000111101010110000 P#
b1011010011001110100001010110110 5%
b1001100000111 U%
b10011111000 f%
#1489
b1011010011110010111011100111100 T
b1010111100000101010111100110110 0#
b1010111100000101010111100110110 P#
b1011010011110010111011100111100 5%
b1001100001000 U%
b10011111001 f%
#1490
b1011010100010111010101111000010 T
b1010111100101001110001110111100 0#
b1010111100101001110001110111100 P#
b1011010100010111010101111000010 5%
b1001100001001 U%
b10011111010 f%
#1491
b1011010100111011110001100010010 T
b1010111101001110001101100001100 0#
b1010111101001110001101100001100 P#
b1011010100111011110001100010010 5%
b1001100001010 U%
b10011111011 f%
#1492
b1011010101100000001011110011000 T
b1010111101110010100111110010010 0#
b1010111101110010100111110010010 P#
b1011010101100000001011110011000 5%
b1001100001011 U%
b10011111100 f%
#1493
b1011010110000100100110000011110 T
b1010111110010111000010000011000 0#
b1010111110010111000010000011000 P#
b1011010110000100100110000011110 5%
b1001100001100 U%
b10011111101 f%
#1494
b1011010110101001000001101101110 T
b1010111110111011011101101101000 0#
b1010111110111011011101101101000 P#
b1011010110101001000001101101110 5%
b1001100001101 U%
b10011111110 f%
#1495
b1011010111001101011011111110100 T
b1010111111011111110111111101110 0#
b1010111111011111110111111101110 P#
b1011010111001101011011111110100 5%
b1001100001110 U%
b10011111111 f%
#1496
b1011010111110001110110001111010 T
b1011000000000100010010001110100 0#
b1011000000000100010010001110100 P#
b1011010111110001110110001111010 5%
b1001100001111 U%
b10100000000 f%
#1497
b1011011000010110010001111001010 T
b1011000000101000101101111000100 0#
b1011000000101000101101111000100 P#
b1011011000010110010001111001010 5%
b1001100010000 U%
b10100000001 f%
#1498
b1011011000111010101100001010000 T
b1011000001001101001000001001010 0#
b1011000001001101001000001001010 P#
b1011011000111010101100001010000 5%
b1001100010001 U%
b10100000010 f%
#1499
b1011011001011111000110011010110 T
b1011000001110001100010011010000 0#
b1011000001110001100010011010000 P#
b1011011001011111000110011010110 5%
b1001100010010 U%
b10100000011 f%
#1500
b1011011010000011100010000100110 T
b1011000010010101111110000100000 0#
b1011000010010101111110000100000 P#
b1011011010000011100010000100110 5%
b1001100010011 U%
b10100000100 f%
#1501
b1011011010100111111100010101100 T
b1011000010111010011000010100110 0#
b1011000010111010011000010100110 P#
b1011011010100111111100010101100 5%
b1001100010100 U%
b10100000101 f%
#1502
b1011011011001100010110100110010 T
b1011000011011110110010100101100 0#
b1011000011011110110010100101100 P#
b1011011011001100010110100110010 5%
b1001100010101 U%
b10100000110 f%
#1503
b1011011011110000110010010000010 T
b1011000100000011001110001111100 0#
b1011000100000011001110001111100 P#
b1011011011110000110010010000010 5%
b1001100010110 U%
b10100000111 f%
#1504
b1011011100010101001100100001000 T
b1011000100100111101000100000010 0#
b1011000100100111101000100000010 P#
b1011011100010101001100100001000 5%
b1001100010111 U%
b10100001000 f%
#1505
b1011011100111001100110110001110 T
b1011000101001100000010110001000 0#
b1011000101001100000010110001000 P#
b1011011100111001100110110001110 5%
b1001100011000 U%
b10100001001 f%
#1506
b1011011101011110000010011011110 T
b1011000101110000011110011011000 0#
b1011000101110000011110011011000 P#
b1011011101011110000010011011110 5%
b1001100011001 U%
b10100001010 f%
#1507
b1011011110000010011100101100100 T
b1011000110010100111000101011110 0#
b1011000110010100111000101011110 P#
b1011011110000010011100101100100 5%
b1001100011010 U%
b10100001011 f%
#1508
b1011011110100110110110111101010 T
b1011000110111001010010111100100 0#
b1011000110111001010010111100100 P#
b1011011110100110110110111101010 5%
b1001100011011 U%
b10100001100 f%
#1509
b1011011111001011010010100111010 T
b1011000111011101101110100110100 0#
b1011000111011101101110100110100 P#
b1011011111001011010010100111010 5%
b1001100011100 U%
b10100001101 f%
#1510
b1011011111101111101100111000000 T
b1011001000000010001000110111010 0#
b1011001000000010001000110111010 P#
b1011011111101111101100111000000 5%
b1001100011101 U%
b10100001110 f%
#1511
b1011100000010100000111001000110 T
b1011001000100110100011001000000 0#
b1011001000100110100011001000000 P#
b1011100000010100000111001000110 5%
b1001100011110 U%
b10100001111 f%
#1512
b1011100000111000100010110010110 T
b1011001001001010111110110010000 0#
b1011001001001010111110110010000 P#
b1011100000111000100010110010110 5%
b1001100011111 U%
b10100010000 f%
#1513
b1011100001011100111101000011100 T
b1011001001101111011001000010110 0#
b1011001001101111011001000010110 P#
b1011100001011100111101000011100 5%
b1001100100000 U%
b10100010001 f%
#1514
b1011100010000001010111010100010 T
b1011001010010011110011010011100 0#
b1011001010010011110011010011100 P#
b1011100010000001010111010100010 5%
b1001100100001 U%
b10100010010 f%
#1515
b1011100010100101110010111110010 T
b1011001010111000001110111101100 0#
b1011001010111000001110111101100 P#
b1011100010100101110010111110010 5%
b1001100100010 U%
b10100010011 f%
#1516
b1011100011001010001101001111000 T
b1011001011011100101001001110010 0#
b1011001011011100101001001110010 P#
b1011100011001010001101001111000 5%
b1001100100011 U%
b10100010100 f%
#1517
b1011100011101110100111011111110 T
b1011001100000001000011011111000 0#
b1011001100000001000011011111000 P#
b1011100011101110100111011111110 5%
b1001100100100 U%
b10100010101 f%
#1518
b1011100100010011000001110000100 T
b1011001100100101011101101111110 0#
b1011001100100101011101101111110 P#
b1011100100010011000001110000100 5%
b1001100100101 U%
b10100010110 f%
#1519
b1011100100110111011101011010100 T
b1011001101001001111001011001110 0#
b1011001101001001111001011001110 P#
b1011100100110111011101011010100 5%
b1001100100110 U%
b10100010111 f%
#1520
b1011100101011011110111101011010 T
b1011001101101110010011101010100 0#
b1011001101101110010011101010100 P#
b1011100101011011110111101011010 5%
b1001100100111 U%
b10100011000 f%
#1521
b1011100110000000010001111100000 T
b1011001110010010101101111011010 0#
b1011001110010010101101111011010 P#
b1011100110000000010001111100000 5%
b1001100101000 U%
b10100011001 f%
#1522
b1011100110100100101101100110000 T
b1011001110110111001001100101010 0#
b1011001110110111001001100101010 P#
b1011100110100100101101100110000 5%
b1001100101001 U%
b10100011010 f%
#1523
b1011100111001001000111110110110 T
b1011001111011011100011110110000 0#
b1011001111011011100011110110000 P#
b1011100111001001000111110110110 5%
b1001100101010 U%
b10100011011 f%
#1524
b1011100111101101100010000111100 T
b1011001111111111111110000110110 0#
b1011001111111111111110000110110 P#
b1011100111101101100010000111100 5%
b1001100101011 U%
b10100011100 f%
#1525
b1011101000010001111101110001100 T
b1011010000100100011001110000110 0#
b1011010000100100011001110000110 P#
b1011101000010001111101110001100 5%
b1001100101100 U%
b10100011101 f%
#1526
b1011101000110110011000000010010 T
b1011010001001000110100000001100 0#
b1011010001001000110100000001100 P#
b1011101000110110011000000010010 5%
b1001100101101 U%
b10100011110 f%
#1527
b1011101001011010110010010011000 T
b1011010001101101001110010010010 0#
b1011010001101101001110010010010 P#
b1011101001011010110010010011000 5%
b1001100101110 U%
b10100011111 f%
#1528
b1011101001111111001101111101000 T
b1011010010010001101001111100010 0#
b1011010010010001101001111100010 P#
b1011101001111111001101111101000 5%
b1001100101111 U%
b10100100000 f%
#1529
b1011101010100011101000001101110 T
b1011010010110110000100001101000 0#
b1011010010110110000100001101000 P#
b1011101010100011101000001101110 5%
b1001100110000 U%
b10100100001 f%
#1530
b1011101011001000000010011110100 T
b1011010011011010011110011101110 0#
b1011010011011010011110011101110 P#
b1011101011001000000010011110100 5%
b1001100110001 U%
b10100100010 f%
#1531
b1011101011101100011110001000100 T
b1011010011111110111010000111110 0#
b1011010011111110111010000111110 P#
b1011101011101100011110001000100 5%
b1001100110010 U%
b10100100011 f%
#1532
b1011101100010000111000011001010 T
b1011010100100011010100011000100 0#
b1011010100100011010100011000100 P#
b1011101100010000111000011001010 5%
b1001100110011 U%
b10100100100 f%
#1533
b1011101100110101010010101010000 T
b1011010101000111101110101001010 0#
b1011010101000111101110101001010 P#
b1011101100110101010010101010000 5%
b1001100110100 U%
b10100100101 f%
#1534
b1011101101011001101110010100000 T
b1011010101101100001010010011010 0#
b1011010101101100001010010011010 P#
b1011101101011001101110010100000 5%
b1001100110101 U%
b10100100110 f%
#1535
b1011101101111110001000100100110 T
b1011010110010000100100100100000 0#
b1011010110010000100100100100000 P#
b1011101101111110001000100100110 5%
b1001100110110 U%
b10100100111 f%
#1536
b1011101110100010100010110101100 T
b1011010110110100111110110100110 0#
b1011010110110100111110110100110 P#
b1011101110100010100010110101100 5%
b1001100110111 U%
b10100101000 f%
#1537
1"
b10110 $
b1011101111000110111110100000000 T
b1011010111010110000110100000110 0#
b1011010111010110000110100000110 P#
b11111101000010010011011111111010 p#
b1011101111000110111110100000000 5%
b1001100111000 U%
b10100101001 f%
#1538
0"
b1011101111101011011000110000110 T
b1011010111111010100000110001100 0#
b1011010111111010100000110001100 P#
b1011101111101011011000110000110 5%
b1001100111001 U%
b10100101010 f%
#1539
b1011110000001111110011000001100 T
b1011011000011110111011000010010 0#
b1011011000011110111011000010010 P#
b1011110000001111110011000001100 5%
b1001100111010 U%
b10100101011 f%
#1540
b1011110000110100001110101011100 T
b1011011001000011010110101100010 0#
b1011011001000011010110101100010 P#
b1011110000110100001110101011100 5%
b1001100111011 U%
b10100101100 f%
#1541
b1011110001011000101000111100010 T
b1011011001100111110000111101000 0#
b1011011001100111110000111101000 P#
b1011110001011000101000111100010 5%
b1001100111100 U%
b10100101101 f%
#1542
b1011110001111101000011001101000 T
b1011011010001100001011001101110 0#
b1011011010001100001011001101110 P#
b1011110001111101000011001101000 5%
b1001100111101 U%
b10100101110 f%
#1543
b1011110010100001011110110111000 T
b1011011010110000100110110111110 0#
b1011011010110000100110110111110 P#
b1011110010100001011110110111000 5%
b1001100111110 U%
b10100101111 f%
#1544
b1011110011000101111001000111110 T
b1011011011010101000001001000100 0#
b1011011011010101000001001000100 P#
b1011110011000101111001000111110 5%
b1001100111111 U%
b10100110000 f%
#1545
b1011110011101010010011011000100 T
b1011011011111001011011011001010 0#
b1011011011111001011011011001010 P#
b1011110011101010010011011000100 5%
b1001101000000 U%
b10100110001 f%
#1546
b1011110100001110101101101001010 T
b1011011100011101110101101010000 0#
b1011011100011101110101101010000 P#
b1011110100001110101101101001010 5%
b1001101000001 U%
b10100110010 f%
#1547
b1011110100110011001001010011010 T
b1011011101000010010001010100000 0#
b1011011101000010010001010100000 P#
b1011110100110011001001010011010 5%
b1001101000010 U%
b10100110011 f%
#1548
b1011110101010111100011100100000 T
b1011011101100110101011100100110 0#
b1011011101100110101011100100110 P#
b1011110101010111100011100100000 5%
b1001101000011 U%
b10100110100 f%
#1549
b1011110101111011111101110100110 T
b1011011110001011000101110101100 0#
b1011011110001011000101110101100 P#
b1011110101111011111101110100110 5%
b1001101000100 U%
b10100110101 f%
#1550
b1011110110100000011001011110110 T
b1011011110101111100001011111100 0#
b1011011110101111100001011111100 P#
b1011110110100000011001011110110 5%
b1001101000101 U%
b10100110110 f%
#1551
b1011110111000100110011101111100 T
b1011011111010011111011110000010 0#
b1011011111010011111011110000010 P#
b1011110111000100110011101111100 5%
b1001101000110 U%
b10100110111 f%
#1552
b1011110111101001001110000000010 T
b1011011111111000010110000001000 0#
b1011011111111000010110000001000 P#
b1011110111101001001110000000010 5%
b1001101000111 U%
b10100111000 f%
#1553
b1011111000001101101001101010010 T
b1011100000011100110001101011000 0#
b1011100000011100110001101011000 P#
b1011111000001101101001101010010 5%
b1001101001000 U%
b10100111001 f%
#1554
b1011111000110010000011111011000 T
b1011100001000001001011111011110 0#
b1011100001000001001011111011110 P#
b1011111000110010000011111011000 5%
b1001101001001 U%
b10100111010 f%
#1555
b1011111001010110011110001011110 T
b1011100001100101100110001100100 0#
b1011100001100101100110001100100 P#
b1011111001010110011110001011110 5%
b1001101001010 U%
b10100111011 f%
#1556
b1011111001111010111001110101110 T
b1011100010001010000001110110100 0#
b1011100010001010000001110110100 P#
b1011111001111010111001110101110 5%
b1001101001011 U%
b10100111100 f%
#1557
b1011111010011111010100000110100 T
b1011100010101110011100000111010 0#
b1011100010101110011100000111010 P#
b1011111010011111010100000110100 5%
b1001101001100 U%
b10100111101 f%
#1558
b1011111011000011101110010111010 T
b1011100011010010110110011000000 0#
b1011100011010010110110011000000 P#
b1011111011000011101110010111010 5%
b1001101001101 U%
b10100111110 f%
#1559
b1011111011101000001010000001010 T
b1011100011110111010010000010000 0#
b1011100011110111010010000010000 P#
b1011111011101000001010000001010 5%
b1001101001110 U%
b10100111111 f%
#1560
b1011111100001100100100010010000 T
b1011100100011011101100010010110 0#
b1011100100011011101100010010110 P#
b1011111100001100100100010010000 5%
b1001101001111 U%
b10101000000 f%
#1561
b1011111100110000111110100010110 T
b1011100101000000000110100011100 0#
b1011100101000000000110100011100 P#
b1011111100110000111110100010110 5%
b1001101010000 U%
b10101000001 f%
#1562
b1011111101010101011010001100110 T
b1011100101100100100010001101100 0#
b1011100101100100100010001101100 P#
b1011111101010101011010001100110 5%
b1001101010001 U%
b10101000010 f%
#1563
b1011111101111001110100011101100 T
b1011100110001000111100011110010 0#
b1011100110001000111100011110010 P#
b1011111101111001110100011101100 5%
b1001101010010 U%
b10101000011 f%
#1564
b1011111110011110001110101110010 T
b1011100110101101010110101111000 0#
b1011100110101101010110101111000 P#
b1011111110011110001110101110010 5%
b1001101010011 U%
b10101000100 f%
#1565
b1011111111000010101010011000010 T
b1011100111010001110010011001000 0#
b1011100111010001110010011001000 P#
b1011111111000010101010011000010 5%
b1001101010100 U%
b10101000101 f%
#1566
b1011111111100111000100101001000 T
b1011100111110110001100101001110 0#
b1011100111110110001100101001110 P#
b1011111111100111000100101001000 5%
b1001101010101 U%
b10101000110 f%
#1567
b1100000000001011011110111001110 T
b1011101000011010100110111010100 0#
b1011101000011010100110111010100 P#
b1100000000001011011110111001110 5%
b1001101010110 U%
b10101000111 f%
#1568
b1100000000101111111010100011110 T
b1011101000111111000010100100100 0#
b1011101000111111000010100100100 P#
b1100000000101111111010100011110 5%
b1001101010111 U%
b10101001000 f%
#1569
b1100000001010100010100110100100 T
b1011101001100011011100110101010 0#
b1011101001100011011100110101010 P#
b1100000001010100010100110100100 5%
b1001101011000 U%
b10101001001 f%
#1570
b1100000001111000101111000101010 T
b1011101010000111110111000110000 0#
b1011101010000111110111000110000 P#
b1100000001111000101111000101010 5%
b1001101011001 U%
b10101001010 f%
#1571
b1100000010011101001010101111010 T
b1011101010101100010010110000000 0#
b1011101010101100010010110000000 P#
b1100000010011101001010101111010 5%
b1001101011010 U%
b10101001011 f%
#1572
b1100000011000001100101000000000 T
b1011101011010000101101000000110 0#
b1011101011010000101101000000110 P#
b1100000011000001100101000000000 5%
b1001101011011 U%
b10101001100 f%
#1573
b1100000011100101111111010000110 T
b1011101011110101000111010001100 0#
b1011101011110101000111010001100 P#
b1100000011100101111111010000110 5%
b1001101011100 U%
b10101001101 f%
#1574
b1100000100001010011010111010110 T
b1011101100011001100010111011100 0#
b1011101100011001100010111011100 P#
b1100000100001010011010111010110 5%
b1001101011101 U%
b10101001110 f%
#1575
b1100000100101110110101001011100 T
b1011101100111101111101001100010 0#
b1011101100111101111101001100010 P#
b1100000100101110110101001011100 5%
b1001101011110 U%
b10101001111 f%
#1576
b1100000101010011001111011100010 T
b1011101101100010010111011101000 0#
b1011101101100010010111011101000 P#
b1100000101010011001111011100010 5%
b1001101011111 U%
b10101010000 f%
#1577
b1100000101110111101001101101000 T
b1011101110000110110001101101110 0#
b1011101110000110110001101101110 P#
b1100000101110111101001101101000 5%
b1001101100000 U%
b10101010001 f%
#1578
b1100000110011100000101010111000 T
b1011101110101011001101010111110 0#
b1011101110101011001101010111110 P#
b1100000110011100000101010111000 5%
b1001101100001 U%
b10101010010 f%
#1579
b1100000111000000011111100111110 T
b1011101111001111100111101000100 0#
b1011101111001111100111101000100 P#
b1100000111000000011111100111110 5%
b1001101100010 U%
b10101010011 f%
#1580
b1100000111100100111001111000100 T
b1011101111110100000001111001010 0#
b1011101111110100000001111001010 P#
b1100000111100100111001111000100 5%
b1001101100011 U%
b10101010100 f%
#1581
b1100001000001001010101100010100 T
b1011110000011000011101100011010 0#
b1011110000011000011101100011010 P#
b1100001000001001010101100010100 5%
b1001101100100 U%
b10101010101 f%
#1582
b1100001000101101101111110011010 T
b1011110000111100110111110100000 0#
b1011110000111100110111110100000 P#
b1100001000101101101111110011010 5%
b1001101100101 U%
b10101010110 f%
#1583
b1100001001010010001010000100000 T
b1011110001100001010010000100110 0#
b1011110001100001010010000100110 P#
b1100001001010010001010000100000 5%
b1001101100110 U%
b10101010111 f%
#1584
b1100001001110110100101101110000 T
b1011110010000101101101101110110 0#
b1011110010000101101101101110110 P#
b1100001001110110100101101110000 5%
b1001101100111 U%
b10101011000 f%
#1585
b1100001010011010111111111110110 T
b1011110010101010000111111111100 0#
b1011110010101010000111111111100 P#
b1100001010011010111111111110110 5%
b1001101101000 U%
b10101011001 f%
#1586
b1100001010111111011010001111100 T
b1011110011001110100010010000010 0#
b1011110011001110100010010000010 P#
b1100001010111111011010001111100 5%
b1001101101001 U%
b10101011010 f%
#1587
b1100001011100011110101111001100 T
b1011110011110010111101111010010 0#
b1011110011110010111101111010010 P#
b1100001011100011110101111001100 5%
b1001101101010 U%
b10101011011 f%
#1588
b1100001100001000010000001010010 T
b1011110100010111011000001011000 0#
b1011110100010111011000001011000 P#
b1100001100001000010000001010010 5%
b1001101101011 U%
b10101011100 f%
#1589
b1100001100101100101010011011000 T
b1011110100111011110010011011110 0#
b1011110100111011110010011011110 P#
b1100001100101100101010011011000 5%
b1001101101100 U%
b10101011101 f%
#1590
b1100001101010001000110000101000 T
b1011110101100000001110000101110 0#
b1011110101100000001110000101110 P#
b1100001101010001000110000101000 5%
b1001101101101 U%
b10101011110 f%
#1591
b1100001101110101100000010101110 T
b1011110110000100101000010110100 0#
b1011110110000100101000010110100 P#
b1100001101110101100000010101110 5%
b1001101101110 U%
b10101011111 f%
#1592
b1100001110011001111010100110100 T
b1011110110101001000010100111010 0#
b1011110110101001000010100111010 P#
b1100001110011001111010100110100 5%
b1001101101111 U%
b10101100000 f%
#1593
b1100001110111110010110010000100 T
b1011110111001101011110010001010 0#
b1011110111001101011110010001010 P#
b1100001110111110010110010000100 5%
b1001101110000 U%
b10101100001 f%
#1594
b1100001111100010110000100001010 T
b1011110111110001111000100010000 0#
b1011110111110001111000100010000 P#
b1100001111100010110000100001010 5%
b1001101110001 U%
b10101100010 f%
#1595
b1100010000000111001010110010000 T
b1011111000010110010010110010110 0#
b1011111000010110010010110010110 P#
b1100010000000111001010110010000 5%
b1001101110010 U%
b10101100011 f%
#1596
b1100010000101011100110011100000 T
b1011111000111010101110011100110 0#
b1011111000111010101110011100110 P#
b1100010000101011100110011100000 5%
b1001101110011 U%
b10101100100 f%
#1597
1"
b10111 $
b11000011100011011 4
b1100010001010000000000101101010 T
b1011111001011100101101111010110 0#
b1011111001011100101101111010110 P#
b11111101000001111001000000000110 p#
b1100010001010000000000101101010 5%
b1001101110100 U%
b10101100101 f%
#1598
0"
b1100010001110100011010111110000 T
b1011111010000001001000001011100 0#
b1011111010000001001000001011100 P#
b1100010001110100011010111110000 5%
b1001101110101 U%
b10101100110 f%
#1599
b1100010010011000110110101000000 T
b1011111010100101100011110101100 0#
b1011111010100101100011110101100 P#
b1100010010011000110110101000000 5%
b1001101110110 U%
b10101100111 f%
#1600
b1100010010111101010000111000110 T
b1011111011001001111110000110010 0#
b1011111011001001111110000110010 P#
b1100010010111101010000111000110 5%
b1001101110111 U%
b10101101000 f%
#1601
b1100010011100001101011001001100 T
b1011111011101110011000010111000 0#
b1011111011101110011000010111000 P#
b1100010011100001101011001001100 5%
b1001101111000 U%
b10101101001 f%
#1602
b1100010100000110000110110011100 T
b1011111100010010110100000001000 0#
b1011111100010010110100000001000 P#
b1100010100000110000110110011100 5%
b1001101111001 U%
b10101101010 f%
#1603
b1100010100101010100001000100010 T
b1011111100110111001110010001110 0#
b1011111100110111001110010001110 P#
b1100010100101010100001000100010 5%
b1001101111010 U%
b10101101011 f%
#1604
b1100010101001110111011010101000 T
b1011111101011011101000100010100 0#
b1011111101011011101000100010100 P#
b1100010101001110111011010101000 5%
b1001101111011 U%
b10101101100 f%
#1605
b1100010101110011010101100101110 T
b1011111110000000000010110011010 0#
b1011111110000000000010110011010 P#
b1100010101110011010101100101110 5%
b1001101111100 U%
b10101101101 f%
#1606
b1100010110010111110001001111110 T
b1011111110100100011110011101010 0#
b1011111110100100011110011101010 P#
b1100010110010111110001001111110 5%
b1001101111101 U%
b10101101110 f%
#1607
b1100010110111100001011100000100 T
b1011111111001000111000101110000 0#
b1011111111001000111000101110000 P#
b1100010110111100001011100000100 5%
b1001101111110 U%
b10101101111 f%
#1608
b1100010111100000100101110001010 T
b1011111111101101010010111110110 0#
b1011111111101101010010111110110 P#
b1100010111100000100101110001010 5%
b1001101111111 U%
b10101110000 f%
#1609
b1100011000000101000001011011010 T
b1100000000010001101110101000110 0#
b1100000000010001101110101000110 P#
b1100011000000101000001011011010 5%
b1001110000000 U%
b10101110001 f%
#1610
b1100011000101001011011101100000 T
b1100000000110110001000111001100 0#
b1100000000110110001000111001100 P#
b1100011000101001011011101100000 5%
b1001110000001 U%
b10101110010 f%
#1611
b1100011001001101110101111100110 T
b1100000001011010100011001010010 0#
b1100000001011010100011001010010 P#
b1100011001001101110101111100110 5%
b1001110000010 U%
b10101110011 f%
#1612
b1100011001110010010001100110110 T
b1100000001111110111110110100010 0#
b1100000001111110111110110100010 P#
b1100011001110010010001100110110 5%
b1001110000011 U%
b10101110100 f%
#1613
b1100011010010110101011110111100 T
b1100000010100011011001000101000 0#
b1100000010100011011001000101000 P#
b1100011010010110101011110111100 5%
b1001110000100 U%
b10101110101 f%
#1614
b1100011010111011000110001000010 T
b1100000011000111110011010101110 0#
b1100000011000111110011010101110 P#
b1100011010111011000110001000010 5%
b1001110000101 U%
b10101110110 f%
#1615
b1100011011011111100001110010010 T
b1100000011101100001110111111110 0#
b1100000011101100001110111111110 P#
b1100011011011111100001110010010 5%
b1001110000110 U%
b10101110111 f%
#1616
b1100011100000011111100000011000 T
b1100000100010000101001010000100 0#
b1100000100010000101001010000100 P#
b1100011100000011111100000011000 5%
b1001110000111 U%
b10101111000 f%
#1617
b1100011100101000010110010011110 T
b1100000100110101000011100001010 0#
b1100000100110101000011100001010 P#
b1100011100101000010110010011110 5%
b1001110001000 U%
b10101111001 f%
#1618
b1100011101001100110001111101110 T
b1100000101011001011111001011010 0#
b1100000101011001011111001011010 P#
b1100011101001100110001111101110 5%
b1001110001001 U%
b10101111010 f%
#1619
b1100011101110001001100001110100 T
b1100000101111101111001011100000 0#
b1100000101111101111001011100000 P#
b1100011101110001001100001110100 5%
b1001110001010 U%
b10101111011 f%
#1620
b1100011110010101100110011111010 T
b1100000110100010010011101100110 0#
b1100000110100010010011101100110 P#
b1100011110010101100110011111010 5%
b1001110001011 U%
b10101111100 f%
#1621
b1100011110111010000010001001010 T
b1100000111000110101111010110110 0#
b1100000111000110101111010110110 P#
b1100011110111010000010001001010 5%
b1001110001100 U%
b10101111101 f%
#1622
b1100011111011110011100011010000 T
b1100000111101011001001100111100 0#
b1100000111101011001001100111100 P#
b1100011111011110011100011010000 5%
b1001110001101 U%
b10101111110 f%
#1623
b1100100000000010110110101010110 T
b1100001000001111100011111000010 0#
b1100001000001111100011111000010 P#
b1100100000000010110110101010110 5%
b1001110001110 U%
b10101111111 f%
#1624
b1100100000100111010010010100110 T
b1100001000110011111111100010010 0#
b1100001000110011111111100010010 P#
b1100100000100111010010010100110 5%
b1001110001111 U%
b10110000000 f%
#1625
b1100100001001011101100100101100 T
b1100001001011000011001110011000 0#
b1100001001011000011001110011000 P#
b1100100001001011101100100101100 5%
b1001110010000 U%
b10110000001 f%
#1626
b1100100001110000000110110110010 T
b1100001001111100110100000011110 0#
b1100001001111100110100000011110 P#
b1100100001110000000110110110010 5%
b1001110010001 U%
b10110000010 f%
#1627
b1100100010010100100010100000010 T
b1100001010100001001111101101110 0#
b1100001010100001001111101101110 P#
b1100100010010100100010100000010 5%
b1001110010010 U%
b10110000011 f%
#1628
b1100100010111000111100110001000 T
b1100001011000101101001111110100 0#
b1100001011000101101001111110100 P#
b1100100010111000111100110001000 5%
b1001110010011 U%
b10110000100 f%
#1629
b1100100011011101010111000001110 T
b1100001011101010000100001111010 0#
b1100001011101010000100001111010 P#
b1100100011011101010111000001110 5%
b1001110010100 U%
b10110000101 f%
#1630
b1100100100000001110010101011110 T
b1100001100001110011111111001010 0#
b1100001100001110011111111001010 P#
b1100100100000001110010101011110 5%
b1001110010101 U%
b10110000110 f%
#1631
b1100100100100110001100111100100 T
b1100001100110010111010001010000 0#
b1100001100110010111010001010000 P#
b1100100100100110001100111100100 5%
b1001110010110 U%
b10110000111 f%
#1632
b1100100101001010100111001101010 T
b1100001101010111010100011010110 0#
b1100001101010111010100011010110 P#
b1100100101001010100111001101010 5%
b1001110010111 U%
b10110001000 f%
#1633
b1100100101101111000010110111010 T
b1100001101111011110000000100110 0#
b1100001101111011110000000100110 P#
b1100100101101111000010110111010 5%
b1001110011000 U%
b10110001001 f%
#1634
b1100100110010011011101001000000 T
b1100001110100000001010010101100 0#
b1100001110100000001010010101100 P#
b1100100110010011011101001000000 5%
b1001110011001 U%
b10110001010 f%
#1635
b1100100110110111110111011000110 T
b1100001111000100100100100110010 0#
b1100001111000100100100100110010 P#
b1100100110110111110111011000110 5%
b1001110011010 U%
b10110001011 f%
#1636
b1100100111011100010001101001100 T
b1100001111101000111110110111000 0#
b1100001111101000111110110111000 P#
b1100100111011100010001101001100 5%
b1001110011011 U%
b10110001100 f%
#1637
b1100101000000000101101010011100 T
b1100010000001101011010100001000 0#
b1100010000001101011010100001000 P#
b1100101000000000101101010011100 5%
b1001110011100 U%
b10110001101 f%
#1638
b1100101000100101000111100100010 T
b1100010000110001110100110001110 0#
b1100010000110001110100110001110 P#
b1100101000100101000111100100010 5%
b1001110011101 U%
b10110001110 f%
#1639
b1100101001001001100001110101000 T
b1100010001010110001111000010100 0#
b1100010001010110001111000010100 P#
b1100101001001001100001110101000 5%
b1001110011110 U%
b10110001111 f%
#1640
b1100101001101101111101011111000 T
b1100010001111010101010101100100 0#
b1100010001111010101010101100100 P#
b1100101001101101111101011111000 5%
b1001110011111 U%
b10110010000 f%
#1641
b1100101010010010010111101111110 T
b1100010010011111000100111101010 0#
b1100010010011111000100111101010 P#
b1100101010010010010111101111110 5%
b1001110100000 U%
b10110010001 f%
#1642
b1100101010110110110010000000100 T
b1100010011000011011111001110000 0#
b1100010011000011011111001110000 P#
b1100101010110110110010000000100 5%
b1001110100001 U%
b10110010010 f%
#1643
b1100101011011011001101101010100 T
b1100010011100111111010111000000 0#
b1100010011100111111010111000000 P#
b1100101011011011001101101010100 5%
b1001110100010 U%
b10110010011 f%
#1644
b1100101011111111100111111011010 T
b1100010100001100010101001000110 0#
b1100010100001100010101001000110 P#
b1100101011111111100111111011010 5%
b1001110100011 U%
b10110010100 f%
#1645
b1100101100100100000010001100000 T
b1100010100110000101111011001100 0#
b1100010100110000101111011001100 P#
b1100101100100100000010001100000 5%
b1001110100100 U%
b10110010101 f%
#1646
b1100101101001000011101110110000 T
b1100010101010101001011000011100 0#
b1100010101010101001011000011100 P#
b1100101101001000011101110110000 5%
b1001110100101 U%
b10110010110 f%
#1647
b1100101101101100111000000110110 T
b1100010101111001100101010100010 0#
b1100010101111001100101010100010 P#
b1100101101101100111000000110110 5%
b1001110100110 U%
b10110010111 f%
#1648
b1100101110010001010010010111100 T
b1100010110011101111111100101000 0#
b1100010110011101111111100101000 P#
b1100101110010001010010010111100 5%
b1001110100111 U%
b10110011000 f%
#1649
b1100101110110101101110000001100 T
b1100010111000010011011001111000 0#
b1100010111000010011011001111000 P#
b1100101110110101101110000001100 5%
b1001110101000 U%
b10110011001 f%
#1650
b1100101111011010001000010010010 T
b1100010111100110110101011111110 0#
b1100010111100110110101011111110 P#
b1100101111011010001000010010010 5%
b1001110101001 U%
b10110011010 f%
#1651
b1100101111111110100010100011000 T
b1100011000001011001111110000100 0#
b1100011000001011001111110000100 P#
b1100101111111110100010100011000 5%
b1001110101010 U%
b10110011011 f%
#1652
b1100110000100010111110001101000 T
b1100011000101111101011011010100 0#
b1100011000101111101011011010100 P#
b1100110000100010111110001101000 5%
b1001110101011 U%
b10110011100 f%
#1653
b1100110001000111011000011101110 T
b1100011001010100000101101011010 0#
b1100011001010100000101101011010 P#
b1100110001000111011000011101110 5%
b1001110101100 U%
b10110011101 f%
#1654
b1100110001101011110010101110100 T
b1100011001111000011111111100000 0#
b1100011001111000011111111100000 P#
b1100110001101011110010101110100 5%
b1001110101101 U%
b10110011110 f%
#1655
b1100110010010000001110011000100 T
b1100011010011100111011100110000 0#
b1100011010011100111011100110000 P#
b1100110010010000001110011000100 5%
b1001110101110 U%
b10110011111 f%
#1656
b1100110010110100101000101001010 T
b1100011011000001010101110110110 0#
b1100011011000001010101110110110 P#
b1100110010110100101000101001010 5%
b1001110101111 U%
b10110100000 f%
#1657
1"
b11000 $
b11000011100011100 4
b1100110011011001000010111010100 T
b1100011011100010111001011011110 0#
b1100011011100010111001011011110 P#
b11111101000001100101101001101100 p#
b1100110011011001000010111010100 5%
b1001110110000 U%
b10110100001 f%
#1658
0"
b1100110011111101011110100100100 T
b1100011100000111010101000101110 0#
b1100011100000111010101000101110 P#
b1100110011111101011110100100100 5%
b1001110110001 U%
b10110100010 f%
#1659
b1100110100100001111000110101010 T
b1100011100101011101111010110100 0#
b1100011100101011101111010110100 P#
b1100110100100001111000110101010 5%
b1001110110010 U%
b10110100011 f%
#1660
b1100110101000110010011000110000 T
b1100011101010000001001100111010 0#
b1100011101010000001001100111010 P#
b1100110101000110010011000110000 5%
b1001110110011 U%
b10110100100 f%
#1661
b1100110101101010101110110000000 T
b1100011101110100100101010001010 0#
b1100011101110100100101010001010 P#
b1100110101101010101110110000000 5%
b1001110110100 U%
b10110100101 f%
#1662
b1100110110001111001001000000110 T
b1100011110011000111111100010000 0#
b1100011110011000111111100010000 P#
b1100110110001111001001000000110 5%
b1001110110101 U%
b10110100110 f%
#1663
b1100110110110011100011010001100 T
b1100011110111101011001110010110 0#
b1100011110111101011001110010110 P#
b1100110110110011100011010001100 5%
b1001110110110 U%
b10110100111 f%
#1664
b1100110111010111111101100010010 T
b1100011111100001110100000011100 0#
b1100011111100001110100000011100 P#
b1100110111010111111101100010010 5%
b1001110110111 U%
b10110101000 f%
#1665
b1100110111111100011001001100010 T
b1100100000000110001111101101100 0#
b1100100000000110001111101101100 P#
b1100110111111100011001001100010 5%
b1001110111000 U%
b10110101001 f%
#1666
b1100111000100000110011011101000 T
b1100100000101010101001111110010 0#
b1100100000101010101001111110010 P#
b1100111000100000110011011101000 5%
b1001110111001 U%
b10110101010 f%
#1667
b1100111001000101001101101101110 T
b1100100001001111000100001111000 0#
b1100100001001111000100001111000 P#
b1100111001000101001101101101110 5%
b1001110111010 U%
b10110101011 f%
#1668
b1100111001101001101001010111110 T
b1100100001110011011111111001000 0#
b1100100001110011011111111001000 P#
b1100111001101001101001010111110 5%
b1001110111011 U%
b10110101100 f%
#1669
b1100111010001110000011101000100 T
b1100100010010111111010001001110 0#
b1100100010010111111010001001110 P#
b1100111010001110000011101000100 5%
b1001110111100 U%
b10110101101 f%
#1670
b1100111010110010011101111001010 T
b1100100010111100010100011010100 0#
b1100100010111100010100011010100 P#
b1100111010110010011101111001010 5%
b1001110111101 U%
b10110101110 f%
#1671
b1100111011010110111001100011010 T
b1100100011100000110000000100100 0#
b1100100011100000110000000100100 P#
b1100111011010110111001100011010 5%
b1001110111110 U%
b10110101111 f%
#1672
b1100111011111011010011110100000 T
b1100100100000101001010010101010 0#
b1100100100000101001010010101010 P#
b1100111011111011010011110100000 5%
b1001110111111 U%
b10110110000 f%
#1673
b1100111100011111101110000100110 T
b1100100100101001100100100110000 0#
b1100100100101001100100100110000 P#
b1100111100011111101110000100110 5%
b1001111000000 U%
b10110110001 f%
#1674
b1100111101000100001001101110110 T
b1100100101001110000000010000000 0#
b1100100101001110000000010000000 P#
b1100111101000100001001101110110 5%
b1001111000001 U%
b10110110010 f%
#1675
b1100111101101000100011111111100 T
b1100100101110010011010100000110 0#
b1100100101110010011010100000110 P#
b1100111101101000100011111111100 5%
b1001111000010 U%
b10110110011 f%
#1676
b1100111110001100111110010000010 T
b1100100110010110110100110001100 0#
b1100100110010110110100110001100 P#
b1100111110001100111110010000010 5%
b1001111000011 U%
b10110110100 f%
#1677
b1100111110110001011001111010010 T
b1100100110111011010000011011100 0#
b1100100110111011010000011011100 P#
b1100111110110001011001111010010 5%
b1001111000100 U%
b10110110101 f%
#1678
b1100111111010101110100001011000 T
b1100100111011111101010101100010 0#
b1100100111011111101010101100010 P#
b1100111111010101110100001011000 5%
b1001111000101 U%
b10110110110 f%
#1679
b1100111111111010001110011011110 T
b1100101000000100000100111101000 0#
b1100101000000100000100111101000 P#
b1100111111111010001110011011110 5%
b1001111000110 U%
b10110110111 f%
#1680
b1101000000011110101010000101110 T
b1100101000101000100000100111000 0#
b1100101000101000100000100111000 P#
b1101000000011110101010000101110 5%
b1001111000111 U%
b10110111000 f%
#1681
b1101000001000011000100010110100 T
b1100101001001100111010110111110 0#
b1100101001001100111010110111110 P#
b1101000001000011000100010110100 5%
b1001111001000 U%
b10110111001 f%
#1682
b1101000001100111011110100111010 T
b1100101001110001010101001000100 0#
b1100101001110001010101001000100 P#
b1101000001100111011110100111010 5%
b1001111001001 U%
b10110111010 f%
#1683
b1101000010001011111010010001010 T
b1100101010010101110000110010100 0#
b1100101010010101110000110010100 P#
b1101000010001011111010010001010 5%
b1001111001010 U%
b10110111011 f%
#1684
b1101000010110000010100100010000 T
b1100101010111010001011000011010 0#
b1100101010111010001011000011010 P#
b1101000010110000010100100010000 5%
b1001111001011 U%
b10110111100 f%
#1685
b1101000011010100101110110010110 T
b1100101011011110100101010100000 0#
b1100101011011110100101010100000 P#
b1101000011010100101110110010110 5%
b1001111001100 U%
b10110111101 f%
#1686
b1101000011111001001010011100110 T
b1100101100000011000000111110000 0#
b1100101100000011000000111110000 P#
b1101000011111001001010011100110 5%
b1001111001101 U%
b10110111110 f%
#1687
b1101000100011101100100101101100 T
b1100101100100111011011001110110 0#
b1100101100100111011011001110110 P#
b1101000100011101100100101101100 5%
b1001111001110 U%
b10110111111 f%
#1688
b1101000101000001111110111110010 T
b1100101101001011110101011111100 0#
b1100101101001011110101011111100 P#
b1101000101000001111110111110010 5%
b1001111001111 U%
b10111000000 f%
#1689
b1101000101100110011010101000010 T
b1100101101110000010001001001100 0#
b1100101101110000010001001001100 P#
b1101000101100110011010101000010 5%
b1001111010000 U%
b10111000001 f%
#1690
b1101000110001010110100111001000 T
b1100101110010100101011011010010 0#
b1100101110010100101011011010010 P#
b1101000110001010110100111001000 5%
b1001111010001 U%
b10111000010 f%
#1691
b1101000110101111001111001001110 T
b1100101110111001000101101011000 0#
b1100101110111001000101101011000 P#
b1101000110101111001111001001110 5%
b1001111010010 U%
b10111000011 f%
#1692
b1101000111010011101010110011110 T
b1100101111011101100001010101000 0#
b1100101111011101100001010101000 P#
b1101000111010011101010110011110 5%
b1001111010011 U%
b10111000100 f%
#1693
b1101000111111000000101000100100 T
b1100110000000001111011100101110 0#
b1100110000000001111011100101110 P#
b1101000111111000000101000100100 5%
b1001111010100 U%
b10111000101 f%
#1694
b1101001000011100011111010101010 T
b1100110000100110010101110110100 0#
b1100110000100110010101110110100 P#
b1101001000011100011111010101010 5%
b1001111010101 U%
b10111000110 f%
#1695
b1101001001000000111001100110000 T
b1100110001001010110000000111010 0#
b1100110001001010110000000111010 P#
b1101001001000000111001100110000 5%
b1001111010110 U%
b10111000111 f%
#1696
b1101001001100101010101010000000 T
b1100110001101111001011110001010 0#
b1100110001101111001011110001010 P#
b1101001001100101010101010000000 5%
b1001111010111 U%
b10111001000 f%
#1697
b1101001010001001101111100000110 T
b1100110010010011100110000010000 0#
b1100110010010011100110000010000 P#
b1101001010001001101111100000110 5%
b1001111011000 U%
b10111001001 f%
#1698
b1101001010101110001001110001100 T
b1100110010111000000000010010110 0#
b1100110010111000000000010010110 P#
b1101001010101110001001110001100 5%
b1001111011001 U%
b10111001010 f%
#1699
b1101001011010010100101011011100 T
b1100110011011100011011111100110 0#
b1100110011011100011011111100110 P#
b1101001011010010100101011011100 5%
b1001111011010 U%
b10111001011 f%
#1700
b1101001011110110111111101100010 T
b1100110100000000110110001101100 0#
b1100110100000000110110001101100 P#
b1101001011110110111111101100010 5%
b1001111011011 U%
b10111001100 f%
#1701
b1101001100011011011001111101000 T
b1100110100100101010000011110010 0#
b1100110100100101010000011110010 P#
b1101001100011011011001111101000 5%
b1001111011100 U%
b10111001101 f%
#1702
b1101001100111111110101100111000 T
b1100110101001001101100001000010 0#
b1100110101001001101100001000010 P#
b1101001100111111110101100111000 5%
b1001111011101 U%
b10111001110 f%
#1703
b1101001101100100001111110111110 T
b1100110101101110000110011001000 0#
b1100110101101110000110011001000 P#
b1101001101100100001111110111110 5%
b1001111011110 U%
b10111001111 f%
#1704
b1101001110001000101010001000100 T
b1100110110010010100000101001110 0#
b1100110110010010100000101001110 P#
b1101001110001000101010001000100 5%
b1001111011111 U%
b10111010000 f%
#1705
b1101001110101101000101110010100 T
b1100110110110110111100010011110 0#
b1100110110110110111100010011110 P#
b1101001110101101000101110010100 5%
b1001111100000 U%
b10111010001 f%
#1706
b1101001111010001100000000011010 T
b1100110111011011010110100100100 0#
b1100110111011011010110100100100 P#
b1101001111010001100000000011010 5%
b1001111100001 U%
b10111010010 f%
#1707
b1101001111110101111010010100000 T
b1100110111111111110000110101010 0#
b1100110111111111110000110101010 P#
b1101001111110101111010010100000 5%
b1001111100010 U%
b10111010011 f%
#1708
b1101010000011010010101111110000 T
b1100111000100100001100011111010 0#
b1100111000100100001100011111010 P#
b1101010000011010010101111110000 5%
b1001111100011 U%
b10111010100 f%
#1709
b1101010000111110110000001110110 T
b1100111001001000100110110000000 0#
b1100111001001000100110110000000 P#
b1101010000111110110000001110110 5%
b1001111100100 U%
b10111010101 f%
#1710
b1101010001100011001010011111100 T
b1100111001101101000001000000110 0#
b1100111001101101000001000000110 P#
b1101010001100011001010011111100 5%
b1001111100101 U%
b10111010110 f%
#1711
b1101010010000111100110001001100 T
b1100111010010001011100101010110 0#
b1100111010010001011100101010110 P#
b1101010010000111100110001001100 5%
b1001111100110 U%
b10111010111 f%
#1712
b1101010010101100000000011010010 T
b1100111010110101110110111011100 0#
b1100111010110101110110111011100 P#
b1101010010101100000000011010010 5%
b1001111100111 U%
b10111011000 f%
#1713
b1101010011010000011010101011000 T
b1100111011011010010001001100010 0#
b1100111011011010010001001100010 P#
b1101010011010000011010101011000 5%
b1001111101000 U%
b10111011001 f%
#1714
b1101010011110100110110010101000 T
b1100111011111110101100110110010 0#
b1100111011111110101100110110010 P#
b1101010011110100110110010101000 5%
b1001111101001 U%
b10111011010 f%
#1715
b1101010100011001010000100101110 T
b1100111100100011000111000111000 0#
b1100111100100011000111000111000 P#
b1101010100011001010000100101110 5%
b1001111101010 U%
b10111011011 f%
#1716
b1101010100111101101010110110100 T
b1100111101000111100001010111110 0#
b1100111101000111100001010111110 P#
b1101010100111101101010110110100 5%
b1001111101011 U%
b10111011100 f%
#1717
1"
b11001 $
b11000011100011011 4
b1101010101100010000110100001000 T
b1100111101101001000100111100110 0#
b1100111101101001000100111100110 P#
b11111101000001001110110100001010 p#
b1101010101100010000110100001000 5%
b1001111101100 U%
b10111011101 f%
#1718
0"
b1101010110000110100000110001110 T
b1100111110001101011111001101100 0#
b1100111110001101011111001101100 P#
b1101010110000110100000110001110 5%
b1001111101101 U%
b10111011110 f%
#1719
b1101010110101010111011000010100 T
b1100111110110001111001011110010 0#
b1100111110110001111001011110010 P#
b1101010110101010111011000010100 5%
b1001111101110 U%
b10111011111 f%
#1720
b1101010111001111010110101100100 T
b1100111111010110010101001000010 0#
b1100111111010110010101001000010 P#
b1101010111001111010110101100100 5%
b1001111101111 U%
b10111100000 f%
#1721
b1101010111110011110000111101010 T
b1100111111111010101111011001000 0#
b1100111111111010101111011001000 P#
b1101010111110011110000111101010 5%
b1001111110000 U%
b10111100001 f%
#1722
b1101011000011000001011001110000 T
b1101000000011111001001101001110 0#
b1101000000011111001001101001110 P#
b1101011000011000001011001110000 5%
b1001111110001 U%
b10111100010 f%
#1723
b1101011000111100100101011110110 T
b1101000001000011100011111010100 0#
b1101000001000011100011111010100 P#
b1101011000111100100101011110110 5%
b1001111110010 U%
b10111100011 f%
#1724
b1101011001100001000001001000110 T
b1101000001100111111111100100100 0#
b1101000001100111111111100100100 P#
b1101011001100001000001001000110 5%
b1001111110011 U%
b10111100100 f%
#1725
b1101011010000101011011011001100 T
b1101000010001100011001110101010 0#
b1101000010001100011001110101010 P#
b1101011010000101011011011001100 5%
b1001111110100 U%
b10111100101 f%
#1726
b1101011010101001110101101010010 T
b1101000010110000110100000110000 0#
b1101000010110000110100000110000 P#
b1101011010101001110101101010010 5%
b1001111110101 U%
b10111100110 f%
#1727
b1101011011001110010001010100010 T
b1101000011010101001111110000000 0#
b1101000011010101001111110000000 P#
b1101011011001110010001010100010 5%
b1001111110110 U%
b10111100111 f%
#1728
b1101011011110010101011100101000 T
b1101000011111001101010000000110 0#
b1101000011111001101010000000110 P#
b1101011011110010101011100101000 5%
b1001111110111 U%
b10111101000 f%
#1729
b1101011100010111000101110101110 T
b1101000100011110000100010001100 0#
b1101000100011110000100010001100 P#
b1101011100010111000101110101110 5%
b1001111111000 U%
b10111101001 f%
#1730
b1101011100111011100001011111110 T
b1101000101000010011111111011100 0#
b1101000101000010011111111011100 P#
b1101011100111011100001011111110 5%
b1001111111001 U%
b10111101010 f%
#1731
b1101011101011111111011110000100 T
b1101000101100110111010001100010 0#
b1101000101100110111010001100010 P#
b1101011101011111111011110000100 5%
b1001111111010 U%
b10111101011 f%
#1732
b1101011110000100010110000001010 T
b1101000110001011010100011101000 0#
b1101000110001011010100011101000 P#
b1101011110000100010110000001010 5%
b1001111111011 U%
b10111101100 f%
#1733
b1101011110101000110001101011010 T
b1101000110101111110000000111000 0#
b1101000110101111110000000111000 P#
b1101011110101000110001101011010 5%
b1001111111100 U%
b10111101101 f%
#1734
b1101011111001101001011111100000 T
b1101000111010100001010010111110 0#
b1101000111010100001010010111110 P#
b1101011111001101001011111100000 5%
b1001111111101 U%
b10111101110 f%
#1735
b1101011111110001100110001100110 T
b1101000111111000100100101000100 0#
b1101000111111000100100101000100 P#
b1101011111110001100110001100110 5%
b1001111111110 U%
b10111101111 f%
#1736
b1101100000010110000001110110110 T
b1101001000011101000000010010100 0#
b1101001000011101000000010010100 P#
b1101100000010110000001110110110 5%
b1001111111111 U%
b10111110000 f%
#1737
b1101100000111010011100000111100 T
b1101001001000001011010100011010 0#
b1101001001000001011010100011010 P#
b1101100000111010011100000111100 5%
b1010000000000 U%
b10111110001 f%
#1738
b1101100001011110110110011000010 T
b1101001001100101110100110100000 0#
b1101001001100101110100110100000 P#
b1101100001011110110110011000010 5%
b1010000000001 U%
b10111110010 f%
#1739
b1101100010000011010010000010010 T
b1101001010001010010000011110000 0#
b1101001010001010010000011110000 P#
b1101100010000011010010000010010 5%
b1010000000010 U%
b10111110011 f%
#1740
b1101100010100111101100010011000 T
b1101001010101110101010101110110 0#
b1101001010101110101010101110110 P#
b1101100010100111101100010011000 5%
b1010000000011 U%
b10111110100 f%
#1741
b1101100011001100000110100011110 T
b1101001011010011000100111111100 0#
b1101001011010011000100111111100 P#
b1101100011001100000110100011110 5%
b1010000000100 U%
b10111110101 f%
#1742
b1101100011110000100010001101110 T
b1101001011110111100000101001100 0#
b1101001011110111100000101001100 P#
b1101100011110000100010001101110 5%
b1010000000101 U%
b10111110110 f%
#1743
b1101100100010100111100011110100 T
b1101001100011011111010111010010 0#
b1101001100011011111010111010010 P#
b1101100100010100111100011110100 5%
b1010000000110 U%
b10111110111 f%
#1744
b1101100100111001010110101111010 T
b1101001101000000010101001011000 0#
b1101001101000000010101001011000 P#
b1101100100111001010110101111010 5%
b1010000000111 U%
b10111111000 f%
#1745
b1101100101011101110010011001010 T
b1101001101100100110000110101000 0#
b1101001101100100110000110101000 P#
b1101100101011101110010011001010 5%
b1010000001000 U%
b10111111001 f%
#1746
b1101100110000010001100101010000 T
b1101001110001001001011000101110 0#
b1101001110001001001011000101110 P#
b1101100110000010001100101010000 5%
b1010000001001 U%
b10111111010 f%
#1747
b1101100110100110100110111010110 T
b1101001110101101100101010110100 0#
b1101001110101101100101010110100 P#
b1101100110100110100110111010110 5%
b1010000001010 U%
b10111111011 f%
#1748
b1101100111001011000010100100110 T
b1101001111010010000001000000100 0#
b1101001111010010000001000000100 P#
b1101100111001011000010100100110 5%
b1010000001011 U%
b10111111100 f%
#1749
b1101100111101111011100110101100 T
b1101001111110110011011010001010 0#
b1101001111110110011011010001010 P#
b1101100111101111011100110101100 5%
b1010000001100 U%
b10111111101 f%
#1750
b1101101000010011110111000110010 T
b1101010000011010110101100010000 0#
b1101010000011010110101100010000 P#
b1101101000010011110111000110010 5%
b1010000001101 U%
b10111111110 f%
#1751
b1101101000111000010010110000010 T
b1101010000111111010001001100000 0#
b1101010000111111010001001100000 P#
b1101101000111000010010110000010 5%
b1010000001110 U%
b10111111111 f%
#1752
b1101101001011100101101000001000 T
b1101010001100011101011011100110 0#
b1101010001100011101011011100110 P#
b1101101001011100101101000001000 5%
b1010000001111 U%
b11000000000 f%
#1753
b1101101010000001000111010001110 T
b1101010010001000000101101101100 0#
b1101010010001000000101101101100 P#
b1101101010000001000111010001110 5%
b1010000010000 U%
b11000000001 f%
#1754
b1101101010100101100001100010100 T
b1101010010101100011111111110010 0#
b1101010010101100011111111110010 P#
b1101101010100101100001100010100 5%
b1010000010001 U%
b11000000010 f%
#1755
b1101101011001001111101001100100 T
b1101010011010000111011101000010 0#
b1101010011010000111011101000010 P#
b1101101011001001111101001100100 5%
b1010000010010 U%
b11000000011 f%
#1756
b1101101011101110010111011101010 T
b1101010011110101010101111001000 0#
b1101010011110101010101111001000 P#
b1101101011101110010111011101010 5%
b1010000010011 U%
b11000000100 f%
#1757
b1101101100010010110001101110000 T
b1101010100011001110000001001110 0#
b1101010100011001110000001001110 P#
b1101101100010010110001101110000 5%
b1010000010100 U%
b11000000101 f%
#1758
b1101101100110111001101011000000 T
b1101010100111110001011110011110 0#
b1101010100111110001011110011110 P#
b1101101100110111001101011000000 5%
b1010000010101 U%
b11000000110 f%
#1759
b1101101101011011100111101000110 T
b1101010101100010100110000100100 0#
b1101010101100010100110000100100 P#
b1101101101011011100111101000110 5%
b1010000010110 U%
b11000000111 f%
#1760
b1101101110000000000001111001100 T
b1101010110000111000000010101010 0#
b1101010110000111000000010101010 P#
b1101101110000000000001111001100 5%
b1010000010111 U%
b11000001000 f%
#1761
b1101101110100100011101100011100 T
b1101010110101011011011111111010 0#
b1101010110101011011011111111010 P#
b1101101110100100011101100011100 5%
b1010000011000 U%
b11000001001 f%
#1762
b1101101111001000110111110100010 T
b1101010111001111110110010000000 0#
b1101010111001111110110010000000 P#
b1101101111001000110111110100010 5%
b1010000011001 U%
b11000001010 f%
#1763
b1101101111101101010010000101000 T
b1101010111110100010000100000110 0#
b1101010111110100010000100000110 P#
b1101101111101101010010000101000 5%
b1010000011010 U%
b11000001011 f%
#1764
b1101110000010001101101101111000 T
b1101011000011000101100001010110 0#
b1101011000011000101100001010110 P#
b1101110000010001101101101111000 5%
b1010000011011 U%
b11000001100 f%
#1765
b1101110000110110000111111111110 T
b1101011000111101000110011011100 0#
b1101011000111101000110011011100 P#
b1101110000110110000111111111110 5%
b1010000011100 U%
b11000001101 f%
#1766
b1101110001011010100010010000100 T
b1101011001100001100000101100010 0#
b1101011001100001100000101100010 P#
b1101110001011010100010010000100 5%
b1010000011101 U%
b11000001110 f%
#1767
b1101110001111110111101111010100 T
b1101011010000101111100010110010 0#
b1101011010000101111100010110010 P#
b1101110001111110111101111010100 5%
b1010000011110 U%
b11000001111 f%
#1768
b1101110010100011011000001011010 T
b1101011010101010010110100111000 0#
b1101011010101010010110100111000 P#
b1101110010100011011000001011010 5%
b1010000011111 U%
b11000010000 f%
#1769
b1101110011000111110010011100000 T
b1101011011001110110000110111110 0#
b1101011011001110110000110111110 P#
b1101110011000111110010011100000 5%
b1010000100000 U%
b11000010001 f%
#1770
b1101110011101100001110000110000 T
b1101011011110011001100100001110 0#
b1101011011110011001100100001110 P#
b1101110011101100001110000110000 5%
b1010000100001 U%
b11000010010 f%
#1771
b1101110100010000101000010110110 T
b1101011100010111100110110010100 0#
b1101011100010111100110110010100 P#
b1101110100010000101000010110110 5%
b1010000100010 U%
b11000010011 f%
#1772
b1101110100110101000010100111100 T
b1101011100111100000001000011010 0#
b1101011100111100000001000011010 P#
b1101110100110101000010100111100 5%
b1010000100011 U%
b11000010100 f%
#1773
b1101110101011001011110010001100 T
b1101011101100000011100101101010 0#
b1101011101100000011100101101010 P#
b1101110101011001011110010001100 5%
b1010000100100 U%
b11000010101 f%
#1774
b1101110101111101111000100010010 T
b1101011110000100110110111110000 0#
b1101011110000100110110111110000 P#
b1101110101111101111000100010010 5%
b1010000100101 U%
b11000010110 f%
#1775
b1101110110100010010010110011000 T
b1101011110101001010001001110110 0#
b1101011110101001010001001110110 P#
b1101110110100010010010110011000 5%
b1010000100110 U%
b11000010111 f%
#1776
b1101110111000110101110011101000 T
b1101011111001101101100111000110 0#
b1101011111001101101100111000110 P#
b1101110111000110101110011101000 5%
b1010000100111 U%
b11000011000 f%
#1777
1"
b11010 $
b11000011100011100 4
b1101110111101011001000101110010 T
b1101011111101111010000011101110 0#
b1101011111101111010000011101110 P#
b11111101000000110111110011011110 p#
b1101110111101011001000101110010 5%
b1010000101000 U%
b11000011001 f%
#1778
0"
b1101111000001111100010111111000 T
b1101100000010011101010101110100 0#
b1101100000010011101010101110100 P#
b1101111000001111100010111111000 5%
b1010000101001 U%
b11000011010 f%
#1779
b1101111000110011111110101001000 T
b1101100000111000000110011000100 0#
b1101100000111000000110011000100 P#
b1101111000110011111110101001000 5%
b1010000101010 U%
b11000011011 f%
#1780
b1101111001011000011000111001110 T
b1101100001011100100000101001010 0#
b1101100001011100100000101001010 P#
b1101111001011000011000111001110 5%
b1010000101011 U%
b11000011100 f%
#1781
b1101111001111100110011001010100 T
b1101100010000000111010111010000 0#
b1101100010000000111010111010000 P#
b1101111001111100110011001010100 5%
b1010000101100 U%
b11000011101 f%
#1782
b1101111010100001001101011011010 T
b1101100010100101010101001010110 0#
b1101100010100101010101001010110 P#
b1101111010100001001101011011010 5%
b1010000101101 U%
b11000011110 f%
#1783
b1101111011000101101001000101010 T
b1101100011001001110000110100110 0#
b1101100011001001110000110100110 P#
b1101111011000101101001000101010 5%
b1010000101110 U%
b11000011111 f%
#1784
b1101111011101010000011010110000 T
b1101100011101110001011000101100 0#
b1101100011101110001011000101100 P#
b1101111011101010000011010110000 5%
b1010000101111 U%
b11000100000 f%
#1785
b1101111100001110011101100110110 T
b1101100100010010100101010110010 0#
b1101100100010010100101010110010 P#
b1101111100001110011101100110110 5%
b1010000110000 U%
b11000100001 f%
#1786
b1101111100110010111001010000110 T
b1101100100110111000001000000010 0#
b1101100100110111000001000000010 P#
b1101111100110010111001010000110 5%
b1010000110001 U%
b11000100010 f%
#1787
b1101111101010111010011100001100 T
b1101100101011011011011010001000 0#
b1101100101011011011011010001000 P#
b1101111101010111010011100001100 5%
b1010000110010 U%
b11000100011 f%
#1788
b1101111101111011101101110010010 T
b1101100101111111110101100001110 0#
b1101100101111111110101100001110 P#
b1101111101111011101101110010010 5%
b1010000110011 U%
b11000100100 f%
#1789
b1101111110100000001001011100010 T
b1101100110100100010001001011110 0#
b1101100110100100010001001011110 P#
b1101111110100000001001011100010 5%
b1010000110100 U%
b11000100101 f%
#1790
b1101111111000100100011101101000 T
b1101100111001000101011011100100 0#
b1101100111001000101011011100100 P#
b1101111111000100100011101101000 5%
b1010000110101 U%
b11000100110 f%
#1791
b1101111111101000111101111101110 T
b1101100111101101000101101101010 0#
b1101100111101101000101101101010 P#
b1101111111101000111101111101110 5%
b1010000110110 U%
b11000100111 f%
#1792
b1110000000001101011001100111110 T
b1101101000010001100001010111010 0#
b1101101000010001100001010111010 P#
b1110000000001101011001100111110 5%
b1010000110111 U%
b11000101000 f%
#1793
b1110000000110001110011111000100 T
b1101101000110101111011101000000 0#
b1101101000110101111011101000000 P#
b1110000000110001110011111000100 5%
b1010000111000 U%
b11000101001 f%
#1794
b1110000001010110001110001001010 T
b1101101001011010010101111000110 0#
b1101101001011010010101111000110 P#
b1110000001010110001110001001010 5%
b1010000111001 U%
b11000101010 f%
#1795
b1110000001111010101001110011010 T
b1101101001111110110001100010110 0#
b1101101001111110110001100010110 P#
b1110000001111010101001110011010 5%
b1010000111010 U%
b11000101011 f%
#1796
b1110000010011111000100000100000 T
b1101101010100011001011110011100 0#
b1101101010100011001011110011100 P#
b1110000010011111000100000100000 5%
b1010000111011 U%
b11000101100 f%
#1797
b1110000011000011011110010100110 T
b1101101011000111100110000100010 0#
b1101101011000111100110000100010 P#
b1110000011000011011110010100110 5%
b1010000111100 U%
b11000101101 f%
#1798
b1110000011100111111001111110110 T
b1101101011101100000001101110010 0#
b1101101011101100000001101110010 P#
b1110000011100111111001111110110 5%
b1010000111101 U%
b11000101110 f%
#1799
b1110000100001100010100001111100 T
b1101101100010000011011111111000 0#
b1101101100010000011011111111000 P#
b1110000100001100010100001111100 5%
b1010000111110 U%
b11000101111 f%
#1800
b1110000100110000101110100000010 T
b1101101100110100110110001111110 0#
b1101101100110100110110001111110 P#
b1110000100110000101110100000010 5%
b1010000111111 U%
b11000110000 f%
#1801
b1110000101010101001010001010010 T
b1101101101011001010001111001110 0#
b1101101101011001010001111001110 P#
b1110000101010101001010001010010 5%
b1010001000000 U%
b11000110001 f%
#1802
b1110000101111001100100011011000 T
b1101101101111101101100001010100 0#
b1101101101111101101100001010100 P#
b1110000101111001100100011011000 5%
b1010001000001 U%
b11000110010 f%
#1803
b1110000110011101111110101011110 T
b1101101110100010000110011011010 0#
b1101101110100010000110011011010 P#
b1110000110011101111110101011110 5%
b1010001000010 U%
b11000110011 f%
#1804
b1110000111000010011010010101110 T
b1101101111000110100010000101010 0#
b1101101111000110100010000101010 P#
b1110000111000010011010010101110 5%
b1010001000011 U%
b11000110100 f%
#1805
b1110000111100110110100100110100 T
b1101101111101010111100010110000 0#
b1101101111101010111100010110000 P#
b1110000111100110110100100110100 5%
b1010001000100 U%
b11000110101 f%
#1806
b1110001000001011001110110111010 T
b1101110000001111010110100110110 0#
b1101110000001111010110100110110 P#
b1110001000001011001110110111010 5%
b1010001000101 U%
b11000110110 f%
#1807
b1110001000101111101010100001010 T
b1101110000110011110010010000110 0#
b1101110000110011110010010000110 P#
b1110001000101111101010100001010 5%
b1010001000110 U%
b11000110111 f%
#1808
b1110001001010100000100110010000 T
b1101110001011000001100100001100 0#
b1101110001011000001100100001100 P#
b1110001001010100000100110010000 5%
b1010001000111 U%
b11000111000 f%
#1809
b1110001001111000011111000010110 T
b1101110001111100100110110010010 0#
b1101110001111100100110110010010 P#
b1110001001111000011111000010110 5%
b1010001001000 U%
b11000111001 f%
#1810
b1110001010011100111010101100110 T
b1101110010100001000010011100010 0#
b1101110010100001000010011100010 P#
b1110001010011100111010101100110 5%
b1010001001001 U%
b11000111010 f%
#1811
b1110001011000001010100111101100 T
b1101110011000101011100101101000 0#
b1101110011000101011100101101000 P#
b1110001011000001010100111101100 5%
b1010001001010 U%
b11000111011 f%
#1812
b1110001011100101101111001110010 T
b1101110011101001110110111101110 0#
b1101110011101001110110111101110 P#
b1110001011100101101111001110010 5%
b1010001001011 U%
b11000111100 f%
#1813
b1110001100001010001001011111000 T
b1101110100001110010001001110100 0#
b1101110100001110010001001110100 P#
b1110001100001010001001011111000 5%
b1010001001100 U%
b11000111101 f%
#1814
b1110001100101110100101001001000 T
b1101110100110010101100111000100 0#
b1101110100110010101100111000100 P#
b1110001100101110100101001001000 5%
b1010001001101 U%
b11000111110 f%
#1815
b1110001101010010111111011001110 T
b1101110101010111000111001001010 0#
b1101110101010111000111001001010 P#
b1110001101010010111111011001110 5%
b1010001001110 U%
b11000111111 f%
#1816
b1110001101110111011001101010100 T
b1101110101111011100001011010000 0#
b1101110101111011100001011010000 P#
b1110001101110111011001101010100 5%
b1010001001111 U%
b11001000000 f%
#1817
b1110001110011011110101010100100 T
b1101110110011111111101000100000 0#
b1101110110011111111101000100000 P#
b1110001110011011110101010100100 5%
b1010001010000 U%
b11001000001 f%
#1818
b1110001111000000001111100101010 T
b1101110111000100010111010100110 0#
b1101110111000100010111010100110 P#
b1110001111000000001111100101010 5%
b1010001010001 U%
b11001000010 f%
#1819
b1110001111100100101001110110000 T
b1101110111101000110001100101100 0#
b1101110111101000110001100101100 P#
b1110001111100100101001110110000 5%
b1010001010010 U%
b11001000011 f%
#1820
b1110010000001001000101100000000 T
b1101111000001101001101001111100 0#
b1101111000001101001101001111100 P#
b1110010000001001000101100000000 5%
b1010001010011 U%
b11001000100 f%
#1821
b1110010000101101011111110000110 T
b1101111000110001100111100000010 0#
b1101111000110001100111100000010 P#
b1110010000101101011111110000110 5%
b1010001010100 U%
b11001000101 f%
#1822
b1110010001010001111010000001100 T
b1101111001010110000001110001000 0#
b1101111001010110000001110001000 P#
b1110010001010001111010000001100 5%
b1010001010101 U%
b11001000110 f%
#1823
b1110010001110110010101101011100 T
b1101111001111010011101011011000 0#
b1101111001111010011101011011000 P#
b1110010001110110010101101011100 5%
b1010001010110 U%
b11001000111 f%
#1824
b1110010010011010101111111100010 T
b1101111010011110110111101011110 0#
b1101111010011110110111101011110 P#
b1110010010011010101111111100010 5%
b1010001010111 U%
b11001001000 f%
#1825
b1110010010111111001010001101000 T
b1101111011000011010001111100100 0#
b1101111011000011010001111100100 P#
b1110010010111111001010001101000 5%
b1010001011000 U%
b11001001001 f%
#1826
b1110010011100011100101110111000 T
b1101111011100111101101100110100 0#
b1101111011100111101101100110100 P#
b1110010011100011100101110111000 5%
b1010001011001 U%
b11001001010 f%
#1827
b1110010100001000000000000111110 T
b1101111100001100000111110111010 0#
b1101111100001100000111110111010 P#
b1110010100001000000000000111110 5%
b1010001011010 U%
b11001001011 f%
#1828
b1110010100101100011010011000100 T
b1101111100110000100010001000000 0#
b1101111100110000100010001000000 P#
b1110010100101100011010011000100 5%
b1010001011011 U%
b11001001100 f%
#1829
b1110010101010000110110000010100 T
b1101111101010100111101110010000 0#
b1101111101010100111101110010000 P#
b1110010101010000110110000010100 5%
b1010001011100 U%
b11001001101 f%
#1830
b1110010101110101010000010011010 T
b1101111101111001011000000010110 0#
b1101111101111001011000000010110 P#
b1110010101110101010000010011010 5%
b1010001011101 U%
b11001001110 f%
#1831
b1110010110011001101010100100000 T
b1101111110011101110010010011100 0#
b1101111110011101110010010011100 P#
b1110010110011001101010100100000 5%
b1010001011110 U%
b11001001111 f%
#1832
b1110010110111110000110001110000 T
b1101111111000010001101111101100 0#
b1101111111000010001101111101100 P#
b1110010110111110000110001110000 5%
b1010001011111 U%
b11001010000 f%
#1833
b1110010111100010100000011110110 T
b1101111111100110101000001110010 0#
b1101111111100110101000001110010 P#
b1110010111100010100000011110110 5%
b1010001100000 U%
b11001010001 f%
#1834
b1110011000000110111010101111100 T
b1110000000001011000010011111000 0#
b1110000000001011000010011111000 P#
b1110011000000110111010101111100 5%
b1010001100001 U%
b11001010010 f%
#1835
b1110011000101011010110011001100 T
b1110000000101111011110001001000 0#
b1110000000101111011110001001000 P#
b1110011000101011010110011001100 5%
b1010001100010 U%
b11001010011 f%
#1836
b1110011001001111110000101010010 T
b1110000001010011111000011001110 0#
b1110000001010011111000011001110 P#
b1110011001001111110000101010010 5%
b1010001100011 U%
b11001010100 f%
#1837
1"
b11011 $
b1110011001110100001010111011100 T
b1110000001110100111110101100100 0#
b1110000001110100111110101100100 P#
b11111101000000100000111101111100 p#
b1110011001110100001010111011100 5%
b1010001100100 U%
b11001010101 f%
#1838
0"
b1110011010011000100110100101100 T
b1110000010011001011010010110100 0#
b1110000010011001011010010110100 P#
b1110011010011000100110100101100 5%
b1010001100101 U%
b11001010110 f%
#1839
b1110011010111101000000110110010 T
b1110000010111101110100100111010 0#
b1110000010111101110100100111010 P#
b1110011010111101000000110110010 5%
b1010001100110 U%
b11001010111 f%
#1840
b1110011011100001011011000111000 T
b1110000011100010001110111000000 0#
b1110000011100010001110111000000 P#
b1110011011100001011011000111000 5%
b1010001100111 U%
b11001011000 f%
#1841
b1110011100000101110101010111110 T
b1110000100000110101001001000110 0#
b1110000100000110101001001000110 P#
b1110011100000101110101010111110 5%
b1010001101000 U%
b11001011001 f%
#1842
b1110011100101010010001000001110 T
b1110000100101011000100110010110 0#
b1110000100101011000100110010110 P#
b1110011100101010010001000001110 5%
b1010001101001 U%
b11001011010 f%
#1843
b1110011101001110101011010010100 T
b1110000101001111011111000011100 0#
b1110000101001111011111000011100 P#
b1110011101001110101011010010100 5%
b1010001101010 U%
b11001011011 f%
#1844
b1110011101110011000101100011010 T
b1110000101110011111001010100010 0#
b1110000101110011111001010100010 P#
b1110011101110011000101100011010 5%
b1010001101011 U%
b11001011100 f%
#1845
b1110011110010111100001001101010 T
b1110000110011000010100111110010 0#
b1110000110011000010100111110010 P#
b1110011110010111100001001101010 5%
b1010001101100 U%
b11001011101 f%
#1846
b1110011110111011111011011110000 T
b1110000110111100101111001111000 0#
b1110000110111100101111001111000 P#
b1110011110111011111011011110000 5%
b1010001101101 U%
b11001011110 f%
#1847
b1110011111100000010101101110110 T
b1110000111100001001001011111110 0#
b1110000111100001001001011111110 P#
b1110011111100000010101101110110 5%
b1010001101110 U%
b11001011111 f%
#1848
b1110100000000100110001011000110 T
b1110001000000101100101001001110 0#
b1110001000000101100101001001110 P#
b1110100000000100110001011000110 5%
b1010001101111 U%
b11001100000 f%
#1849
b1110100000101001001011101001100 T
b1110001000101001111111011010100 0#
b1110001000101001111111011010100 P#
b1110100000101001001011101001100 5%
b1010001110000 U%
b11001100001 f%
#1850
b1110100001001101100101111010010 T
b1110001001001110011001101011010 0#
b1110001001001110011001101011010 P#
b1110100001001101100101111010010 5%
b1010001110001 U%
b11001100010 f%
#1851
b1110100001110010000001100100010 T
b1110001001110010110101010101010 0#
b1110001001110010110101010101010 P#
b1110100001110010000001100100010 5%
b1010001110010 U%
b11001100011 f%
#1852
b1110100010010110011011110101000 T
b1110001010010111001111100110000 0#
b1110001010010111001111100110000 P#
b1110100010010110011011110101000 5%
b1010001110011 U%
b11001100100 f%
#1853
b1110100010111010110110000101110 T
b1110001010111011101001110110110 0#
b1110001010111011101001110110110 P#
b1110100010111010110110000101110 5%
b1010001110100 U%
b11001100101 f%
#1854
b1110100011011111010001101111110 T
b1110001011100000000101100000110 0#
b1110001011100000000101100000110 P#
b1110100011011111010001101111110 5%
b1010001110101 U%
b11001100110 f%
#1855
b1110100100000011101100000000100 T
b1110001100000100011111110001100 0#
b1110001100000100011111110001100 P#
b1110100100000011101100000000100 5%
b1010001110110 U%
b11001100111 f%
#1856
b1110100100101000000110010001010 T
b1110001100101000111010000010010 0#
b1110001100101000111010000010010 P#
b1110100100101000000110010001010 5%
b1010001110111 U%
b11001101000 f%
#1857
b1110100101001100100001111011010 T
b1110001101001101010101101100010 0#
b1110001101001101010101101100010 P#
b1110100101001100100001111011010 5%
b1010001111000 U%
b11001101001 f%
#1858
b1110100101110000111100001100000 T
b1110001101110001101111111101000 0#
b1110001101110001101111111101000 P#
b1110100101110000111100001100000 5%
b1010001111001 U%
b11001101010 f%
#1859
b1110100110010101010110011100110 T
b1110001110010110001010001101110 0#
b1110001110010110001010001101110 P#
b1110100110010101010110011100110 5%
b1010001111010 U%
b11001101011 f%
#1860
b1110100110111001110010000110110 T
b1110001110111010100101110111110 0#
b1110001110111010100101110111110 P#
b1110100110111001110010000110110 5%
b1010001111011 U%
b11001101100 f%
#1861
b1110100111011110001100010111100 T
b1110001111011111000000001000100 0#
b1110001111011111000000001000100 P#
b1110100111011110001100010111100 5%
b1010001111100 U%
b11001101101 f%
#1862
b1110101000000010100110101000010 T
b1110010000000011011010011001010 0#
b1110010000000011011010011001010 P#
b1110101000000010100110101000010 5%
b1010001111101 U%
b11001101110 f%
#1863
b1110101000100111000010010010010 T
b1110010000100111110110000011010 0#
b1110010000100111110110000011010 P#
b1110101000100111000010010010010 5%
b1010001111110 U%
b11001101111 f%
#1864
b1110101001001011011100100011000 T
b1110010001001100010000010100000 0#
b1110010001001100010000010100000 P#
b1110101001001011011100100011000 5%
b1010001111111 U%
b11001110000 f%
#1865
b1110101001101111110110110011110 T
b1110010001110000101010100100110 0#
b1110010001110000101010100100110 P#
b1110101001101111110110110011110 5%
b1010010000000 U%
b11001110001 f%
#1866
b1110101010010100010010011101110 T
b1110010010010101000110001110110 0#
b1110010010010101000110001110110 P#
b1110101010010100010010011101110 5%
b1010010000001 U%
b11001110010 f%
#1867
b1110101010111000101100101110100 T
b1110010010111001100000011111100 0#
b1110010010111001100000011111100 P#
b1110101010111000101100101110100 5%
b1010010000010 U%
b11001110011 f%
#1868
b1110101011011101000110111111010 T
b1110010011011101111010110000010 0#
b1110010011011101111010110000010 P#
b1110101011011101000110111111010 5%
b1010010000011 U%
b11001110100 f%
#1869
b1110101100000001100010101001010 T
b1110010100000010010110011010010 0#
b1110010100000010010110011010010 P#
b1110101100000001100010101001010 5%
b1010010000100 U%
b11001110101 f%
#1870
b1110101100100101111100111010000 T
b1110010100100110110000101011000 0#
b1110010100100110110000101011000 P#
b1110101100100101111100111010000 5%
b1010010000101 U%
b11001110110 f%
#1871
b1110101101001010010111001010110 T
b1110010101001011001010111011110 0#
b1110010101001011001010111011110 P#
b1110101101001010010111001010110 5%
b1010010000110 U%
b11001110111 f%
#1872
b1110101101101110110001011011100 T
b1110010101101111100101001100100 0#
b1110010101101111100101001100100 P#
b1110101101101110110001011011100 5%
b1010010000111 U%
b11001111000 f%
#1873
b1110101110010011001101000101100 T
b1110010110010100000000110110100 0#
b1110010110010100000000110110100 P#
b1110101110010011001101000101100 5%
b1010010001000 U%
b11001111001 f%
#1874
b1110101110110111100111010110010 T
b1110010110111000011011000111010 0#
b1110010110111000011011000111010 P#
b1110101110110111100111010110010 5%
b1010010001001 U%
b11001111010 f%
#1875
b1110101111011100000001100111000 T
b1110010111011100110101011000000 0#
b1110010111011100110101011000000 P#
b1110101111011100000001100111000 5%
b1010010001010 U%
b11001111011 f%
#1876
b1110110000000000011101010001000 T
b1110011000000001010001000010000 0#
b1110011000000001010001000010000 P#
b1110110000000000011101010001000 5%
b1010010001011 U%
b11001111100 f%
#1877
b1110110000100100110111100001110 T
b1110011000100101101011010010110 0#
b1110011000100101101011010010110 P#
b1110110000100100110111100001110 5%
b1010010001100 U%
b11001111101 f%
#1878
b1110110001001001010001110010100 T
b1110011001001010000101100011100 0#
b1110011001001010000101100011100 P#
b1110110001001001010001110010100 5%
b1010010001101 U%
b11001111110 f%
#1879
b1110110001101101101101011100100 T
b1110011001101110100001001101100 0#
b1110011001101110100001001101100 P#
b1110110001101101101101011100100 5%
b1010010001110 U%
b11001111111 f%
#1880
b1110110010010010000111101101010 T
b1110011010010010111011011110010 0#
b1110011010010010111011011110010 P#
b1110110010010010000111101101010 5%
b1010010001111 U%
b11010000000 f%
#1881
b1110110010110110100001111110000 T
b1110011010110111010101101111000 0#
b1110011010110111010101101111000 P#
b1110110010110110100001111110000 5%
b1010010010000 U%
b11010000001 f%
#1882
b1110110011011010111101101000000 T
b1110011011011011110001011001000 0#
b1110011011011011110001011001000 P#
b1110110011011010111101101000000 5%
b1010010010001 U%
b11010000010 f%
#1883
b1110110011111111010111111000110 T
b1110011100000000001011101001110 0#
b1110011100000000001011101001110 P#
b1110110011111111010111111000110 5%
b1010010010010 U%
b11010000011 f%
#1884
b1110110100100011110010001001100 T
b1110011100100100100101111010100 0#
b1110011100100100100101111010100 P#
b1110110100100011110010001001100 5%
b1010010010011 U%
b11010000100 f%
#1885
b1110110101001000001101110011100 T
b1110011101001001000001100100100 0#
b1110011101001001000001100100100 P#
b1110110101001000001101110011100 5%
b1010010010100 U%
b11010000101 f%
#1886
b1110110101101100101000000100010 T
b1110011101101101011011110101010 0#
b1110011101101101011011110101010 P#
b1110110101101100101000000100010 5%
b1010010010101 U%
b11010000110 f%
#1887
b1110110110010001000010010101000 T
b1110011110010001110110000110000 0#
b1110011110010001110110000110000 P#
b1110110110010001000010010101000 5%
b1010010010110 U%
b11010000111 f%
#1888
b1110110110110101011101111111000 T
b1110011110110110010001110000000 0#
b1110011110110110010001110000000 P#
b1110110110110101011101111111000 5%
b1010010010111 U%
b11010001000 f%
#1889
b1110110111011001111000001111110 T
b1110011111011010101100000000110 0#
b1110011111011010101100000000110 P#
b1110110111011001111000001111110 5%
b1010010011000 U%
b11010001001 f%
#1890
b1110110111111110010010100000100 T
b1110011111111111000110010001100 0#
b1110011111111111000110010001100 P#
b1110110111111110010010100000100 5%
b1010010011001 U%
b11010001010 f%
#1891
b1110111000100010101110001010100 T
b1110100000100011100001111011100 0#
b1110100000100011100001111011100 P#
b1110111000100010101110001010100 5%
b1010010011010 U%
b11010001011 f%
#1892
b1110111001000111001000011011010 T
b1110100001000111111100001100010 0#
b1110100001000111111100001100010 P#
b1110111001000111001000011011010 5%
b1010010011011 U%
b11010001100 f%
#1893
b1110111001101011100010101100000 T
b1110100001101100010110011101000 0#
b1110100001101100010110011101000 P#
b1110111001101011100010101100000 5%
b1010010011100 U%
b11010001101 f%
#1894
b1110111010001111111110010110000 T
b1110100010010000110010000111000 0#
b1110100010010000110010000111000 P#
b1110111010001111111110010110000 5%
b1010010011101 U%
b11010001110 f%
#1895
b1110111010110100011000100110110 T
b1110100010110101001100010111110 0#
b1110100010110101001100010111110 P#
b1110111010110100011000100110110 5%
b1010010011110 U%
b11010001111 f%
#1896
b1110111011011000110010110111100 T
b1110100011011001100110101000100 0#
b1110100011011001100110101000100 P#
b1110111011011000110010110111100 5%
b1010010011111 U%
b11010010000 f%
#1897
1"
b11100 $
b11000011100011011 4
b1110111011111101001110100010000 T
b1110100011111011100111011111110 0#
b1110100011111011100111011111110 P#
b11111101000000000110011110001000 p#
b1110111011111101001110100010000 5%
b1010010100000 U%
b11010010001 f%
#1898
0"
b1110111100100001101000110010110 T
b1110100100100000000001110000100 0#
b1110100100100000000001110000100 P#
b1110111100100001101000110010110 5%
b1010010100001 U%
b11010010010 f%
#1899
b1110111101000110000011000011100 T
b1110100101000100011100000001010 0#
b1110100101000100011100000001010 P#
b1110111101000110000011000011100 5%
b1010010100010 U%
b11010010011 f%
#1900
b1110111101101010011101010100010 T
b1110100101101000110110010010000 0#
b1110100101101000110110010010000 P#
b1110111101101010011101010100010 5%
b1010010100011 U%
b11010010100 f%
#1901
b1110111110001110111000111110010 T
b1110100110001101010001111100000 0#
b1110100110001101010001111100000 P#
b1110111110001110111000111110010 5%
b1010010100100 U%
b11010010101 f%
#1902
b1110111110110011010011001111000 T
b1110100110110001101100001100110 0#
b1110100110110001101100001100110 P#
b1110111110110011010011001111000 5%
b1010010100101 U%
b11010010110 f%
#1903
b1110111111010111101101011111110 T
b1110100111010110000110011101100 0#
b1110100111010110000110011101100 P#
b1110111111010111101101011111110 5%
b1010010100110 U%
b11010010111 f%
#1904
b1110111111111100001001001001110 T
b1110100111111010100010000111100 0#
b1110100111111010100010000111100 P#
b1110111111111100001001001001110 5%
b1010010100111 U%
b11010011000 f%
#1905
b1111000000100000100011011010100 T
b1110101000011110111100011000010 0#
b1110101000011110111100011000010 P#
b1111000000100000100011011010100 5%
b1010010101000 U%
b11010011001 f%
#1906
b1111000001000100111101101011010 T
b1110101001000011010110101001000 0#
b1110101001000011010110101001000 P#
b1111000001000100111101101011010 5%
b1010010101001 U%
b11010011010 f%
#1907
b1111000001101001011001010101010 T
b1110101001100111110010010011000 0#
b1110101001100111110010010011000 P#
b1111000001101001011001010101010 5%
b1010010101010 U%
b11010011011 f%
#1908
b1111000010001101110011100110000 T
b1110101010001100001100100011110 0#
b1110101010001100001100100011110 P#
b1111000010001101110011100110000 5%
b1010010101011 U%
b11010011100 f%
#1909
b1111000010110010001101110110110 T
b1110101010110000100110110100100 0#
b1110101010110000100110110100100 P#
b1111000010110010001101110110110 5%
b1010010101100 U%
b11010011101 f%
#1910
b1111000011010110101001100000110 T
b1110101011010101000010011110100 0#
b1110101011010101000010011110100 P#
b1111000011010110101001100000110 5%
b1010010101101 U%
b11010011110 f%
#1911
b1111000011111011000011110001100 T
b1110101011111001011100101111010 0#
b1110101011111001011100101111010 P#
b1111000011111011000011110001100 5%
b1010010101110 U%
b11010011111 f%
#1912
b1111000100011111011110000010010 T
b1110101100011101110111000000000 0#
b1110101100011101110111000000000 P#
b1111000100011111011110000010010 5%
b1010010101111 U%
b11010100000 f%
#1913
b1111000101000011111001101100010 T
b1110101101000010010010101010000 0#
b1110101101000010010010101010000 P#
b1111000101000011111001101100010 5%
b1010010110000 U%
b11010100001 f%
#1914
b1111000101101000010011111101000 T
b1110101101100110101100111010110 0#
b1110101101100110101100111010110 P#
b1111000101101000010011111101000 5%
b1010010110001 U%
b11010100010 f%
#1915
b1111000110001100101110001101110 T
b1110101110001011000111001011100 0#
b1110101110001011000111001011100 P#
b1111000110001100101110001101110 5%
b1010010110010 U%
b11010100011 f%
#1916
b1111000110110001001001110111110 T
b1110101110101111100010110101100 0#
b1110101110101111100010110101100 P#
b1111000110110001001001110111110 5%
b1010010110011 U%
b11010100100 f%
#1917
b1111000111010101100100001000100 T
b1110101111010011111101000110010 0#
b1110101111010011111101000110010 P#
b1111000111010101100100001000100 5%
b1010010110100 U%
b11010100101 f%
#1918
b1111000111111001111110011001010 T
b1110101111111000010111010111000 0#
b1110101111111000010111010111000 P#
b1111000111111001111110011001010 5%
b1010010110101 U%
b11010100110 f%
#1919
b1111001000011110011010000011010 T
b1110110000011100110011000001000 0#
b1110110000011100110011000001000 P#
b1111001000011110011010000011010 5%
b1010010110110 U%
b11010100111 f%
#1920
b1111001001000010110100010100000 T
b1110110001000001001101010001110 0#
b1110110001000001001101010001110 P#
b1111001001000010110100010100000 5%
b1010010110111 U%
b11010101000 f%
#1921
b1111001001100111001110100100110 T
b1110110001100101100111100010100 0#
b1110110001100101100111100010100 P#
b1111001001100111001110100100110 5%
b1010010111000 U%
b11010101001 f%
#1922
b1111001010001011101010001110110 T
b1110110010001010000011001100100 0#
b1110110010001010000011001100100 P#
b1111001010001011101010001110110 5%
b1010010111001 U%
b11010101010 f%
#1923
b1111001010110000000100011111100 T
b1110110010101110011101011101010 0#
b1110110010101110011101011101010 P#
b1111001010110000000100011111100 5%
b1010010111010 U%
b11010101011 f%
#1924
b1111001011010100011110110000010 T
b1110110011010010110111101110000 0#
b1110110011010010110111101110000 P#
b1111001011010100011110110000010 5%
b1010010111011 U%
b11010101100 f%
#1925
b1111001011111000111010011010010 T
b1110110011110111010011011000000 0#
b1110110011110111010011011000000 P#
b1111001011111000111010011010010 5%
b1010010111100 U%
b11010101101 f%
#1926
b1111001100011101010100101011000 T
b1110110100011011101101101000110 0#
b1110110100011011101101101000110 P#
b1111001100011101010100101011000 5%
b1010010111101 U%
b11010101110 f%
#1927
b1111001101000001101110111011110 T
b1110110101000000000111111001100 0#
b1110110101000000000111111001100 P#
b1111001101000001101110111011110 5%
b1010010111110 U%
b11010101111 f%
#1928
b1111001101100110001010100101110 T
b1110110101100100100011100011100 0#
b1110110101100100100011100011100 P#
b1111001101100110001010100101110 5%
b1010010111111 U%
b11010110000 f%
#1929
b1111001110001010100100110110100 T
b1110110110001000111101110100010 0#
b1110110110001000111101110100010 P#
b1111001110001010100100110110100 5%
b1010011000000 U%
b11010110001 f%
#1930
b1111001110101110111111000111010 T
b1110110110101101011000000101000 0#
b1110110110101101011000000101000 P#
b1111001110101110111111000111010 5%
b1010011000001 U%
b11010110010 f%
#1931
b1111001111010011011001011000000 T
b1110110111010001110010010101110 0#
b1110110111010001110010010101110 P#
b1111001111010011011001011000000 5%
b1010011000010 U%
b11010110011 f%
#1932
b1111001111110111110101000010000 T
b1110110111110110001101111111110 0#
b1110110111110110001101111111110 P#
b1111001111110111110101000010000 5%
b1010011000011 U%
b11010110100 f%
#1933
b1111010000011100001111010010110 T
b1110111000011010101000010000100 0#
b1110111000011010101000010000100 P#
b1111010000011100001111010010110 5%
b1010011000100 U%
b11010110101 f%
#1934
b1111010001000000101001100011100 T
b1110111000111111000010100001010 0#
b1110111000111111000010100001010 P#
b1111010001000000101001100011100 5%
b1010011000101 U%
b11010110110 f%
#1935
b1111010001100101000101001101100 T
b1110111001100011011110001011010 0#
b1110111001100011011110001011010 P#
b1111010001100101000101001101100 5%
b1010011000110 U%
b11010110111 f%
#1936
b1111010010001001011111011110010 T
b1110111010000111111000011100000 0#
b1110111010000111111000011100000 P#
b1111010010001001011111011110010 5%
b1010011000111 U%
b11010111000 f%
#1937
b1111010010101101111001101111000 T
b1110111010101100010010101100110 0#
b1110111010101100010010101100110 P#
b1111010010101101111001101111000 5%
b1010011001000 U%
b11010111001 f%
#1938
b1111010011010010010101011001000 T
b1110111011010000101110010110110 0#
b1110111011010000101110010110110 P#
b1111010011010010010101011001000 5%
b1010011001001 U%
b11010111010 f%
#1939
b1111010011110110101111101001110 T
b1110111011110101001000100111100 0#
b1110111011110101001000100111100 P#
b1111010011110110101111101001110 5%
b1010011001010 U%
b11010111011 f%
#1940
b1111010100011011001001111010100 T
b1110111100011001100010111000010 0#
b1110111100011001100010111000010 P#
b1111010100011011001001111010100 5%
b1010011001011 U%
b11010111100 f%
#1941
b1111010100111111100101100100100 T
b1110111100111101111110100010010 0#
b1110111100111101111110100010010 P#
b1111010100111111100101100100100 5%
b1010011001100 U%
b11010111101 f%
#1942
b1111010101100011111111110101010 T
b1110111101100010011000110011000 0#
b1110111101100010011000110011000 P#
b1111010101100011111111110101010 5%
b1010011001101 U%
b11010111110 f%
#1943
b1111010110001000011010000110000 T
b1110111110000110110011000011110 0#
b1110111110000110110011000011110 P#
b1111010110001000011010000110000 5%
b1010011001110 U%
b11010111111 f%
#1944
b1111010110101100110101110000000 T
b1110111110101011001110101101110 0#
b1110111110101011001110101101110 P#
b1111010110101100110101110000000 5%
b1010011001111 U%
b11011000000 f%
#1945
b1111010111010001010000000000110 T
b1110111111001111101000111110100 0#
b1110111111001111101000111110100 P#
b1111010111010001010000000000110 5%
b1010011010000 U%
b11011000001 f%
#1946
b1111010111110101101010010001100 T
b1110111111110100000011001111010 0#
b1110111111110100000011001111010 P#
b1111010111110101101010010001100 5%
b1010011010001 U%
b11011000010 f%
#1947
b1111011000011010000101111011100 T
b1111000000011000011110111001010 0#
b1111000000011000011110111001010 P#
b1111011000011010000101111011100 5%
b1010011010010 U%
b11011000011 f%
#1948
b1111011000111110100000001100010 T
b1111000000111100111001001010000 0#
b1111000000111100111001001010000 P#
b1111011000111110100000001100010 5%
b1010011010011 U%
b11011000100 f%
#1949
b1111011001100010111010011101000 T
b1111000001100001010011011010110 0#
b1111000001100001010011011010110 P#
b1111011001100010111010011101000 5%
b1010011010100 U%
b11011000101 f%
#1950
b1111011010000111010110000111000 T
b1111000010000101101111000100110 0#
b1111000010000101101111000100110 P#
b1111011010000111010110000111000 5%
b1010011010101 U%
b11011000110 f%
#1951
b1111011010101011110000010111110 T
b1111000010101010001001010101100 0#
b1111000010101010001001010101100 P#
b1111011010101011110000010111110 5%
b1010011010110 U%
b11011000111 f%
#1952
b1111011011010000001010101000100 T
b1111000011001110100011100110010 0#
b1111000011001110100011100110010 P#
b1111011011010000001010101000100 5%
b1010011010111 U%
b11011001000 f%
#1953
b1111011011110100100110010010100 T
b1111000011110010111111010000010 0#
b1111000011110010111111010000010 P#
b1111011011110100100110010010100 5%
b1010011011000 U%
b11011001001 f%
#1954
b1111011100011001000000100011010 T
b1111000100010111011001100001000 0#
b1111000100010111011001100001000 P#
b1111011100011001000000100011010 5%
b1010011011001 U%
b11011001010 f%
#1955
b1111011100111101011010110100000 T
b1111000100111011110011110001110 0#
b1111000100111011110011110001110 P#
b1111011100111101011010110100000 5%
b1010011011010 U%
b11011001011 f%
#1956
b1111011101100001110110011110000 T
b1111000101100000001111011011110 0#
b1111000101100000001111011011110 P#
b1111011101100001110110011110000 5%
b1010011011011 U%
b11011001100 f%
#1957
1"
b11101 $
b11000011100011100 4
b1111011110000110010000101111010 T
b1111000110000001110011000000110 0#
b1111000110000001110011000000110 P#
b11111100111111110011000111101110 p#
b1111011110000110010000101111010 5%
b1010011011100 U%
b11011001101 f%
#1958
0"
b1111011110101010101011000000000 T
b1111000110100110001101010001100 0#
b1111000110100110001101010001100 P#
b1111011110101010101011000000000 5%
b1010011011101 U%
b11011001110 f%
#1959
b1111011111001111000101010000110 T
b1111000111001010100111100010010 0#
b1111000111001010100111100010010 P#
b1111011111001111000101010000110 5%
b1010011011110 U%
b11011001111 f%
#1960
b1111011111110011100000111010110 T
b1111000111101111000011001100010 0#
b1111000111101111000011001100010 P#
b1111011111110011100000111010110 5%
b1010011011111 U%
b11011010000 f%
#1961
b1111100000010111111011001011100 T
b1111001000010011011101011101000 0#
b1111001000010011011101011101000 P#
b1111100000010111111011001011100 5%
b1010011100000 U%
b11011010001 f%
#1962
b1111100000111100010101011100010 T
b1111001000110111110111101101110 0#
b1111001000110111110111101101110 P#
b1111100000111100010101011100010 5%
b1010011100001 U%
b11011010010 f%
#1963
b1111100001100000110001000110010 T
b1111001001011100010011010111110 0#
b1111001001011100010011010111110 P#
b1111100001100000110001000110010 5%
b1010011100010 U%
b11011010011 f%
#1964
b1111100010000101001011010111000 T
b1111001010000000101101101000100 0#
b1111001010000000101101101000100 P#
b1111100010000101001011010111000 5%
b1010011100011 U%
b11011010100 f%
#1965
b1111100010101001100101100111110 T
b1111001010100101000111111001010 0#
b1111001010100101000111111001010 P#
b1111100010101001100101100111110 5%
b1010011100100 U%
b11011010101 f%
#1966
b1111100011001110000001010001110 T
b1111001011001001100011100011010 0#
b1111001011001001100011100011010 P#
b1111100011001110000001010001110 5%
b1010011100101 U%
b11011010110 f%
#1967
b1111100011110010011011100010100 T
b1111001011101101111101110100000 0#
b1111001011101101111101110100000 P#
b1111100011110010011011100010100 5%
b1010011100110 U%
b11011010111 f%
#1968
b1111100100010110110101110011010 T
b1111001100010010011000000100110 0#
b1111001100010010011000000100110 P#
b1111100100010110110101110011010 5%
b1010011100111 U%
b11011011000 f%
#1969
b1111100100111011010001011101010 T
b1111001100110110110011101110110 0#
b1111001100110110110011101110110 P#
b1111100100111011010001011101010 5%
b1010011101000 U%
b11011011001 f%
#1970
b1111100101011111101011101110000 T
b1111001101011011001101111111100 0#
b1111001101011011001101111111100 P#
b1111100101011111101011101110000 5%
b1010011101001 U%
b11011011010 f%
#1971
b1111100110000100000101111110110 T
b1111001101111111101000010000010 0#
b1111001101111111101000010000010 P#
b1111100110000100000101111110110 5%
b1010011101010 U%
b11011011011 f%
#1972
b1111100110101000100001101000110 T
b1111001110100100000011111010010 0#
b1111001110100100000011111010010 P#
b1111100110101000100001101000110 5%
b1010011101011 U%
b11011011100 f%
#1973
b1111100111001100111011111001100 T
b1111001111001000011110001011000 0#
b1111001111001000011110001011000 P#
b1111100111001100111011111001100 5%
b1010011101100 U%
b11011011101 f%
#1974
b1111100111110001010110001010010 T
b1111001111101100111000011011110 0#
b1111001111101100111000011011110 P#
b1111100111110001010110001010010 5%
b1010011101101 U%
b11011011110 f%
#1975
b1111101000010101110001110100010 T
b1111010000010001010100000101110 0#
b1111010000010001010100000101110 P#
b1111101000010101110001110100010 5%
b1010011101110 U%
b11011011111 f%
#1976
b1111101000111010001100000101000 T
b1111010000110101101110010110100 0#
b1111010000110101101110010110100 P#
b1111101000111010001100000101000 5%
b1010011101111 U%
b11011100000 f%
#1977
b1111101001011110100110010101110 T
b1111010001011010001000100111010 0#
b1111010001011010001000100111010 P#
b1111101001011110100110010101110 5%
b1010011110000 U%
b11011100001 f%
#1978
b1111101010000011000001111111110 T
b1111010001111110100100010001010 0#
b1111010001111110100100010001010 P#
b1111101010000011000001111111110 5%
b1010011110001 U%
b11011100010 f%
#1979
b1111101010100111011100010000100 T
b1111010010100010111110100010000 0#
b1111010010100010111110100010000 P#
b1111101010100111011100010000100 5%
b1010011110010 U%
b11011100011 f%
#1980
b1111101011001011110110100001010 T
b1111010011000111011000110010110 0#
b1111010011000111011000110010110 P#
b1111101011001011110110100001010 5%
b1010011110011 U%
b11011100100 f%
#1981
b1111101011110000010010001011010 T
b1111010011101011110100011100110 0#
b1111010011101011110100011100110 P#
b1111101011110000010010001011010 5%
b1010011110100 U%
b11011100101 f%
#1982
b1111101100010100101100011100000 T
b1111010100010000001110101101100 0#
b1111010100010000001110101101100 P#
b1111101100010100101100011100000 5%
b1010011110101 U%
b11011100110 f%
#1983
b1111101100111001000110101100110 T
b1111010100110100101000111110010 0#
b1111010100110100101000111110010 P#
b1111101100111001000110101100110 5%
b1010011110110 U%
b11011100111 f%
#1984
b1111101101011101100010010110110 T
b1111010101011001000100101000010 0#
b1111010101011001000100101000010 P#
b1111101101011101100010010110110 5%
b1010011110111 U%
b11011101000 f%
#1985
b1111101110000001111100100111100 T
b1111010101111101011110111001000 0#
b1111010101111101011110111001000 P#
b1111101110000001111100100111100 5%
b1010011111000 U%
b11011101001 f%
#1986
b1111101110100110010110111000010 T
b1111010110100001111001001001110 0#
b1111010110100001111001001001110 P#
b1111101110100110010110111000010 5%
b1010011111001 U%
b11011101010 f%
#1987
b1111101111001010110010100010010 T
b1111010111000110010100110011110 0#
b1111010111000110010100110011110 P#
b1111101111001010110010100010010 5%
b1010011111010 U%
b11011101011 f%
#1988
b1111101111101111001100110011000 T
b1111010111101010101111000100100 0#
b1111010111101010101111000100100 P#
b1111101111101111001100110011000 5%
b1010011111011 U%
b11011101100 f%
#1989
b1111110000010011100111000011110 T
b1111011000001111001001010101010 0#
b1111011000001111001001010101010 P#
b1111110000010011100111000011110 5%
b1010011111100 U%
b11011101101 f%
#1990
b1111110000111000000001010100100 T
b1111011000110011100011100110000 0#
b1111011000110011100011100110000 P#
b1111110000111000000001010100100 5%
b1010011111101 U%
b11011101110 f%
#1991
b1111110001011100011100111110100 T
b1111011001010111111111010000000 0#
b1111011001010111111111010000000 P#
b1111110001011100011100111110100 5%
b1010011111110 U%
b11011101111 f%
#1992
b1111110010000000110111001111010 T
b1111011001111100011001100000110 0#
b1111011001111100011001100000110 P#
b1111110010000000110111001111010 5%
b1010011111111 U%
b11011110000 f%
#1993
b1111110010100101010001100000000 T
b1111011010100000110011110001100 0#
b1111011010100000110011110001100 P#
b1111110010100101010001100000000 5%
b1010100000000 U%
b11011110001 f%
#1994
b1111110011001001101101001010000 T
b1111011011000101001111011011100 0#
b1111011011000101001111011011100 P#
b1111110011001001101101001010000 5%
b1010100000001 U%
b11011110010 f%
#1995
b1111110011101110000111011010110 T
b1111011011101001101001101100010 0#
b1111011011101001101001101100010 P#
b1111110011101110000111011010110 5%
b1010100000010 U%
b11011110011 f%
#1996
b1111110100010010100001101011100 T
b1111011100001110000011111101000 0#
b1111011100001110000011111101000 P#
b1111110100010010100001101011100 5%
b1010100000011 U%
b11011110100 f%
#1997
b1111110100110110111101010101100 T
b1111011100110010011111100111000 0#
b1111011100110010011111100111000 P#
b1111110100110110111101010101100 5%
b1010100000100 U%
b11011110101 f%
#1998
b1111110101011011010111100110010 T
b1111011101010110111001110111110 0#
b1111011101010110111001110111110 P#
b1111110101011011010111100110010 5%
b1010100000101 U%
b11011110110 f%
#1999
b1111110101111111110001110111000 T
b1111011101111011010100001000100 0#
b1111011101111011010100001000100 P#
b1111110101111111110001110111000 5%
b1010100000110 U%
b11011110111 f%
#2000
b1111110110100100001101100001000 T
b1111011110011111101111110010100 0#
b1111011110011111101111110010100 P#
b1111110110100100001101100001000 5%
b1010100000111 U%
b11011111000 f%
#2001
b1111110111001000100111110001110 T
b1111011111000100001010000011010 0#
b1111011111000100001010000011010 P#
b1111110111001000100111110001110 5%
b1010100001000 U%
b11011111001 f%
#2002
b1111110111101101000010000010100 T
b1111011111101000100100010100000 0#
b1111011111101000100100010100000 P#
b1111110111101101000010000010100 5%
b1010100001001 U%
b11011111010 f%
#2003
b1111111000010001011101101100100 T
b1111100000001100111111111110000 0#
b1111100000001100111111111110000 P#
b1111111000010001011101101100100 5%
b1010100001010 U%
b11011111011 f%
#2004
b1111111000110101110111111101010 T
b1111100000110001011010001110110 0#
b1111100000110001011010001110110 P#
b1111111000110101110111111101010 5%
b1010100001011 U%
b11011111100 f%
#2005
b1111111001011010010010001110000 T
b1111100001010101110100011111100 0#
b1111100001010101110100011111100 P#
b1111111001011010010010001110000 5%
b1010100001100 U%
b11011111101 f%
#2006
b1111111001111110101101111000000 T
b1111100001111010010000001001100 0#
b1111100001111010010000001001100 P#
b1111111001111110101101111000000 5%
b1010100001101 U%
b11011111110 f%
#2007
b1111111010100011001000001000110 T
b1111100010011110101010011010010 0#
b1111100010011110101010011010010 P#
b1111111010100011001000001000110 5%
b1010100001110 U%
b11011111111 f%
#2008
b1111111011000111100010011001100 T
b1111100011000011000100101011000 0#
b1111100011000011000100101011000 P#
b1111111011000111100010011001100 5%
b1010100001111 U%
b11100000000 f%
#2009
b1111111011101011111110000011100 T
b1111100011100111100000010101000 0#
b1111100011100111100000010101000 P#
b1111111011101011111110000011100 5%
b1010100010000 U%
b11100000001 f%
#2010
b1111111100010000011000010100010 T
b1111100100001011111010100101110 0#
b1111100100001011111010100101110 P#
b1111111100010000011000010100010 5%
b1010100010001 U%
b11100000010 f%
#2011
b1111111100110100110010100101000 T
b1111100100110000010100110110100 0#
b1111100100110000010100110110100 P#
b1111111100110100110010100101000 5%
b1010100010010 U%
b11100000011 f%
#2012
b1111111101011001001110001111000 T
b1111100101010100110000100000100 0#
b1111100101010100110000100000100 P#
b1111111101011001001110001111000 5%
b1010100010011 U%
b11100000100 f%
#2013
b1111111101111101101000011111110 T
b1111100101111001001010110001010 0#
b1111100101111001001010110001010 P#
b1111111101111101101000011111110 5%
b1010100010100 U%
b11100000101 f%
#2014
b1111111110100010000010110000100 T
b1111100110011101100101000010000 0#
b1111100110011101100101000010000 P#
b1111111110100010000010110000100 5%
b1010100010101 U%
b11100000110 f%
#2015
b1111111111000110011110011010100 T
b1111100111000010000000101100000 0#
b1111100111000010000000101100000 P#
b1111111111000110011110011010100 5%
b1010100010110 U%
b11100000111 f%
#2016
b1111111111101010111000101011010 T
b1111100111100110011010111100110 0#
b1111100111100110011010111100110 P#
b1111111111101010111000101011010 5%
b1010100010111 U%
b11100001000 f%
#2017
1"
b11110 $
b11000011100011011 4
b10000000000001111010010111100100 T
b1111101000000111111101001000100 0#
b1111101000000111111101001000100 P#
b11111100111111011100010010001100 p#
b10000000000001111010010111100100 5%
b1010100011000 U%
b11100001001 f%
#2018
0"
b10000000000110011101101001101010 T
b1111101000101100010111011001010 0#
b1111101000101100010111011001010 P#
b10000000000110011101101001101010 5%
b1010100011001 U%
b11100001010 f%
#2019
b10000000001011000001000110111010 T
b1111101001010000110011000011010 0#
b1111101001010000110011000011010 P#
b10000000001011000001000110111010 5%
b1010100011010 U%
b11100001011 f%
#2020
b10000000001111100100011001000000 T
b1111101001110101001101010100000 0#
b1111101001110101001101010100000 P#
b10000000001111100100011001000000 5%
b1010100011011 U%
b11100001100 f%
#2021
b10000000010100000111101011000110 T
b1111101010011001100111100100110 0#
b1111101010011001100111100100110 P#
b10000000010100000111101011000110 5%
b1010100011100 U%
b11100001101 f%
#2022
b10000000011000101011001000010110 T
b1111101010111110000011001110110 0#
b1111101010111110000011001110110 P#
b10000000011000101011001000010110 5%
b1010100011101 U%
b11100001110 f%
#2023
b10000000011101001110011010011100 T
b1111101011100010011101011111100 0#
b1111101011100010011101011111100 P#
b10000000011101001110011010011100 5%
b1010100011110 U%
b11100001111 f%
#2024
b10000000100001110001101100100010 T
b1111101100000110110111110000010 0#
b1111101100000110110111110000010 P#
b10000000100001110001101100100010 5%
b1010100011111 U%
b11100010000 f%
#2025
b10000000100110010101001001110010 T
b1111101100101011010011011010010 0#
b1111101100101011010011011010010 P#
b10000000100110010101001001110010 5%
b1010100100000 U%
b11100010001 f%
#2026
b10000000101010111000011011111000 T
b1111101101001111101101101011000 0#
b1111101101001111101101101011000 P#
b10000000101010111000011011111000 5%
b1010100100001 U%
b11100010010 f%
#2027
b10000000101111011011101101111110 T
b1111101101110100000111111011110 0#
b1111101101110100000111111011110 P#
b10000000101111011011101101111110 5%
b1010100100010 U%
b11100010011 f%
#2028
b10000000110011111111001011001110 T
b1111101110011000100011100101110 0#
b1111101110011000100011100101110 P#
b10000000110011111111001011001110 5%
b1010100100011 U%
b11100010100 f%
#2029
b10000000111000100010011101010100 T
b1111101110111100111101110110100 0#
b1111101110111100111101110110100 P#
b10000000111000100010011101010100 5%
b1010100100100 U%
b11100010101 f%
#2030
b10000000111101000101101111011010 T
b1111101111100001011000000111010 0#
b1111101111100001011000000111010 P#
b10000000111101000101101111011010 5%
b1010100100101 U%
b11100010110 f%
#2031
b10000001000001101001001100101010 T
b1111110000000101110011110001010 0#
b1111110000000101110011110001010 P#
b10000001000001101001001100101010 5%
b1010100100110 U%
b11100010111 f%
#2032
b10000001000110001100011110110000 T
b1111110000101010001110000010000 0#
b1111110000101010001110000010000 P#
b10000001000110001100011110110000 5%
b1010100100111 U%
b11100011000 f%
#2033
b10000001001010101111110000110110 T
b1111110001001110101000010010110 0#
b1111110001001110101000010010110 P#
b10000001001010101111110000110110 5%
b1010100101000 U%
b11100011001 f%
#2034
b10000001001111010011001110000110 T
b1111110001110011000011111100110 0#
b1111110001110011000011111100110 P#
b10000001001111010011001110000110 5%
b1010100101001 U%
b11100011010 f%
#2035
b10000001010011110110100000001100 T
b1111110010010111011110001101100 0#
b1111110010010111011110001101100 P#
b10000001010011110110100000001100 5%
b1010100101010 U%
b11100011011 f%
#2036
b10000001011000011001110010010010 T
b1111110010111011111000011110010 0#
b1111110010111011111000011110010 P#
b10000001011000011001110010010010 5%
b1010100101011 U%
b11100011100 f%
#2037
b10000001011100111101001111100010 T
b1111110011100000010100001000010 0#
b1111110011100000010100001000010 P#
b10000001011100111101001111100010 5%
b1010100101100 U%
b11100011101 f%
#2038
b10000001100001100000100001101000 T
b1111110100000100101110011001000 0#
b1111110100000100101110011001000 P#
b10000001100001100000100001101000 5%
b1010100101101 U%
b11100011110 f%
#2039
b10000001100110000011110011101110 T
b1111110100101001001000101001110 0#
b1111110100101001001000101001110 P#
b10000001100110000011110011101110 5%
b1010100101110 U%
b11100011111 f%
#2040
b10000001101010100111010000111110 T
b1111110101001101100100010011110 0#
b1111110101001101100100010011110 P#
b10000001101010100111010000111110 5%
b1010100101111 U%
b11100100000 f%
#2041
b10000001101111001010100011000100 T
b1111110101110001111110100100100 0#
b1111110101110001111110100100100 P#
b10000001101111001010100011000100 5%
b1010100110000 U%
b11100100001 f%
#2042
b10000001110011101101110101001010 T
b1111110110010110011000110101010 0#
b1111110110010110011000110101010 P#
b10000001110011101101110101001010 5%
b1010100110001 U%
b11100100010 f%
#2043
b10000001111000010001010010011010 T
b1111110110111010110100011111010 0#
b1111110110111010110100011111010 P#
b10000001111000010001010010011010 5%
b1010100110010 U%
b11100100011 f%
#2044
b10000001111100110100100100100000 T
b1111110111011111001110110000000 0#
b1111110111011111001110110000000 P#
b10000001111100110100100100100000 5%
b1010100110011 U%
b11100100100 f%
#2045
b10000010000001010111110110100110 T
b1111111000000011101001000000110 0#
b1111111000000011101001000000110 P#
b10000010000001010111110110100110 5%
b1010100110100 U%
b11100100101 f%
#2046
b10000010000101111011010011110110 T
b1111111000101000000100101010110 0#
b1111111000101000000100101010110 P#
b10000010000101111011010011110110 5%
b1010100110101 U%
b11100100110 f%
#2047
b10000010001010011110100101111100 T
b1111111001001100011110111011100 0#
b1111111001001100011110111011100 P#
b10000010001010011110100101111100 5%
b1010100110110 U%
b11100100111 f%
#2048
b10000010001111000001111000000010 T
b1111111001110000111001001100010 0#
b1111111001110000111001001100010 P#
b10000010001111000001111000000010 5%
b1010100110111 U%
b11100101000 f%
#2049
b10000010010011100101001010001000 T
b1111111010010101010011011101000 0#
b1111111010010101010011011101000 P#
b10000010010011100101001010001000 5%
b1010100111000 U%
b11100101001 f%
#2050
b10000010011000001000100111011000 T
b1111111010111001101111000111000 0#
b1111111010111001101111000111000 P#
b10000010011000001000100111011000 5%
b1010100111001 U%
b11100101010 f%
#2051
b10000010011100101011111001011110 T
b1111111011011110001001010111110 0#
b1111111011011110001001010111110 P#
b10000010011100101011111001011110 5%
b1010100111010 U%
b11100101011 f%
#2052
b10000010100001001111001011100100 T
b1111111100000010100011101000100 0#
b1111111100000010100011101000100 P#
b10000010100001001111001011100100 5%
b1010100111011 U%
b11100101100 f%
#2053
b10000010100101110010101000110100 T
b1111111100100110111111010010100 0#
b1111111100100110111111010010100 P#
b10000010100101110010101000110100 5%
b1010100111100 U%
b11100101101 f%
#2054
b10000010101010010101111010111010 T
b1111111101001011011001100011010 0#
b1111111101001011011001100011010 P#
b10000010101010010101111010111010 5%
b1010100111101 U%
b11100101110 f%
#2055
b10000010101110111001001101000000 T
b1111111101101111110011110100000 0#
b1111111101101111110011110100000 P#
b10000010101110111001001101000000 5%
b1010100111110 U%
b11100101111 f%
#2056
b10000010110011011100101010010000 T
b1111111110010100001111011110000 0#
b1111111110010100001111011110000 P#
b10000010110011011100101010010000 5%
b1010100111111 U%
b11100110000 f%
#2057
b10000010110111111111111100010110 T
b1111111110111000101001101110110 0#
b1111111110111000101001101110110 P#
b10000010110111111111111100010110 5%
b1010101000000 U%
b11100110001 f%
#2058
b10000010111100100011001110011100 T
b1111111111011101000011111111100 0#
b1111111111011101000011111111100 P#
b10000010111100100011001110011100 5%
b1010101000001 U%
b11100110010 f%
#2059
b10000011000001000110101011101100 T
b10000000000000001011111101001100 0#
b10000000000000001011111101001100 P#
b10000011000001000110101011101100 5%
b1010101000010 U%
b11100110011 f%
#2060
b10000011000101101001111101110010 T
b10000000000100101111001111010010 0#
b10000000000100101111001111010010 P#
b10000011000101101001111101110010 5%
b1010101000011 U%
b11100110100 f%
#2061
b10000011001010001101001111111000 T
b10000000001001010010100001011000 0#
b10000000001001010010100001011000 P#
b10000011001010001101001111111000 5%
b1010101000100 U%
b11100110101 f%
#2062
b10000011001110110000101101001000 T
b10000000001101110101111110101000 0#
b10000000001101110101111110101000 P#
b10000011001110110000101101001000 5%
b1010101000101 U%
b11100110110 f%
#2063
b10000011010011010011111111001110 T
b10000000010010011001010000101110 0#
b10000000010010011001010000101110 P#
b10000011010011010011111111001110 5%
b1010101000110 U%
b11100110111 f%
#2064
b10000011010111110111010001010100 T
b10000000010110111100100010110100 0#
b10000000010110111100100010110100 P#
b10000011010111110111010001010100 5%
b1010101000111 U%
b11100111000 f%
#2065
b10000011011100011010101110100100 T
b10000000011011100000000000000100 0#
b10000000011011100000000000000100 P#
b10000011011100011010101110100100 5%
b1010101001000 U%
b11100111001 f%
#2066
b10000011100000111110000000101010 T
b10000000100000000011010010001010 0#
b10000000100000000011010010001010 P#
b10000011100000111110000000101010 5%
b1010101001001 U%
b11100111010 f%
#2067
b10000011100101100001010010110000 T
b10000000100100100110100100010000 0#
b10000000100100100110100100010000 P#
b10000011100101100001010010110000 5%
b1010101001010 U%
b11100111011 f%
#2068
b10000011101010000100110000000000 T
b10000000101001001010000001100000 0#
b10000000101001001010000001100000 P#
b10000011101010000100110000000000 5%
b1010101001011 U%
b11100111100 f%
#2069
b10000011101110101000000010000110 T
b10000000101101101101010011100110 0#
b10000000101101101101010011100110 P#
b10000011101110101000000010000110 5%
b1010101001100 U%
b11100111101 f%
#2070
b10000011110011001011010100001100 T
b10000000110010010000100101101100 0#
b10000000110010010000100101101100 P#
b10000011110011001011010100001100 5%
b1010101001101 U%
b11100111110 f%
#2071
b10000011110111101110110001011100 T
b10000000110110110100000010111100 0#
b10000000110110110100000010111100 P#
b10000011110111101110110001011100 5%
b1010101001110 U%
b11100111111 f%
#2072
b10000011111100010010000011100010 T
b10000000111011010111010101000010 0#
b10000000111011010111010101000010 P#
b10000011111100010010000011100010 5%
b1010101001111 U%
b11101000000 f%
#2073
b10000100000000110101010101101000 T
b10000000111111111010100111001000 0#
b10000000111111111010100111001000 P#
b10000100000000110101010101101000 5%
b1010101010000 U%
b11101000001 f%
#2074
b10000100000101011000110010111000 T
b10000001000100011110000100011000 0#
b10000001000100011110000100011000 P#
b10000100000101011000110010111000 5%
b1010101010001 U%
b11101000010 f%
#2075
b10000100001001111100000100111110 T
b10000001001001000001010110011110 0#
b10000001001001000001010110011110 P#
b10000100001001111100000100111110 5%
b1010101010010 U%
b11101000011 f%
#2076
b10000100001110011111010111000100 T
b10000001001101100100101000100100 0#
b10000001001101100100101000100100 P#
b10000100001110011111010111000100 5%
b1010101010011 U%
b11101000100 f%
#2077
1"
b11111 $
b11000011100011100 4
b10000100010011000010101001001110 T
b10000001010001110001000101001100 0#
b10000001010001110001000101001100 P#
b11111100111111000101010001100000 p#
b10000100010011000010101001001110 5%
b1010101010100 U%
b11101000101 f%
#2078
0"
b10000100010111100110000110011110 T
b10000001010110010100100010011100 0#
b10000001010110010100100010011100 P#
b10000100010111100110000110011110 5%
b1010101010101 U%
b11101000110 f%
#2079
b10000100011100001001011000100100 T
b10000001011010110111110100100010 0#
b10000001011010110111110100100010 P#
b10000100011100001001011000100100 5%
b1010101010110 U%
b11101000111 f%
#2080
b10000100100000101100101010101010 T
b10000001011111011011000110101000 0#
b10000001011111011011000110101000 P#
b10000100100000101100101010101010 5%
b1010101010111 U%
b11101001000 f%
#2081
b10000100100101010000000111111010 T
b10000001100011111110100011111000 0#
b10000001100011111110100011111000 P#
b10000100100101010000000111111010 5%
b1010101011000 U%
b11101001001 f%
#2082
b10000100101001110011011010000000 T
b10000001101000100001110101111110 0#
b10000001101000100001110101111110 P#
b10000100101001110011011010000000 5%
b1010101011001 U%
b11101001010 f%
#2083
b10000100101110010110101100000110 T
b10000001101101000101001000000100 0#
b10000001101101000101001000000100 P#
b10000100101110010110101100000110 5%
b1010101011010 U%
b11101001011 f%
#2084
b10000100110010111010001001010110 T
b10000001110001101000100101010100 0#
b10000001110001101000100101010100 P#
b10000100110010111010001001010110 5%
b1010101011011 U%
b11101001100 f%
#2085
b10000100110111011101011011011100 T
b10000001110110001011110111011010 0#
b10000001110110001011110111011010 P#
b10000100110111011101011011011100 5%
b1010101011100 U%
b11101001101 f%
#2086
b10000100111100000000101101100010 T
b10000001111010101111001001100000 0#
b10000001111010101111001001100000 P#
b10000100111100000000101101100010 5%
b1010101011101 U%
b11101001110 f%
#2087
b10000101000000100100001010110010 T
b10000001111111010010100110110000 0#
b10000001111111010010100110110000 P#
b10000101000000100100001010110010 5%
b1010101011110 U%
b11101001111 f%
#2088
b10000101000101000111011100111000 T
b10000010000011110101111000110110 0#
b10000010000011110101111000110110 P#
b10000101000101000111011100111000 5%
b1010101011111 U%
b11101010000 f%
#2089
b10000101001001101010101110111110 T
b10000010001000011001001010111100 0#
b10000010001000011001001010111100 P#
b10000101001001101010101110111110 5%
b1010101100000 U%
b11101010001 f%
#2090
b10000101001110001110001100001110 T
b10000010001100111100101000001100 0#
b10000010001100111100101000001100 P#
b10000101001110001110001100001110 5%
b1010101100001 U%
b11101010010 f%
#2091
b10000101010010110001011110010100 T
b10000010010001011111111010010010 0#
b10000010010001011111111010010010 P#
b10000101010010110001011110010100 5%
b1010101100010 U%
b11101010011 f%
#2092
b10000101010111010100110000011010 T
b10000010010110000011001100011000 0#
b10000010010110000011001100011000 P#
b10000101010111010100110000011010 5%
b1010101100011 U%
b11101010100 f%
#2093
b10000101011011111000001101101010 T
b10000010011010100110101001101000 0#
b10000010011010100110101001101000 P#
b10000101011011111000001101101010 5%
b1010101100100 U%
b11101010101 f%
#2094
b10000101100000011011011111110000 T
b10000010011111001001111011101110 0#
b10000010011111001001111011101110 P#
b10000101100000011011011111110000 5%
b1010101100101 U%
b11101010110 f%
#2095
b10000101100100111110110001110110 T
b10000010100011101101001101110100 0#
b10000010100011101101001101110100 P#
b10000101100100111110110001110110 5%
b1010101100110 U%
b11101010111 f%
#2096
b10000101101001100010001111000110 T
b10000010101000010000101011000100 0#
b10000010101000010000101011000100 P#
b10000101101001100010001111000110 5%
b1010101100111 U%
b11101011000 f%
#2097
b10000101101110000101100001001100 T
b10000010101100110011111101001010 0#
b10000010101100110011111101001010 P#
b10000101101110000101100001001100 5%
b1010101101000 U%
b11101011001 f%
#2098
b10000101110010101000110011010010 T
b10000010110001010111001111010000 0#
b10000010110001010111001111010000 P#
b10000101110010101000110011010010 5%
b1010101101001 U%
b11101011010 f%
#2099
b10000101110111001100010000100010 T
b10000010110101111010101100100000 0#
b10000010110101111010101100100000 P#
b10000101110111001100010000100010 5%
b1010101101010 U%
b11101011011 f%
#2100
b10000101111011101111100010101000 T
b10000010111010011101111110100110 0#
b10000010111010011101111110100110 P#
b10000101111011101111100010101000 5%
b1010101101011 U%
b11101011100 f%
#2101
b10000110000000010010110100101110 T
b10000010111111000001010000101100 0#
b10000010111111000001010000101100 P#
b10000110000000010010110100101110 5%
b1010101101100 U%
b11101011101 f%
#2102
b10000110000100110110010001111110 T
b10000011000011100100101101111100 0#
b10000011000011100100101101111100 P#
b10000110000100110110010001111110 5%
b1010101101101 U%
b11101011110 f%
#2103
b10000110001001011001100100000100 T
b10000011001000001000000000000010 0#
b10000011001000001000000000000010 P#
b10000110001001011001100100000100 5%
b1010101101110 U%
b11101011111 f%
#2104
b10000110001101111100110110001010 T
b10000011001100101011010010001000 0#
b10000011001100101011010010001000 P#
b10000110001101111100110110001010 5%
b1010101101111 U%
b11101100000 f%
#2105
b10000110010010100000010011011010 T
b10000011010001001110101111011000 0#
b10000011010001001110101111011000 P#
b10000110010010100000010011011010 5%
b1010101110000 U%
b11101100001 f%
#2106
b10000110010111000011100101100000 T
b10000011010101110010000001011110 0#
b10000011010101110010000001011110 P#
b10000110010111000011100101100000 5%
b1010101110001 U%
b11101100010 f%
#2107
b10000110011011100110110111100110 T
b10000011011010010101010011100100 0#
b10000011011010010101010011100100 P#
b10000110011011100110110111100110 5%
b1010101110010 U%
b11101100011 f%
#2108
b10000110100000001010001001101100 T
b10000011011110111000100101101010 0#
b10000011011110111000100101101010 P#
b10000110100000001010001001101100 5%
b1010101110011 U%
b11101100100 f%
#2109
b10000110100100101101100110111100 T
b10000011100011011100000010111010 0#
b10000011100011011100000010111010 P#
b10000110100100101101100110111100 5%
b1010101110100 U%
b11101100101 f%
#2110
b10000110101001010000111001000010 T
b10000011100111111111010101000000 0#
b10000011100111111111010101000000 P#
b10000110101001010000111001000010 5%
b1010101110101 U%
b11101100110 f%
#2111
b10000110101101110100001011001000 T
b10000011101100100010100111000110 0#
b10000011101100100010100111000110 P#
b10000110101101110100001011001000 5%
b1010101110110 U%
b11101100111 f%
#2112
b10000110110010010111101000011000 T
b10000011110001000110000100010110 0#
b10000011110001000110000100010110 P#
b10000110110010010111101000011000 5%
b1010101110111 U%
b11101101000 f%
#2113
b10000110110110111010111010011110 T
b10000011110101101001010110011100 0#
b10000011110101101001010110011100 P#
b10000110110110111010111010011110 5%
b1010101111000 U%
b11101101001 f%
#2114
b10000110111011011110001100100100 T
b10000011111010001100101000100010 0#
b10000011111010001100101000100010 P#
b10000110111011011110001100100100 5%
b1010101111001 U%
b11101101010 f%
#2115
b10000111000000000001101001110100 T
b10000011111110110000000101110010 0#
b10000011111110110000000101110010 P#
b10000111000000000001101001110100 5%
b1010101111010 U%
b11101101011 f%
#2116
b10000111000100100100111011111010 T
b10000100000011010011010111111000 0#
b10000100000011010011010111111000 P#
b10000111000100100100111011111010 5%
b1010101111011 U%
b11101101100 f%
#2117
b10000111001001001000001110000000 T
b10000100000111110110101001111110 0#
b10000100000111110110101001111110 P#
b10000111001001001000001110000000 5%
b1010101111100 U%
b11101101101 f%
#2118
b10000111001101101011101011010000 T
b10000100001100011010000111001110 0#
b10000100001100011010000111001110 P#
b10000111001101101011101011010000 5%
b1010101111101 U%
b11101101110 f%
#2119
b10000111010010001110111101010110 T
b10000100010000111101011001010100 0#
b10000100010000111101011001010100 P#
b10000111010010001110111101010110 5%
b1010101111110 U%
b11101101111 f%
#2120
b10000111010110110010001111011100 T
b10000100010101100000101011011010 0#
b10000100010101100000101011011010 P#
b10000111010110110010001111011100 5%
b1010101111111 U%
b11101110000 f%
#2121
b10000111011011010101101100101100 T
b10000100011010000100001000101010 0#
b10000100011010000100001000101010 P#
b10000111011011010101101100101100 5%
b1010110000000 U%
b11101110001 f%
#2122
b10000111011111111000111110110010 T
b10000100011110100111011010110000 0#
b10000100011110100111011010110000 P#
b10000111011111111000111110110010 5%
b1010110000001 U%
b11101110010 f%
#2123
b10000111100100011100010000111000 T
b10000100100011001010101100110110 0#
b10000100100011001010101100110110 P#
b10000111100100011100010000111000 5%
b1010110000010 U%
b11101110011 f%
#2124
b10000111101000111111101110001000 T
b10000100100111101110001010000110 0#
b10000100100111101110001010000110 P#
b10000111101000111111101110001000 5%
b1010110000011 U%
b11101110100 f%
#2125
b10000111101101100011000000001110 T
b10000100101100010001011100001100 0#
b10000100101100010001011100001100 P#
b10000111101101100011000000001110 5%
b1010110000100 U%
b11101110101 f%
#2126
b10000111110010000110010010010100 T
b10000100110000110100101110010010 0#
b10000100110000110100101110010010 P#
b10000111110010000110010010010100 5%
b1010110000101 U%
b11101110110 f%
#2127
b10000111110110101001101111100100 T
b10000100110101011000001011100010 0#
b10000100110101011000001011100010 P#
b10000111110110101001101111100100 5%
b1010110000110 U%
b11101110111 f%
#2128
b10000111111011001101000001101010 T
b10000100111001111011011101101000 0#
b10000100111001111011011101101000 P#
b10000111111011001101000001101010 5%
b1010110000111 U%
b11101111000 f%
#2129
b10000111111111110000010011110000 T
b10000100111110011110101111101110 0#
b10000100111110011110101111101110 P#
b10000111111111110000010011110000 5%
b1010110001000 U%
b11101111001 f%
#2130
b10001000000100010011110001000000 T
b10000101000011000010001100111110 0#
b10000101000011000010001100111110 P#
b10001000000100010011110001000000 5%
b1010110001001 U%
b11101111010 f%
#2131
b10001000001000110111000011000110 T
b10000101000111100101011111000100 0#
b10000101000111100101011111000100 P#
b10001000001000110111000011000110 5%
b1010110001010 U%
b11101111011 f%
#2132
b10001000001101011010010101001100 T
b10000101001100001000110001001010 0#
b10000101001100001000110001001010 P#
b10001000001101011010010101001100 5%
b1010110001011 U%
b11101111100 f%
#2133
b10001000010001111101110010011100 T
b10000101010000101100001110011010 0#
b10000101010000101100001110011010 P#
b10001000010001111101110010011100 5%
b1010110001100 U%
b11101111101 f%
#2134
b10001000010110100001000100100010 T
b10000101010101001111100000100000 0#
b10000101010101001111100000100000 P#
b10001000010110100001000100100010 5%
b1010110001101 U%
b11101111110 f%
#2135
b10001000011011000100010110101000 T
b10000101011001110010110010100110 0#
b10000101011001110010110010100110 P#
b10001000011011000100010110101000 5%
b1010110001110 U%
b11101111111 f%
#2136
b10001000011111100111101000101110 T
b10000101011110010110000100101100 0#
b10000101011110010110000100101100 P#
b10001000011111100111101000101110 5%
b1010110001111 U%
b11110000000 f%
#2137
1"
b100000 $
b10001000100100001011000110000010 T
b10000101100010011111000010001100 0#
b10000101100010011111000010001100 P#
b11111100111110101110011011111110 p#
b10001000100100001011000110000010 5%
b1010110010000 U%
b11110000001 f%
#2138
0"
b10001000101000101110011000001000 T
b10000101100111000010010100010010 0#
b10000101100111000010010100010010 P#
b10001000101000101110011000001000 5%
b1010110010001 U%
b11110000010 f%
#2139
b10001000101101010001101010001110 T
b10000101101011100101100110011000 0#
b10000101101011100101100110011000 P#
b10001000101101010001101010001110 5%
b1010110010010 U%
b11110000011 f%
#2140
b10001000110001110101000111011110 T
b10000101110000001001000011101000 0#
b10000101110000001001000011101000 P#
b10001000110001110101000111011110 5%
b1010110010011 U%
b11110000100 f%
#2141
b10001000110110011000011001100100 T
b10000101110100101100010101101110 0#
b10000101110100101100010101101110 P#
b10001000110110011000011001100100 5%
b1010110010100 U%
b11110000101 f%
#2142
b10001000111010111011101011101010 T
b10000101111001001111100111110100 0#
b10000101111001001111100111110100 P#
b10001000111010111011101011101010 5%
b1010110010101 U%
b11110000110 f%
#2143
b10001000111111011111001000111010 T
b10000101111101110011000101000100 0#
b10000101111101110011000101000100 P#
b10001000111111011111001000111010 5%
b1010110010110 U%
b11110000111 f%
#2144
b10001001000100000010011011000000 T
b10000110000010010110010111001010 0#
b10000110000010010110010111001010 P#
b10001001000100000010011011000000 5%
b1010110010111 U%
b11110001000 f%
#2145
b10001001001000100101101101000110 T
b10000110000110111001101001010000 0#
b10000110000110111001101001010000 P#
b10001001001000100101101101000110 5%
b1010110011000 U%
b11110001001 f%
#2146
b10001001001101001001001010010110 T
b10000110001011011101000110100000 0#
b10000110001011011101000110100000 P#
b10001001001101001001001010010110 5%
b1010110011001 U%
b11110001010 f%
#2147
b10001001010001101100011100011100 T
b10000110010000000000011000100110 0#
b10000110010000000000011000100110 P#
b10001001010001101100011100011100 5%
b1010110011010 U%
b11110001011 f%
#2148
b10001001010110001111101110100010 T
b10000110010100100011101010101100 0#
b10000110010100100011101010101100 P#
b10001001010110001111101110100010 5%
b1010110011011 U%
b11110001100 f%
#2149
b10001001011010110011001011110010 T
b10000110011001000111000111111100 0#
b10000110011001000111000111111100 P#
b10001001011010110011001011110010 5%
b1010110011100 U%
b11110001101 f%
#2150
b10001001011111010110011101111000 T
b10000110011101101010011010000010 0#
b10000110011101101010011010000010 P#
b10001001011111010110011101111000 5%
b1010110011101 U%
b11110001110 f%
#2151
b10001001100011111001101111111110 T
b10000110100010001101101100001000 0#
b10000110100010001101101100001000 P#
b10001001100011111001101111111110 5%
b1010110011110 U%
b11110001111 f%
#2152
b10001001101000011101001101001110 T
b10000110100110110001001001011000 0#
b10000110100110110001001001011000 P#
b10001001101000011101001101001110 5%
b1010110011111 U%
b11110010000 f%
#2153
b10001001101101000000011111010100 T
b10000110101011010100011011011110 0#
b10000110101011010100011011011110 P#
b10001001101101000000011111010100 5%
b1010110100000 U%
b11110010001 f%
#2154
b10001001110001100011110001011010 T
b10000110101111110111101101100100 0#
b10000110101111110111101101100100 P#
b10001001110001100011110001011010 5%
b1010110100001 U%
b11110010010 f%
#2155
b10001001110110000111001110101010 T
b10000110110100011011001010110100 0#
b10000110110100011011001010110100 P#
b10001001110110000111001110101010 5%
b1010110100010 U%
b11110010011 f%
#2156
b10001001111010101010100000110000 T
b10000110111000111110011100111010 0#
b10000110111000111110011100111010 P#
b10001001111010101010100000110000 5%
b1010110100011 U%
b11110010100 f%
#2157
b10001001111111001101110010110110 T
b10000110111101100001101111000000 0#
b10000110111101100001101111000000 P#
b10001001111111001101110010110110 5%
b1010110100100 U%
b11110010101 f%
#2158
b10001010000011110001010000000110 T
b10000111000010000101001100010000 0#
b10000111000010000101001100010000 P#
b10001010000011110001010000000110 5%
b1010110100101 U%
b11110010110 f%
#2159
b10001010001000010100100010001100 T
b10000111000110101000011110010110 0#
b10000111000110101000011110010110 P#
b10001010001000010100100010001100 5%
b1010110100110 U%
b11110010111 f%
#2160
b10001010001100110111110100010010 T
b10000111001011001011110000011100 0#
b10000111001011001011110000011100 P#
b10001010001100110111110100010010 5%
b1010110100111 U%
b11110011000 f%
#2161
b10001010010001011011010001100010 T
b10000111001111101111001101101100 0#
b10000111001111101111001101101100 P#
b10001010010001011011010001100010 5%
b1010110101000 U%
b11110011001 f%
#2162
b10001010010101111110100011101000 T
b10000111010100010010011111110010 0#
b10000111010100010010011111110010 P#
b10001010010101111110100011101000 5%
b1010110101001 U%
b11110011010 f%
#2163
b10001010011010100001110101101110 T
b10000111011000110101110001111000 0#
b10000111011000110101110001111000 P#
b10001010011010100001110101101110 5%
b1010110101010 U%
b11110011011 f%
#2164
b10001010011111000101010010111110 T
b10000111011101011001001111001000 0#
b10000111011101011001001111001000 P#
b10001010011111000101010010111110 5%
b1010110101011 U%
b11110011100 f%
#2165
b10001010100011101000100101000100 T
b10000111100001111100100001001110 0#
b10000111100001111100100001001110 P#
b10001010100011101000100101000100 5%
b1010110101100 U%
b11110011101 f%
#2166
b10001010101000001011110111001010 T
b10000111100110011111110011010100 0#
b10000111100110011111110011010100 P#
b10001010101000001011110111001010 5%
b1010110101101 U%
b11110011110 f%
#2167
b10001010101100101111001001010000 T
b10000111101011000011000101011010 0#
b10000111101011000011000101011010 P#
b10001010101100101111001001010000 5%
b1010110101110 U%
b11110011111 f%
#2168
b10001010110001010010100110100000 T
b10000111101111100110100010101010 0#
b10000111101111100110100010101010 P#
b10001010110001010010100110100000 5%
b1010110101111 U%
b11110100000 f%
#2169
b10001010110101110101111000100110 T
b10000111110100001001110100110000 0#
b10000111110100001001110100110000 P#
b10001010110101110101111000100110 5%
b1010110110000 U%
b11110100001 f%
#2170
b10001010111010011001001010101100 T
b10000111111000101101000110110110 0#
b10000111111000101101000110110110 P#
b10001010111010011001001010101100 5%
b1010110110001 U%
b11110100010 f%
#2171
b10001010111110111100100111111100 T
b10000111111101010000100100000110 0#
b10000111111101010000100100000110 P#
b10001010111110111100100111111100 5%
b1010110110010 U%
b11110100011 f%
#2172
b10001011000011011111111010000010 T
b10001000000001110011110110001100 0#
b10001000000001110011110110001100 P#
b10001011000011011111111010000010 5%
b1010110110011 U%
b11110100100 f%
#2173
b10001011001000000011001100001000 T
b10001000000110010111001000010010 0#
b10001000000110010111001000010010 P#
b10001011001000000011001100001000 5%
b1010110110100 U%
b11110100101 f%
#2174
b10001011001100100110101001011000 T
b10001000001010111010100101100010 0#
b10001000001010111010100101100010 P#
b10001011001100100110101001011000 5%
b1010110110101 U%
b11110100110 f%
#2175
b10001011010001001001111011011110 T
b10001000001111011101110111101000 0#
b10001000001111011101110111101000 P#
b10001011010001001001111011011110 5%
b1010110110110 U%
b11110100111 f%
#2176
b10001011010101101101001101100100 T
b10001000010100000001001001101110 0#
b10001000010100000001001001101110 P#
b10001011010101101101001101100100 5%
b1010110110111 U%
b11110101000 f%
#2177
b10001011011010010000101010110100 T
b10001000011000100100100110111110 0#
b10001000011000100100100110111110 P#
b10001011011010010000101010110100 5%
b1010110111000 U%
b11110101001 f%
#2178
b10001011011110110011111100111010 T
b10001000011101000111111001000100 0#
b10001000011101000111111001000100 P#
b10001011011110110011111100111010 5%
b1010110111001 U%
b11110101010 f%
#2179
b10001011100011010111001111000000 T
b10001000100001101011001011001010 0#
b10001000100001101011001011001010 P#
b10001011100011010111001111000000 5%
b1010110111010 U%
b11110101011 f%
#2180
b10001011100111111010101100010000 T
b10001000100110001110101000011010 0#
b10001000100110001110101000011010 P#
b10001011100111111010101100010000 5%
b1010110111011 U%
b11110101100 f%
#2181
b10001011101100011101111110010110 T
b10001000101010110001111010100000 0#
b10001000101010110001111010100000 P#
b10001011101100011101111110010110 5%
b1010110111100 U%
b11110101101 f%
#2182
b10001011110001000001010000011100 T
b10001000101111010101001100100110 0#
b10001000101111010101001100100110 P#
b10001011110001000001010000011100 5%
b1010110111101 U%
b11110101110 f%
#2183
b10001011110101100100101101101100 T
b10001000110011111000101001110110 0#
b10001000110011111000101001110110 P#
b10001011110101100100101101101100 5%
b1010110111110 U%
b11110101111 f%
#2184
b10001011111010000111111111110010 T
b10001000111000011011111011111100 0#
b10001000111000011011111011111100 P#
b10001011111010000111111111110010 5%
b1010110111111 U%
b11110110000 f%
#2185
b10001011111110101011010001111000 T
b10001000111100111111001110000010 0#
b10001000111100111111001110000010 P#
b10001011111110101011010001111000 5%
b1010111000000 U%
b11110110001 f%
#2186
b10001100000011001110101111001000 T
b10001001000001100010101011010010 0#
b10001001000001100010101011010010 P#
b10001100000011001110101111001000 5%
b1010111000001 U%
b11110110010 f%
#2187
b10001100000111110010000001001110 T
b10001001000110000101111101011000 0#
b10001001000110000101111101011000 P#
b10001100000111110010000001001110 5%
b1010111000010 U%
b11110110011 f%
#2188
b10001100001100010101010011010100 T
b10001001001010101001001111011110 0#
b10001001001010101001001111011110 P#
b10001100001100010101010011010100 5%
b1010111000011 U%
b11110110100 f%
#2189
b10001100010000111000110000100100 T
b10001001001111001100101100101110 0#
b10001001001111001100101100101110 P#
b10001100010000111000110000100100 5%
b1010111000100 U%
b11110110101 f%
#2190
b10001100010101011100000010101010 T
b10001001010011101111111110110100 0#
b10001001010011101111111110110100 P#
b10001100010101011100000010101010 5%
b1010111000101 U%
b11110110110 f%
#2191
b10001100011001111111010100110000 T
b10001001011000010011010000111010 0#
b10001001011000010011010000111010 P#
b10001100011001111111010100110000 5%
b1010111000110 U%
b11110110111 f%
#2192
b10001100011110100010110010000000 T
b10001001011100110110101110001010 0#
b10001001011100110110101110001010 P#
b10001100011110100010110010000000 5%
b1010111000111 U%
b11110111000 f%
#2193
b10001100100011000110000100000110 T
b10001001100001011010000000010000 0#
b10001001100001011010000000010000 P#
b10001100100011000110000100000110 5%
b1010111001000 U%
b11110111001 f%
#2194
b10001100100111101001010110001100 T
b10001001100101111101010010010110 0#
b10001001100101111101010010010110 P#
b10001100100111101001010110001100 5%
b1010111001001 U%
b11110111010 f%
#2195
b10001100101100001100101000010010 T
b10001001101010100000100100011100 0#
b10001001101010100000100100011100 P#
b10001100101100001100101000010010 5%
b1010111001010 U%
b11110111011 f%
#2196
b10001100110000110000000101100010 T
b10001001101111000100000001101100 0#
b10001001101111000100000001101100 P#
b10001100110000110000000101100010 5%
b1010111001011 U%
b11110111100 f%
#2197
1"
b100001 $
b11000011100011011 4
b10001100110101010011010111101100 T
b10001001110011010011111101011100 0#
b10001001110011010011111101011100 P#
b11111100111110010011111100001010 p#
b10001100110101010011010111101100 5%
b1010111001100 U%
b11110111101 f%
#2198
0"
b10001100111001110110101001110010 T
b10001001110111110111001111100010 0#
b10001001110111110111001111100010 P#
b10001100111001110110101001110010 5%
b1010111001101 U%
b11110111110 f%
#2199
b10001100111110011010000111000010 T
b10001001111100011010101100110010 0#
b10001001111100011010101100110010 P#
b10001100111110011010000111000010 5%
b1010111001110 U%
b11110111111 f%
#2200
b10001101000010111101011001001000 T
b10001010000000111101111110111000 0#
b10001010000000111101111110111000 P#
b10001101000010111101011001001000 5%
b1010111001111 U%
b11111000000 f%
#2201
b10001101000111100000101011001110 T
b10001010000101100001010000111110 0#
b10001010000101100001010000111110 P#
b10001101000111100000101011001110 5%
b1010111010000 U%
b11111000001 f%
#2202
b10001101001100000100001000011110 T
b10001010001010000100101110001110 0#
b10001010001010000100101110001110 P#
b10001101001100000100001000011110 5%
b1010111010001 U%
b11111000010 f%
#2203
b10001101010000100111011010100100 T
b10001010001110101000000000010100 0#
b10001010001110101000000000010100 P#
b10001101010000100111011010100100 5%
b1010111010010 U%
b11111000011 f%
#2204
b10001101010101001010101100101010 T
b10001010010011001011010010011010 0#
b10001010010011001011010010011010 P#
b10001101010101001010101100101010 5%
b1010111010011 U%
b11111000100 f%
#2205
b10001101011001101110001001111010 T
b10001010010111101110101111101010 0#
b10001010010111101110101111101010 P#
b10001101011001101110001001111010 5%
b1010111010100 U%
b11111000101 f%
#2206
b10001101011110010001011100000000 T
b10001010011100010010000001110000 0#
b10001010011100010010000001110000 P#
b10001101011110010001011100000000 5%
b1010111010101 U%
b11111000110 f%
#2207
b10001101100010110100101110000110 T
b10001010100000110101010011110110 0#
b10001010100000110101010011110110 P#
b10001101100010110100101110000110 5%
b1010111010110 U%
b11111000111 f%
#2208
b10001101100111011000001011010110 T
b10001010100101011000110001000110 0#
b10001010100101011000110001000110 P#
b10001101100111011000001011010110 5%
b1010111010111 U%
b11111001000 f%
#2209
b10001101101011111011011101011100 T
b10001010101001111100000011001100 0#
b10001010101001111100000011001100 P#
b10001101101011111011011101011100 5%
b1010111011000 U%
b11111001001 f%
#2210
b10001101110000011110101111100010 T
b10001010101110011111010101010010 0#
b10001010101110011111010101010010 P#
b10001101110000011110101111100010 5%
b1010111011001 U%
b11111001010 f%
#2211
b10001101110101000010001100110010 T
b10001010110011000010110010100010 0#
b10001010110011000010110010100010 P#
b10001101110101000010001100110010 5%
b1010111011010 U%
b11111001011 f%
#2212
b10001101111001100101011110111000 T
b10001010110111100110000100101000 0#
b10001010110111100110000100101000 P#
b10001101111001100101011110111000 5%
b1010111011011 U%
b11111001100 f%
#2213
b10001101111110001000110000111110 T
b10001010111100001001010110101110 0#
b10001010111100001001010110101110 P#
b10001101111110001000110000111110 5%
b1010111011100 U%
b11111001101 f%
#2214
b10001110000010101100001110001110 T
b10001011000000101100110011111110 0#
b10001011000000101100110011111110 P#
b10001110000010101100001110001110 5%
b1010111011101 U%
b11111001110 f%
#2215
b10001110000111001111100000010100 T
b10001011000101010000000110000100 0#
b10001011000101010000000110000100 P#
b10001110000111001111100000010100 5%
b1010111011110 U%
b11111001111 f%
#2216
b10001110001011110010110010011010 T
b10001011001001110011011000001010 0#
b10001011001001110011011000001010 P#
b10001110001011110010110010011010 5%
b1010111011111 U%
b11111010000 f%
#2217
b10001110010000010110001111101010 T
b10001011001110010110110101011010 0#
b10001011001110010110110101011010 P#
b10001110010000010110001111101010 5%
b1010111100000 U%
b11111010001 f%
#2218
b10001110010100111001100001110000 T
b10001011010010111010000111100000 0#
b10001011010010111010000111100000 P#
b10001110010100111001100001110000 5%
b1010111100001 U%
b11111010010 f%
#2219
b10001110011001011100110011110110 T
b10001011010111011101011001100110 0#
b10001011010111011101011001100110 P#
b10001110011001011100110011110110 5%
b1010111100010 U%
b11111010011 f%
#2220
b10001110011110000000010001000110 T
b10001011011100000000110110110110 0#
b10001011011100000000110110110110 P#
b10001110011110000000010001000110 5%
b1010111100011 U%
b11111010100 f%
#2221
b10001110100010100011100011001100 T
b10001011100000100100001000111100 0#
b10001011100000100100001000111100 P#
b10001110100010100011100011001100 5%
b1010111100100 U%
b11111010101 f%
#2222
b10001110100111000110110101010010 T
b10001011100101000111011011000010 0#
b10001011100101000111011011000010 P#
b10001110100111000110110101010010 5%
b1010111100101 U%
b11111010110 f%
#2223
b10001110101011101010010010100010 T
b10001011101001101010111000010010 0#
b10001011101001101010111000010010 P#
b10001110101011101010010010100010 5%
b1010111100110 U%
b11111010111 f%
#2224
b10001110110000001101100100101000 T
b10001011101110001110001010011000 0#
b10001011101110001110001010011000 P#
b10001110110000001101100100101000 5%
b1010111100111 U%
b11111011000 f%
#2225
b10001110110100110000110110101110 T
b10001011110010110001011100011110 0#
b10001011110010110001011100011110 P#
b10001110110100110000110110101110 5%
b1010111101000 U%
b11111011001 f%
#2226
b10001110111001010100001000110100 T
b10001011110111010100101110100100 0#
b10001011110111010100101110100100 P#
b10001110111001010100001000110100 5%
b1010111101001 U%
b11111011010 f%
#2227
b10001110111101110111100110000100 T
b10001011111011111000001011110100 0#
b10001011111011111000001011110100 P#
b10001110111101110111100110000100 5%
b1010111101010 U%
b11111011011 f%
#2228
b10001111000010011010111000001010 T
b10001100000000011011011101111010 0#
b10001100000000011011011101111010 P#
b10001111000010011010111000001010 5%
b1010111101011 U%
b11111011100 f%
#2229
b10001111000110111110001010010000 T
b10001100000100111110110000000000 0#
b10001100000100111110110000000000 P#
b10001111000110111110001010010000 5%
b1010111101100 U%
b11111011101 f%
#2230
b10001111001011100001100111100000 T
b10001100001001100010001101010000 0#
b10001100001001100010001101010000 P#
b10001111001011100001100111100000 5%
b1010111101101 U%
b11111011110 f%
#2231
b10001111010000000100111001100110 T
b10001100001110000101011111010110 0#
b10001100001110000101011111010110 P#
b10001111010000000100111001100110 5%
b1010111101110 U%
b11111011111 f%
#2232
b10001111010100101000001011101100 T
b10001100010010101000110001011100 0#
b10001100010010101000110001011100 P#
b10001111010100101000001011101100 5%
b1010111101111 U%
b11111100000 f%
#2233
b10001111011001001011101000111100 T
b10001100010111001100001110101100 0#
b10001100010111001100001110101100 P#
b10001111011001001011101000111100 5%
b1010111110000 U%
b11111100001 f%
#2234
b10001111011101101110111011000010 T
b10001100011011101111100000110010 0#
b10001100011011101111100000110010 P#
b10001111011101101110111011000010 5%
b1010111110001 U%
b11111100010 f%
#2235
b10001111100010010010001101001000 T
b10001100100000010010110010111000 0#
b10001100100000010010110010111000 P#
b10001111100010010010001101001000 5%
b1010111110010 U%
b11111100011 f%
#2236
b10001111100110110101101010011000 T
b10001100100100110110010000001000 0#
b10001100100100110110010000001000 P#
b10001111100110110101101010011000 5%
b1010111110011 U%
b11111100100 f%
#2237
b10001111101011011000111100011110 T
b10001100101001011001100010001110 0#
b10001100101001011001100010001110 P#
b10001111101011011000111100011110 5%
b1010111110100 U%
b11111100101 f%
#2238
b10001111101111111100001110100100 T
b10001100101101111100110100010100 0#
b10001100101101111100110100010100 P#
b10001111101111111100001110100100 5%
b1010111110101 U%
b11111100110 f%
#2239
b10001111110100011111101011110100 T
b10001100110010100000010001100100 0#
b10001100110010100000010001100100 P#
b10001111110100011111101011110100 5%
b1010111110110 U%
b11111100111 f%
#2240
b10001111111001000010111101111010 T
b10001100110111000011100011101010 0#
b10001100110111000011100011101010 P#
b10001111111001000010111101111010 5%
b1010111110111 U%
b11111101000 f%
#2241
b10001111111101100110010000000000 T
b10001100111011100110110101110000 0#
b10001100111011100110110101110000 P#
b10001111111101100110010000000000 5%
b1010111111000 U%
b11111101001 f%
#2242
b10010000000010001001101101010000 T
b10001101000000001010010011000000 0#
b10001101000000001010010011000000 P#
b10010000000010001001101101010000 5%
b1010111111001 U%
b11111101010 f%
#2243
b10010000000110101100111111010110 T
b10001101000100101101100101000110 0#
b10001101000100101101100101000110 P#
b10010000000110101100111111010110 5%
b1010111111010 U%
b11111101011 f%
#2244
b10010000001011010000010001011100 T
b10001101001001010000110111001100 0#
b10001101001001010000110111001100 P#
b10010000001011010000010001011100 5%
b1010111111011 U%
b11111101100 f%
#2245
b10010000001111110011101110101100 T
b10001101001101110100010100011100 0#
b10001101001101110100010100011100 P#
b10010000001111110011101110101100 5%
b1010111111100 U%
b11111101101 f%
#2246
b10010000010100010111000000110010 T
b10001101010010010111100110100010 0#
b10001101010010010111100110100010 P#
b10010000010100010111000000110010 5%
b1010111111101 U%
b11111101110 f%
#2247
b10010000011000111010010010111000 T
b10001101010110111010111000101000 0#
b10001101010110111010111000101000 P#
b10010000011000111010010010111000 5%
b1010111111110 U%
b11111101111 f%
#2248
b10010000011101011101110000001000 T
b10001101011011011110010101111000 0#
b10001101011011011110010101111000 P#
b10010000011101011101110000001000 5%
b1010111111111 U%
b11111110000 f%
#2249
b10010000100010000001000010001110 T
b10001101100000000001100111111110 0#
b10001101100000000001100111111110 P#
b10010000100010000001000010001110 5%
b1011000000000 U%
b11111110001 f%
#2250
b10010000100110100100010100010100 T
b10001101100100100100111010000100 0#
b10001101100100100100111010000100 P#
b10010000100110100100010100010100 5%
b1011000000001 U%
b11111110010 f%
#2251
b10010000101011000111110001100100 T
b10001101101001001000010111010100 0#
b10001101101001001000010111010100 P#
b10010000101011000111110001100100 5%
b1011000000010 U%
b11111110011 f%
#2252
b10010000101111101011000011101010 T
b10001101101101101011101001011010 0#
b10001101101101101011101001011010 P#
b10010000101111101011000011101010 5%
b1011000000011 U%
b11111110100 f%
#2253
b10010000110100001110010101110000 T
b10001101110010001110111011100000 0#
b10001101110010001110111011100000 P#
b10010000110100001110010101110000 5%
b1011000000100 U%
b11111110101 f%
#2254
b10010000111000110001100111110110 T
b10001101110110110010001101100110 0#
b10001101110110110010001101100110 P#
b10010000111000110001100111110110 5%
b1011000000101 U%
b11111110110 f%
#2255
b10010000111101010101000101000110 T
b10001101111011010101101010110110 0#
b10001101111011010101101010110110 P#
b10010000111101010101000101000110 5%
b1011000000110 U%
b11111110111 f%
#2256
b10010001000001111000010111001100 T
b10001101111111111000111100111100 0#
b10001101111111111000111100111100 P#
b10010001000001111000010111001100 5%
b1011000000111 U%
b11111111000 f%
#2257
1"
b100010 $
b11000011100011100 4
b10010001000110011011101001010110 T
b10001110000100000101011001100100 0#
b10001110000100000101011001100100 P#
b11111100111110000000100101110000 p#
b10010001000110011011101001010110 5%
b1011000001000 U%
b11111111001 f%
#2258
0"
b10010001001010111111000110100110 T
b10001110001000101000110110110100 0#
b10001110001000101000110110110100 P#
b10010001001010111111000110100110 5%
b1011000001001 U%
b11111111010 f%
#2259
b10010001001111100010011000101100 T
b10001110001101001100001000111010 0#
b10001110001101001100001000111010 P#
b10010001001111100010011000101100 5%
b1011000001010 U%
b11111111011 f%
#2260
b10010001010100000101101010110010 T
b10001110010001101111011011000000 0#
b10001110010001101111011011000000 P#
b10010001010100000101101010110010 5%
b1011000001011 U%
b11111111100 f%
#2261
b10010001011000101001001000000010 T
b10001110010110010010111000010000 0#
b10001110010110010010111000010000 P#
b10010001011000101001001000000010 5%
b1011000001100 U%
b11111111101 f%
#2262
b10010001011101001100011010001000 T
b10001110011010110110001010010110 0#
b10001110011010110110001010010110 P#
b10010001011101001100011010001000 5%
b1011000001101 U%
b11111111110 f%
#2263
b10010001100001101111101100001110 T
b10001110011111011001011100011100 0#
b10001110011111011001011100011100 P#
b10010001100001101111101100001110 5%
b1011000001110 U%
b11111111111 f%
#2264
b10010001100110010011001001011110 T
b10001110100011111100111001101100 0#
b10001110100011111100111001101100 P#
b10010001100110010011001001011110 5%
b1011000001111 U%
b100000000000 f%
#2265
b10010001101010110110011011100100 T
b10001110101000100000001011110010 0#
b10001110101000100000001011110010 P#
b10010001101010110110011011100100 5%
b1011000010000 U%
b100000000001 f%
#2266
b10010001101111011001101101101010 T
b10001110101101000011011101111000 0#
b10001110101101000011011101111000 P#
b10010001101111011001101101101010 5%
b1011000010001 U%
b100000000010 f%
#2267
b10010001110011111101001010111010 T
b10001110110001100110111011001000 0#
b10001110110001100110111011001000 P#
b10010001110011111101001010111010 5%
b1011000010010 U%
b100000000011 f%
#2268
b10010001111000100000011101000000 T
b10001110110110001010001101001110 0#
b10001110110110001010001101001110 P#
b10010001111000100000011101000000 5%
b1011000010011 U%
b100000000100 f%
#2269
b10010001111101000011101111000110 T
b10001110111010101101011111010100 0#
b10001110111010101101011111010100 P#
b10010001111101000011101111000110 5%
b1011000010100 U%
b100000000101 f%
#2270
b10010010000001100111001100010110 T
b10001110111111010000111100100100 0#
b10001110111111010000111100100100 P#
b10010010000001100111001100010110 5%
b1011000010101 U%
b100000000110 f%
#2271
b10010010000110001010011110011100 T
b10001111000011110100001110101010 0#
b10001111000011110100001110101010 P#
b10010010000110001010011110011100 5%
b1011000010110 U%
b100000000111 f%
#2272
b10010010001010101101110000100010 T
b10001111001000010111100000110000 0#
b10001111001000010111100000110000 P#
b10010010001010101101110000100010 5%
b1011000010111 U%
b100000001000 f%
#2273
b10010010001111010001001101110010 T
b10001111001100111010111110000000 0#
b10001111001100111010111110000000 P#
b10010010001111010001001101110010 5%
b1011000011000 U%
b100000001001 f%
#2274
b10010010010011110100011111111000 T
b10001111010001011110010000000110 0#
b10001111010001011110010000000110 P#
b10010010010011110100011111111000 5%
b1011000011001 U%
b100000001010 f%
#2275
b10010010011000010111110001111110 T
b10001111010110000001100010001100 0#
b10001111010110000001100010001100 P#
b10010010011000010111110001111110 5%
b1011000011010 U%
b100000001011 f%
#2276
b10010010011100111011001111001110 T
b10001111011010100100111111011100 0#
b10001111011010100100111111011100 P#
b10010010011100111011001111001110 5%
b1011000011011 U%
b100000001100 f%
#2277
b10010010100001011110100001010100 T
b10001111011111001000010001100010 0#
b10001111011111001000010001100010 P#
b10010010100001011110100001010100 5%
b1011000011100 U%
b100000001101 f%
#2278
b10010010100110000001110011011010 T
b10001111100011101011100011101000 0#
b10001111100011101011100011101000 P#
b10010010100110000001110011011010 5%
b1011000011101 U%
b100000001110 f%
#2279
b10010010101010100101010000101010 T
b10001111101000001111000000111000 0#
b10001111101000001111000000111000 P#
b10010010101010100101010000101010 5%
b1011000011110 U%
b100000001111 f%
#2280
b10010010101111001000100010110000 T
b10001111101100110010010010111110 0#
b10001111101100110010010010111110 P#
b10010010101111001000100010110000 5%
b1011000011111 U%
b100000010000 f%
#2281
b10010010110011101011110100110110 T
b10001111110001010101100101000100 0#
b10001111110001010101100101000100 P#
b10010010110011101011110100110110 5%
b1011000100000 U%
b100000010001 f%
#2282
b10010010111000001111010010000110 T
b10001111110101111001000010010100 0#
b10001111110101111001000010010100 P#
b10010010111000001111010010000110 5%
b1011000100001 U%
b100000010010 f%
#2283
b10010010111100110010100100001100 T
b10001111111010011100010100011010 0#
b10001111111010011100010100011010 P#
b10010010111100110010100100001100 5%
b1011000100010 U%
b100000010011 f%
#2284
b10010011000001010101110110010010 T
b10001111111110111111100110100000 0#
b10001111111110111111100110100000 P#
b10010011000001010101110110010010 5%
b1011000100011 U%
b100000010100 f%
#2285
b10010011000101111001001000011000 T
b10010000000011100010111000100110 0#
b10010000000011100010111000100110 P#
b10010011000101111001001000011000 5%
b1011000100100 U%
b100000010101 f%
#2286
b10010011001010011100100101101000 T
b10010000001000000110010101110110 0#
b10010000001000000110010101110110 P#
b10010011001010011100100101101000 5%
b1011000100101 U%
b100000010110 f%
#2287
b10010011001110111111110111101110 T
b10010000001100101001100111111100 0#
b10010000001100101001100111111100 P#
b10010011001110111111110111101110 5%
b1011000100110 U%
b100000010111 f%
#2288
b10010011010011100011001001110100 T
b10010000010001001100111010000010 0#
b10010000010001001100111010000010 P#
b10010011010011100011001001110100 5%
b1011000100111 U%
b100000011000 f%
#2289
b10010011011000000110100111000100 T
b10010000010101110000010111010010 0#
b10010000010101110000010111010010 P#
b10010011011000000110100111000100 5%
b1011000101000 U%
b100000011001 f%
#2290
b10010011011100101001111001001010 T
b10010000011010010011101001011000 0#
b10010000011010010011101001011000 P#
b10010011011100101001111001001010 5%
b1011000101001 U%
b100000011010 f%
#2291
b10010011100001001101001011010000 T
b10010000011110110110111011011110 0#
b10010000011110110110111011011110 P#
b10010011100001001101001011010000 5%
b1011000101010 U%
b100000011011 f%
#2292
b10010011100101110000101000100000 T
b10010000100011011010011000101110 0#
b10010000100011011010011000101110 P#
b10010011100101110000101000100000 5%
b1011000101011 U%
b100000011100 f%
#2293
b10010011101010010011111010100110 T
b10010000100111111101101010110100 0#
b10010000100111111101101010110100 P#
b10010011101010010011111010100110 5%
b1011000101100 U%
b100000011101 f%
#2294
b10010011101110110111001100101100 T
b10010000101100100000111100111010 0#
b10010000101100100000111100111010 P#
b10010011101110110111001100101100 5%
b1011000101101 U%
b100000011110 f%
#2295
b10010011110011011010101001111100 T
b10010000110001000100011010001010 0#
b10010000110001000100011010001010 P#
b10010011110011011010101001111100 5%
b1011000101110 U%
b100000011111 f%
#2296
b10010011110111111101111100000010 T
b10010000110101100111101100010000 0#
b10010000110101100111101100010000 P#
b10010011110111111101111100000010 5%
b1011000101111 U%
b100000100000 f%
#2297
b10010011111100100001001110001000 T
b10010000111010001010111110010110 0#
b10010000111010001010111110010110 P#
b10010011111100100001001110001000 5%
b1011000110000 U%
b100000100001 f%
#2298
b10010100000001000100101011011000 T
b10010000111110101110011011100110 0#
b10010000111110101110011011100110 P#
b10010100000001000100101011011000 5%
b1011000110001 U%
b100000100010 f%
#2299
b10010100000101100111111101011110 T
b10010001000011010001101101101100 0#
b10010001000011010001101101101100 P#
b10010100000101100111111101011110 5%
b1011000110010 U%
b100000100011 f%
#2300
b10010100001010001011001111100100 T
b10010001000111110100111111110010 0#
b10010001000111110100111111110010 P#
b10010100001010001011001111100100 5%
b1011000110011 U%
b100000100100 f%
#2301
b10010100001110101110101100110100 T
b10010001001100011000011101000010 0#
b10010001001100011000011101000010 P#
b10010100001110101110101100110100 5%
b1011000110100 U%
b100000100101 f%
#2302
b10010100010011010001111110111010 T
b10010001010000111011101111001000 0#
b10010001010000111011101111001000 P#
b10010100010011010001111110111010 5%
b1011000110101 U%
b100000100110 f%
#2303
b10010100010111110101010001000000 T
b10010001010101011111000001001110 0#
b10010001010101011111000001001110 P#
b10010100010111110101010001000000 5%
b1011000110110 U%
b100000100111 f%
#2304
b10010100011100011000101110010000 T
b10010001011010000010011110011110 0#
b10010001011010000010011110011110 P#
b10010100011100011000101110010000 5%
b1011000110111 U%
b100000101000 f%
#2305
b10010100100000111100000000010110 T
b10010001011110100101110000100100 0#
b10010001011110100101110000100100 P#
b10010100100000111100000000010110 5%
b1011000111000 U%
b100000101001 f%
#2306
b10010100100101011111010010011100 T
b10010001100011001001000010101010 0#
b10010001100011001001000010101010 P#
b10010100100101011111010010011100 5%
b1011000111001 U%
b100000101010 f%
#2307
b10010100101010000010101111101100 T
b10010001100111101100011111111010 0#
b10010001100111101100011111111010 P#
b10010100101010000010101111101100 5%
b1011000111010 U%
b100000101011 f%
#2308
b10010100101110100110000001110010 T
b10010001101100001111110010000000 0#
b10010001101100001111110010000000 P#
b10010100101110100110000001110010 5%
b1011000111011 U%
b100000101100 f%
#2309
b10010100110011001001010011111000 T
b10010001110000110011000100000110 0#
b10010001110000110011000100000110 P#
b10010100110011001001010011111000 5%
b1011000111100 U%
b100000101101 f%
#2310
b10010100110111101100110001001000 T
b10010001110101010110100001010110 0#
b10010001110101010110100001010110 P#
b10010100110111101100110001001000 5%
b1011000111101 U%
b100000101110 f%
#2311
b10010100111100010000000011001110 T
b10010001111001111001110011011100 0#
b10010001111001111001110011011100 P#
b10010100111100010000000011001110 5%
b1011000111110 U%
b100000101111 f%
#2312
b10010101000000110011010101010100 T
b10010001111110011101000101100010 0#
b10010001111110011101000101100010 P#
b10010101000000110011010101010100 5%
b1011000111111 U%
b100000110000 f%
#2313
b10010101000101010110100111011010 T
b10010010000011000000010111101000 0#
b10010010000011000000010111101000 P#
b10010101000101010110100111011010 5%
b1011001000000 U%
b100000110001 f%
#2314
b10010101001001111010000100101010 T
b10010010000111100011110100111000 0#
b10010010000111100011110100111000 P#
b10010101001001111010000100101010 5%
b1011001000001 U%
b100000110010 f%
#2315
b10010101001110011101010110110000 T
b10010010001100000111000110111110 0#
b10010010001100000111000110111110 P#
b10010101001110011101010110110000 5%
b1011001000010 U%
b100000110011 f%
#2316
b10010101010011000000101000110110 T
b10010010010000101010011001000100 0#
b10010010010000101010011001000100 P#
b10010101010011000000101000110110 5%
b1011001000011 U%
b100000110100 f%
#2317
1"
b100011 $
b11000011100011011 4
b10010101010111100100000110001010 T
b10010010010100110110110101101100 0#
b10010010010100110110110101101100 P#
b11111100111101101001110000001110 p#
b10010101010111100100000110001010 5%
b1011001000100 U%
b100000110101 f%
#2318
0"
b10010101011100000111011000010000 T
b10010010011001011010000111110010 0#
b10010010011001011010000111110010 P#
b10010101011100000111011000010000 5%
b1011001000101 U%
b100000110110 f%
#2319
b10010101100000101010101010010110 T
b10010010011101111101011001111000 0#
b10010010011101111101011001111000 P#
b10010101100000101010101010010110 5%
b1011001000110 U%
b100000110111 f%
#2320
b10010101100101001110000111100110 T
b10010010100010100000110111001000 0#
b10010010100010100000110111001000 P#
b10010101100101001110000111100110 5%
b1011001000111 U%
b100000111000 f%
#2321
b10010101101001110001011001101100 T
b10010010100111000100001001001110 0#
b10010010100111000100001001001110 P#
b10010101101001110001011001101100 5%
b1011001001000 U%
b100000111001 f%
#2322
b10010101101110010100101011110010 T
b10010010101011100111011011010100 0#
b10010010101011100111011011010100 P#
b10010101101110010100101011110010 5%
b1011001001001 U%
b100000111010 f%
#2323
b10010101110010111000001001000010 T
b10010010110000001010111000100100 0#
b10010010110000001010111000100100 P#
b10010101110010111000001001000010 5%
b1011001001010 U%
b100000111011 f%
#2324
b10010101110111011011011011001000 T
b10010010110100101110001010101010 0#
b10010010110100101110001010101010 P#
b10010101110111011011011011001000 5%
b1011001001011 U%
b100000111100 f%
#2325
b10010101111011111110101101001110 T
b10010010111001010001011100110000 0#
b10010010111001010001011100110000 P#
b10010101111011111110101101001110 5%
b1011001001100 U%
b100000111101 f%
#2326
b10010110000000100010001010011110 T
b10010010111101110100111010000000 0#
b10010010111101110100111010000000 P#
b10010110000000100010001010011110 5%
b1011001001101 U%
b100000111110 f%
#2327
b10010110000101000101011100100100 T
b10010011000010011000001100000110 0#
b10010011000010011000001100000110 P#
b10010110000101000101011100100100 5%
b1011001001110 U%
b100000111111 f%
#2328
b10010110001001101000101110101010 T
b10010011000110111011011110001100 0#
b10010011000110111011011110001100 P#
b10010110001001101000101110101010 5%
b1011001001111 U%
b100001000000 f%
#2329
b10010110001110001100001011111010 T
b10010011001011011110111011011100 0#
b10010011001011011110111011011100 P#
b10010110001110001100001011111010 5%
b1011001010000 U%
b100001000001 f%
#2330
b10010110010010101111011110000000 T
b10010011010000000010001101100010 0#
b10010011010000000010001101100010 P#
b10010110010010101111011110000000 5%
b1011001010001 U%
b100001000010 f%
#2331
b10010110010111010010110000000110 T
b10010011010100100101011111101000 0#
b10010011010100100101011111101000 P#
b10010110010111010010110000000110 5%
b1011001010010 U%
b100001000011 f%
#2332
b10010110011011110110001101010110 T
b10010011011001001000111100111000 0#
b10010011011001001000111100111000 P#
b10010110011011110110001101010110 5%
b1011001010011 U%
b100001000100 f%
#2333
b10010110100000011001011111011100 T
b10010011011101101100001110111110 0#
b10010011011101101100001110111110 P#
b10010110100000011001011111011100 5%
b1011001010100 U%
b100001000101 f%
#2334
b10010110100100111100110001100010 T
b10010011100010001111100001000100 0#
b10010011100010001111100001000100 P#
b10010110100100111100110001100010 5%
b1011001010101 U%
b100001000110 f%
#2335
b10010110101001100000001110110010 T
b10010011100110110010111110010100 0#
b10010011100110110010111110010100 P#
b10010110101001100000001110110010 5%
b1011001010110 U%
b100001000111 f%
#2336
b10010110101110000011100000111000 T
b10010011101011010110010000011010 0#
b10010011101011010110010000011010 P#
b10010110101110000011100000111000 5%
b1011001010111 U%
b100001001000 f%
#2337
b10010110110010100110110010111110 T
b10010011101111111001100010100000 0#
b10010011101111111001100010100000 P#
b10010110110010100110110010111110 5%
b1011001011000 U%
b100001001001 f%
#2338
b10010110110111001010010000001110 T
b10010011110100011100111111110000 0#
b10010011110100011100111111110000 P#
b10010110110111001010010000001110 5%
b1011001011001 U%
b100001001010 f%
#2339
b10010110111011101101100010010100 T
b10010011111001000000010001110110 0#
b10010011111001000000010001110110 P#
b10010110111011101101100010010100 5%
b1011001011010 U%
b100001001011 f%
#2340
b10010111000000010000110100011010 T
b10010011111101100011100011111100 0#
b10010011111101100011100011111100 P#
b10010111000000010000110100011010 5%
b1011001011011 U%
b100001001100 f%
#2341
b10010111000100110100010001101010 T
b10010100000010000111000001001100 0#
b10010100000010000111000001001100 P#
b10010111000100110100010001101010 5%
b1011001011100 U%
b100001001101 f%
#2342
b10010111001001010111100011110000 T
b10010100000110101010010011010010 0#
b10010100000110101010010011010010 P#
b10010111001001010111100011110000 5%
b1011001011101 U%
b100001001110 f%
#2343
b10010111001101111010110101110110 T
b10010100001011001101100101011000 0#
b10010100001011001101100101011000 P#
b10010111001101111010110101110110 5%
b1011001011110 U%
b100001001111 f%
#2344
b10010111010010011110000111111100 T
b10010100001111110000110111011110 0#
b10010100001111110000110111011110 P#
b10010111010010011110000111111100 5%
b1011001011111 U%
b100001010000 f%
#2345
b10010111010111000001100101001100 T
b10010100010100010100010100101110 0#
b10010100010100010100010100101110 P#
b10010111010111000001100101001100 5%
b1011001100000 U%
b100001010001 f%
#2346
b10010111011011100100110111010010 T
b10010100011000110111100110110100 0#
b10010100011000110111100110110100 P#
b10010111011011100100110111010010 5%
b1011001100001 U%
b100001010010 f%
#2347
b10010111100000001000001001011000 T
b10010100011101011010111000111010 0#
b10010100011101011010111000111010 P#
b10010111100000001000001001011000 5%
b1011001100010 U%
b100001010011 f%
#2348
b10010111100100101011100110101000 T
b10010100100001111110010110001010 0#
b10010100100001111110010110001010 P#
b10010111100100101011100110101000 5%
b1011001100011 U%
b100001010100 f%
#2349
b10010111101001001110111000101110 T
b10010100100110100001101000010000 0#
b10010100100110100001101000010000 P#
b10010111101001001110111000101110 5%
b1011001100100 U%
b100001010101 f%
#2350
b10010111101101110010001010110100 T
b10010100101011000100111010010110 0#
b10010100101011000100111010010110 P#
b10010111101101110010001010110100 5%
b1011001100101 U%
b100001010110 f%
#2351
b10010111110010010101101000000100 T
b10010100101111101000010111100110 0#
b10010100101111101000010111100110 P#
b10010111110010010101101000000100 5%
b1011001100110 U%
b100001010111 f%
#2352
b10010111110110111000111010001010 T
b10010100110100001011101001101100 0#
b10010100110100001011101001101100 P#
b10010111110110111000111010001010 5%
b1011001100111 U%
b100001011000 f%
#2353
b10010111111011011100001100010000 T
b10010100111000101110111011110010 0#
b10010100111000101110111011110010 P#
b10010111111011011100001100010000 5%
b1011001101000 U%
b100001011001 f%
#2354
b10010111111111111111101001100000 T
b10010100111101010010011001000010 0#
b10010100111101010010011001000010 P#
b10010111111111111111101001100000 5%
b1011001101001 U%
b100001011010 f%
#2355
b10011000000100100010111011100110 T
b10010101000001110101101011001000 0#
b10010101000001110101101011001000 P#
b10011000000100100010111011100110 5%
b1011001101010 U%
b100001011011 f%
#2356
b10011000001001000110001101101100 T
b10010101000110011000111101001110 0#
b10010101000110011000111101001110 P#
b10011000001001000110001101101100 5%
b1011001101011 U%
b100001011100 f%
#2357
b10011000001101101001101010111100 T
b10010101001010111100011010011110 0#
b10010101001010111100011010011110 P#
b10011000001101101001101010111100 5%
b1011001101100 U%
b100001011101 f%
#2358
b10011000010010001100111101000010 T
b10010101001111011111101100100100 0#
b10010101001111011111101100100100 P#
b10011000010010001100111101000010 5%
b1011001101101 U%
b100001011110 f%
#2359
b10011000010110110000001111001000 T
b10010101010100000010111110101010 0#
b10010101010100000010111110101010 P#
b10011000010110110000001111001000 5%
b1011001101110 U%
b100001011111 f%
#2360
b10011000011011010011101100011000 T
b10010101011000100110011011111010 0#
b10010101011000100110011011111010 P#
b10011000011011010011101100011000 5%
b1011001101111 U%
b100001100000 f%
#2361
b10011000011111110110111110011110 T
b10010101011101001001101110000000 0#
b10010101011101001001101110000000 P#
b10011000011111110110111110011110 5%
b1011001110000 U%
b100001100001 f%
#2362
b10011000100100011010010000100100 T
b10010101100001101101000000000110 0#
b10010101100001101101000000000110 P#
b10011000100100011010010000100100 5%
b1011001110001 U%
b100001100010 f%
#2363
b10011000101000111101101101110100 T
b10010101100110010000011101010110 0#
b10010101100110010000011101010110 P#
b10011000101000111101101101110100 5%
b1011001110010 U%
b100001100011 f%
#2364
b10011000101101100000111111111010 T
b10010101101010110011101111011100 0#
b10010101101010110011101111011100 P#
b10011000101101100000111111111010 5%
b1011001110011 U%
b100001100100 f%
#2365
b10011000110010000100010010000000 T
b10010101101111010111000001100010 0#
b10010101101111010111000001100010 P#
b10011000110010000100010010000000 5%
b1011001110100 U%
b100001100101 f%
#2366
b10011000110110100111101111010000 T
b10010101110011111010011110110010 0#
b10010101110011111010011110110010 P#
b10011000110110100111101111010000 5%
b1011001110101 U%
b100001100110 f%
#2367
b10011000111011001011000001010110 T
b10010101111000011101110000111000 0#
b10010101111000011101110000111000 P#
b10011000111011001011000001010110 5%
b1011001110110 U%
b100001100111 f%
#2368
b10011000111111101110010011011100 T
b10010101111101000001000010111110 0#
b10010101111101000001000010111110 P#
b10011000111111101110010011011100 5%
b1011001110111 U%
b100001101000 f%
#2369
b10011001000100010001110000101100 T
b10010110000001100100100000001110 0#
b10010110000001100100100000001110 P#
b10011001000100010001110000101100 5%
b1011001111000 U%
b100001101001 f%
#2370
b10011001001000110101000010110010 T
b10010110000110000111110010010100 0#
b10010110000110000111110010010100 P#
b10011001001000110101000010110010 5%
b1011001111001 U%
b100001101010 f%
#2371
b10011001001101011000010100111000 T
b10010110001010101011000100011010 0#
b10010110001010101011000100011010 P#
b10011001001101011000010100111000 5%
b1011001111010 U%
b100001101011 f%
#2372
b10011001010001111011100110111110 T
b10010110001111001110010110100000 0#
b10010110001111001110010110100000 P#
b10011001010001111011100110111110 5%
b1011001111011 U%
b100001101100 f%
#2373
b10011001010110011111000100001110 T
b10010110010011110001110011110000 0#
b10010110010011110001110011110000 P#
b10011001010110011111000100001110 5%
b1011001111100 U%
b100001101101 f%
#2374
b10011001011011000010010110010100 T
b10010110011000010101000101110110 0#
b10010110011000010101000101110110 P#
b10011001011011000010010110010100 5%
b1011001111101 U%
b100001101110 f%
#2375
b10011001011111100101101000011010 T
b10010110011100111000010111111100 0#
b10010110011100111000010111111100 P#
b10011001011111100101101000011010 5%
b1011001111110 U%
b100001101111 f%
#2376
b10011001100100001001000101101010 T
b10010110100001011011110101001100 0#
b10010110100001011011110101001100 P#
b10011001100100001001000101101010 5%
b1011001111111 U%
b100001110000 f%
#2377
1"
b100100 $
b11000011100011100 4
b10011001101000101100010111110100 T
b10010110100101101000010001110100 0#
b10010110100101101000010001110100 P#
b11111100111101010010101111100010 p#
b10011001101000101100010111110100 5%
b1011010000000 U%
b100001110001 f%
#2378
0"
b10011001101101001111101001111010 T
b10010110101010001011100011111010 0#
b10010110101010001011100011111010 P#
b10011001101101001111101001111010 5%
b1011010000001 U%
b100001110010 f%
#2379
b10011001110001110011000111001010 T
b10010110101110101111000001001010 0#
b10010110101110101111000001001010 P#
b10011001110001110011000111001010 5%
b1011010000010 U%
b100001110011 f%
#2380
b10011001110110010110011001010000 T
b10010110110011010010010011010000 0#
b10010110110011010010010011010000 P#
b10011001110110010110011001010000 5%
b1011010000011 U%
b100001110100 f%
#2381
b10011001111010111001101011010110 T
b10010110110111110101100101010110 0#
b10010110110111110101100101010110 P#
b10011001111010111001101011010110 5%
b1011010000100 U%
b100001110101 f%
#2382
b10011001111111011101001000100110 T
b10010110111100011001000010100110 0#
b10010110111100011001000010100110 P#
b10011001111111011101001000100110 5%
b1011010000101 U%
b100001110110 f%
#2383
b10011010000100000000011010101100 T
b10010111000000111100010100101100 0#
b10010111000000111100010100101100 P#
b10011010000100000000011010101100 5%
b1011010000110 U%
b100001110111 f%
#2384
b10011010001000100011101100110010 T
b10010111000101011111100110110010 0#
b10010111000101011111100110110010 P#
b10011010001000100011101100110010 5%
b1011010000111 U%
b100001111000 f%
#2385
b10011010001101000111001010000010 T
b10010111001010000011000100000010 0#
b10010111001010000011000100000010 P#
b10011010001101000111001010000010 5%
b1011010001000 U%
b100001111001 f%
#2386
b10011010010001101010011100001000 T
b10010111001110100110010110001000 0#
b10010111001110100110010110001000 P#
b10011010010001101010011100001000 5%
b1011010001001 U%
b100001111010 f%
#2387
b10011010010110001101101110001110 T
b10010111010011001001101000001110 0#
b10010111010011001001101000001110 P#
b10011010010110001101101110001110 5%
b1011010001010 U%
b100001111011 f%
#2388
b10011010011010110001001011011110 T
b10010111010111101101000101011110 0#
b10010111010111101101000101011110 P#
b10011010011010110001001011011110 5%
b1011010001011 U%
b100001111100 f%
#2389
b10011010011111010100011101100100 T
b10010111011100010000010111100100 0#
b10010111011100010000010111100100 P#
b10011010011111010100011101100100 5%
b1011010001100 U%
b100001111101 f%
#2390
b10011010100011110111101111101010 T
b10010111100000110011101001101010 0#
b10010111100000110011101001101010 P#
b10011010100011110111101111101010 5%
b1011010001101 U%
b100001111110 f%
#2391
b10011010101000011011001100111010 T
b10010111100101010111000110111010 0#
b10010111100101010111000110111010 P#
b10011010101000011011001100111010 5%
b1011010001110 U%
b100001111111 f%
#2392
b10011010101100111110011111000000 T
b10010111101001111010011001000000 0#
b10010111101001111010011001000000 P#
b10011010101100111110011111000000 5%
b1011010001111 U%
b100010000000 f%
#2393
b10011010110001100001110001000110 T
b10010111101110011101101011000110 0#
b10010111101110011101101011000110 P#
b10011010110001100001110001000110 5%
b1011010010000 U%
b100010000001 f%
#2394
b10011010110110000101001110010110 T
b10010111110011000001001000010110 0#
b10010111110011000001001000010110 P#
b10011010110110000101001110010110 5%
b1011010010001 U%
b100010000010 f%
#2395
b10011010111010101000100000011100 T
b10010111110111100100011010011100 0#
b10010111110111100100011010011100 P#
b10011010111010101000100000011100 5%
b1011010010010 U%
b100010000011 f%
#2396
b10011010111111001011110010100010 T
b10010111111100000111101100100010 0#
b10010111111100000111101100100010 P#
b10011010111111001011110010100010 5%
b1011010010011 U%
b100010000100 f%
#2397
b10011011000011101111001111110010 T
b10011000000000101011001001110010 0#
b10011000000000101011001001110010 P#
b10011011000011101111001111110010 5%
b1011010010100 U%
b100010000101 f%
#2398
b10011011001000010010100001111000 T
b10011000000101001110011011111000 0#
b10011000000101001110011011111000 P#
b10011011001000010010100001111000 5%
b1011010010101 U%
b100010000110 f%
#2399
b10011011001100110101110011111110 T
b10011000001001110001101101111110 0#
b10011000001001110001101101111110 P#
b10011011001100110101110011111110 5%
b1011010010110 U%
b100010000111 f%
#2400
b10011011010001011001010001001110 T
b10011000001110010101001011001110 0#
b10011000001110010101001011001110 P#
b10011011010001011001010001001110 5%
b1011010010111 U%
b100010001000 f%
#2401
b10011011010101111100100011010100 T
b10011000010010111000011101010100 0#
b10011000010010111000011101010100 P#
b10011011010101111100100011010100 5%
b1011010011000 U%
b100010001001 f%
#2402
b10011011011010011111110101011010 T
b10011000010111011011101111011010 0#
b10011000010111011011101111011010 P#
b10011011011010011111110101011010 5%
b1011010011001 U%
b100010001010 f%
#2403
b10011011011111000011000111100000 T
b10011000011011111111000001100000 0#
b10011000011011111111000001100000 P#
b10011011011111000011000111100000 5%
b1011010011010 U%
b100010001011 f%
#2404
b10011011100011100110100100110000 T
b10011000100000100010011110110000 0#
b10011000100000100010011110110000 P#
b10011011100011100110100100110000 5%
b1011010011011 U%
b100010001100 f%
#2405
b10011011101000001001110110110110 T
b10011000100101000101110000110110 0#
b10011000100101000101110000110110 P#
b10011011101000001001110110110110 5%
b1011010011100 U%
b100010001101 f%
#2406
b10011011101100101101001000111100 T
b10011000101001101001000010111100 0#
b10011000101001101001000010111100 P#
b10011011101100101101001000111100 5%
b1011010011101 U%
b100010001110 f%
#2407
b10011011110001010000100110001100 T
b10011000101110001100100000001100 0#
b10011000101110001100100000001100 P#
b10011011110001010000100110001100 5%
b1011010011110 U%
b100010001111 f%
#2408
b10011011110101110011111000010010 T
b10011000110010101111110010010010 0#
b10011000110010101111110010010010 P#
b10011011110101110011111000010010 5%
b1011010011111 U%
b100010010000 f%
#2409
b10011011111010010111001010011000 T
b10011000110111010011000100011000 0#
b10011000110111010011000100011000 P#
b10011011111010010111001010011000 5%
b1011010100000 U%
b100010010001 f%
#2410
b10011011111110111010100111101000 T
b10011000111011110110100001101000 0#
b10011000111011110110100001101000 P#
b10011011111110111010100111101000 5%
b1011010100001 U%
b100010010010 f%
#2411
b10011100000011011101111001101110 T
b10011001000000011001110011101110 0#
b10011001000000011001110011101110 P#
b10011100000011011101111001101110 5%
b1011010100010 U%
b100010010011 f%
#2412
b10011100001000000001001011110100 T
b10011001000100111101000101110100 0#
b10011001000100111101000101110100 P#
b10011100001000000001001011110100 5%
b1011010100011 U%
b100010010100 f%
#2413
b10011100001100100100101001000100 T
b10011001001001100000100011000100 0#
b10011001001001100000100011000100 P#
b10011100001100100100101001000100 5%
b1011010100100 U%
b100010010101 f%
#2414
b10011100010001000111111011001010 T
b10011001001110000011110101001010 0#
b10011001001110000011110101001010 P#
b10011100010001000111111011001010 5%
b1011010100101 U%
b100010010110 f%
#2415
b10011100010101101011001101010000 T
b10011001010010100111000111010000 0#
b10011001010010100111000111010000 P#
b10011100010101101011001101010000 5%
b1011010100110 U%
b100010010111 f%
#2416
b10011100011010001110101010100000 T
b10011001010111001010100100100000 0#
b10011001010111001010100100100000 P#
b10011100011010001110101010100000 5%
b1011010100111 U%
b100010011000 f%
#2417
b10011100011110110001111100100110 T
b10011001011011101101110110100110 0#
b10011001011011101101110110100110 P#
b10011100011110110001111100100110 5%
b1011010101000 U%
b100010011001 f%
#2418
b10011100100011010101001110101100 T
b10011001100000010001001000101100 0#
b10011001100000010001001000101100 P#
b10011100100011010101001110101100 5%
b1011010101001 U%
b100010011010 f%
#2419
b10011100100111111000101011111100 T
b10011001100100110100100101111100 0#
b10011001100100110100100101111100 P#
b10011100100111111000101011111100 5%
b1011010101010 U%
b100010011011 f%
#2420
b10011100101100011011111110000010 T
b10011001101001010111111000000010 0#
b10011001101001010111111000000010 P#
b10011100101100011011111110000010 5%
b1011010101011 U%
b100010011100 f%
#2421
b10011100110000111111010000001000 T
b10011001101101111011001010001000 0#
b10011001101101111011001010001000 P#
b10011100110000111111010000001000 5%
b1011010101100 U%
b100010011101 f%
#2422
b10011100110101100010101101011000 T
b10011001110010011110100111011000 0#
b10011001110010011110100111011000 P#
b10011100110101100010101101011000 5%
b1011010101101 U%
b100010011110 f%
#2423
b10011100111010000101111111011110 T
b10011001110111000001111001011110 0#
b10011001110111000001111001011110 P#
b10011100111010000101111111011110 5%
b1011010101110 U%
b100010011111 f%
#2424
b10011100111110101001010001100100 T
b10011001111011100101001011100100 0#
b10011001111011100101001011100100 P#
b10011100111110101001010001100100 5%
b1011010101111 U%
b100010100000 f%
#2425
b10011101000011001100101110110100 T
b10011010000000001000101000110100 0#
b10011010000000001000101000110100 P#
b10011101000011001100101110110100 5%
b1011010110000 U%
b100010100001 f%
#2426
b10011101000111110000000000111010 T
b10011010000100101011111010111010 0#
b10011010000100101011111010111010 P#
b10011101000111110000000000111010 5%
b1011010110001 U%
b100010100010 f%
#2427
b10011101001100010011010011000000 T
b10011010001001001111001101000000 0#
b10011010001001001111001101000000 P#
b10011101001100010011010011000000 5%
b1011010110010 U%
b100010100011 f%
#2428
b10011101010000110110110000010000 T
b10011010001101110010101010010000 0#
b10011010001101110010101010010000 P#
b10011101010000110110110000010000 5%
b1011010110011 U%
b100010100100 f%
#2429
b10011101010101011010000010010110 T
b10011010010010010101111100010110 0#
b10011010010010010101111100010110 P#
b10011101010101011010000010010110 5%
b1011010110100 U%
b100010100101 f%
#2430
b10011101011001111101010100011100 T
b10011010010110111001001110011100 0#
b10011010010110111001001110011100 P#
b10011101011001111101010100011100 5%
b1011010110101 U%
b100010100110 f%
#2431
b10011101011110100000100110100010 T
b10011010011011011100100000100010 0#
b10011010011011011100100000100010 P#
b10011101011110100000100110100010 5%
b1011010110110 U%
b100010100111 f%
#2432
b10011101100011000100000011110010 T
b10011010011111111111111101110010 0#
b10011010011111111111111101110010 P#
b10011101100011000100000011110010 5%
b1011010110111 U%
b100010101000 f%
#2433
b10011101100111100111010101111000 T
b10011010100100100011001111111000 0#
b10011010100100100011001111111000 P#
b10011101100111100111010101111000 5%
b1011010111000 U%
b100010101001 f%
#2434
b10011101101100001010100111111110 T
b10011010101001000110100001111110 0#
b10011010101001000110100001111110 P#
b10011101101100001010100111111110 5%
b1011010111001 U%
b100010101010 f%
#2435
b10011101110000101110000101001110 T
b10011010101101101001111111001110 0#
b10011010101101101001111111001110 P#
b10011101110000101110000101001110 5%
b1011010111010 U%
b100010101011 f%
#2436
b10011101110101010001010111010100 T
b10011010110010001101010001010100 0#
b10011010110010001101010001010100 P#
b10011101110101010001010111010100 5%
b1011010111011 U%
b100010101100 f%
#2437
1"
b100101 $
b10011101111001110100101001011110 T
b10011010110110010110000011101010 0#
b10011010110110010110000011101010 P#
b11111100111100111011111010000000 p#
b10011101111001110100101001011110 5%
b1011010111100 U%
b100010101101 f%
#2438
0"
b10011101111110011000000110101110 T
b10011010111010111001100000111010 0#
b10011010111010111001100000111010 P#
b10011101111110011000000110101110 5%
b1011010111101 U%
b100010101110 f%
#2439
b10011110000010111011011000110100 T
b10011010111111011100110011000000 0#
b10011010111111011100110011000000 P#
b10011110000010111011011000110100 5%
b1011010111110 U%
b100010101111 f%
#2440
b10011110000111011110101010111010 T
b10011011000100000000000101000110 0#
b10011011000100000000000101000110 P#
b10011110000111011110101010111010 5%
b1011010111111 U%
b100010110000 f%
#2441
b10011110001100000010001000001010 T
b10011011001000100011100010010110 0#
b10011011001000100011100010010110 P#
b10011110001100000010001000001010 5%
b1011011000000 U%
b100010110001 f%
#2442
b10011110010000100101011010010000 T
b10011011001101000110110100011100 0#
b10011011001101000110110100011100 P#
b10011110010000100101011010010000 5%
b1011011000001 U%
b100010110010 f%
#2443
b10011110010101001000101100010110 T
b10011011010001101010000110100010 0#
b10011011010001101010000110100010 P#
b10011110010101001000101100010110 5%
b1011011000010 U%
b100010110011 f%
#2444
b10011110011001101100001001100110 T
b10011011010110001101100011110010 0#
b10011011010110001101100011110010 P#
b10011110011001101100001001100110 5%
b1011011000011 U%
b100010110100 f%
#2445
b10011110011110001111011011101100 T
b10011011011010110000110101111000 0#
b10011011011010110000110101111000 P#
b10011110011110001111011011101100 5%
b1011011000100 U%
b100010110101 f%
#2446
b10011110100010110010101101110010 T
b10011011011111010100000111111110 0#
b10011011011111010100000111111110 P#
b10011110100010110010101101110010 5%
b1011011000101 U%
b100010110110 f%
#2447
b10011110100111010110001011000010 T
b10011011100011110111100101001110 0#
b10011011100011110111100101001110 P#
b10011110100111010110001011000010 5%
b1011011000110 U%
b100010110111 f%
#2448
b10011110101011111001011101001000 T
b10011011101000011010110111010100 0#
b10011011101000011010110111010100 P#
b10011110101011111001011101001000 5%
b1011011000111 U%
b100010111000 f%
#2449
b10011110110000011100101111001110 T
b10011011101100111110001001011010 0#
b10011011101100111110001001011010 P#
b10011110110000011100101111001110 5%
b1011011001000 U%
b100010111001 f%
#2450
b10011110110101000000001100011110 T
b10011011110001100001100110101010 0#
b10011011110001100001100110101010 P#
b10011110110101000000001100011110 5%
b1011011001001 U%
b100010111010 f%
#2451
b10011110111001100011011110100100 T
b10011011110110000100111000110000 0#
b10011011110110000100111000110000 P#
b10011110111001100011011110100100 5%
b1011011001010 U%
b100010111011 f%
#2452
b10011110111110000110110000101010 T
b10011011111010101000001010110110 0#
b10011011111010101000001010110110 P#
b10011110111110000110110000101010 5%
b1011011001011 U%
b100010111100 f%
#2453
b10011111000010101010001101111010 T
b10011011111111001011101000000110 0#
b10011011111111001011101000000110 P#
b10011111000010101010001101111010 5%
b1011011001100 U%
b100010111101 f%
#2454
b10011111000111001101100000000000 T
b10011100000011101110111010001100 0#
b10011100000011101110111010001100 P#
b10011111000111001101100000000000 5%
b1011011001101 U%
b100010111110 f%
#2455
b10011111001011110000110010000110 T
b10011100001000010010001100010010 0#
b10011100001000010010001100010010 P#
b10011111001011110000110010000110 5%
b1011011001110 U%
b100010111111 f%
#2456
b10011111010000010100001111010110 T
b10011100001100110101101001100010 0#
b10011100001100110101101001100010 P#
b10011111010000010100001111010110 5%
b1011011001111 U%
b100011000000 f%
#2457
b10011111010100110111100001011100 T
b10011100010001011000111011101000 0#
b10011100010001011000111011101000 P#
b10011111010100110111100001011100 5%
b1011011010000 U%
b100011000001 f%
#2458
b10011111011001011010110011100010 T
b10011100010101111100001101101110 0#
b10011100010101111100001101101110 P#
b10011111011001011010110011100010 5%
b1011011010001 U%
b100011000010 f%
#2459
b10011111011101111110010000110010 T
b10011100011010011111101010111110 0#
b10011100011010011111101010111110 P#
b10011111011101111110010000110010 5%
b1011011010010 U%
b100011000011 f%
#2460
b10011111100010100001100010111000 T
b10011100011111000010111101000100 0#
b10011100011111000010111101000100 P#
b10011111100010100001100010111000 5%
b1011011010011 U%
b100011000100 f%
#2461
b10011111100111000100110100111110 T
b10011100100011100110001111001010 0#
b10011100100011100110001111001010 P#
b10011111100111000100110100111110 5%
b1011011010100 U%
b100011000101 f%
#2462
b10011111101011101000000111000100 T
b10011100101000001001100001010000 0#
b10011100101000001001100001010000 P#
b10011111101011101000000111000100 5%
b1011011010101 U%
b100011000110 f%
#2463
b10011111110000001011100100010100 T
b10011100101100101100111110100000 0#
b10011100101100101100111110100000 P#
b10011111110000001011100100010100 5%
b1011011010110 U%
b100011000111 f%
#2464
b10011111110100101110110110011010 T
b10011100110001010000010000100110 0#
b10011100110001010000010000100110 P#
b10011111110100101110110110011010 5%
b1011011010111 U%
b100011001000 f%
#2465
b10011111111001010010001000100000 T
b10011100110101110011100010101100 0#
b10011100110101110011100010101100 P#
b10011111111001010010001000100000 5%
b1011011011000 U%
b100011001001 f%
#2466
b10011111111101110101100101110000 T
b10011100111010010110111111111100 0#
b10011100111010010110111111111100 P#
b10011111111101110101100101110000 5%
b1011011011001 U%
b100011001010 f%
#2467
b10100000000010011000110111110110 T
b10011100111110111010010010000010 0#
b10011100111110111010010010000010 P#
b10100000000010011000110111110110 5%
b1011011011010 U%
b100011001011 f%
#2468
b10100000000110111100001001111100 T
b10011101000011011101100100001000 0#
b10011101000011011101100100001000 P#
b10100000000110111100001001111100 5%
b1011011011011 U%
b100011001100 f%
#2469
b10100000001011011111100111001100 T
b10011101001000000001000001011000 0#
b10011101001000000001000001011000 P#
b10100000001011011111100111001100 5%
b1011011011100 U%
b100011001101 f%
#2470
b10100000010000000010111001010010 T
b10011101001100100100010011011110 0#
b10011101001100100100010011011110 P#
b10100000010000000010111001010010 5%
b1011011011101 U%
b100011001110 f%
#2471
b10100000010100100110001011011000 T
b10011101010001000111100101100100 0#
b10011101010001000111100101100100 P#
b10100000010100100110001011011000 5%
b1011011011110 U%
b100011001111 f%
#2472
b10100000011001001001101000101000 T
b10011101010101101011000010110100 0#
b10011101010101101011000010110100 P#
b10100000011001001001101000101000 5%
b1011011011111 U%
b100011010000 f%
#2473
b10100000011101101100111010101110 T
b10011101011010001110010100111010 0#
b10011101011010001110010100111010 P#
b10100000011101101100111010101110 5%
b1011011100000 U%
b100011010001 f%
#2474
b10100000100010010000001100110100 T
b10011101011110110001100111000000 0#
b10011101011110110001100111000000 P#
b10100000100010010000001100110100 5%
b1011011100001 U%
b100011010010 f%
#2475
b10100000100110110011101010000100 T
b10011101100011010101000100010000 0#
b10011101100011010101000100010000 P#
b10100000100110110011101010000100 5%
b1011011100010 U%
b100011010011 f%
#2476
b10100000101011010110111100001010 T
b10011101100111111000010110010110 0#
b10011101100111111000010110010110 P#
b10100000101011010110111100001010 5%
b1011011100011 U%
b100011010100 f%
#2477
b10100000101111111010001110010000 T
b10011101101100011011101000011100 0#
b10011101101100011011101000011100 P#
b10100000101111111010001110010000 5%
b1011011100100 U%
b100011010101 f%
#2478
b10100000110100011101101011100000 T
b10011101110000111111000101101100 0#
b10011101110000111111000101101100 P#
b10100000110100011101101011100000 5%
b1011011100101 U%
b100011010110 f%
#2479
b10100000111001000000111101100110 T
b10011101110101100010010111110010 0#
b10011101110101100010010111110010 P#
b10100000111001000000111101100110 5%
b1011011100110 U%
b100011010111 f%
#2480
b10100000111101100100001111101100 T
b10011101111010000101101001111000 0#
b10011101111010000101101001111000 P#
b10100000111101100100001111101100 5%
b1011011100111 U%
b100011011000 f%
#2481
b10100001000010000111101100111100 T
b10011101111110101001000111001000 0#
b10011101111110101001000111001000 P#
b10100001000010000111101100111100 5%
b1011011101000 U%
b100011011001 f%
#2482
b10100001000110101010111111000010 T
b10011110000011001100011001001110 0#
b10011110000011001100011001001110 P#
b10100001000110101010111111000010 5%
b1011011101001 U%
b100011011010 f%
#2483
b10100001001011001110010001001000 T
b10011110000111101111101011010100 0#
b10011110000111101111101011010100 P#
b10100001001011001110010001001000 5%
b1011011101010 U%
b100011011011 f%
#2484
b10100001001111110001101110011000 T
b10011110001100010011001000100100 0#
b10011110001100010011001000100100 P#
b10100001001111110001101110011000 5%
b1011011101011 U%
b100011011100 f%
#2485
b10100001010100010101000000011110 T
b10011110010000110110011010101010 0#
b10011110010000110110011010101010 P#
b10100001010100010101000000011110 5%
b1011011101100 U%
b100011011101 f%
#2486
b10100001011000111000010010100100 T
b10011110010101011001101100110000 0#
b10011110010101011001101100110000 P#
b10100001011000111000010010100100 5%
b1011011101101 U%
b100011011110 f%
#2487
b10100001011101011011101111110100 T
b10011110011001111101001010000000 0#
b10011110011001111101001010000000 P#
b10100001011101011011101111110100 5%
b1011011101110 U%
b100011011111 f%
#2488
b10100001100001111111000001111010 T
b10011110011110100000011100000110 0#
b10011110011110100000011100000110 P#
b10100001100001111111000001111010 5%
b1011011101111 U%
b100011100000 f%
#2489
b10100001100110100010010100000000 T
b10011110100011000011101110001100 0#
b10011110100011000011101110001100 P#
b10100001100110100010010100000000 5%
b1011011110000 U%
b100011100001 f%
#2490
b10100001101011000101100110000110 T
b10011110100111100111000000010010 0#
b10011110100111100111000000010010 P#
b10100001101011000101100110000110 5%
b1011011110001 U%
b100011100010 f%
#2491
b10100001101111101001000011010110 T
b10011110101100001010011101100010 0#
b10011110101100001010011101100010 P#
b10100001101111101001000011010110 5%
b1011011110010 U%
b100011100011 f%
#2492
b10100001110100001100010101011100 T
b10011110110000101101101111101000 0#
b10011110110000101101101111101000 P#
b10100001110100001100010101011100 5%
b1011011110011 U%
b100011100100 f%
#2493
b10100001111000101111100111100010 T
b10011110110101010001000001101110 0#
b10011110110101010001000001101110 P#
b10100001111000101111100111100010 5%
b1011011110100 U%
b100011100101 f%
#2494
b10100001111101010011000100110010 T
b10011110111001110100011110111110 0#
b10011110111001110100011110111110 P#
b10100001111101010011000100110010 5%
b1011011110101 U%
b100011100110 f%
#2495
b10100010000001110110010110111000 T
b10011110111110010111110001000100 0#
b10011110111110010111110001000100 P#
b10100010000001110110010110111000 5%
b1011011110110 U%
b100011100111 f%
#2496
b10100010000110011001101000111110 T
b10011111000010111011000011001010 0#
b10011111000010111011000011001010 P#
b10100010000110011001101000111110 5%
b1011011110111 U%
b100011101000 f%
#2497
1"
b100110 $
b11000011100011011 4
b10100010001010111101000110010010 T
b10011111000111001011001010000100 0#
b10011111000111001011001010000100 P#
b11111100111100100001011010001100 p#
b10100010001010111101000110010010 5%
b1011011111000 U%
b100011101001 f%
#2498
0"
b10100010001111100000011000011000 T
b10011111001011101110011100001010 0#
b10011111001011101110011100001010 P#
b10100010001111100000011000011000 5%
b1011011111001 U%
b100011101010 f%
#2499
b10100010010100000011101010011110 T
b10011111010000010001101110010000 0#
b10011111010000010001101110010000 P#
b10100010010100000011101010011110 5%
b1011011111010 U%
b100011101011 f%
#2500
b10100010011000100111000111101110 T
b10011111010100110101001011100000 0#
b10011111010100110101001011100000 P#
b10100010011000100111000111101110 5%
b1011011111011 U%
b100011101100 f%
#2501
b10100010011101001010011001110100 T
b10011111011001011000011101100110 0#
b10011111011001011000011101100110 P#
b10100010011101001010011001110100 5%
b1011011111100 U%
b100011101101 f%
#2502
b10100010100001101101101011111010 T
b10011111011101111011101111101100 0#
b10011111011101111011101111101100 P#
b10100010100001101101101011111010 5%
b1011011111101 U%
b100011101110 f%
#2503
b10100010100110010001001001001010 T
b10011111100010011111001100111100 0#
b10011111100010011111001100111100 P#
b10100010100110010001001001001010 5%
b1011011111110 U%
b100011101111 f%
#2504
b10100010101010110100011011010000 T
b10011111100111000010011111000010 0#
b10011111100111000010011111000010 P#
b10100010101010110100011011010000 5%
b1011011111111 U%
b100011110000 f%
#2505
b10100010101111010111101101010110 T
b10011111101011100101110001001000 0#
b10011111101011100101110001001000 P#
b10100010101111010111101101010110 5%
b1011100000000 U%
b100011110001 f%
#2506
b10100010110011111011001010100110 T
b10011111110000001001001110011000 0#
b10011111110000001001001110011000 P#
b10100010110011111011001010100110 5%
b1011100000001 U%
b100011110010 f%
#2507
b10100010111000011110011100101100 T
b10011111110100101100100000011110 0#
b10011111110100101100100000011110 P#
b10100010111000011110011100101100 5%
b1011100000010 U%
b100011110011 f%
#2508
b10100010111101000001101110110010 T
b10011111111001001111110010100100 0#
b10011111111001001111110010100100 P#
b10100010111101000001101110110010 5%
b1011100000011 U%
b100011110100 f%
#2509
b10100011000001100101001100000010 T
b10011111111101110011001111110100 0#
b10011111111101110011001111110100 P#
b10100011000001100101001100000010 5%
b1011100000100 U%
b100011110101 f%
#2510
b10100011000110001000011110001000 T
b10100000000010010110100001111010 0#
b10100000000010010110100001111010 P#
b10100011000110001000011110001000 5%
b1011100000101 U%
b100011110110 f%
#2511
b10100011001010101011110000001110 T
b10100000000110111001110100000000 0#
b10100000000110111001110100000000 P#
b10100011001010101011110000001110 5%
b1011100000110 U%
b100011110111 f%
#2512
b10100011001111001111001101011110 T
b10100000001011011101010001010000 0#
b10100000001011011101010001010000 P#
b10100011001111001111001101011110 5%
b1011100000111 U%
b100011111000 f%
#2513
b10100011010011110010011111100100 T
b10100000010000000000100011010110 0#
b10100000010000000000100011010110 P#
b10100011010011110010011111100100 5%
b1011100001000 U%
b100011111001 f%
#2514
b10100011011000010101110001101010 T
b10100000010100100011110101011100 0#
b10100000010100100011110101011100 P#
b10100011011000010101110001101010 5%
b1011100001001 U%
b100011111010 f%
#2515
b10100011011100111001001110111010 T
b10100000011001000111010010101100 0#
b10100000011001000111010010101100 P#
b10100011011100111001001110111010 5%
b1011100001010 U%
b100011111011 f%
#2516
b10100011100001011100100001000000 T
b10100000011101101010100100110010 0#
b10100000011101101010100100110010 P#
b10100011100001011100100001000000 5%
b1011100001011 U%
b100011111100 f%
#2517
b10100011100101111111110011000110 T
b10100000100010001101110110111000 0#
b10100000100010001101110110111000 P#
b10100011100101111111110011000110 5%
b1011100001100 U%
b100011111101 f%
#2518
b10100011101010100011010000010110 T
b10100000100110110001010100001000 0#
b10100000100110110001010100001000 P#
b10100011101010100011010000010110 5%
b1011100001101 U%
b100011111110 f%
#2519
b10100011101111000110100010011100 T
b10100000101011010100100110001110 0#
b10100000101011010100100110001110 P#
b10100011101111000110100010011100 5%
b1011100001110 U%
b100011111111 f%
#2520
b10100011110011101001110100100010 T
b10100000101111110111111000010100 0#
b10100000101111110111111000010100 P#
b10100011110011101001110100100010 5%
b1011100001111 U%
b100100000000 f%
#2521
b10100011111000001101000110101000 T
b10100000110100011011001010011010 0#
b10100000110100011011001010011010 P#
b10100011111000001101000110101000 5%
b1011100010000 U%
b100100000001 f%
#2522
b10100011111100110000100011111000 T
b10100000111000111110100111101010 0#
b10100000111000111110100111101010 P#
b10100011111100110000100011111000 5%
b1011100010001 U%
b100100000010 f%
#2523
b10100100000001010011110101111110 T
b10100000111101100001111001110000 0#
b10100000111101100001111001110000 P#
b10100100000001010011110101111110 5%
b1011100010010 U%
b100100000011 f%
#2524
b10100100000101110111001000000100 T
b10100001000010000101001011110110 0#
b10100001000010000101001011110110 P#
b10100100000101110111001000000100 5%
b1011100010011 U%
b100100000100 f%
#2525
b10100100001010011010100101010100 T
b10100001000110101000101001000110 0#
b10100001000110101000101001000110 P#
b10100100001010011010100101010100 5%
b1011100010100 U%
b100100000101 f%
#2526
b10100100001110111101110111011010 T
b10100001001011001011111011001100 0#
b10100001001011001011111011001100 P#
b10100100001110111101110111011010 5%
b1011100010101 U%
b100100000110 f%
#2527
b10100100010011100001001001100000 T
b10100001001111101111001101010010 0#
b10100001001111101111001101010010 P#
b10100100010011100001001001100000 5%
b1011100010110 U%
b100100000111 f%
#2528
b10100100011000000100100110110000 T
b10100001010100010010101010100010 0#
b10100001010100010010101010100010 P#
b10100100011000000100100110110000 5%
b1011100010111 U%
b100100001000 f%
#2529
b10100100011100100111111000110110 T
b10100001011000110101111100101000 0#
b10100001011000110101111100101000 P#
b10100100011100100111111000110110 5%
b1011100011000 U%
b100100001001 f%
#2530
b10100100100001001011001010111100 T
b10100001011101011001001110101110 0#
b10100001011101011001001110101110 P#
b10100100100001001011001010111100 5%
b1011100011001 U%
b100100001010 f%
#2531
b10100100100101101110101000001100 T
b10100001100001111100101011111110 0#
b10100001100001111100101011111110 P#
b10100100100101101110101000001100 5%
b1011100011010 U%
b100100001011 f%
#2532
b10100100101010010001111010010010 T
b10100001100110011111111110000100 0#
b10100001100110011111111110000100 P#
b10100100101010010001111010010010 5%
b1011100011011 U%
b100100001100 f%
#2533
b10100100101110110101001100011000 T
b10100001101011000011010000001010 0#
b10100001101011000011010000001010 P#
b10100100101110110101001100011000 5%
b1011100011100 U%
b100100001101 f%
#2534
b10100100110011011000101001101000 T
b10100001101111100110101101011010 0#
b10100001101111100110101101011010 P#
b10100100110011011000101001101000 5%
b1011100011101 U%
b100100001110 f%
#2535
b10100100110111111011111011101110 T
b10100001110100001001111111100000 0#
b10100001110100001001111111100000 P#
b10100100110111111011111011101110 5%
b1011100011110 U%
b100100001111 f%
#2536
b10100100111100011111001101110100 T
b10100001111000101101010001100110 0#
b10100001111000101101010001100110 P#
b10100100111100011111001101110100 5%
b1011100011111 U%
b100100010000 f%
#2537
b10100101000001000010101011000100 T
b10100001111101010000101110110110 0#
b10100001111101010000101110110110 P#
b10100101000001000010101011000100 5%
b1011100100000 U%
b100100010001 f%
#2538
b10100101000101100101111101001010 T
b10100010000001110100000000111100 0#
b10100010000001110100000000111100 P#
b10100101000101100101111101001010 5%
b1011100100001 U%
b100100010010 f%
#2539
b10100101001010001001001111010000 T
b10100010000110010111010011000010 0#
b10100010000110010111010011000010 P#
b10100101001010001001001111010000 5%
b1011100100010 U%
b100100010011 f%
#2540
b10100101001110101100101100100000 T
b10100010001010111010110000010010 0#
b10100010001010111010110000010010 P#
b10100101001110101100101100100000 5%
b1011100100011 U%
b100100010100 f%
#2541
b10100101010011001111111110100110 T
b10100010001111011110000010011000 0#
b10100010001111011110000010011000 P#
b10100101010011001111111110100110 5%
b1011100100100 U%
b100100010101 f%
#2542
b10100101010111110011010000101100 T
b10100010010100000001010100011110 0#
b10100010010100000001010100011110 P#
b10100101010111110011010000101100 5%
b1011100100101 U%
b100100010110 f%
#2543
b10100101011100010110101101111100 T
b10100010011000100100110001101110 0#
b10100010011000100100110001101110 P#
b10100101011100010110101101111100 5%
b1011100100110 U%
b100100010111 f%
#2544
b10100101100000111010000000000010 T
b10100010011101001000000011110100 0#
b10100010011101001000000011110100 P#
b10100101100000111010000000000010 5%
b1011100100111 U%
b100100011000 f%
#2545
b10100101100101011101010010001000 T
b10100010100001101011010101111010 0#
b10100010100001101011010101111010 P#
b10100101100101011101010010001000 5%
b1011100101000 U%
b100100011001 f%
#2546
b10100101101010000000101111011000 T
b10100010100110001110110011001010 0#
b10100010100110001110110011001010 P#
b10100101101010000000101111011000 5%
b1011100101001 U%
b100100011010 f%
#2547
b10100101101110100100000001011110 T
b10100010101010110010000101010000 0#
b10100010101010110010000101010000 P#
b10100101101110100100000001011110 5%
b1011100101010 U%
b100100011011 f%
#2548
b10100101110011000111010011100100 T
b10100010101111010101010111010110 0#
b10100010101111010101010111010110 P#
b10100101110011000111010011100100 5%
b1011100101011 U%
b100100011100 f%
#2549
b10100101110111101010100101101010 T
b10100010110011111000101001011100 0#
b10100010110011111000101001011100 P#
b10100101110111101010100101101010 5%
b1011100101100 U%
b100100011101 f%
#2550
b10100101111100001110000010111010 T
b10100010111000011100000110101100 0#
b10100010111000011100000110101100 P#
b10100101111100001110000010111010 5%
b1011100101101 U%
b100100011110 f%
#2551
b10100110000000110001010101000000 T
b10100010111100111111011000110010 0#
b10100010111100111111011000110010 P#
b10100110000000110001010101000000 5%
b1011100101110 U%
b100100011111 f%
#2552
b10100110000101010100100111000110 T
b10100011000001100010101010111000 0#
b10100011000001100010101010111000 P#
b10100110000101010100100111000110 5%
b1011100101111 U%
b100100100000 f%
#2553
b10100110001001111000000100010110 T
b10100011000110000110001000001000 0#
b10100011000110000110001000001000 P#
b10100110001001111000000100010110 5%
b1011100110000 U%
b100100100001 f%
#2554
b10100110001110011011010110011100 T
b10100011001010101001011010001110 0#
b10100011001010101001011010001110 P#
b10100110001110011011010110011100 5%
b1011100110001 U%
b100100100010 f%
#2555
b10100110010010111110101000100010 T
b10100011001111001100101100010100 0#
b10100011001111001100101100010100 P#
b10100110010010111110101000100010 5%
b1011100110010 U%
b100100100011 f%
#2556
b10100110010111100010000101110010 T
b10100011010011110000001001100100 0#
b10100011010011110000001001100100 P#
b10100110010111100010000101110010 5%
b1011100110011 U%
b100100100100 f%
#2557
1"
b100111 $
b11000011100011100 4
b10100110011100000101010111111100 T
b10100011010111111100100110001100 0#
b10100011010111111100100110001100 P#
b11111100111100001110000011110010 p#
b10100110011100000101010111111100 5%
b1011100110100 U%
b100100100101 f%
#2558
0"
b10100110100000101000101010000010 T
b10100011011100011111111000010010 0#
b10100011011100011111111000010010 P#
b10100110100000101000101010000010 5%
b1011100110101 U%
b100100100110 f%
#2559
b10100110100101001100000111010010 T
b10100011100001000011010101100010 0#
b10100011100001000011010101100010 P#
b10100110100101001100000111010010 5%
b1011100110110 U%
b100100100111 f%
#2560
b10100110101001101111011001011000 T
b10100011100101100110100111101000 0#
b10100011100101100110100111101000 P#
b10100110101001101111011001011000 5%
b1011100110111 U%
b100100101000 f%
#2561
b10100110101110010010101011011110 T
b10100011101010001001111001101110 0#
b10100011101010001001111001101110 P#
b10100110101110010010101011011110 5%
b1011100111000 U%
b100100101001 f%
#2562
b10100110110010110110001000101110 T
b10100011101110101101010110111110 0#
b10100011101110101101010110111110 P#
b10100110110010110110001000101110 5%
b1011100111001 U%
b100100101010 f%
#2563
b10100110110111011001011010110100 T
b10100011110011010000101001000100 0#
b10100011110011010000101001000100 P#
b10100110110111011001011010110100 5%
b1011100111010 U%
b100100101011 f%
#2564
b10100110111011111100101100111010 T
b10100011110111110011111011001010 0#
b10100011110111110011111011001010 P#
b10100110111011111100101100111010 5%
b1011100111011 U%
b100100101100 f%
#2565
b10100111000000100000001010001010 T
b10100011111100010111011000011010 0#
b10100011111100010111011000011010 P#
b10100111000000100000001010001010 5%
b1011100111100 U%
b100100101101 f%
#2566
b10100111000101000011011100010000 T
b10100100000000111010101010100000 0#
b10100100000000111010101010100000 P#
b10100111000101000011011100010000 5%
b1011100111101 U%
b100100101110 f%
#2567
b10100111001001100110101110010110 T
b10100100000101011101111100100110 0#
b10100100000101011101111100100110 P#
b10100111001001100110101110010110 5%
b1011100111110 U%
b100100101111 f%
#2568
b10100111001110001010001011100110 T
b10100100001010000001011001110110 0#
b10100100001010000001011001110110 P#
b10100111001110001010001011100110 5%
b1011100111111 U%
b100100110000 f%
#2569
b10100111010010101101011101101100 T
b10100100001110100100101011111100 0#
b10100100001110100100101011111100 P#
b10100111010010101101011101101100 5%
b1011101000000 U%
b100100110001 f%
#2570
b10100111010111010000101111110010 T
b10100100010011000111111110000010 0#
b10100100010011000111111110000010 P#
b10100111010111010000101111110010 5%
b1011101000001 U%
b100100110010 f%
#2571
b10100111011011110100001101000010 T
b10100100010111101011011011010010 0#
b10100100010111101011011011010010 P#
b10100111011011110100001101000010 5%
b1011101000010 U%
b100100110011 f%
#2572
b10100111100000010111011111001000 T
b10100100011100001110101101011000 0#
b10100100011100001110101101011000 P#
b10100111100000010111011111001000 5%
b1011101000011 U%
b100100110100 f%
#2573
b10100111100100111010110001001110 T
b10100100100000110001111111011110 0#
b10100100100000110001111111011110 P#
b10100111100100111010110001001110 5%
b1011101000100 U%
b100100110101 f%
#2574
b10100111101001011110001110011110 T
b10100100100101010101011100101110 0#
b10100100100101010101011100101110 P#
b10100111101001011110001110011110 5%
b1011101000101 U%
b100100110110 f%
#2575
b10100111101110000001100000100100 T
b10100100101001111000101110110100 0#
b10100100101001111000101110110100 P#
b10100111101110000001100000100100 5%
b1011101000110 U%
b100100110111 f%
#2576
b10100111110010100100110010101010 T
b10100100101110011100000000111010 0#
b10100100101110011100000000111010 P#
b10100111110010100100110010101010 5%
b1011101000111 U%
b100100111000 f%
#2577
b10100111110111001000001111111010 T
b10100100110010111111011110001010 0#
b10100100110010111111011110001010 P#
b10100111110111001000001111111010 5%
b1011101001000 U%
b100100111001 f%
#2578
b10100111111011101011100010000000 T
b10100100110111100010110000010000 0#
b10100100110111100010110000010000 P#
b10100111111011101011100010000000 5%
b1011101001001 U%
b100100111010 f%
#2579
b10101000000000001110110100000110 T
b10100100111100000110000010010110 0#
b10100100111100000110000010010110 P#
b10101000000000001110110100000110 5%
b1011101001010 U%
b100100111011 f%
#2580
b10101000000100110010000110001100 T
b10100101000000101001010100011100 0#
b10100101000000101001010100011100 P#
b10101000000100110010000110001100 5%
b1011101001011 U%
b100100111100 f%
#2581
b10101000001001010101100011011100 T
b10100101000101001100110001101100 0#
b10100101000101001100110001101100 P#
b10101000001001010101100011011100 5%
b1011101001100 U%
b100100111101 f%
#2582
b10101000001101111000110101100010 T
b10100101001001110000000011110010 0#
b10100101001001110000000011110010 P#
b10101000001101111000110101100010 5%
b1011101001101 U%
b100100111110 f%
#2583
b10101000010010011100000111101000 T
b10100101001110010011010101111000 0#
b10100101001110010011010101111000 P#
b10101000010010011100000111101000 5%
b1011101001110 U%
b100100111111 f%
#2584
b10101000010110111111100100111000 T
b10100101010010110110110011001000 0#
b10100101010010110110110011001000 P#
b10101000010110111111100100111000 5%
b1011101001111 U%
b100101000000 f%
#2585
b10101000011011100010110110111110 T
b10100101010111011010000101001110 0#
b10100101010111011010000101001110 P#
b10101000011011100010110110111110 5%
b1011101010000 U%
b100101000001 f%
#2586
b10101000100000000110001001000100 T
b10100101011011111101010111010100 0#
b10100101011011111101010111010100 P#
b10101000100000000110001001000100 5%
b1011101010001 U%
b100101000010 f%
#2587
b10101000100100101001100110010100 T
b10100101100000100000110100100100 0#
b10100101100000100000110100100100 P#
b10101000100100101001100110010100 5%
b1011101010010 U%
b100101000011 f%
#2588
b10101000101001001100111000011010 T
b10100101100101000100000110101010 0#
b10100101100101000100000110101010 P#
b10101000101001001100111000011010 5%
b1011101010011 U%
b100101000100 f%
#2589
b10101000101101110000001010100000 T
b10100101101001100111011000110000 0#
b10100101101001100111011000110000 P#
b10101000101101110000001010100000 5%
b1011101010100 U%
b100101000101 f%
#2590
b10101000110010010011100111110000 T
b10100101101110001010110110000000 0#
b10100101101110001010110110000000 P#
b10101000110010010011100111110000 5%
b1011101010101 U%
b100101000110 f%
#2591
b10101000110110110110111001110110 T
b10100101110010101110001000000110 0#
b10100101110010101110001000000110 P#
b10101000110110110110111001110110 5%
b1011101010110 U%
b100101000111 f%
#2592
b10101000111011011010001011111100 T
b10100101110111010001011010001100 0#
b10100101110111010001011010001100 P#
b10101000111011011010001011111100 5%
b1011101010111 U%
b100101001000 f%
#2593
b10101000111111111101101001001100 T
b10100101111011110100110111011100 0#
b10100101111011110100110111011100 P#
b10101000111111111101101001001100 5%
b1011101011000 U%
b100101001001 f%
#2594
b10101001000100100000111011010010 T
b10100110000000011000001001100010 0#
b10100110000000011000001001100010 P#
b10101001000100100000111011010010 5%
b1011101011001 U%
b100101001010 f%
#2595
b10101001001001000100001101011000 T
b10100110000100111011011011101000 0#
b10100110000100111011011011101000 P#
b10101001001001000100001101011000 5%
b1011101011010 U%
b100101001011 f%
#2596
b10101001001101100111101010101000 T
b10100110001001011110111000111000 0#
b10100110001001011110111000111000 P#
b10101001001101100111101010101000 5%
b1011101011011 U%
b100101001100 f%
#2597
b10101001010010001010111100101110 T
b10100110001110000010001010111110 0#
b10100110001110000010001010111110 P#
b10101001010010001010111100101110 5%
b1011101011100 U%
b100101001101 f%
#2598
b10101001010110101110001110110100 T
b10100110010010100101011101000100 0#
b10100110010010100101011101000100 P#
b10101001010110101110001110110100 5%
b1011101011101 U%
b100101001110 f%
#2599
b10101001011011010001101100000100 T
b10100110010111001000111010010100 0#
b10100110010111001000111010010100 P#
b10101001011011010001101100000100 5%
b1011101011110 U%
b100101001111 f%
#2600
b10101001011111110100111110001010 T
b10100110011011101100001100011010 0#
b10100110011011101100001100011010 P#
b10101001011111110100111110001010 5%
b1011101011111 U%
b100101010000 f%
#2601
b10101001100100011000010000010000 T
b10100110100000001111011110100000 0#
b10100110100000001111011110100000 P#
b10101001100100011000010000010000 5%
b1011101100000 U%
b100101010001 f%
#2602
b10101001101000111011101101100000 T
b10100110100100110010111011110000 0#
b10100110100100110010111011110000 P#
b10101001101000111011101101100000 5%
b1011101100001 U%
b100101010010 f%
#2603
b10101001101101011110111111100110 T
b10100110101001010110001101110110 0#
b10100110101001010110001101110110 P#
b10101001101101011110111111100110 5%
b1011101100010 U%
b100101010011 f%
#2604
b10101001110010000010010001101100 T
b10100110101101111001011111111100 0#
b10100110101101111001011111111100 P#
b10101001110010000010010001101100 5%
b1011101100011 U%
b100101010100 f%
#2605
b10101001110110100101101110111100 T
b10100110110010011100111101001100 0#
b10100110110010011100111101001100 P#
b10101001110110100101101110111100 5%
b1011101100100 U%
b100101010101 f%
#2606
b10101001111011001001000001000010 T
b10100110110111000000001111010010 0#
b10100110110111000000001111010010 P#
b10101001111011001001000001000010 5%
b1011101100101 U%
b100101010110 f%
#2607
b10101001111111101100010011001000 T
b10100110111011100011100001011000 0#
b10100110111011100011100001011000 P#
b10101001111111101100010011001000 5%
b1011101100110 U%
b100101010111 f%
#2608
b10101010000100001111100101001110 T
b10100111000000000110110011011110 0#
b10100111000000000110110011011110 P#
b10101010000100001111100101001110 5%
b1011101100111 U%
b100101011000 f%
#2609
b10101010001000110011000010011110 T
b10100111000100101010010000101110 0#
b10100111000100101010010000101110 P#
b10101010001000110011000010011110 5%
b1011101101000 U%
b100101011001 f%
#2610
b10101010001101010110010100100100 T
b10100111001001001101100010110100 0#
b10100111001001001101100010110100 P#
b10101010001101010110010100100100 5%
b1011101101001 U%
b100101011010 f%
#2611
b10101010010001111001100110101010 T
b10100111001101110000110100111010 0#
b10100111001101110000110100111010 P#
b10101010010001111001100110101010 5%
b1011101101010 U%
b100101011011 f%
#2612
b10101010010110011101000011111010 T
b10100111010010010100010010001010 0#
b10100111010010010100010010001010 P#
b10101010010110011101000011111010 5%
b1011101101011 U%
b100101011100 f%
#2613
b10101010011011000000010110000000 T
b10100111010110110111100100010000 0#
b10100111010110110111100100010000 P#
b10101010011011000000010110000000 5%
b1011101101100 U%
b100101011101 f%
#2614
b10101010011111100011101000000110 T
b10100111011011011010110110010110 0#
b10100111011011011010110110010110 P#
b10101010011111100011101000000110 5%
b1011101101101 U%
b100101011110 f%
#2615
b10101010100100000111000101010110 T
b10100111011111111110010011100110 0#
b10100111011111111110010011100110 P#
b10101010100100000111000101010110 5%
b1011101101110 U%
b100101011111 f%
#2616
b10101010101000101010010111011100 T
b10100111100100100001100101101100 0#
b10100111100100100001100101101100 P#
b10101010101000101010010111011100 5%
b1011101101111 U%
b100101100000 f%
#2617
1"
b101000 $
b11000011100011011 4
b10101010101101001101101001100110 T
b10100111101000101101110111001010 0#
b10100111101000101101110111001010 P#
b11111100111011110111001110010000 p#
b10101010101101001101101001100110 5%
b1011101110000 U%
b100101100001 f%
#2618
0"
b10101010110001110001000110110110 T
b10100111101101010001010100011010 0#
b10100111101101010001010100011010 P#
b10101010110001110001000110110110 5%
b1011101110001 U%
b100101100010 f%
#2619
b10101010110110010100011000111100 T
b10100111110001110100100110100000 0#
b10100111110001110100100110100000 P#
b10101010110110010100011000111100 5%
b1011101110010 U%
b100101100011 f%
#2620
b10101010111010110111101011000010 T
b10100111110110010111111000100110 0#
b10100111110110010111111000100110 P#
b10101010111010110111101011000010 5%
b1011101110011 U%
b100101100100 f%
#2621
b10101010111111011011001000010010 T
b10100111111010111011010101110110 0#
b10100111111010111011010101110110 P#
b10101010111111011011001000010010 5%
b1011101110100 U%
b100101100101 f%
#2622
b10101011000011111110011010011000 T
b10100111111111011110100111111100 0#
b10100111111111011110100111111100 P#
b10101011000011111110011010011000 5%
b1011101110101 U%
b100101100110 f%
#2623
b10101011001000100001101100011110 T
b10101000000100000001111010000010 0#
b10101000000100000001111010000010 P#
b10101011001000100001101100011110 5%
b1011101110110 U%
b100101100111 f%
#2624
b10101011001101000101001001101110 T
b10101000001000100101010111010010 0#
b10101000001000100101010111010010 P#
b10101011001101000101001001101110 5%
b1011101110111 U%
b100101101000 f%
#2625
b10101011010001101000011011110100 T
b10101000001101001000101001011000 0#
b10101000001101001000101001011000 P#
b10101011010001101000011011110100 5%
b1011101111000 U%
b100101101001 f%
#2626
b10101011010110001011101101111010 T
b10101000010001101011111011011110 0#
b10101000010001101011111011011110 P#
b10101011010110001011101101111010 5%
b1011101111001 U%
b100101101010 f%
#2627
b10101011011010101111001011001010 T
b10101000010110001111011000101110 0#
b10101000010110001111011000101110 P#
b10101011011010101111001011001010 5%
b1011101111010 U%
b100101101011 f%
#2628
b10101011011111010010011101010000 T
b10101000011010110010101010110100 0#
b10101000011010110010101010110100 P#
b10101011011111010010011101010000 5%
b1011101111011 U%
b100101101100 f%
#2629
b10101011100011110101101111010110 T
b10101000011111010101111100111010 0#
b10101000011111010101111100111010 P#
b10101011100011110101101111010110 5%
b1011101111100 U%
b100101101101 f%
#2630
b10101011101000011001001100100110 T
b10101000100011111001011010001010 0#
b10101000100011111001011010001010 P#
b10101011101000011001001100100110 5%
b1011101111101 U%
b100101101110 f%
#2631
b10101011101100111100011110101100 T
b10101000101000011100101100010000 0#
b10101000101000011100101100010000 P#
b10101011101100111100011110101100 5%
b1011101111110 U%
b100101101111 f%
#2632
b10101011110001011111110000110010 T
b10101000101100111111111110010110 0#
b10101000101100111111111110010110 P#
b10101011110001011111110000110010 5%
b1011101111111 U%
b100101110000 f%
#2633
b10101011110110000011001110000010 T
b10101000110001100011011011100110 0#
b10101000110001100011011011100110 P#
b10101011110110000011001110000010 5%
b1011110000000 U%
b100101110001 f%
#2634
b10101011111010100110100000001000 T
b10101000110110000110101101101100 0#
b10101000110110000110101101101100 P#
b10101011111010100110100000001000 5%
b1011110000001 U%
b100101110010 f%
#2635
b10101011111111001001110010001110 T
b10101000111010101001111111110010 0#
b10101000111010101001111111110010 P#
b10101011111111001001110010001110 5%
b1011110000010 U%
b100101110011 f%
#2636
b10101100000011101101001111011110 T
b10101000111111001101011101000010 0#
b10101000111111001101011101000010 P#
b10101100000011101101001111011110 5%
b1011110000011 U%
b100101110100 f%
#2637
b10101100001000010000100001100100 T
b10101001000011110000101111001000 0#
b10101001000011110000101111001000 P#
b10101100001000010000100001100100 5%
b1011110000100 U%
b100101110101 f%
#2638
b10101100001100110011110011101010 T
b10101001001000010100000001001110 0#
b10101001001000010100000001001110 P#
b10101100001100110011110011101010 5%
b1011110000101 U%
b100101110110 f%
#2639
b10101100010001010111000101110000 T
b10101001001100110111010011010100 0#
b10101001001100110111010011010100 P#
b10101100010001010111000101110000 5%
b1011110000110 U%
b100101110111 f%
#2640
b10101100010101111010100011000000 T
b10101001010001011010110000100100 0#
b10101001010001011010110000100100 P#
b10101100010101111010100011000000 5%
b1011110000111 U%
b100101111000 f%
#2641
b10101100011010011101110101000110 T
b10101001010101111110000010101010 0#
b10101001010101111110000010101010 P#
b10101100011010011101110101000110 5%
b1011110001000 U%
b100101111001 f%
#2642
b10101100011111000001000111001100 T
b10101001011010100001010100110000 0#
b10101001011010100001010100110000 P#
b10101100011111000001000111001100 5%
b1011110001001 U%
b100101111010 f%
#2643
b10101100100011100100100100011100 T
b10101001011111000100110010000000 0#
b10101001011111000100110010000000 P#
b10101100100011100100100100011100 5%
b1011110001010 U%
b100101111011 f%
#2644
b10101100101000000111110110100010 T
b10101001100011101000000100000110 0#
b10101001100011101000000100000110 P#
b10101100101000000111110110100010 5%
b1011110001011 U%
b100101111100 f%
#2645
b10101100101100101011001000101000 T
b10101001101000001011010110001100 0#
b10101001101000001011010110001100 P#
b10101100101100101011001000101000 5%
b1011110001100 U%
b100101111101 f%
#2646
b10101100110001001110100101111000 T
b10101001101100101110110011011100 0#
b10101001101100101110110011011100 P#
b10101100110001001110100101111000 5%
b1011110001101 U%
b100101111110 f%
#2647
b10101100110101110001110111111110 T
b10101001110001010010000101100010 0#
b10101001110001010010000101100010 P#
b10101100110101110001110111111110 5%
b1011110001110 U%
b100101111111 f%
#2648
b10101100111010010101001010000100 T
b10101001110101110101010111101000 0#
b10101001110101110101010111101000 P#
b10101100111010010101001010000100 5%
b1011110001111 U%
b100110000000 f%
#2649
b10101100111110111000100111010100 T
b10101001111010011000110100111000 0#
b10101001111010011000110100111000 P#
b10101100111110111000100111010100 5%
b1011110010000 U%
b100110000001 f%
#2650
b10101101000011011011111001011010 T
b10101001111110111100000110111110 0#
b10101001111110111100000110111110 P#
b10101101000011011011111001011010 5%
b1011110010001 U%
b100110000010 f%
#2651
b10101101000111111111001011100000 T
b10101010000011011111011001000100 0#
b10101010000011011111011001000100 P#
b10101101000111111111001011100000 5%
b1011110010010 U%
b100110000011 f%
#2652
b10101101001100100010101000110000 T
b10101010001000000010110110010100 0#
b10101010001000000010110110010100 P#
b10101101001100100010101000110000 5%
b1011110010011 U%
b100110000100 f%
#2653
b10101101010001000101111010110110 T
b10101010001100100110001000011010 0#
b10101010001100100110001000011010 P#
b10101101010001000101111010110110 5%
b1011110010100 U%
b100110000101 f%
#2654
b10101101010101101001001100111100 T
b10101010010001001001011010100000 0#
b10101010010001001001011010100000 P#
b10101101010101101001001100111100 5%
b1011110010101 U%
b100110000110 f%
#2655
b10101101011010001100101010001100 T
b10101010010101101100110111110000 0#
b10101010010101101100110111110000 P#
b10101101011010001100101010001100 5%
b1011110010110 U%
b100110000111 f%
#2656
b10101101011110101111111100010010 T
b10101010011010010000001001110110 0#
b10101010011010010000001001110110 P#
b10101101011110101111111100010010 5%
b1011110010111 U%
b100110001000 f%
#2657
b10101101100011010011001110011000 T
b10101010011110110011011011111100 0#
b10101010011110110011011011111100 P#
b10101101100011010011001110011000 5%
b1011110011000 U%
b100110001001 f%
#2658
b10101101100111110110101011101000 T
b10101010100011010110111001001100 0#
b10101010100011010110111001001100 P#
b10101101100111110110101011101000 5%
b1011110011001 U%
b100110001010 f%
#2659
b10101101101100011001111101101110 T
b10101010100111111010001011010010 0#
b10101010100111111010001011010010 P#
b10101101101100011001111101101110 5%
b1011110011010 U%
b100110001011 f%
#2660
b10101101110000111101001111110100 T
b10101010101100011101011101011000 0#
b10101010101100011101011101011000 P#
b10101101110000111101001111110100 5%
b1011110011011 U%
b100110001100 f%
#2661
b10101101110101100000101101000100 T
b10101010110001000000111010101000 0#
b10101010110001000000111010101000 P#
b10101101110101100000101101000100 5%
b1011110011100 U%
b100110001101 f%
#2662
b10101101111010000011111111001010 T
b10101010110101100100001100101110 0#
b10101010110101100100001100101110 P#
b10101101111010000011111111001010 5%
b1011110011101 U%
b100110001110 f%
#2663
b10101101111110100111010001010000 T
b10101010111010000111011110110100 0#
b10101010111010000111011110110100 P#
b10101101111110100111010001010000 5%
b1011110011110 U%
b100110001111 f%
#2664
b10101110000011001010101110100000 T
b10101010111110101010111100000100 0#
b10101010111110101010111100000100 P#
b10101110000011001010101110100000 5%
b1011110011111 U%
b100110010000 f%
#2665
b10101110000111101110000000100110 T
b10101011000011001110001110001010 0#
b10101011000011001110001110001010 P#
b10101110000111101110000000100110 5%
b1011110100000 U%
b100110010001 f%
#2666
b10101110001100010001010010101100 T
b10101011000111110001100000010000 0#
b10101011000111110001100000010000 P#
b10101110001100010001010010101100 5%
b1011110100001 U%
b100110010010 f%
#2667
b10101110010000110100100100110010 T
b10101011001100010100110010010110 0#
b10101011001100010100110010010110 P#
b10101110010000110100100100110010 5%
b1011110100010 U%
b100110010011 f%
#2668
b10101110010101011000000010000010 T
b10101011010000111000001111100110 0#
b10101011010000111000001111100110 P#
b10101110010101011000000010000010 5%
b1011110100011 U%
b100110010100 f%
#2669
b10101110011001111011010100001000 T
b10101011010101011011100001101100 0#
b10101011010101011011100001101100 P#
b10101110011001111011010100001000 5%
b1011110100100 U%
b100110010101 f%
#2670
b10101110011110011110100110001110 T
b10101011011001111110110011110010 0#
b10101011011001111110110011110010 P#
b10101110011110011110100110001110 5%
b1011110100101 U%
b100110010110 f%
#2671
b10101110100011000010000011011110 T
b10101011011110100010010001000010 0#
b10101011011110100010010001000010 P#
b10101110100011000010000011011110 5%
b1011110100110 U%
b100110010111 f%
#2672
b10101110100111100101010101100100 T
b10101011100011000101100011001000 0#
b10101011100011000101100011001000 P#
b10101110100111100101010101100100 5%
b1011110100111 U%
b100110011000 f%
#2673
b10101110101100001000100111101010 T
b10101011100111101000110101001110 0#
b10101011100111101000110101001110 P#
b10101110101100001000100111101010 5%
b1011110101000 U%
b100110011001 f%
#2674
b10101110110000101100000100111010 T
b10101011101100001100010010011110 0#
b10101011101100001100010010011110 P#
b10101110110000101100000100111010 5%
b1011110101001 U%
b100110011010 f%
#2675
b10101110110101001111010111000000 T
b10101011110000101111100100100100 0#
b10101011110000101111100100100100 P#
b10101110110101001111010111000000 5%
b1011110101010 U%
b100110011011 f%
#2676
b10101110111001110010101001000110 T
b10101011110101010010110110101010 0#
b10101011110101010010110110101010 P#
b10101110111001110010101001000110 5%
b1011110101011 U%
b100110011100 f%
#2677
1"
b101001 $
b11000011100011100 4
b10101110111110010110000110011010 T
b10101011111001011111011110011100 0#
b10101011111001011111011110011100 P#
b11111100111011100000001101100100 p#
b10101110111110010110000110011010 5%
b1011110101100 U%
b100110011101 f%
#2678
0"
b10101111000010111001011000100000 T
b10101011111110000010110000100010 0#
b10101011111110000010110000100010 P#
b10101111000010111001011000100000 5%
b1011110101101 U%
b100110011110 f%
#2679
b10101111000111011100101010100110 T
b10101100000010100110000010101000 0#
b10101100000010100110000010101000 P#
b10101111000111011100101010100110 5%
b1011110101110 U%
b100110011111 f%
#2680
b10101111001100000000000111110110 T
b10101100000111001001011111111000 0#
b10101100000111001001011111111000 P#
b10101111001100000000000111110110 5%
b1011110101111 U%
b100110100000 f%
#2681
b10101111010000100011011001111100 T
b10101100001011101100110001111110 0#
b10101100001011101100110001111110 P#
b10101111010000100011011001111100 5%
b1011110110000 U%
b100110100001 f%
#2682
b10101111010101000110101100000010 T
b10101100010000010000000100000100 0#
b10101100010000010000000100000100 P#
b10101111010101000110101100000010 5%
b1011110110001 U%
b100110100010 f%
#2683
b10101111011001101010001001010010 T
b10101100010100110011100001010100 0#
b10101100010100110011100001010100 P#
b10101111011001101010001001010010 5%
b1011110110010 U%
b100110100011 f%
#2684
b10101111011110001101011011011000 T
b10101100011001010110110011011010 0#
b10101100011001010110110011011010 P#
b10101111011110001101011011011000 5%
b1011110110011 U%
b100110100100 f%
#2685
b10101111100010110000101101011110 T
b10101100011101111010000101100000 0#
b10101100011101111010000101100000 P#
b10101111100010110000101101011110 5%
b1011110110100 U%
b100110100101 f%
#2686
b10101111100111010100001010101110 T
b10101100100010011101100010110000 0#
b10101100100010011101100010110000 P#
b10101111100111010100001010101110 5%
b1011110110101 U%
b100110100110 f%
#2687
b10101111101011110111011100110100 T
b10101100100111000000110100110110 0#
b10101100100111000000110100110110 P#
b10101111101011110111011100110100 5%
b1011110110110 U%
b100110100111 f%
#2688
b10101111110000011010101110111010 T
b10101100101011100100000110111100 0#
b10101100101011100100000110111100 P#
b10101111110000011010101110111010 5%
b1011110110111 U%
b100110101000 f%
#2689
b10101111110100111110001100001010 T
b10101100110000000111100100001100 0#
b10101100110000000111100100001100 P#
b10101111110100111110001100001010 5%
b1011110111000 U%
b100110101001 f%
#2690
b10101111111001100001011110010000 T
b10101100110100101010110110010010 0#
b10101100110100101010110110010010 P#
b10101111111001100001011110010000 5%
b1011110111001 U%
b100110101010 f%
#2691
b10101111111110000100110000010110 T
b10101100111001001110001000011000 0#
b10101100111001001110001000011000 P#
b10101111111110000100110000010110 5%
b1011110111010 U%
b100110101011 f%
#2692
b10110000000010101000001101100110 T
b10101100111101110001100101101000 0#
b10101100111101110001100101101000 P#
b10110000000010101000001101100110 5%
b1011110111011 U%
b100110101100 f%
#2693
b10110000000111001011011111101100 T
b10101101000010010100110111101110 0#
b10101101000010010100110111101110 P#
b10110000000111001011011111101100 5%
b1011110111100 U%
b100110101101 f%
#2694
b10110000001011101110110001110010 T
b10101101000110111000001001110100 0#
b10101101000110111000001001110100 P#
b10110000001011101110110001110010 5%
b1011110111101 U%
b100110101110 f%
#2695
b10110000010000010010001111000010 T
b10101101001011011011100111000100 0#
b10101101001011011011100111000100 P#
b10110000010000010010001111000010 5%
b1011110111110 U%
b100110101111 f%
#2696
b10110000010100110101100001001000 T
b10101101001111111110111001001010 0#
b10101101001111111110111001001010 P#
b10110000010100110101100001001000 5%
b1011110111111 U%
b100110110000 f%
#2697
b10110000011001011000110011001110 T
b10101101010100100010001011010000 0#
b10101101010100100010001011010000 P#
b10110000011001011000110011001110 5%
b1011111000000 U%
b100110110001 f%
#2698
b10110000011101111100000101010100 T
b10101101011001000101011101010110 0#
b10101101011001000101011101010110 P#
b10110000011101111100000101010100 5%
b1011111000001 U%
b100110110010 f%
#2699
b10110000100010011111100010100100 T
b10101101011101101000111010100110 0#
b10101101011101101000111010100110 P#
b10110000100010011111100010100100 5%
b1011111000010 U%
b100110110011 f%
#2700
b10110000100111000010110100101010 T
b10101101100010001100001100101100 0#
b10101101100010001100001100101100 P#
b10110000100111000010110100101010 5%
b1011111000011 U%
b100110110100 f%
#2701
b10110000101011100110000110110000 T
b10101101100110101111011110110010 0#
b10101101100110101111011110110010 P#
b10110000101011100110000110110000 5%
b1011111000100 U%
b100110110101 f%
#2702
b10110000110000001001100100000000 T
b10101101101011010010111100000010 0#
b10101101101011010010111100000010 P#
b10110000110000001001100100000000 5%
b1011111000101 U%
b100110110110 f%
#2703
b10110000110100101100110110000110 T
b10101101101111110110001110001000 0#
b10101101101111110110001110001000 P#
b10110000110100101100110110000110 5%
b1011111000110 U%
b100110110111 f%
#2704
b10110000111001010000001000001100 T
b10101101110100011001100000001110 0#
b10101101110100011001100000001110 P#
b10110000111001010000001000001100 5%
b1011111000111 U%
b100110111000 f%
#2705
b10110000111101110011100101011100 T
b10101101111000111100111101011110 0#
b10101101111000111100111101011110 P#
b10110000111101110011100101011100 5%
b1011111001000 U%
b100110111001 f%
#2706
b10110001000010010110110111100010 T
b10101101111101100000001111100100 0#
b10101101111101100000001111100100 P#
b10110001000010010110110111100010 5%
b1011111001001 U%
b100110111010 f%
#2707
b10110001000110111010001001101000 T
b10101110000010000011100001101010 0#
b10101110000010000011100001101010 P#
b10110001000110111010001001101000 5%
b1011111001010 U%
b100110111011 f%
#2708
b10110001001011011101100110111000 T
b10101110000110100110111110111010 0#
b10101110000110100110111110111010 P#
b10110001001011011101100110111000 5%
b1011111001011 U%
b100110111100 f%
#2709
b10110001010000000000111000111110 T
b10101110001011001010010001000000 0#
b10101110001011001010010001000000 P#
b10110001010000000000111000111110 5%
b1011111001100 U%
b100110111101 f%
#2710
b10110001010100100100001011000100 T
b10101110001111101101100011000110 0#
b10101110001111101101100011000110 P#
b10110001010100100100001011000100 5%
b1011111001101 U%
b100110111110 f%
#2711
b10110001011001000111101000010100 T
b10101110010100010001000000010110 0#
b10101110010100010001000000010110 P#
b10110001011001000111101000010100 5%
b1011111001110 U%
b100110111111 f%
#2712
b10110001011101101010111010011010 T
b10101110011000110100010010011100 0#
b10101110011000110100010010011100 P#
b10110001011101101010111010011010 5%
b1011111001111 U%
b100111000000 f%
#2713
b10110001100010001110001100100000 T
b10101110011101010111100100100010 0#
b10101110011101010111100100100010 P#
b10110001100010001110001100100000 5%
b1011111010000 U%
b100111000001 f%
#2714
b10110001100110110001101001110000 T
b10101110100001111011000001110010 0#
b10101110100001111011000001110010 P#
b10110001100110110001101001110000 5%
b1011111010001 U%
b100111000010 f%
#2715
b10110001101011010100111011110110 T
b10101110100110011110010011111000 0#
b10101110100110011110010011111000 P#
b10110001101011010100111011110110 5%
b1011111010010 U%
b100111000011 f%
#2716
b10110001101111111000001101111100 T
b10101110101011000001100101111110 0#
b10101110101011000001100101111110 P#
b10110001101111111000001101111100 5%
b1011111010011 U%
b100111000100 f%
#2717
b10110001110100011011101011001100 T
b10101110101111100101000011001110 0#
b10101110101111100101000011001110 P#
b10110001110100011011101011001100 5%
b1011111010100 U%
b100111000101 f%
#2718
b10110001111000111110111101010010 T
b10101110110100001000010101010100 0#
b10101110110100001000010101010100 P#
b10110001111000111110111101010010 5%
b1011111010101 U%
b100111000110 f%
#2719
b10110001111101100010001111011000 T
b10101110111000101011100111011010 0#
b10101110111000101011100111011010 P#
b10110001111101100010001111011000 5%
b1011111010110 U%
b100111000111 f%
#2720
b10110010000010000101101100101000 T
b10101110111101001111000100101010 0#
b10101110111101001111000100101010 P#
b10110010000010000101101100101000 5%
b1011111010111 U%
b100111001000 f%
#2721
b10110010000110101000111110101110 T
b10101111000001110010010110110000 0#
b10101111000001110010010110110000 P#
b10110010000110101000111110101110 5%
b1011111011000 U%
b100111001001 f%
#2722
b10110010001011001100010000110100 T
b10101111000110010101101000110110 0#
b10101111000110010101101000110110 P#
b10110010001011001100010000110100 5%
b1011111011001 U%
b100111001010 f%
#2723
b10110010001111101111101110000100 T
b10101111001010111001000110000110 0#
b10101111001010111001000110000110 P#
b10110010001111101111101110000100 5%
b1011111011010 U%
b100111001011 f%
#2724
b10110010010100010011000000001010 T
b10101111001111011100011000001100 0#
b10101111001111011100011000001100 P#
b10110010010100010011000000001010 5%
b1011111011011 U%
b100111001100 f%
#2725
b10110010011000110110010010010000 T
b10101111010011111111101010010010 0#
b10101111010011111111101010010010 P#
b10110010011000110110010010010000 5%
b1011111011100 U%
b100111001101 f%
#2726
b10110010011101011001100100010110 T
b10101111011000100010111100011000 0#
b10101111011000100010111100011000 P#
b10110010011101011001100100010110 5%
b1011111011101 U%
b100111001110 f%
#2727
b10110010100001111101000001100110 T
b10101111011101000110011001101000 0#
b10101111011101000110011001101000 P#
b10110010100001111101000001100110 5%
b1011111011110 U%
b100111001111 f%
#2728
b10110010100110100000010011101100 T
b10101111100001101001101011101110 0#
b10101111100001101001101011101110 P#
b10110010100110100000010011101100 5%
b1011111011111 U%
b100111010000 f%
#2729
b10110010101011000011100101110010 T
b10101111100110001100111101110100 0#
b10101111100110001100111101110100 P#
b10110010101011000011100101110010 5%
b1011111100000 U%
b100111010001 f%
#2730
b10110010101111100111000011000010 T
b10101111101010110000011011000100 0#
b10101111101010110000011011000100 P#
b10110010101111100111000011000010 5%
b1011111100001 U%
b100111010010 f%
#2731
b10110010110100001010010101001000 T
b10101111101111010011101101001010 0#
b10101111101111010011101101001010 P#
b10110010110100001010010101001000 5%
b1011111100010 U%
b100111010011 f%
#2732
b10110010111000101101100111001110 T
b10101111110011110110111111010000 0#
b10101111110011110110111111010000 P#
b10110010111000101101100111001110 5%
b1011111100011 U%
b100111010100 f%
#2733
b10110010111101010001000100011110 T
b10101111111000011010011100100000 0#
b10101111111000011010011100100000 P#
b10110010111101010001000100011110 5%
b1011111100100 U%
b100111010101 f%
#2734
b10110011000001110100010110100100 T
b10101111111100111101101110100110 0#
b10101111111100111101101110100110 P#
b10110011000001110100010110100100 5%
b1011111100101 U%
b100111010110 f%
#2735
b10110011000110010111101000101010 T
b10110000000001100001000000101100 0#
b10110000000001100001000000101100 P#
b10110011000110010111101000101010 5%
b1011111100110 U%
b100111010111 f%
#2736
b10110011001010111011000101111010 T
b10110000000110000100011101111100 0#
b10110000000110000100011101111100 P#
b10110011001010111011000101111010 5%
b1011111100111 U%
b100111011000 f%
#2737
1"
b101010 $
b10110011001111011110011000000100 T
b10110000001010001101010000010010 0#
b10110000001010001101010000010010 P#
b11111100111011001001011000000010 p#
b10110011001111011110011000000100 5%
b1011111101000 U%
b100111011001 f%
#2738
0"
b10110011010100000001101010001010 T
b10110000001110110000100010011000 0#
b10110000001110110000100010011000 P#
b10110011010100000001101010001010 5%
b1011111101001 U%
b100111011010 f%
#2739
b10110011011000100101000111011010 T
b10110000010011010011111111101000 0#
b10110000010011010011111111101000 P#
b10110011011000100101000111011010 5%
b1011111101010 U%
b100111011011 f%
#2740
b10110011011101001000011001100000 T
b10110000010111110111010001101110 0#
b10110000010111110111010001101110 P#
b10110011011101001000011001100000 5%
b1011111101011 U%
b100111011100 f%
#2741
b10110011100001101011101011100110 T
b10110000011100011010100011110100 0#
b10110000011100011010100011110100 P#
b10110011100001101011101011100110 5%
b1011111101100 U%
b100111011101 f%
#2742
b10110011100110001111001000110110 T
b10110000100000111110000001000100 0#
b10110000100000111110000001000100 P#
b10110011100110001111001000110110 5%
b1011111101101 U%
b100111011110 f%
#2743
b10110011101010110010011010111100 T
b10110000100101100001010011001010 0#
b10110000100101100001010011001010 P#
b10110011101010110010011010111100 5%
b1011111101110 U%
b100111011111 f%
#2744
b10110011101111010101101101000010 T
b10110000101010000100100101010000 0#
b10110000101010000100100101010000 P#
b10110011101111010101101101000010 5%
b1011111101111 U%
b100111100000 f%
#2745
b10110011110011111001001010010010 T
b10110000101110101000000010100000 0#
b10110000101110101000000010100000 P#
b10110011110011111001001010010010 5%
b1011111110000 U%
b100111100001 f%
#2746
b10110011111000011100011100011000 T
b10110000110011001011010100100110 0#
b10110000110011001011010100100110 P#
b10110011111000011100011100011000 5%
b1011111110001 U%
b100111100010 f%
#2747
b10110011111100111111101110011110 T
b10110000110111101110100110101100 0#
b10110000110111101110100110101100 P#
b10110011111100111111101110011110 5%
b1011111110010 U%
b100111100011 f%
#2748
b10110100000001100011001011101110 T
b10110000111100010010000011111100 0#
b10110000111100010010000011111100 P#
b10110100000001100011001011101110 5%
b1011111110011 U%
b100111100100 f%
#2749
b10110100000110000110011101110100 T
b10110001000000110101010110000010 0#
b10110001000000110101010110000010 P#
b10110100000110000110011101110100 5%
b1011111110100 U%
b100111100101 f%
#2750
b10110100001010101001101111111010 T
b10110001000101011000101000001000 0#
b10110001000101011000101000001000 P#
b10110100001010101001101111111010 5%
b1011111110101 U%
b100111100110 f%
#2751
b10110100001111001101001101001010 T
b10110001001001111100000101011000 0#
b10110001001001111100000101011000 P#
b10110100001111001101001101001010 5%
b1011111110110 U%
b100111100111 f%
#2752
b10110100010011110000011111010000 T
b10110001001110011111010111011110 0#
b10110001001110011111010111011110 P#
b10110100010011110000011111010000 5%
b1011111110111 U%
b100111101000 f%
#2753
b10110100011000010011110001010110 T
b10110001010011000010101001100100 0#
b10110001010011000010101001100100 P#
b10110100011000010011110001010110 5%
b1011111111000 U%
b100111101001 f%
#2754
b10110100011100110111001110100110 T
b10110001010111100110000110110100 0#
b10110001010111100110000110110100 P#
b10110100011100110111001110100110 5%
b1011111111001 U%
b100111101010 f%
#2755
b10110100100001011010100000101100 T
b10110001011100001001011000111010 0#
b10110001011100001001011000111010 P#
b10110100100001011010100000101100 5%
b1011111111010 U%
b100111101011 f%
#2756
b10110100100101111101110010110010 T
b10110001100000101100101011000000 0#
b10110001100000101100101011000000 P#
b10110100100101111101110010110010 5%
b1011111111011 U%
b100111101100 f%
#2757
b10110100101010100001000100111000 T
b10110001100101001111111101000110 0#
b10110001100101001111111101000110 P#
b10110100101010100001000100111000 5%
b1011111111100 U%
b100111101101 f%
#2758
b10110100101111000100100010001000 T
b10110001101001110011011010010110 0#
b10110001101001110011011010010110 P#
b10110100101111000100100010001000 5%
b1011111111101 U%
b100111101110 f%
#2759
b10110100110011100111110100001110 T
b10110001101110010110101100011100 0#
b10110001101110010110101100011100 P#
b10110100110011100111110100001110 5%
b1011111111110 U%
b100111101111 f%
#2760
b10110100111000001011000110010100 T
b10110001110010111001111110100010 0#
b10110001110010111001111110100010 P#
b10110100111000001011000110010100 5%
b1011111111111 U%
b100111110000 f%
#2761
b10110100111100101110100011100100 T
b10110001110111011101011011110010 0#
b10110001110111011101011011110010 P#
b10110100111100101110100011100100 5%
b1100000000000 U%
b100111110001 f%
#2762
b10110101000001010001110101101010 T
b10110001111100000000101101111000 0#
b10110001111100000000101101111000 P#
b10110101000001010001110101101010 5%
b1100000000001 U%
b100111110010 f%
#2763
b10110101000101110101000111110000 T
b10110010000000100011111111111110 0#
b10110010000000100011111111111110 P#
b10110101000101110101000111110000 5%
b1100000000010 U%
b100111110011 f%
#2764
b10110101001010011000100101000000 T
b10110010000101000111011101001110 0#
b10110010000101000111011101001110 P#
b10110101001010011000100101000000 5%
b1100000000011 U%
b100111110100 f%
#2765
b10110101001110111011110111000110 T
b10110010001001101010101111010100 0#
b10110010001001101010101111010100 P#
b10110101001110111011110111000110 5%
b1100000000100 U%
b100111110101 f%
#2766
b10110101010011011111001001001100 T
b10110010001110001110000001011010 0#
b10110010001110001110000001011010 P#
b10110101010011011111001001001100 5%
b1100000000101 U%
b100111110110 f%
#2767
b10110101011000000010100110011100 T
b10110010010010110001011110101010 0#
b10110010010010110001011110101010 P#
b10110101011000000010100110011100 5%
b1100000000110 U%
b100111110111 f%
#2768
b10110101011100100101111000100010 T
b10110010010111010100110000110000 0#
b10110010010111010100110000110000 P#
b10110101011100100101111000100010 5%
b1100000000111 U%
b100111111000 f%
#2769
b10110101100001001001001010101000 T
b10110010011011111000000010110110 0#
b10110010011011111000000010110110 P#
b10110101100001001001001010101000 5%
b1100000001000 U%
b100111111001 f%
#2770
b10110101100101101100100111111000 T
b10110010100000011011100000000110 0#
b10110010100000011011100000000110 P#
b10110101100101101100100111111000 5%
b1100000001001 U%
b100111111010 f%
#2771
b10110101101010001111111001111110 T
b10110010100100111110110010001100 0#
b10110010100100111110110010001100 P#
b10110101101010001111111001111110 5%
b1100000001010 U%
b100111111011 f%
#2772
b10110101101110110011001100000100 T
b10110010101001100010000100010010 0#
b10110010101001100010000100010010 P#
b10110101101110110011001100000100 5%
b1100000001011 U%
b100111111100 f%
#2773
b10110101110011010110101001010100 T
b10110010101110000101100001100010 0#
b10110010101110000101100001100010 P#
b10110101110011010110101001010100 5%
b1100000001100 U%
b100111111101 f%
#2774
b10110101110111111001111011011010 T
b10110010110010101000110011101000 0#
b10110010110010101000110011101000 P#
b10110101110111111001111011011010 5%
b1100000001101 U%
b100111111110 f%
#2775
b10110101111100011101001101100000 T
b10110010110111001100000101101110 0#
b10110010110111001100000101101110 P#
b10110101111100011101001101100000 5%
b1100000001110 U%
b100111111111 f%
#2776
b10110110000001000000101010110000 T
b10110010111011101111100010111110 0#
b10110010111011101111100010111110 P#
b10110110000001000000101010110000 5%
b1100000001111 U%
b101000000000 f%
#2777
b10110110000101100011111100110110 T
b10110011000000010010110101000100 0#
b10110011000000010010110101000100 P#
b10110110000101100011111100110110 5%
b1100000010000 U%
b101000000001 f%
#2778
b10110110001010000111001110111100 T
b10110011000100110110000111001010 0#
b10110011000100110110000111001010 P#
b10110110001010000111001110111100 5%
b1100000010001 U%
b101000000010 f%
#2779
b10110110001110101010101100001100 T
b10110011001001011001100100011010 0#
b10110011001001011001100100011010 P#
b10110110001110101010101100001100 5%
b1100000010010 U%
b101000000011 f%
#2780
b10110110010011001101111110010010 T
b10110011001101111100110110100000 0#
b10110011001101111100110110100000 P#
b10110110010011001101111110010010 5%
b1100000010011 U%
b101000000100 f%
#2781
b10110110010111110001010000011000 T
b10110011010010100000001000100110 0#
b10110011010010100000001000100110 P#
b10110110010111110001010000011000 5%
b1100000010100 U%
b101000000101 f%
#2782
b10110110011100010100101101101000 T
b10110011010111000011100101110110 0#
b10110011010111000011100101110110 P#
b10110110011100010100101101101000 5%
b1100000010101 U%
b101000000110 f%
#2783
b10110110100000110111111111101110 T
b10110011011011100110110111111100 0#
b10110011011011100110110111111100 P#
b10110110100000110111111111101110 5%
b1100000010110 U%
b101000000111 f%
#2784
b10110110100101011011010001110100 T
b10110011100000001010001010000010 0#
b10110011100000001010001010000010 P#
b10110110100101011011010001110100 5%
b1100000010111 U%
b101000001000 f%
#2785
b10110110101001111110100011111010 T
b10110011100100101101011100001000 0#
b10110011100100101101011100001000 P#
b10110110101001111110100011111010 5%
b1100000011000 U%
b101000001001 f%
#2786
b10110110101110100010000001001010 T
b10110011101001010000111001011000 0#
b10110011101001010000111001011000 P#
b10110110101110100010000001001010 5%
b1100000011001 U%
b101000001010 f%
#2787
b10110110110011000101010011010000 T
b10110011101101110100001011011110 0#
b10110011101101110100001011011110 P#
b10110110110011000101010011010000 5%
b1100000011010 U%
b101000001011 f%
#2788
b10110110110111101000100101010110 T
b10110011110010010111011101100100 0#
b10110011110010010111011101100100 P#
b10110110110111101000100101010110 5%
b1100000011011 U%
b101000001100 f%
#2789
b10110110111100001100000010100110 T
b10110011110110111010111010110100 0#
b10110011110110111010111010110100 P#
b10110110111100001100000010100110 5%
b1100000011100 U%
b101000001101 f%
#2790
b10110111000000101111010100101100 T
b10110011111011011110001100111010 0#
b10110011111011011110001100111010 P#
b10110111000000101111010100101100 5%
b1100000011101 U%
b101000001110 f%
#2791
b10110111000101010010100110110010 T
b10110100000000000001011111000000 0#
b10110100000000000001011111000000 P#
b10110111000101010010100110110010 5%
b1100000011110 U%
b101000001111 f%
#2792
b10110111001001110110000100000010 T
b10110100000100100100111100010000 0#
b10110100000100100100111100010000 P#
b10110111001001110110000100000010 5%
b1100000011111 U%
b101000010000 f%
#2793
b10110111001110011001010110001000 T
b10110100001001001000001110010110 0#
b10110100001001001000001110010110 P#
b10110111001110011001010110001000 5%
b1100000100000 U%
b101000010001 f%
#2794
b10110111010010111100101000001110 T
b10110100001101101011100000011100 0#
b10110100001101101011100000011100 P#
b10110111010010111100101000001110 5%
b1100000100001 U%
b101000010010 f%
#2795
b10110111010111100000000101011110 T
b10110100010010001110111101101100 0#
b10110100010010001110111101101100 P#
b10110111010111100000000101011110 5%
b1100000100010 U%
b101000010011 f%
#2796
b10110111011100000011010111100100 T
b10110100010110110010001111110010 0#
b10110100010110110010001111110010 P#
b10110111011100000011010111100100 5%
b1100000100011 U%
b101000010100 f%
#2797
b101011 $
b11000011100011011 4
b10110111100000100110101001101110 T
b10110100011011000010001011100010 0#
b10110100011011000010001011100010 P#
b11111100111010101110111000001110 p#
b10110111100000100110101001101110 5%
b1100000100100 U%
b101000010101 f%
#2798
b10110111100101001010000110111110 T
b10110100011111100101101000110010 0#
b10110100011111100101101000110010 P#
b10110111100101001010000110111110 5%
b1100000100101 U%
b101000010110 f%
#2799
b10110111101001101101011001000100 T
b10110100100100001000111010111000 0#
b10110100100100001000111010111000 P#
b10110111101001101101011001000100 5%
b1100000100110 U%
b101000010111 f%
#2800
b10110111101110010000101011001010 T
b10110100101000101100001100111110 0#
b10110100101000101100001100111110 P#
b10110111101110010000101011001010 5%
b1100000100111 U%
b101000011000 f%
#2801
b10110111110010110100001000011010 T
b10110100101101001111101010001110 0#
b10110100101101001111101010001110 P#
b10110111110010110100001000011010 5%
b1100000101000 U%
b101000011001 f%
#2802
b10110111110111010111011010100000 T
b10110100110001110010111100010100 0#
b10110100110001110010111100010100 P#
b10110111110111010111011010100000 5%
b1100000101001 U%
b101000011010 f%
#2803
b10110111111011111010101100100110 T
b10110100110110010110001110011010 0#
b10110100110110010110001110011010 P#
b10110111111011111010101100100110 5%
b1100000101010 U%
b101000011011 f%
#2804
b10111000000000011110001001110110 T
b10110100111010111001101011101010 0#
b10110100111010111001101011101010 P#
b10111000000000011110001001110110 5%
b1100000101011 U%
b101000011100 f%
#2805
b10111000000101000001011011111100 T
b10110100111111011100111101110000 0#
b10110100111111011100111101110000 P#
b10111000000101000001011011111100 5%
b1100000101100 U%
b101000011101 f%
#2806
b10111000001001100100101110000010 T
b10110101000100000000001111110110 0#
b10110101000100000000001111110110 P#
b10111000001001100100101110000010 5%
b1100000101101 U%
b101000011110 f%
#2807
b10111000001110001000001011010010 T
b10110101001000100011101101000110 0#
b10110101001000100011101101000110 P#
b10111000001110001000001011010010 5%
b1100000101110 U%
b101000011111 f%
#2808
b10111000010010101011011101011000 T
b10110101001101000110111111001100 0#
b10110101001101000110111111001100 P#
b10111000010010101011011101011000 5%
b1100000101111 U%
b101000100000 f%
#2809
b10111000010111001110101111011110 T
b10110101010001101010010001010010 0#
b10110101010001101010010001010010 P#
b10111000010111001110101111011110 5%
b1100000110000 U%
b101000100001 f%
#2810
b10111000011011110010001100101110 T
b10110101010110001101101110100010 0#
b10110101010110001101101110100010 P#
b10111000011011110010001100101110 5%
b1100000110001 U%
b101000100010 f%
#2811
b10111000100000010101011110110100 T
b10110101011010110001000000101000 0#
b10110101011010110001000000101000 P#
b10111000100000010101011110110100 5%
b1100000110010 U%
b101000100011 f%
#2812
b10111000100100111000110000111010 T
b10110101011111010100010010101110 0#
b10110101011111010100010010101110 P#
b10111000100100111000110000111010 5%
b1100000110011 U%
b101000100100 f%
#2813
b10111000101001011100001110001010 T
b10110101100011110111101111111110 0#
b10110101100011110111101111111110 P#
b10111000101001011100001110001010 5%
b1100000110100 U%
b101000100101 f%
#2814
b10111000101101111111100000010000 T
b10110101101000011011000010000100 0#
b10110101101000011011000010000100 P#
b10111000101101111111100000010000 5%
b1100000110101 U%
b101000100110 f%
#2815
b10111000110010100010110010010110 T
b10110101101100111110010100001010 0#
b10110101101100111110010100001010 P#
b10111000110010100010110010010110 5%
b1100000110110 U%
b101000100111 f%
#2816
b10111000110111000110000100011100 T
b10110101110001100001100110010000 0#
b10110101110001100001100110010000 P#
b10111000110111000110000100011100 5%
b1100000110111 U%
b101000101000 f%
#2817
b10111000111011101001100001101100 T
b10110101110110000101000011100000 0#
b10110101110110000101000011100000 P#
b10111000111011101001100001101100 5%
b1100000111000 U%
b101000101001 f%
#2818
b10111001000000001100110011110010 T
b10110101111010101000010101100110 0#
b10110101111010101000010101100110 P#
b10111001000000001100110011110010 5%
b1100000111001 U%
b101000101010 f%
#2819
b10111001000100110000000101111000 T
b10110101111111001011100111101100 0#
b10110101111111001011100111101100 P#
b10111001000100110000000101111000 5%
b1100000111010 U%
b101000101011 f%
#2820
b10111001001001010011100011001000 T
b10110110000011101111000100111100 0#
b10110110000011101111000100111100 P#
b10111001001001010011100011001000 5%
b1100000111011 U%
b101000101100 f%
#2821
b10111001001101110110110101001110 T
b10110110001000010010010111000010 0#
b10110110001000010010010111000010 P#
b10111001001101110110110101001110 5%
b1100000111100 U%
b101000101101 f%
#2822
b10111001010010011010000111010100 T
b10110110001100110101101001001000 0#
b10110110001100110101101001001000 P#
b10111001010010011010000111010100 5%
b1100000111101 U%
b101000101110 f%
#2823
b10111001010110111101100100100100 T
b10110110010001011001000110011000 0#
b10110110010001011001000110011000 P#
b10111001010110111101100100100100 5%
b1100000111110 U%
b101000101111 f%
#2824
b10111001011011100000110110101010 T
b10110110010101111100011000011110 0#
b10110110010101111100011000011110 P#
b10111001011011100000110110101010 5%
b1100000111111 U%
b101000110000 f%
#2825
b10111001100000000100001000110000 T
b10110110011010011111101010100100 0#
b10110110011010011111101010100100 P#
b10111001100000000100001000110000 5%
b1100001000000 U%
b101000110001 f%
#2826
b10111001100100100111100110000000 T
b10110110011111000011000111110100 0#
b10110110011111000011000111110100 P#
b10111001100100100111100110000000 5%
b1100001000001 U%
b101000110010 f%
#2827
b10111001101001001010111000000110 T
b10110110100011100110011001111010 0#
b10110110100011100110011001111010 P#
b10111001101001001010111000000110 5%
b1100001000010 U%
b101000110011 f%
#2828
b10111001101101101110001010001100 T
b10110110101000001001101100000000 0#
b10110110101000001001101100000000 P#
b10111001101101101110001010001100 5%
b1100001000011 U%
b101000110100 f%
#2829
b10111001110010010001100111011100 T
b10110110101100101101001001010000 0#
b10110110101100101101001001010000 P#
b10111001110010010001100111011100 5%
b1100001000100 U%
b101000110101 f%
#2830
b10111001110110110100111001100010 T
b10110110110001010000011011010110 0#
b10110110110001010000011011010110 P#
b10111001110110110100111001100010 5%
b1100001000101 U%
b101000110110 f%
#2831
b10111001111011011000001011101000 T
b10110110110101110011101101011100 0#
b10110110110101110011101101011100 P#
b10111001111011011000001011101000 5%
b1100001000110 U%
b101000110111 f%
#2832
b10111001111111111011101000111000 T
b10110110111010010111001010101100 0#
b10110110111010010111001010101100 P#
b10111001111111111011101000111000 5%
b1100001000111 U%
b101000111000 f%
#2833
b10111010000100011110111010111110 T
b10110110111110111010011100110010 0#
b10110110111110111010011100110010 P#
b10111010000100011110111010111110 5%
b1100001001000 U%
b101000111001 f%
#2834
b10111010001001000010001101000100 T
b10110111000011011101101110111000 0#
b10110111000011011101101110111000 P#
b10111010001001000010001101000100 5%
b1100001001001 U%
b101000111010 f%
#2835
b10111010001101100101101010010100 T
b10110111001000000001001100001000 0#
b10110111001000000001001100001000 P#
b10111010001101100101101010010100 5%
b1100001001010 U%
b101000111011 f%
#2836
b10111010010010001000111100011010 T
b10110111001100100100011110001110 0#
b10110111001100100100011110001110 P#
b10111010010010001000111100011010 5%
b1100001001011 U%
b101000111100 f%
#2837
b10111010010110101100001110100000 T
b10110111010001000111110000010100 0#
b10110111010001000111110000010100 P#
b10111010010110101100001110100000 5%
b1100001001100 U%
b101000111101 f%
#2838
b10111010011011001111101011110000 T
b10110111010101101011001101100100 0#
b10110111010101101011001101100100 P#
b10111010011011001111101011110000 5%
b1100001001101 U%
b101000111110 f%
#2839
b10111010011111110010111101110110 T
b10110111011010001110011111101010 0#
b10110111011010001110011111101010 P#
b10111010011111110010111101110110 5%
b1100001001110 U%
b101000111111 f%
#2840
b10111010100100010110001111111100 T
b10110111011110110001110001110000 0#
b10110111011110110001110001110000 P#
b10111010100100010110001111111100 5%
b1100001001111 U%
b101001000000 f%
#2841
b10111010101000111001101101001100 T
b10110111100011010101001111000000 0#
b10110111100011010101001111000000 P#
b10111010101000111001101101001100 5%
b1100001010000 U%
b101001000001 f%
#2842
b10111010101101011100111111010010 T
b10110111100111111000100001000110 0#
b10110111100111111000100001000110 P#
b10111010101101011100111111010010 5%
b1100001010001 U%
b101001000010 f%
#2843
b10111010110010000000010001011000 T
b10110111101100011011110011001100 0#
b10110111101100011011110011001100 P#
b10111010110010000000010001011000 5%
b1100001010010 U%
b101001000011 f%
#2844
b10111010110110100011100011011110 T
b10110111110000111111000101010010 0#
b10110111110000111111000101010010 P#
b10111010110110100011100011011110 5%
b1100001010011 U%
b101001000100 f%
#2845
b10111010111011000111000000101110 T
b10110111110101100010100010100010 0#
b10110111110101100010100010100010 P#
b10111010111011000111000000101110 5%
b1100001010100 U%
b101001000101 f%
#2846
b10111010111111101010010010110100 T
b10110111111010000101110100101000 0#
b10110111111010000101110100101000 P#
b10111010111111101010010010110100 5%
b1100001010101 U%
b101001000110 f%
#2847
b10111011000100001101100100111010 T
b10110111111110101001000110101110 0#
b10110111111110101001000110101110 P#
b10111011000100001101100100111010 5%
b1100001010110 U%
b101001000111 f%
#2848
b10111011001000110001000010001010 T
b10111000000011001100100011111110 0#
b10111000000011001100100011111110 P#
b10111011001000110001000010001010 5%
b1100001010111 U%
b101001001000 f%
#2849
b10111011001101010100010100010000 T
b10111000000111101111110110000100 0#
b10111000000111101111110110000100 P#
b10111011001101010100010100010000 5%
b1100001011000 U%
b101001001001 f%
#2850
b10111011010001110111100110010110 T
b10111000001100010011001000001010 0#
b10111000001100010011001000001010 P#
b10111011010001110111100110010110 5%
b1100001011001 U%
b101001001010 f%
#2851
b10111011010110011011000011100110 T
b10111000010000110110100101011010 0#
b10111000010000110110100101011010 P#
b10111011010110011011000011100110 5%
b1100001011010 U%
b101001001011 f%
#2852
b10111011011010111110010101101100 T
b10111000010101011001110111100000 0#
b10111000010101011001110111100000 P#
b10111011011010111110010101101100 5%
b1100001011011 U%
b101001001100 f%
#2853
b10111011011111100001100111110010 T
b10111000011001111101001001100110 0#
b10111000011001111101001001100110 P#
b10111011011111100001100111110010 5%
b1100001011100 U%
b101001001101 f%
#2854
b10111011100100000101000101000010 T
b10111000011110100000100110110110 0#
b10111000011110100000100110110110 P#
b10111011100100000101000101000010 5%
b1100001011101 U%
b101001001110 f%
#2855
b10111011101000101000010111001000 T
b10111000100011000011111000111100 0#
b10111000100011000011111000111100 P#
b10111011101000101000010111001000 5%
b1100001011110 U%
b101001001111 f%
#2856
b10111011101101001011101001001110 T
b10111000100111100111001011000010 0#
b10111000100111100111001011000010 P#
b10111011101101001011101001001110 5%
b1100001011111 U%
b101001010000 f%
#2857
b101100 $
b11000011100011100 4
b10111011110001101111000110100010 T
b10111000101011110011110010110100 0#
b10111000101011110011110010110100 P#
b11111100111010011011100001110100 p#
b10111011110001101111000110100010 5%
b1100001100000 U%
b101001010001 f%
#2858
b10111011110110010010011000101000 T
b10111000110000010111000100111010 0#
b10111000110000010111000100111010 P#
b10111011110110010010011000101000 5%
b1100001100001 U%
b101001010010 f%
#2859
b10111011111010110101101010101110 T
b10111000110100111010010111000000 0#
b10111000110100111010010111000000 P#
b10111011111010110101101010101110 5%
b1100001100010 U%
b101001010011 f%
#2860
b10111011111111011001000111111110 T
b10111000111001011101110100010000 0#
b10111000111001011101110100010000 P#
b10111011111111011001000111111110 5%
b1100001100011 U%
b101001010100 f%
#2861
b10111100000011111100011010000100 T
b10111000111110000001000110010110 0#
b10111000111110000001000110010110 P#
b10111100000011111100011010000100 5%
b1100001100100 U%
b101001010101 f%
#2862
b10111100001000011111101100001010 T
b10111001000010100100011000011100 0#
b10111001000010100100011000011100 P#
b10111100001000011111101100001010 5%
b1100001100101 U%
b101001010110 f%
#2863
b10111100001101000011001001011010 T
b10111001000111000111110101101100 0#
b10111001000111000111110101101100 P#
b10111100001101000011001001011010 5%
b1100001100110 U%
b101001010111 f%
#2864
b10111100010001100110011011100000 T
b10111001001011101011000111110010 0#
b10111001001011101011000111110010 P#
b10111100010001100110011011100000 5%
b1100001100111 U%
b101001011000 f%
#2865
b10111100010110001001101101100110 T
b10111001010000001110011001111000 0#
b10111001010000001110011001111000 P#
b10111100010110001001101101100110 5%
b1100001101000 U%
b101001011001 f%
#2866
b10111100011010101101001010110110 T
b10111001010100110001110111001000 0#
b10111001010100110001110111001000 P#
b10111100011010101101001010110110 5%
b1100001101001 U%
b101001011010 f%
#2867
b10111100011111010000011100111100 T
b10111001011001010101001001001110 0#
b10111001011001010101001001001110 P#
b10111100011111010000011100111100 5%
b1100001101010 U%
b101001011011 f%
#2868
b10111100100011110011101111000010 T
b10111001011101111000011011010100 0#
b10111001011101111000011011010100 P#
b10111100100011110011101111000010 5%
b1100001101011 U%
b101001011100 f%
#2869
b10111100101000010111001100010010 T
b10111001100010011011111000100100 0#
b10111001100010011011111000100100 P#
b10111100101000010111001100010010 5%
b1100001101100 U%
b101001011101 f%
#2870
b10111100101100111010011110011000 T
b10111001100110111111001010101010 0#
b10111001100110111111001010101010 P#
b10111100101100111010011110011000 5%
b1100001101101 U%
b101001011110 f%
#2871
b10111100110001011101110000011110 T
b10111001101011100010011100110000 0#
b10111001101011100010011100110000 P#
b10111100110001011101110000011110 5%
b1100001101110 U%
b101001011111 f%
#2872
b10111100110110000001001101101110 T
b10111001110000000101111010000000 0#
b10111001110000000101111010000000 P#
b10111100110110000001001101101110 5%
b1100001101111 U%
b101001100000 f%
#2873
b10111100111010100100011111110100 T
b10111001110100101001001100000110 0#
b10111001110100101001001100000110 P#
b10111100111010100100011111110100 5%
b1100001110000 U%
b101001100001 f%
#2874
b10111100111111000111110001111010 T
b10111001111001001100011110001100 0#
b10111001111001001100011110001100 P#
b10111100111111000111110001111010 5%
b1100001110001 U%
b101001100010 f%
#2875
b10111101000011101011000100000000 T
b10111001111101101111110000010010 0#
b10111001111101101111110000010010 P#
b10111101000011101011000100000000 5%
b1100001110010 U%
b101001100011 f%
#2876
b10111101001000001110100001010000 T
b10111010000010010011001101100010 0#
b10111010000010010011001101100010 P#
b10111101001000001110100001010000 5%
b1100001110011 U%
b101001100100 f%
#2877
b10111101001100110001110011010110 T
b10111010000110110110011111101000 0#
b10111010000110110110011111101000 P#
b10111101001100110001110011010110 5%
b1100001110100 U%
b101001100101 f%
#2878
b10111101010001010101000101011100 T
b10111010001011011001110001101110 0#
b10111010001011011001110001101110 P#
b10111101010001010101000101011100 5%
b1100001110101 U%
b101001100110 f%
#2879
b10111101010101111000100010101100 T
b10111010001111111101001110111110 0#
b10111010001111111101001110111110 P#
b10111101010101111000100010101100 5%
b1100001110110 U%
b101001100111 f%
#2880
b10111101011010011011110100110010 T
b10111010010100100000100001000100 0#
b10111010010100100000100001000100 P#
b10111101011010011011110100110010 5%
b1100001110111 U%
b101001101000 f%
#2881
b10111101011110111111000110111000 T
b10111010011001000011110011001010 0#
b10111010011001000011110011001010 P#
b10111101011110111111000110111000 5%
b1100001111000 U%
b101001101001 f%
#2882
b10111101100011100010100100001000 T
b10111010011101100111010000011010 0#
b10111010011101100111010000011010 P#
b10111101100011100010100100001000 5%
b1100001111001 U%
b101001101010 f%
#2883
b10111101101000000101110110001110 T
b10111010100010001010100010100000 0#
b10111010100010001010100010100000 P#
b10111101101000000101110110001110 5%
b1100001111010 U%
b101001101011 f%
#2884
b10111101101100101001001000010100 T
b10111010100110101101110100100110 0#
b10111010100110101101110100100110 P#
b10111101101100101001001000010100 5%
b1100001111011 U%
b101001101100 f%
#2885
b10111101110001001100100101100100 T
b10111010101011010001010001110110 0#
b10111010101011010001010001110110 P#
b10111101110001001100100101100100 5%
b1100001111100 U%
b101001101101 f%
#2886
b10111101110101101111110111101010 T
b10111010101111110100100011111100 0#
b10111010101111110100100011111100 P#
b10111101110101101111110111101010 5%
b1100001111101 U%
b101001101110 f%
#2887
b10111101111010010011001001110000 T
b10111010110100010111110110000010 0#
b10111010110100010111110110000010 P#
b10111101111010010011001001110000 5%
b1100001111110 U%
b101001101111 f%
#2888
b10111101111110110110100111000000 T
b10111010111000111011010011010010 0#
b10111010111000111011010011010010 P#
b10111101111110110110100111000000 5%
b1100001111111 U%
b101001110000 f%
#2889
b10111110000011011001111001000110 T
b10111010111101011110100101011000 0#
b10111010111101011110100101011000 P#
b10111110000011011001111001000110 5%
b1100010000000 U%
b101001110001 f%
#2890
b10111110000111111101001011001100 T
b10111011000010000001110111011110 0#
b10111011000010000001110111011110 P#
b10111110000111111101001011001100 5%
b1100010000001 U%
b101001110010 f%
#2891
b10111110001100100000101000011100 T
b10111011000110100101010100101110 0#
b10111011000110100101010100101110 P#
b10111110001100100000101000011100 5%
b1100010000010 U%
b101001110011 f%
#2892
b10111110010001000011111010100010 T
b10111011001011001000100110110100 0#
b10111011001011001000100110110100 P#
b10111110010001000011111010100010 5%
b1100010000011 U%
b101001110100 f%
#2893
b10111110010101100111001100101000 T
b10111011001111101011111000111010 0#
b10111011001111101011111000111010 P#
b10111110010101100111001100101000 5%
b1100010000100 U%
b101001110101 f%
#2894
b10111110011010001010101001111000 T
b10111011010100001111010110001010 0#
b10111011010100001111010110001010 P#
b10111110011010001010101001111000 5%
b1100010000101 U%
b101001110110 f%
#2895
b10111110011110101101111011111110 T
b10111011011000110010101000010000 0#
b10111011011000110010101000010000 P#
b10111110011110101101111011111110 5%
b1100010000110 U%
b101001110111 f%
#2896
b10111110100011010001001110000100 T
b10111011011101010101111010010110 0#
b10111011011101010101111010010110 P#
b10111110100011010001001110000100 5%
b1100010000111 U%
b101001111000 f%
#2897
b10111110100111110100101011010100 T
b10111011100001111001010111100110 0#
b10111011100001111001010111100110 P#
b10111110100111110100101011010100 5%
b1100010001000 U%
b101001111001 f%
#2898
b10111110101100010111111101011010 T
b10111011100110011100101001101100 0#
b10111011100110011100101001101100 P#
b10111110101100010111111101011010 5%
b1100010001001 U%
b101001111010 f%
#2899
b10111110110000111011001111100000 T
b10111011101010111111111011110010 0#
b10111011101010111111111011110010 P#
b10111110110000111011001111100000 5%
b1100010001010 U%
b101001111011 f%
#2900
b10111110110101011110101100110000 T
b10111011101111100011011001000010 0#
b10111011101111100011011001000010 P#
b10111110110101011110101100110000 5%
b1100010001011 U%
b101001111100 f%
#2901
b10111110111010000001111110110110 T
b10111011110100000110101011001000 0#
b10111011110100000110101011001000 P#
b10111110111010000001111110110110 5%
b1100010001100 U%
b101001111101 f%
#2902
b10111110111110100101010000111100 T
b10111011111000101001111101001110 0#
b10111011111000101001111101001110 P#
b10111110111110100101010000111100 5%
b1100010001101 U%
b101001111110 f%
#2903
b10111111000011001000100011000010 T
b10111011111101001101001111010100 0#
b10111011111101001101001111010100 P#
b10111111000011001000100011000010 5%
b1100010001110 U%
b101001111111 f%
#2904
b10111111000111101100000000010010 T
b10111100000001110000101100100100 0#
b10111100000001110000101100100100 P#
b10111111000111101100000000010010 5%
b1100010001111 U%
b101010000000 f%
#2905
b10111111001100001111010010011000 T
b10111100000110010011111110101010 0#
b10111100000110010011111110101010 P#
b10111111001100001111010010011000 5%
b1100010010000 U%
b101010000001 f%
#2906
b10111111010000110010100100011110 T
b10111100001010110111010000110000 0#
b10111100001010110111010000110000 P#
b10111111010000110010100100011110 5%
b1100010010001 U%
b101010000010 f%
#2907
b10111111010101010110000001101110 T
b10111100001111011010101110000000 0#
b10111100001111011010101110000000 P#
b10111111010101010110000001101110 5%
b1100010010010 U%
b101010000011 f%
#2908
b10111111011001111001010011110100 T
b10111100010011111110000000000110 0#
b10111100010011111110000000000110 P#
b10111111011001111001010011110100 5%
b1100010010011 U%
b101010000100 f%
#2909
b10111111011110011100100101111010 T
b10111100011000100001010010001100 0#
b10111100011000100001010010001100 P#
b10111111011110011100100101111010 5%
b1100010010100 U%
b101010000101 f%
#2910
b10111111100011000000000011001010 T
b10111100011101000100101111011100 0#
b10111100011101000100101111011100 P#
b10111111100011000000000011001010 5%
b1100010010101 U%
b101010000110 f%
#2911
b10111111100111100011010101010000 T
b10111100100001101000000001100010 0#
b10111100100001101000000001100010 P#
b10111111100111100011010101010000 5%
b1100010010110 U%
b101010000111 f%
#2912
b10111111101100000110100111010110 T
b10111100100110001011010011101000 0#
b10111100100110001011010011101000 P#
b10111111101100000110100111010110 5%
b1100010010111 U%
b101010001000 f%
#2913
b10111111110000101010000100100110 T
b10111100101010101110110000111000 0#
b10111100101010101110110000111000 P#
b10111111110000101010000100100110 5%
b1100010011000 U%
b101010001001 f%
#2914
b10111111110101001101010110101100 T
b10111100101111010010000010111110 0#
b10111100101111010010000010111110 P#
b10111111110101001101010110101100 5%
b1100010011001 U%
b101010001010 f%
#2915
b10111111111001110000101000110010 T
b10111100110011110101010101000100 0#
b10111100110011110101010101000100 P#
b10111111111001110000101000110010 5%
b1100010011010 U%
b101010001011 f%
#2916
b10111111111110010100000110000010 T
b10111100111000011000110010010100 0#
b10111100111000011000110010010100 P#
b10111111111110010100000110000010 5%
b1100010011011 U%
b101010001100 f%
#2917
b101101 $
b11000011100011011 4
b11000000000010110111011000001100 T
b10111100111100100101000011110010 0#
b10111100111100100101000011110010 P#
b11111100111010000100101100010010 p#
b11000000000010110111011000001100 5%
b1100010011100 U%
b101010001101 f%
#2918
b11000000000111011010101010010010 T
b10111101000001001000010101111000 0#
b10111101000001001000010101111000 P#
b11000000000111011010101010010010 5%
b1100010011101 U%
b101010001110 f%
#2919
b11000000001011111110000111100010 T
b10111101000101101011110011001000 0#
b10111101000101101011110011001000 P#
b11000000001011111110000111100010 5%
b1100010011110 U%
b101010001111 f%
#2920
b11000000010000100001011001101000 T
b10111101001010001111000101001110 0#
b10111101001010001111000101001110 P#
b11000000010000100001011001101000 5%
b1100010011111 U%
b101010010000 f%
#2921
b11000000010101000100101011101110 T
b10111101001110110010010111010100 0#
b10111101001110110010010111010100 P#
b11000000010101000100101011101110 5%
b1100010100000 U%
b101010010001 f%
#2922
b11000000011001101000001000111110 T
b10111101010011010101110100100100 0#
b10111101010011010101110100100100 P#
b11000000011001101000001000111110 5%
b1100010100001 U%
b101010010010 f%
#2923
b11000000011110001011011011000100 T
b10111101010111111001000110101010 0#
b10111101010111111001000110101010 P#
b11000000011110001011011011000100 5%
b1100010100010 U%
b101010010011 f%
#2924
b11000000100010101110101101001010 T
b10111101011100011100011000110000 0#
b10111101011100011100011000110000 P#
b11000000100010101110101101001010 5%
b1100010100011 U%
b101010010100 f%
#2925
b11000000100111010010001010011010 T
b10111101100000111111110110000000 0#
b10111101100000111111110110000000 P#
b11000000100111010010001010011010 5%
b1100010100100 U%
b101010010101 f%
#2926
b11000000101011110101011100100000 T
b10111101100101100011001000000110 0#
b10111101100101100011001000000110 P#
b11000000101011110101011100100000 5%
b1100010100101 U%
b101010010110 f%
#2927
b11000000110000011000101110100110 T
b10111101101010000110011010001100 0#
b10111101101010000110011010001100 P#
b11000000110000011000101110100110 5%
b1100010100110 U%
b101010010111 f%
#2928
b11000000110100111100001011110110 T
b10111101101110101001110111011100 0#
b10111101101110101001110111011100 P#
b11000000110100111100001011110110 5%
b1100010100111 U%
b101010011000 f%
#2929
b11000000111001011111011101111100 T
b10111101110011001101001001100010 0#
b10111101110011001101001001100010 P#
b11000000111001011111011101111100 5%
b1100010101000 U%
b101010011001 f%
#2930
b11000000111110000010110000000010 T
b10111101110111110000011011101000 0#
b10111101110111110000011011101000 P#
b11000000111110000010110000000010 5%
b1100010101001 U%
b101010011010 f%
#2931
b11000001000010100110001101010010 T
b10111101111100010011111000111000 0#
b10111101111100010011111000111000 P#
b11000001000010100110001101010010 5%
b1100010101010 U%
b101010011011 f%
#2932
b11000001000111001001011111011000 T
b10111110000000110111001010111110 0#
b10111110000000110111001010111110 P#
b11000001000111001001011111011000 5%
b1100010101011 U%
b101010011100 f%
#2933
b11000001001011101100110001011110 T
b10111110000101011010011101000100 0#
b10111110000101011010011101000100 P#
b11000001001011101100110001011110 5%
b1100010101100 U%
b101010011101 f%
#2934
b11000001010000010000000011100100 T
b10111110001001111101101111001010 0#
b10111110001001111101101111001010 P#
b11000001010000010000000011100100 5%
b1100010101101 U%
b101010011110 f%
#2935
b11000001010100110011100000110100 T
b10111110001110100001001100011010 0#
b10111110001110100001001100011010 P#
b11000001010100110011100000110100 5%
b1100010101110 U%
b101010011111 f%
#2936
b11000001011001010110110010111010 T
b10111110010011000100011110100000 0#
b10111110010011000100011110100000 P#
b11000001011001010110110010111010 5%
b1100010101111 U%
b101010100000 f%
#2937
b11000001011101111010000101000000 T
b10111110010111100111110000100110 0#
b10111110010111100111110000100110 P#
b11000001011101111010000101000000 5%
b1100010110000 U%
b101010100001 f%
#2938
b11000001100010011101100010010000 T
b10111110011100001011001101110110 0#
b10111110011100001011001101110110 P#
b11000001100010011101100010010000 5%
b1100010110001 U%
b101010100010 f%
#2939
b11000001100111000000110100010110 T
b10111110100000101110011111111100 0#
b10111110100000101110011111111100 P#
b11000001100111000000110100010110 5%
b1100010110010 U%
b101010100011 f%
#2940
b11000001101011100100000110011100 T
b10111110100101010001110010000010 0#
b10111110100101010001110010000010 P#
b11000001101011100100000110011100 5%
b1100010110011 U%
b101010100100 f%
#2941
b11000001110000000111100011101100 T
b10111110101001110101001111010010 0#
b10111110101001110101001111010010 P#
b11000001110000000111100011101100 5%
b1100010110100 U%
b101010100101 f%
#2942
b11000001110100101010110101110010 T
b10111110101110011000100001011000 0#
b10111110101110011000100001011000 P#
b11000001110100101010110101110010 5%
b1100010110101 U%
b101010100110 f%
#2943
b11000001111001001110000111111000 T
b10111110110010111011110011011110 0#
b10111110110010111011110011011110 P#
b11000001111001001110000111111000 5%
b1100010110110 U%
b101010100111 f%
#2944
b11000001111101110001100101001000 T
b10111110110111011111010000101110 0#
b10111110110111011111010000101110 P#
b11000001111101110001100101001000 5%
b1100010110111 U%
b101010101000 f%
#2945
b11000010000010010100110111001110 T
b10111110111100000010100010110100 0#
b10111110111100000010100010110100 P#
b11000010000010010100110111001110 5%
b1100010111000 U%
b101010101001 f%
#2946
b11000010000110111000001001010100 T
b10111111000000100101110100111010 0#
b10111111000000100101110100111010 P#
b11000010000110111000001001010100 5%
b1100010111001 U%
b101010101010 f%
#2947
b11000010001011011011100110100100 T
b10111111000101001001010010001010 0#
b10111111000101001001010010001010 P#
b11000010001011011011100110100100 5%
b1100010111010 U%
b101010101011 f%
#2948
b11000010001111111110111000101010 T
b10111111001001101100100100010000 0#
b10111111001001101100100100010000 P#
b11000010001111111110111000101010 5%
b1100010111011 U%
b101010101100 f%
#2949
b11000010010100100010001010110000 T
b10111111001110001111110110010110 0#
b10111111001110001111110110010110 P#
b11000010010100100010001010110000 5%
b1100010111100 U%
b101010101101 f%
#2950
b11000010011001000101101000000000 T
b10111111010010110011010011100110 0#
b10111111010010110011010011100110 P#
b11000010011001000101101000000000 5%
b1100010111101 U%
b101010101110 f%
#2951
b11000010011101101000111010000110 T
b10111111010111010110100101101100 0#
b10111111010111010110100101101100 P#
b11000010011101101000111010000110 5%
b1100010111110 U%
b101010101111 f%
#2952
b11000010100010001100001100001100 T
b10111111011011111001110111110010 0#
b10111111011011111001110111110010 P#
b11000010100010001100001100001100 5%
b1100010111111 U%
b101010110000 f%
#2953
b11000010100110101111101001011100 T
b10111111100000011101010101000010 0#
b10111111100000011101010101000010 P#
b11000010100110101111101001011100 5%
b1100011000000 U%
b101010110001 f%
#2954
b11000010101011010010111011100010 T
b10111111100101000000100111001000 0#
b10111111100101000000100111001000 P#
b11000010101011010010111011100010 5%
b1100011000001 U%
b101010110010 f%
#2955
b11000010101111110110001101101000 T
b10111111101001100011111001001110 0#
b10111111101001100011111001001110 P#
b11000010101111110110001101101000 5%
b1100011000010 U%
b101010110011 f%
#2956
b11000010110100011001101010111000 T
b10111111101110000111010110011110 0#
b10111111101110000111010110011110 P#
b11000010110100011001101010111000 5%
b1100011000011 U%
b101010110100 f%
#2957
b11000010111000111100111100111110 T
b10111111110010101010101000100100 0#
b10111111110010101010101000100100 P#
b11000010111000111100111100111110 5%
b1100011000100 U%
b101010110101 f%
#2958
b11000010111101100000001111000100 T
b10111111110111001101111010101010 0#
b10111111110111001101111010101010 P#
b11000010111101100000001111000100 5%
b1100011000101 U%
b101010110110 f%
#2959
b11000011000010000011101100010100 T
b10111111111011110001010111111010 0#
b10111111111011110001010111111010 P#
b11000011000010000011101100010100 5%
b1100011000110 U%
b101010110111 f%
#2960
b11000011000110100110111110011010 T
b11000000000000010100101010000000 0#
b11000000000000010100101010000000 P#
b11000011000110100110111110011010 5%
b1100011000111 U%
b101010111000 f%
#2961
b11000011001011001010010000100000 T
b11000000000100110111111100000110 0#
b11000000000100110111111100000110 P#
b11000011001011001010010000100000 5%
b1100011001000 U%
b101010111001 f%
#2962
b11000011001111101101100010100110 T
b11000000001001011011001110001100 0#
b11000000001001011011001110001100 P#
b11000011001111101101100010100110 5%
b1100011001001 U%
b101010111010 f%
#2963
b11000011010100010000111111110110 T
b11000000001101111110101011011100 0#
b11000000001101111110101011011100 P#
b11000011010100010000111111110110 5%
b1100011001010 U%
b101010111011 f%
#2964
b11000011011000110100010001111100 T
b11000000010010100001111101100010 0#
b11000000010010100001111101100010 P#
b11000011011000110100010001111100 5%
b1100011001011 U%
b101010111100 f%
#2965
b11000011011101010111100100000010 T
b11000000010111000101001111101000 0#
b11000000010111000101001111101000 P#
b11000011011101010111100100000010 5%
b1100011001100 U%
b101010111101 f%
#2966
b11000011100001111011000001010010 T
b11000000011011101000101100111000 0#
b11000000011011101000101100111000 P#
b11000011100001111011000001010010 5%
b1100011001101 U%
b101010111110 f%
#2967
b11000011100110011110010011011000 T
b11000000100000001011111110111110 0#
b11000000100000001011111110111110 P#
b11000011100110011110010011011000 5%
b1100011001110 U%
b101010111111 f%
#2968
b11000011101011000001100101011110 T
b11000000100100101111010001000100 0#
b11000000100100101111010001000100 P#
b11000011101011000001100101011110 5%
b1100011001111 U%
b101011000000 f%
#2969
b11000011101111100101000010101110 T
b11000000101001010010101110010100 0#
b11000000101001010010101110010100 P#
b11000011101111100101000010101110 5%
b1100011010000 U%
b101011000001 f%
#2970
b11000011110100001000010100110100 T
b11000000101101110110000000011010 0#
b11000000101101110110000000011010 P#
b11000011110100001000010100110100 5%
b1100011010001 U%
b101011000010 f%
#2971
b11000011111000101011100110111010 T
b11000000110010011001010010100000 0#
b11000000110010011001010010100000 P#
b11000011111000101011100110111010 5%
b1100011010010 U%
b101011000011 f%
#2972
b11000011111101001111000100001010 T
b11000000110110111100101111110000 0#
b11000000110110111100101111110000 P#
b11000011111101001111000100001010 5%
b1100011010011 U%
b101011000100 f%
#2973
b11000100000001110010010110010000 T
b11000000111011100000000001110110 0#
b11000000111011100000000001110110 P#
b11000100000001110010010110010000 5%
b1100011010100 U%
b101011000101 f%
#2974
b11000100000110010101101000010110 T
b11000001000000000011010011111100 0#
b11000001000000000011010011111100 P#
b11000100000110010101101000010110 5%
b1100011010101 U%
b101011000110 f%
#2975
b11000100001010111001000101100110 T
b11000001000100100110110001001100 0#
b11000001000100100110110001001100 P#
b11000100001010111001000101100110 5%
b1100011010110 U%
b101011000111 f%
#2976
b11000100001111011100010111101100 T
b11000001001001001010000011010010 0#
b11000001001001001010000011010010 P#
b11000100001111011100010111101100 5%
b1100011010111 U%
b101011001000 f%
#2977
b101110 $
b11000011100011100 4
b11000100010011111111101001110110 T
b11000001001101010110011111111010 0#
b11000001001101010110011111111010 P#
b11111100111001101101101011100110 p#
b11000100010011111111101001110110 5%
b1100011011000 U%
b101011001001 f%
#2978
b11000100011000100011000111000110 T
b11000001010001111001111101001010 0#
b11000001010001111001111101001010 P#
b11000100011000100011000111000110 5%
b1100011011001 U%
b101011001010 f%
#2979
b11000100011101000110011001001100 T
b11000001010110011101001111010000 0#
b11000001010110011101001111010000 P#
b11000100011101000110011001001100 5%
b1100011011010 U%
b101011001011 f%
#2980
b11000100100001101001101011010010 T
b11000001011011000000100001010110 0#
b11000001011011000000100001010110 P#
b11000100100001101001101011010010 5%
b1100011011011 U%
b101011001100 f%
#2981
b11000100100110001101001000100010 T
b11000001011111100011111110100110 0#
b11000001011111100011111110100110 P#
b11000100100110001101001000100010 5%
b1100011011100 U%
b101011001101 f%
#2982
b11000100101010110000011010101000 T
b11000001100100000111010000101100 0#
b11000001100100000111010000101100 P#
b11000100101010110000011010101000 5%
b1100011011101 U%
b101011001110 f%
#2983
b11000100101111010011101100101110 T
b11000001101000101010100010110010 0#
b11000001101000101010100010110010 P#
b11000100101111010011101100101110 5%
b1100011011110 U%
b101011001111 f%
#2984
b11000100110011110111001001111110 T
b11000001101101001110000000000010 0#
b11000001101101001110000000000010 P#
b11000100110011110111001001111110 5%
b1100011011111 U%
b101011010000 f%
#2985
b11000100111000011010011100000100 T
b11000001110001110001010010001000 0#
b11000001110001110001010010001000 P#
b11000100111000011010011100000100 5%
b1100011100000 U%
b101011010001 f%
#2986
b11000100111100111101101110001010 T
b11000001110110010100100100001110 0#
b11000001110110010100100100001110 P#
b11000100111100111101101110001010 5%
b1100011100001 U%
b101011010010 f%
#2987
b11000101000001100001001011011010 T
b11000001111010111000000001011110 0#
b11000001111010111000000001011110 P#
b11000101000001100001001011011010 5%
b1100011100010 U%
b101011010011 f%
#2988
b11000101000110000100011101100000 T
b11000001111111011011010011100100 0#
b11000001111111011011010011100100 P#
b11000101000110000100011101100000 5%
b1100011100011 U%
b101011010100 f%
#2989
b11000101001010100111101111100110 T
b11000010000011111110100101101010 0#
b11000010000011111110100101101010 P#
b11000101001010100111101111100110 5%
b1100011100100 U%
b101011010101 f%
#2990
b11000101001111001011001100110110 T
b11000010001000100010000010111010 0#
b11000010001000100010000010111010 P#
b11000101001111001011001100110110 5%
b1100011100101 U%
b101011010110 f%
#2991
b11000101010011101110011110111100 T
b11000010001101000101010101000000 0#
b11000010001101000101010101000000 P#
b11000101010011101110011110111100 5%
b1100011100110 U%
b101011010111 f%
#2992
b11000101011000010001110001000010 T
b11000010010001101000100111000110 0#
b11000010010001101000100111000110 P#
b11000101011000010001110001000010 5%
b1100011100111 U%
b101011011000 f%
#2993
b11000101011100110101000011001000 T
b11000010010110001011111001001100 0#
b11000010010110001011111001001100 P#
b11000101011100110101000011001000 5%
b1100011101000 U%
b101011011001 f%
#2994
b11000101100001011000100000011000 T
b11000010011010101111010110011100 0#
b11000010011010101111010110011100 P#
b11000101100001011000100000011000 5%
b1100011101001 U%
b101011011010 f%
#2995
b11000101100101111011110010011110 T
b11000010011111010010101000100010 0#
b11000010011111010010101000100010 P#
b11000101100101111011110010011110 5%
b1100011101010 U%
b101011011011 f%
#2996
b11000101101010011111000100100100 T
b11000010100011110101111010101000 0#
b11000010100011110101111010101000 P#
b11000101101010011111000100100100 5%
b1100011101011 U%
b101011011100 f%
#2997
b11000101101111000010100001110100 T
b11000010101000011001010111111000 0#
b11000010101000011001010111111000 P#
b11000101101111000010100001110100 5%
b1100011101100 U%
b101011011101 f%
#2998
b11000101110011100101110011111010 T
b11000010101100111100101001111110 0#
b11000010101100111100101001111110 P#
b11000101110011100101110011111010 5%
b1100011101101 U%
b101011011110 f%
#2999
b11000101111000001001000110000000 T
b11000010110001011111111100000100 0#
b11000010110001011111111100000100 P#
b11000101111000001001000110000000 5%
b1100011101110 U%
b101011011111 f%
#3000
b11000101111100101100100011010000 T
b11000010110110000011011001010100 0#
b11000010110110000011011001010100 P#
b11000101111100101100100011010000 5%
b1100011101111 U%
b101011100000 f%
#3001
b11000110000001001111110101010110 T
b11000010111010100110101011011010 0#
b11000010111010100110101011011010 P#
b11000110000001001111110101010110 5%
b1100011110000 U%
b101011100001 f%
#3002
b11000110000101110011000111011100 T
b11000010111111001001111101100000 0#
b11000010111111001001111101100000 P#
b11000110000101110011000111011100 5%
b1100011110001 U%
b101011100010 f%
#3003
b11000110001010010110100100101100 T
b11000011000011101101011010110000 0#
b11000011000011101101011010110000 P#
b11000110001010010110100100101100 5%
b1100011110010 U%
b101011100011 f%
#3004
b11000110001110111001110110110010 T
b11000011001000010000101100110110 0#
b11000011001000010000101100110110 P#
b11000110001110111001110110110010 5%
b1100011110011 U%
b101011100100 f%
#3005
b11000110010011011101001000111000 T
b11000011001100110011111110111100 0#
b11000011001100110011111110111100 P#
b11000110010011011101001000111000 5%
b1100011110100 U%
b101011100101 f%
#3006
b11000110011000000000100110001000 T
b11000011010001010111011100001100 0#
b11000011010001010111011100001100 P#
b11000110011000000000100110001000 5%
b1100011110101 U%
b101011100110 f%
#3007
b11000110011100100011111000001110 T
b11000011010101111010101110010010 0#
b11000011010101111010101110010010 P#
b11000110011100100011111000001110 5%
b1100011110110 U%
b101011100111 f%
#3008
b11000110100001000111001010010100 T
b11000011011010011110000000011000 0#
b11000011011010011110000000011000 P#
b11000110100001000111001010010100 5%
b1100011110111 U%
b101011101000 f%
#3009
b11000110100101101010100111100100 T
b11000011011111000001011101101000 0#
b11000011011111000001011101101000 P#
b11000110100101101010100111100100 5%
b1100011111000 U%
b101011101001 f%
#3010
b11000110101010001101111001101010 T
b11000011100011100100101111101110 0#
b11000011100011100100101111101110 P#
b11000110101010001101111001101010 5%
b1100011111001 U%
b101011101010 f%
#3011
b11000110101110110001001011110000 T
b11000011101000001000000001110100 0#
b11000011101000001000000001110100 P#
b11000110101110110001001011110000 5%
b1100011111010 U%
b101011101011 f%
#3012
b11000110110011010100101001000000 T
b11000011101100101011011111000100 0#
b11000011101100101011011111000100 P#
b11000110110011010100101001000000 5%
b1100011111011 U%
b101011101100 f%
#3013
b11000110110111110111111011000110 T
b11000011110001001110110001001010 0#
b11000011110001001110110001001010 P#
b11000110110111110111111011000110 5%
b1100011111100 U%
b101011101101 f%
#3014
b11000110111100011011001101001100 T
b11000011110101110010000011010000 0#
b11000011110101110010000011010000 P#
b11000110111100011011001101001100 5%
b1100011111101 U%
b101011101110 f%
#3015
b11000111000000111110101010011100 T
b11000011111010010101100000100000 0#
b11000011111010010101100000100000 P#
b11000111000000111110101010011100 5%
b1100011111110 U%
b101011101111 f%
#3016
b11000111000101100001111100100010 T
b11000011111110111000110010100110 0#
b11000011111110111000110010100110 P#
b11000111000101100001111100100010 5%
b1100011111111 U%
b101011110000 f%
#3017
b11000111001010000101001110101000 T
b11000100000011011100000100101100 0#
b11000100000011011100000100101100 P#
b11000111001010000101001110101000 5%
b1100100000000 U%
b101011110001 f%
#3018
b11000111001110101000101011111000 T
b11000100000111111111100001111100 0#
b11000100000111111111100001111100 P#
b11000111001110101000101011111000 5%
b1100100000001 U%
b101011110010 f%
#3019
b11000111010011001011111101111110 T
b11000100001100100010110100000010 0#
b11000100001100100010110100000010 P#
b11000111010011001011111101111110 5%
b1100100000010 U%
b101011110011 f%
#3020
b11000111010111101111010000000100 T
b11000100010001000110000110001000 0#
b11000100010001000110000110001000 P#
b11000111010111101111010000000100 5%
b1100100000011 U%
b101011110100 f%
#3021
b11000111011100010010100010001010 T
b11000100010101101001011000001110 0#
b11000100010101101001011000001110 P#
b11000111011100010010100010001010 5%
b1100100000100 U%
b101011110101 f%
#3022
b11000111100000110101111111011010 T
b11000100011010001100110101011110 0#
b11000100011010001100110101011110 P#
b11000111100000110101111111011010 5%
b1100100000101 U%
b101011110110 f%
#3023
b11000111100101011001010001100000 T
b11000100011110110000000111100100 0#
b11000100011110110000000111100100 P#
b11000111100101011001010001100000 5%
b1100100000110 U%
b101011110111 f%
#3024
b11000111101001111100100011100110 T
b11000100100011010011011001101010 0#
b11000100100011010011011001101010 P#
b11000111101001111100100011100110 5%
b1100100000111 U%
b101011111000 f%
#3025
b11000111101110100000000000110110 T
b11000100100111110110110110111010 0#
b11000100100111110110110110111010 P#
b11000111101110100000000000110110 5%
b1100100001000 U%
b101011111001 f%
#3026
b11000111110011000011010010111100 T
b11000100101100011010001001000000 0#
b11000100101100011010001001000000 P#
b11000111110011000011010010111100 5%
b1100100001001 U%
b101011111010 f%
#3027
b11000111110111100110100101000010 T
b11000100110000111101011011000110 0#
b11000100110000111101011011000110 P#
b11000111110111100110100101000010 5%
b1100100001010 U%
b101011111011 f%
#3028
b11000111111100001010000010010010 T
b11000100110101100000111000010110 0#
b11000100110101100000111000010110 P#
b11000111111100001010000010010010 5%
b1100100001011 U%
b101011111100 f%
#3029
b11001000000000101101010100011000 T
b11000100111010000100001010011100 0#
b11000100111010000100001010011100 P#
b11001000000000101101010100011000 5%
b1100100001100 U%
b101011111101 f%
#3030
b11001000000101010000100110011110 T
b11000100111110100111011100100010 0#
b11000100111110100111011100100010 P#
b11001000000101010000100110011110 5%
b1100100001101 U%
b101011111110 f%
#3031
b11001000001001110100000011101110 T
b11000101000011001010111001110010 0#
b11000101000011001010111001110010 P#
b11001000001001110100000011101110 5%
b1100100001110 U%
b101011111111 f%
#3032
b11001000001110010111010101110100 T
b11000101000111101110001011111000 0#
b11000101000111101110001011111000 P#
b11001000001110010111010101110100 5%
b1100100001111 U%
b101100000000 f%
#3033
b11001000010010111010100111111010 T
b11000101001100010001011101111110 0#
b11000101001100010001011101111110 P#
b11001000010010111010100111111010 5%
b1100100010000 U%
b101100000001 f%
#3034
b11001000010111011110000101001010 T
b11000101010000110100111011001110 0#
b11000101010000110100111011001110 P#
b11001000010111011110000101001010 5%
b1100100010001 U%
b101100000010 f%
#3035
b11001000011100000001010111010000 T
b11000101010101011000001101010100 0#
b11000101010101011000001101010100 P#
b11001000011100000001010111010000 5%
b1100100010010 U%
b101100000011 f%
#3036
b11001000100000100100101001010110 T
b11000101011001111011011111011010 0#
b11000101011001111011011111011010 P#
b11001000100000100100101001010110 5%
b1100100010011 U%
b101100000100 f%
#3037
b101111 $
b11001000100101001000000110101010 T
b11000101011110000100011100111010 0#
b11000101011110000100011100111010 P#
b11111100111001010110110110000100 p#
b11001000100101001000000110101010 5%
b1100100010100 U%
b101100000101 f%
#3038
b11001000101001101011011000110000 T
b11000101100010100111101111000000 0#
b11000101100010100111101111000000 P#
b11001000101001101011011000110000 5%
b1100100010101 U%
b101100000110 f%
#3039
b11001000101110001110101010110110 T
b11000101100111001011000001000110 0#
b11000101100111001011000001000110 P#
b11001000101110001110101010110110 5%
b1100100010110 U%
b101100000111 f%
#3040
b11001000110010110010001000000110 T
b11000101101011101110011110010110 0#
b11000101101011101110011110010110 P#
b11001000110010110010001000000110 5%
b1100100010111 U%
b101100001000 f%
#3041
b11001000110111010101011010001100 T
b11000101110000010001110000011100 0#
b11000101110000010001110000011100 P#
b11001000110111010101011010001100 5%
b1100100011000 U%
b101100001001 f%
#3042
b11001000111011111000101100010010 T
b11000101110100110101000010100010 0#
b11000101110100110101000010100010 P#
b11001000111011111000101100010010 5%
b1100100011001 U%
b101100001010 f%
#3043
b11001001000000011100001001100010 T
b11000101111001011000011111110010 0#
b11000101111001011000011111110010 P#
b11001001000000011100001001100010 5%
b1100100011010 U%
b101100001011 f%
#3044
b11001001000100111111011011101000 T
b11000101111101111011110001111000 0#
b11000101111101111011110001111000 P#
b11001001000100111111011011101000 5%
b1100100011011 U%
b101100001100 f%
#3045
b11001001001001100010101101101110 T
b11000110000010011111000011111110 0#
b11000110000010011111000011111110 P#
b11001001001001100010101101101110 5%
b1100100011100 U%
b101100001101 f%
#3046
b11001001001110000110001010111110 T
b11000110000111000010100001001110 0#
b11000110000111000010100001001110 P#
b11001001001110000110001010111110 5%
b1100100011101 U%
b101100001110 f%
#3047
b11001001010010101001011101000100 T
b11000110001011100101110011010100 0#
b11000110001011100101110011010100 P#
b11001001010010101001011101000100 5%
b1100100011110 U%
b101100001111 f%
#3048
b11001001010111001100101111001010 T
b11000110010000001001000101011010 0#
b11000110010000001001000101011010 P#
b11001001010111001100101111001010 5%
b1100100011111 U%
b101100010000 f%
#3049
b11001001011011110000001100011010 T
b11000110010100101100100010101010 0#
b11000110010100101100100010101010 P#
b11001001011011110000001100011010 5%
b1100100100000 U%
b101100010001 f%
#3050
b11001001100000010011011110100000 T
b11000110011001001111110100110000 0#
b11000110011001001111110100110000 P#
b11001001100000010011011110100000 5%
b1100100100001 U%
b101100010010 f%
#3051
b11001001100100110110110000100110 T
b11000110011101110011000110110110 0#
b11000110011101110011000110110110 P#
b11001001100100110110110000100110 5%
b1100100100010 U%
b101100010011 f%
#3052
b11001001101001011010000010101100 T
b11000110100010010110011000111100 0#
b11000110100010010110011000111100 P#
b11001001101001011010000010101100 5%
b1100100100011 U%
b101100010100 f%
#3053
b11001001101101111101011111111100 T
b11000110100110111001110110001100 0#
b11000110100110111001110110001100 P#
b11001001101101111101011111111100 5%
b1100100100100 U%
b101100010101 f%
#3054
b11001001110010100000110010000010 T
b11000110101011011101001000010010 0#
b11000110101011011101001000010010 P#
b11001001110010100000110010000010 5%
b1100100100101 U%
b101100010110 f%
#3055
b11001001110111000100000100001000 T
b11000110110000000000011010011000 0#
b11000110110000000000011010011000 P#
b11001001110111000100000100001000 5%
b1100100100110 U%
b101100010111 f%
#3056
b11001001111011100111100001011000 T
b11000110110100100011110111101000 0#
b11000110110100100011110111101000 P#
b11001001111011100111100001011000 5%
b1100100100111 U%
b101100011000 f%
#3057
b11001010000000001010110011011110 T
b11000110111001000111001001101110 0#
b11000110111001000111001001101110 P#
b11001010000000001010110011011110 5%
b1100100101000 U%
b101100011001 f%
#3058
b11001010000100101110000101100100 T
b11000110111101101010011011110100 0#
b11000110111101101010011011110100 P#
b11001010000100101110000101100100 5%
b1100100101001 U%
b101100011010 f%
#3059
b11001010001001010001100010110100 T
b11000111000010001101111001000100 0#
b11000111000010001101111001000100 P#
b11001010001001010001100010110100 5%
b1100100101010 U%
b101100011011 f%
#3060
b11001010001101110100110100111010 T
b11000111000110110001001011001010 0#
b11000111000110110001001011001010 P#
b11001010001101110100110100111010 5%
b1100100101011 U%
b101100011100 f%
#3061
b11001010010010011000000111000000 T
b11000111001011010100011101010000 0#
b11000111001011010100011101010000 P#
b11001010010010011000000111000000 5%
b1100100101100 U%
b101100011101 f%
#3062
b11001010010110111011100100010000 T
b11000111001111110111111010100000 0#
b11000111001111110111111010100000 P#
b11001010010110111011100100010000 5%
b1100100101101 U%
b101100011110 f%
#3063
b11001010011011011110110110010110 T
b11000111010100011011001100100110 0#
b11000111010100011011001100100110 P#
b11001010011011011110110110010110 5%
b1100100101110 U%
b101100011111 f%
#3064
b11001010100000000010001000011100 T
b11000111011000111110011110101100 0#
b11000111011000111110011110101100 P#
b11001010100000000010001000011100 5%
b1100100101111 U%
b101100100000 f%
#3065
b11001010100100100101100101101100 T
b11000111011101100001111011111100 0#
b11000111011101100001111011111100 P#
b11001010100100100101100101101100 5%
b1100100110000 U%
b101100100001 f%
#3066
b11001010101001001000110111110010 T
b11000111100010000101001110000010 0#
b11000111100010000101001110000010 P#
b11001010101001001000110111110010 5%
b1100100110001 U%
b101100100010 f%
#3067
b11001010101101101100001001111000 T
b11000111100110101000100000001000 0#
b11000111100110101000100000001000 P#
b11001010101101101100001001111000 5%
b1100100110010 U%
b101100100011 f%
#3068
b11001010110010001111100111001000 T
b11000111101011001011111101011000 0#
b11000111101011001011111101011000 P#
b11001010110010001111100111001000 5%
b1100100110011 U%
b101100100100 f%
#3069
b11001010110110110010111001001110 T
b11000111101111101111001111011110 0#
b11000111101111101111001111011110 P#
b11001010110110110010111001001110 5%
b1100100110100 U%
b101100100101 f%
#3070
b11001010111011010110001011010100 T
b11000111110100010010100001100100 0#
b11000111110100010010100001100100 P#
b11001010111011010110001011010100 5%
b1100100110101 U%
b101100100110 f%
#3071
b11001010111111111001101000100100 T
b11000111111000110101111110110100 0#
b11000111111000110101111110110100 P#
b11001010111111111001101000100100 5%
b1100100110110 U%
b101100100111 f%
#3072
b11001011000100011100111010101010 T
b11000111111101011001010000111010 0#
b11000111111101011001010000111010 P#
b11001011000100011100111010101010 5%
b1100100110111 U%
b101100101000 f%
#3073
b11001011001001000000001100110000 T
b11001000000001111100100011000000 0#
b11001000000001111100100011000000 P#
b11001011001001000000001100110000 5%
b1100100111000 U%
b101100101001 f%
#3074
b11001011001101100011101010000000 T
b11001000000110100000000000010000 0#
b11001000000110100000000000010000 P#
b11001011001101100011101010000000 5%
b1100100111001 U%
b101100101010 f%
#3075
b11001011010010000110111100000110 T
b11001000001011000011010010010110 0#
b11001000001011000011010010010110 P#
b11001011010010000110111100000110 5%
b1100100111010 U%
b101100101011 f%
#3076
b11001011010110101010001110001100 T
b11001000001111100110100100011100 0#
b11001000001111100110100100011100 P#
b11001011010110101010001110001100 5%
b1100100111011 U%
b101100101100 f%
#3077
b11001011011011001101101011011100 T
b11001000010100001010000001101100 0#
b11001000010100001010000001101100 P#
b11001011011011001101101011011100 5%
b1100100111100 U%
b101100101101 f%
#3078
b11001011011111110000111101100010 T
b11001000011000101101010011110010 0#
b11001000011000101101010011110010 P#
b11001011011111110000111101100010 5%
b1100100111101 U%
b101100101110 f%
#3079
b11001011100100010100001111101000 T
b11001000011101010000100101111000 0#
b11001000011101010000100101111000 P#
b11001011100100010100001111101000 5%
b1100100111110 U%
b101100101111 f%
#3080
b11001011101000110111100001101110 T
b11001000100001110011110111111110 0#
b11001000100001110011110111111110 P#
b11001011101000110111100001101110 5%
b1100100111111 U%
b101100110000 f%
#3081
b11001011101101011010111110111110 T
b11001000100110010111010101001110 0#
b11001000100110010111010101001110 P#
b11001011101101011010111110111110 5%
b1100101000000 U%
b101100110001 f%
#3082
b11001011110001111110010001000100 T
b11001000101010111010100111010100 0#
b11001000101010111010100111010100 P#
b11001011110001111110010001000100 5%
b1100101000001 U%
b101100110010 f%
#3083
b11001011110110100001100011001010 T
b11001000101111011101111001011010 0#
b11001000101111011101111001011010 P#
b11001011110110100001100011001010 5%
b1100101000010 U%
b101100110011 f%
#3084
b11001011111011000101000000011010 T
b11001000110100000001010110101010 0#
b11001000110100000001010110101010 P#
b11001011111011000101000000011010 5%
b1100101000011 U%
b101100110100 f%
#3085
b11001011111111101000010010100000 T
b11001000111000100100101000110000 0#
b11001000111000100100101000110000 P#
b11001011111111101000010010100000 5%
b1100101000100 U%
b101100110101 f%
#3086
b11001100000100001011100100100110 T
b11001000111101000111111010110110 0#
b11001000111101000111111010110110 P#
b11001100000100001011100100100110 5%
b1100101000101 U%
b101100110110 f%
#3087
b11001100001000101111000001110110 T
b11001001000001101011011000000110 0#
b11001001000001101011011000000110 P#
b11001100001000101111000001110110 5%
b1100101000110 U%
b101100110111 f%
#3088
b11001100001101010010010011111100 T
b11001001000110001110101010001100 0#
b11001001000110001110101010001100 P#
b11001100001101010010010011111100 5%
b1100101000111 U%
b101100111000 f%
#3089
b11001100010001110101100110000010 T
b11001001001010110001111100010010 0#
b11001001001010110001111100010010 P#
b11001100010001110101100110000010 5%
b1100101001000 U%
b101100111001 f%
#3090
b11001100010110011001000011010010 T
b11001001001111010101011001100010 0#
b11001001001111010101011001100010 P#
b11001100010110011001000011010010 5%
b1100101001001 U%
b101100111010 f%
#3091
b11001100011010111100010101011000 T
b11001001010011111000101011101000 0#
b11001001010011111000101011101000 P#
b11001100011010111100010101011000 5%
b1100101001010 U%
b101100111011 f%
#3092
b11001100011111011111100111011110 T
b11001001011000011011111101101110 0#
b11001001011000011011111101101110 P#
b11001100011111011111100111011110 5%
b1100101001011 U%
b101100111100 f%
#3093
b11001100100100000011000100101110 T
b11001001011100111111011010111110 0#
b11001001011100111111011010111110 P#
b11001100100100000011000100101110 5%
b1100101001100 U%
b101100111101 f%
#3094
b11001100101000100110010110110100 T
b11001001100001100010101101000100 0#
b11001001100001100010101101000100 P#
b11001100101000100110010110110100 5%
b1100101001101 U%
b101100111110 f%
#3095
b11001100101101001001101000111010 T
b11001001100110000101111111001010 0#
b11001001100110000101111111001010 P#
b11001100101101001001101000111010 5%
b1100101001110 U%
b101100111111 f%
#3096
b11001100110001101101000110001010 T
b11001001101010101001011100011010 0#
b11001001101010101001011100011010 P#
b11001100110001101101000110001010 5%
b1100101001111 U%
b101101000000 f%
#3097
b110000 $
b11000011100011011 4
b11001100110110010000011000010100 T
b11001001101110111001011000001010 0#
b11001001101110111001011000001010 P#
b11111100111000111100010110010000 p#
b11001100110110010000011000010100 5%
b1100101010000 U%
b101101000001 f%
#3098
b11001100111010110011101010011010 T
b11001001110011011100101010010000 0#
b11001001110011011100101010010000 P#
b11001100111010110011101010011010 5%
b1100101010001 U%
b101101000010 f%
#3099
b11001100111111010111000111101010 T
b11001001111000000000000111100000 0#
b11001001111000000000000111100000 P#
b11001100111111010111000111101010 5%
b1100101010010 U%
b101101000011 f%
#3100
b11001101000011111010011001110000 T
b11001001111100100011011001100110 0#
b11001001111100100011011001100110 P#
b11001101000011111010011001110000 5%
b1100101010011 U%
b101101000100 f%
#3101
b11001101001000011101101011110110 T
b11001010000001000110101011101100 0#
b11001010000001000110101011101100 P#
b11001101001000011101101011110110 5%
b1100101010100 U%
b101101000101 f%
#3102
b11001101001101000001001001000110 T
b11001010000101101010001000111100 0#
b11001010000101101010001000111100 P#
b11001101001101000001001001000110 5%
b1100101010101 U%
b101101000110 f%
#3103
b11001101010001100100011011001100 T
b11001010001010001101011011000010 0#
b11001010001010001101011011000010 P#
b11001101010001100100011011001100 5%
b1100101010110 U%
b101101000111 f%
#3104
b11001101010110000111101101010010 T
b11001010001110110000101101001000 0#
b11001010001110110000101101001000 P#
b11001101010110000111101101010010 5%
b1100101010111 U%
b101101001000 f%
#3105
b11001101011010101011001010100010 T
b11001010010011010100001010011000 0#
b11001010010011010100001010011000 P#
b11001101011010101011001010100010 5%
b1100101011000 U%
b101101001001 f%
#3106
b11001101011111001110011100101000 T
b11001010010111110111011100011110 0#
b11001010010111110111011100011110 P#
b11001101011111001110011100101000 5%
b1100101011001 U%
b101101001010 f%
#3107
b11001101100011110001101110101110 T
b11001010011100011010101110100100 0#
b11001010011100011010101110100100 P#
b11001101100011110001101110101110 5%
b1100101011010 U%
b101101001011 f%
#3108
b11001101101000010101001011111110 T
b11001010100000111110001011110100 0#
b11001010100000111110001011110100 P#
b11001101101000010101001011111110 5%
b1100101011011 U%
b101101001100 f%
#3109
b11001101101100111000011110000100 T
b11001010100101100001011101111010 0#
b11001010100101100001011101111010 P#
b11001101101100111000011110000100 5%
b1100101011100 U%
b101101001101 f%
#3110
b11001101110001011011110000001010 T
b11001010101010000100110000000000 0#
b11001010101010000100110000000000 P#
b11001101110001011011110000001010 5%
b1100101011101 U%
b101101001110 f%
#3111
b11001101110101111111000010010000 T
b11001010101110101000000010000110 0#
b11001010101110101000000010000110 P#
b11001101110101111111000010010000 5%
b1100101011110 U%
b101101001111 f%
#3112
b11001101111010100010011111100000 T
b11001010110011001011011111010110 0#
b11001010110011001011011111010110 P#
b11001101111010100010011111100000 5%
b1100101011111 U%
b101101010000 f%
#3113
b11001101111111000101110001100110 T
b11001010110111101110110001011100 0#
b11001010110111101110110001011100 P#
b11001101111111000101110001100110 5%
b1100101100000 U%
b101101010001 f%
#3114
b11001110000011101001000011101100 T
b11001010111100010010000011100010 0#
b11001010111100010010000011100010 P#
b11001110000011101001000011101100 5%
b1100101100001 U%
b101101010010 f%
#3115
b11001110001000001100100000111100 T
b11001011000000110101100000110010 0#
b11001011000000110101100000110010 P#
b11001110001000001100100000111100 5%
b1100101100010 U%
b101101010011 f%
#3116
b11001110001100101111110011000010 T
b11001011000101011000110010111000 0#
b11001011000101011000110010111000 P#
b11001110001100101111110011000010 5%
b1100101100011 U%
b101101010100 f%
#3117
b11001110010001010011000101001000 T
b11001011001001111100000100111110 0#
b11001011001001111100000100111110 P#
b11001110010001010011000101001000 5%
b1100101100100 U%
b101101010101 f%
#3118
b11001110010101110110100010011000 T
b11001011001110011111100010001110 0#
b11001011001110011111100010001110 P#
b11001110010101110110100010011000 5%
b1100101100101 U%
b101101010110 f%
#3119
b11001110011010011001110100011110 T
b11001011010011000010110100010100 0#
b11001011010011000010110100010100 P#
b11001110011010011001110100011110 5%
b1100101100110 U%
b101101010111 f%
#3120
b11001110011110111101000110100100 T
b11001011010111100110000110011010 0#
b11001011010111100110000110011010 P#
b11001110011110111101000110100100 5%
b1100101100111 U%
b101101011000 f%
#3121
b11001110100011100000100011110100 T
b11001011011100001001100011101010 0#
b11001011011100001001100011101010 P#
b11001110100011100000100011110100 5%
b1100101101000 U%
b101101011001 f%
#3122
b11001110101000000011110101111010 T
b11001011100000101100110101110000 0#
b11001011100000101100110101110000 P#
b11001110101000000011110101111010 5%
b1100101101001 U%
b101101011010 f%
#3123
b11001110101100100111001000000000 T
b11001011100101010000000111110110 0#
b11001011100101010000000111110110 P#
b11001110101100100111001000000000 5%
b1100101101010 U%
b101101011011 f%
#3124
b11001110110001001010100101010000 T
b11001011101001110011100101000110 0#
b11001011101001110011100101000110 P#
b11001110110001001010100101010000 5%
b1100101101011 U%
b101101011100 f%
#3125
b11001110110101101101110111010110 T
b11001011101110010110110111001100 0#
b11001011101110010110110111001100 P#
b11001110110101101101110111010110 5%
b1100101101100 U%
b101101011101 f%
#3126
b11001110111010010001001001011100 T
b11001011110010111010001001010010 0#
b11001011110010111010001001010010 P#
b11001110111010010001001001011100 5%
b1100101101101 U%
b101101011110 f%
#3127
b11001110111110110100100110101100 T
b11001011110111011101100110100010 0#
b11001011110111011101100110100010 P#
b11001110111110110100100110101100 5%
b1100101101110 U%
b101101011111 f%
#3128
b11001111000011010111111000110010 T
b11001011111100000000111000101000 0#
b11001011111100000000111000101000 P#
b11001111000011010111111000110010 5%
b1100101101111 U%
b101101100000 f%
#3129
b11001111000111111011001010111000 T
b11001100000000100100001010101110 0#
b11001100000000100100001010101110 P#
b11001111000111111011001010111000 5%
b1100101110000 U%
b101101100001 f%
#3130
b11001111001100011110101000001000 T
b11001100000101000111100111111110 0#
b11001100000101000111100111111110 P#
b11001111001100011110101000001000 5%
b1100101110001 U%
b101101100010 f%
#3131
b11001111010001000001111010001110 T
b11001100001001101010111010000100 0#
b11001100001001101010111010000100 P#
b11001111010001000001111010001110 5%
b1100101110010 U%
b101101100011 f%
#3132
b11001111010101100101001100010100 T
b11001100001110001110001100001010 0#
b11001100001110001110001100001010 P#
b11001111010101100101001100010100 5%
b1100101110011 U%
b101101100100 f%
#3133
b11001111011010001000101001100100 T
b11001100010010110001101001011010 0#
b11001100010010110001101001011010 P#
b11001111011010001000101001100100 5%
b1100101110100 U%
b101101100101 f%
#3134
b11001111011110101011111011101010 T
b11001100010111010100111011100000 0#
b11001100010111010100111011100000 P#
b11001111011110101011111011101010 5%
b1100101110101 U%
b101101100110 f%
#3135
b11001111100011001111001101110000 T
b11001100011011111000001101100110 0#
b11001100011011111000001101100110 P#
b11001111100011001111001101110000 5%
b1100101110110 U%
b101101100111 f%
#3136
b11001111100111110010101011000000 T
b11001100100000011011101010110110 0#
b11001100100000011011101010110110 P#
b11001111100111110010101011000000 5%
b1100101110111 U%
b101101101000 f%
#3137
b11001111101100010101111101000110 T
b11001100100100111110111100111100 0#
b11001100100100111110111100111100 P#
b11001111101100010101111101000110 5%
b1100101111000 U%
b101101101001 f%
#3138
b11001111110000111001001111001100 T
b11001100101001100010001111000010 0#
b11001100101001100010001111000010 P#
b11001111110000111001001111001100 5%
b1100101111001 U%
b101101101010 f%
#3139
b11001111110101011100100001010010 T
b11001100101110000101100001001000 0#
b11001100101110000101100001001000 P#
b11001111110101011100100001010010 5%
b1100101111010 U%
b101101101011 f%
#3140
b11001111111001111111111110100010 T
b11001100110010101000111110011000 0#
b11001100110010101000111110011000 P#
b11001111111001111111111110100010 5%
b1100101111011 U%
b101101101100 f%
#3141
b11001111111110100011010000101000 T
b11001100110111001100010000011110 0#
b11001100110111001100010000011110 P#
b11001111111110100011010000101000 5%
b1100101111100 U%
b101101101101 f%
#3142
b11010000000011000110100010101110 T
b11001100111011101111100010100100 0#
b11001100111011101111100010100100 P#
b11010000000011000110100010101110 5%
b1100101111101 U%
b101101101110 f%
#3143
b11010000000111101001111111111110 T
b11001101000000010010111111110100 0#
b11001101000000010010111111110100 P#
b11010000000111101001111111111110 5%
b1100101111110 U%
b101101101111 f%
#3144
b11010000001100001101010010000100 T
b11001101000100110110010001111010 0#
b11001101000100110110010001111010 P#
b11010000001100001101010010000100 5%
b1100101111111 U%
b101101110000 f%
#3145
b11010000010000110000100100001010 T
b11001101001001011001100100000000 0#
b11001101001001011001100100000000 P#
b11010000010000110000100100001010 5%
b1100110000000 U%
b101101110001 f%
#3146
b11010000010101010100000001011010 T
b11001101001101111101000001010000 0#
b11001101001101111101000001010000 P#
b11010000010101010100000001011010 5%
b1100110000001 U%
b101101110010 f%
#3147
b11010000011001110111010011100000 T
b11001101010010100000010011010110 0#
b11001101010010100000010011010110 P#
b11010000011001110111010011100000 5%
b1100110000010 U%
b101101110011 f%
#3148
b11010000011110011010100101100110 T
b11001101010111000011100101011100 0#
b11001101010111000011100101011100 P#
b11010000011110011010100101100110 5%
b1100110000011 U%
b101101110100 f%
#3149
b11010000100010111110000010110110 T
b11001101011011100111000010101100 0#
b11001101011011100111000010101100 P#
b11010000100010111110000010110110 5%
b1100110000100 U%
b101101110101 f%
#3150
b11010000100111100001010100111100 T
b11001101100000001010010100110010 0#
b11001101100000001010010100110010 P#
b11010000100111100001010100111100 5%
b1100110000101 U%
b101101110110 f%
#3151
b11010000101100000100100111000010 T
b11001101100100101101100110111000 0#
b11001101100100101101100110111000 P#
b11010000101100000100100111000010 5%
b1100110000110 U%
b101101110111 f%
#3152
b11010000110000101000000100010010 T
b11001101101001010001000100001000 0#
b11001101101001010001000100001000 P#
b11010000110000101000000100010010 5%
b1100110000111 U%
b101101111000 f%
#3153
b11010000110101001011010110011000 T
b11001101101101110100010110001110 0#
b11001101101101110100010110001110 P#
b11010000110101001011010110011000 5%
b1100110001000 U%
b101101111001 f%
#3154
b11010000111001101110101000011110 T
b11001101110010010111101000010100 0#
b11001101110010010111101000010100 P#
b11010000111001101110101000011110 5%
b1100110001001 U%
b101101111010 f%
#3155
b11010000111110010010000101101110 T
b11001101110110111011000101100100 0#
b11001101110110111011000101100100 P#
b11010000111110010010000101101110 5%
b1100110001010 U%
b101101111011 f%
#3156
b11010001000010110101010111110100 T
b11001101111011011110010111101010 0#
b11001101111011011110010111101010 P#
b11010001000010110101010111110100 5%
b1100110001011 U%
b101101111100 f%
#3157
b110001 $
b11000011100011100 4
b11010001000111011000101001111110 T
b11001101111111101010110100010010 0#
b11001101111111101010110100010010 P#
b11111100111000101000111111110110 p#
b11010001000111011000101001111110 5%
b1100110001100 U%
b101101111101 f%
#3158
b11010001001011111100000111001110 T
b11001110000100001110010001100010 0#
b11001110000100001110010001100010 P#
b11010001001011111100000111001110 5%
b1100110001101 U%
b101101111110 f%
#3159
b11010001010000011111011001010100 T
b11001110001000110001100011101000 0#
b11001110001000110001100011101000 P#
b11010001010000011111011001010100 5%
b1100110001110 U%
b101101111111 f%
#3160
b11010001010101000010101011011010 T
b11001110001101010100110101101110 0#
b11001110001101010100110101101110 P#
b11010001010101000010101011011010 5%
b1100110001111 U%
b101110000000 f%
#3161
b11010001011001100110001000101010 T
b11001110010001111000010010111110 0#
b11001110010001111000010010111110 P#
b11010001011001100110001000101010 5%
b1100110010000 U%
b101110000001 f%
#3162
b11010001011110001001011010110000 T
b11001110010110011011100101000100 0#
b11001110010110011011100101000100 P#
b11010001011110001001011010110000 5%
b1100110010001 U%
b101110000010 f%
#3163
b11010001100010101100101100110110 T
b11001110011010111110110111001010 0#
b11001110011010111110110111001010 P#
b11010001100010101100101100110110 5%
b1100110010010 U%
b101110000011 f%
#3164
b11010001100111010000001010000110 T
b11001110011111100010010100011010 0#
b11001110011111100010010100011010 P#
b11010001100111010000001010000110 5%
b1100110010011 U%
b101110000100 f%
#3165
b11010001101011110011011100001100 T
b11001110100100000101100110100000 0#
b11001110100100000101100110100000 P#
b11010001101011110011011100001100 5%
b1100110010100 U%
b101110000101 f%
#3166
b11010001110000010110101110010010 T
b11001110101000101000111000100110 0#
b11001110101000101000111000100110 P#
b11010001110000010110101110010010 5%
b1100110010101 U%
b101110000110 f%
#3167
b11010001110100111010001011100010 T
b11001110101101001100010101110110 0#
b11001110101101001100010101110110 P#
b11010001110100111010001011100010 5%
b1100110010110 U%
b101110000111 f%
#3168
b11010001111001011101011101101000 T
b11001110110001101111100111111100 0#
b11001110110001101111100111111100 P#
b11010001111001011101011101101000 5%
b1100110010111 U%
b101110001000 f%
#3169
b11010001111110000000101111101110 T
b11001110110110010010111010000010 0#
b11001110110110010010111010000010 P#
b11010001111110000000101111101110 5%
b1100110011000 U%
b101110001001 f%
#3170
b11010010000010100100000001110100 T
b11001110111010110110001100001000 0#
b11001110111010110110001100001000 P#
b11010010000010100100000001110100 5%
b1100110011001 U%
b101110001010 f%
#3171
b11010010000111000111011111000100 T
b11001110111111011001101001011000 0#
b11001110111111011001101001011000 P#
b11010010000111000111011111000100 5%
b1100110011010 U%
b101110001011 f%
#3172
b11010010001011101010110001001010 T
b11001111000011111100111011011110 0#
b11001111000011111100111011011110 P#
b11010010001011101010110001001010 5%
b1100110011011 U%
b101110001100 f%
#3173
b11010010010000001110000011010000 T
b11001111001000100000001101100100 0#
b11001111001000100000001101100100 P#
b11010010010000001110000011010000 5%
b1100110011100 U%
b101110001101 f%
#3174
b11010010010100110001100000100000 T
b11001111001101000011101010110100 0#
b11001111001101000011101010110100 P#
b11010010010100110001100000100000 5%
b1100110011101 U%
b101110001110 f%
#3175
b11010010011001010100110010100110 T
b11001111010001100110111100111010 0#
b11001111010001100110111100111010 P#
b11010010011001010100110010100110 5%
b1100110011110 U%
b101110001111 f%
#3176
b11010010011101111000000100101100 T
b11001111010110001010001111000000 0#
b11001111010110001010001111000000 P#
b11010010011101111000000100101100 5%
b1100110011111 U%
b101110010000 f%
#3177
b11010010100010011011100001111100 T
b11001111011010101101101100010000 0#
b11001111011010101101101100010000 P#
b11010010100010011011100001111100 5%
b1100110100000 U%
b101110010001 f%
#3178
b11010010100110111110110100000010 T
b11001111011111010000111110010110 0#
b11001111011111010000111110010110 P#
b11010010100110111110110100000010 5%
b1100110100001 U%
b101110010010 f%
#3179
b11010010101011100010000110001000 T
b11001111100011110100010000011100 0#
b11001111100011110100010000011100 P#
b11010010101011100010000110001000 5%
b1100110100010 U%
b101110010011 f%
#3180
b11010010110000000101100011011000 T
b11001111101000010111101101101100 0#
b11001111101000010111101101101100 P#
b11010010110000000101100011011000 5%
b1100110100011 U%
b101110010100 f%
#3181
b11010010110100101000110101011110 T
b11001111101100111010111111110010 0#
b11001111101100111010111111110010 P#
b11010010110100101000110101011110 5%
b1100110100100 U%
b101110010101 f%
#3182
b11010010111001001100000111100100 T
b11001111110001011110010001111000 0#
b11001111110001011110010001111000 P#
b11010010111001001100000111100100 5%
b1100110100101 U%
b101110010110 f%
#3183
b11010010111101101111100100110100 T
b11001111110110000001101111001000 0#
b11001111110110000001101111001000 P#
b11010010111101101111100100110100 5%
b1100110100110 U%
b101110010111 f%
#3184
b11010011000010010010110110111010 T
b11001111111010100101000001001110 0#
b11001111111010100101000001001110 P#
b11010011000010010010110110111010 5%
b1100110100111 U%
b101110011000 f%
#3185
b11010011000110110110001001000000 T
b11001111111111001000010011010100 0#
b11001111111111001000010011010100 P#
b11010011000110110110001001000000 5%
b1100110101000 U%
b101110011001 f%
#3186
b11010011001011011001100110010000 T
b11010000000011101011110000100100 0#
b11010000000011101011110000100100 P#
b11010011001011011001100110010000 5%
b1100110101001 U%
b101110011010 f%
#3187
b11010011001111111100111000010110 T
b11010000001000001111000010101010 0#
b11010000001000001111000010101010 P#
b11010011001111111100111000010110 5%
b1100110101010 U%
b101110011011 f%
#3188
b11010011010100100000001010011100 T
b11010000001100110010010100110000 0#
b11010000001100110010010100110000 P#
b11010011010100100000001010011100 5%
b1100110101011 U%
b101110011100 f%
#3189
b11010011011001000011100111101100 T
b11010000010001010101110010000000 0#
b11010000010001010101110010000000 P#
b11010011011001000011100111101100 5%
b1100110101100 U%
b101110011101 f%
#3190
b11010011011101100110111001110010 T
b11010000010101111001000100000110 0#
b11010000010101111001000100000110 P#
b11010011011101100110111001110010 5%
b1100110101101 U%
b101110011110 f%
#3191
b11010011100010001010001011111000 T
b11010000011010011100010110001100 0#
b11010000011010011100010110001100 P#
b11010011100010001010001011111000 5%
b1100110101110 U%
b101110011111 f%
#3192
b11010011100110101101101001001000 T
b11010000011110111111110011011100 0#
b11010000011110111111110011011100 P#
b11010011100110101101101001001000 5%
b1100110101111 U%
b101110100000 f%
#3193
b11010011101011010000111011001110 T
b11010000100011100011000101100010 0#
b11010000100011100011000101100010 P#
b11010011101011010000111011001110 5%
b1100110110000 U%
b101110100001 f%
#3194
b11010011101111110100001101010100 T
b11010000101000000110010111101000 0#
b11010000101000000110010111101000 P#
b11010011101111110100001101010100 5%
b1100110110001 U%
b101110100010 f%
#3195
b11010011110100010111101010100100 T
b11010000101100101001110100111000 0#
b11010000101100101001110100111000 P#
b11010011110100010111101010100100 5%
b1100110110010 U%
b101110100011 f%
#3196
b11010011111000111010111100101010 T
b11010000110001001101000110111110 0#
b11010000110001001101000110111110 P#
b11010011111000111010111100101010 5%
b1100110110011 U%
b101110100100 f%
#3197
b11010011111101011110001110110000 T
b11010000110101110000011001000100 0#
b11010000110101110000011001000100 P#
b11010011111101011110001110110000 5%
b1100110110100 U%
b101110100101 f%
#3198
b11010100000010000001100000110110 T
b11010000111010010011101011001010 0#
b11010000111010010011101011001010 P#
b11010100000010000001100000110110 5%
b1100110110101 U%
b101110100110 f%
#3199
b11010100000110100100111110000110 T
b11010000111110110111001000011010 0#
b11010000111110110111001000011010 P#
b11010100000110100100111110000110 5%
b1100110110110 U%
b101110100111 f%
#3200
b11010100001011001000010000001100 T
b11010001000011011010011010100000 0#
b11010001000011011010011010100000 P#
b11010100001011001000010000001100 5%
b1100110110111 U%
b101110101000 f%
#3201
b11010100001111101011100010010010 T
b11010001000111111101101100100110 0#
b11010001000111111101101100100110 P#
b11010100001111101011100010010010 5%
b1100110111000 U%
b101110101001 f%
#3202
b11010100010100001110111111100010 T
b11010001001100100001001001110110 0#
b11010001001100100001001001110110 P#
b11010100010100001110111111100010 5%
b1100110111001 U%
b101110101010 f%
#3203
b11010100011000110010010001101000 T
b11010001010001000100011011111100 0#
b11010001010001000100011011111100 P#
b11010100011000110010010001101000 5%
b1100110111010 U%
b101110101011 f%
#3204
b11010100011101010101100011101110 T
b11010001010101100111101110000010 0#
b11010001010101100111101110000010 P#
b11010100011101010101100011101110 5%
b1100110111011 U%
b101110101100 f%
#3205
b11010100100001111001000000111110 T
b11010001011010001011001011010010 0#
b11010001011010001011001011010010 P#
b11010100100001111001000000111110 5%
b1100110111100 U%
b101110101101 f%
#3206
b11010100100110011100010011000100 T
b11010001011110101110011101011000 0#
b11010001011110101110011101011000 P#
b11010100100110011100010011000100 5%
b1100110111101 U%
b101110101110 f%
#3207
b11010100101010111111100101001010 T
b11010001100011010001101111011110 0#
b11010001100011010001101111011110 P#
b11010100101010111111100101001010 5%
b1100110111110 U%
b101110101111 f%
#3208
b11010100101111100011000010011010 T
b11010001100111110101001100101110 0#
b11010001100111110101001100101110 P#
b11010100101111100011000010011010 5%
b1100110111111 U%
b101110110000 f%
#3209
b11010100110100000110010100100000 T
b11010001101100011000011110110100 0#
b11010001101100011000011110110100 P#
b11010100110100000110010100100000 5%
b1100111000000 U%
b101110110001 f%
#3210
b11010100111000101001100110100110 T
b11010001110000111011110000111010 0#
b11010001110000111011110000111010 P#
b11010100111000101001100110100110 5%
b1100111000001 U%
b101110110010 f%
#3211
b11010100111101001101000011110110 T
b11010001110101011111001110001010 0#
b11010001110101011111001110001010 P#
b11010100111101001101000011110110 5%
b1100111000010 U%
b101110110011 f%
#3212
b11010101000001110000010101111100 T
b11010001111010000010100000010000 0#
b11010001111010000010100000010000 P#
b11010101000001110000010101111100 5%
b1100111000011 U%
b101110110100 f%
#3213
b11010101000110010011101000000010 T
b11010001111110100101110010010110 0#
b11010001111110100101110010010110 P#
b11010101000110010011101000000010 5%
b1100111000100 U%
b101110110101 f%
#3214
b11010101001010110111000101010010 T
b11010010000011001001001111100110 0#
b11010010000011001001001111100110 P#
b11010101001010110111000101010010 5%
b1100111000101 U%
b101110110110 f%
#3215
b11010101001111011010010111011000 T
b11010010000111101100100001101100 0#
b11010010000111101100100001101100 P#
b11010101001111011010010111011000 5%
b1100111000110 U%
b101110110111 f%
#3216
b11010101010011111101101001011110 T
b11010010001100001111110011110010 0#
b11010010001100001111110011110010 P#
b11010101010011111101101001011110 5%
b1100111000111 U%
b101110111000 f%
#3217
b110010 $
b11000011100011011 4
b11010101011000100001000110110010 T
b11010010010000011100010000011010 0#
b11010010010000011100010000011010 P#
b11111100111000010010001010010100 p#
b11010101011000100001000110110010 5%
b1100111001000 U%
b101110111001 f%
#3218
b11010101011101000100011000111000 T
b11010010010100111111100010100000 0#
b11010010010100111111100010100000 P#
b11010101011101000100011000111000 5%
b1100111001001 U%
b101110111010 f%
#3219
b11010101100001100111101010111110 T
b11010010011001100010110100100110 0#
b11010010011001100010110100100110 P#
b11010101100001100111101010111110 5%
b1100111001010 U%
b101110111011 f%
#3220
b11010101100110001011001000001110 T
b11010010011110000110010001110110 0#
b11010010011110000110010001110110 P#
b11010101100110001011001000001110 5%
b1100111001011 U%
b101110111100 f%
#3221
b11010101101010101110011010010100 T
b11010010100010101001100011111100 0#
b11010010100010101001100011111100 P#
b11010101101010101110011010010100 5%
b1100111001100 U%
b101110111101 f%
#3222
b11010101101111010001101100011010 T
b11010010100111001100110110000010 0#
b11010010100111001100110110000010 P#
b11010101101111010001101100011010 5%
b1100111001101 U%
b101110111110 f%
#3223
b11010101110011110101001001101010 T
b11010010101011110000010011010010 0#
b11010010101011110000010011010010 P#
b11010101110011110101001001101010 5%
b1100111001110 U%
b101110111111 f%
#3224
b11010101111000011000011011110000 T
b11010010110000010011100101011000 0#
b11010010110000010011100101011000 P#
b11010101111000011000011011110000 5%
b1100111001111 U%
b101111000000 f%
#3225
b11010101111100111011101101110110 T
b11010010110100110110110111011110 0#
b11010010110100110110110111011110 P#
b11010101111100111011101101110110 5%
b1100111010000 U%
b101111000001 f%
#3226
b11010110000001011111001011000110 T
b11010010111001011010010100101110 0#
b11010010111001011010010100101110 P#
b11010110000001011111001011000110 5%
b1100111010001 U%
b101111000010 f%
#3227
b11010110000110000010011101001100 T
b11010010111101111101100110110100 0#
b11010010111101111101100110110100 P#
b11010110000110000010011101001100 5%
b1100111010010 U%
b101111000011 f%
#3228
b11010110001010100101101111010010 T
b11010011000010100000111000111010 0#
b11010011000010100000111000111010 P#
b11010110001010100101101111010010 5%
b1100111010011 U%
b101111000100 f%
#3229
b11010110001111001001000001011000 T
b11010011000111000100001011000000 0#
b11010011000111000100001011000000 P#
b11010110001111001001000001011000 5%
b1100111010100 U%
b101111000101 f%
#3230
b11010110010011101100011110101000 T
b11010011001011100111101000010000 0#
b11010011001011100111101000010000 P#
b11010110010011101100011110101000 5%
b1100111010101 U%
b101111000110 f%
#3231
b11010110011000001111110000101110 T
b11010011010000001010111010010110 0#
b11010011010000001010111010010110 P#
b11010110011000001111110000101110 5%
b1100111010110 U%
b101111000111 f%
#3232
b11010110011100110011000010110100 T
b11010011010100101110001100011100 0#
b11010011010100101110001100011100 P#
b11010110011100110011000010110100 5%
b1100111010111 U%
b101111001000 f%
#3233
b11010110100001010110100000000100 T
b11010011011001010001101001101100 0#
b11010011011001010001101001101100 P#
b11010110100001010110100000000100 5%
b1100111011000 U%
b101111001001 f%
#3234
b11010110100101111001110010001010 T
b11010011011101110100111011110010 0#
b11010011011101110100111011110010 P#
b11010110100101111001110010001010 5%
b1100111011001 U%
b101111001010 f%
#3235
b11010110101010011101000100010000 T
b11010011100010011000001101111000 0#
b11010011100010011000001101111000 P#
b11010110101010011101000100010000 5%
b1100111011010 U%
b101111001011 f%
#3236
b11010110101111000000100001100000 T
b11010011100110111011101011001000 0#
b11010011100110111011101011001000 P#
b11010110101111000000100001100000 5%
b1100111011011 U%
b101111001100 f%
#3237
b11010110110011100011110011100110 T
b11010011101011011110111101001110 0#
b11010011101011011110111101001110 P#
b11010110110011100011110011100110 5%
b1100111011100 U%
b101111001101 f%
#3238
b11010110111000000111000101101100 T
b11010011110000000010001111010100 0#
b11010011110000000010001111010100 P#
b11010110111000000111000101101100 5%
b1100111011101 U%
b101111001110 f%
#3239
b11010110111100101010100010111100 T
b11010011110100100101101100100100 0#
b11010011110100100101101100100100 P#
b11010110111100101010100010111100 5%
b1100111011110 U%
b101111001111 f%
#3240
b11010111000001001101110101000010 T
b11010011111001001000111110101010 0#
b11010011111001001000111110101010 P#
b11010111000001001101110101000010 5%
b1100111011111 U%
b101111010000 f%
#3241
b11010111000101110001000111001000 T
b11010011111101101100010000110000 0#
b11010011111101101100010000110000 P#
b11010111000101110001000111001000 5%
b1100111100000 U%
b101111010001 f%
#3242
b11010111001010010100100100011000 T
b11010100000010001111101110000000 0#
b11010100000010001111101110000000 P#
b11010111001010010100100100011000 5%
b1100111100001 U%
b101111010010 f%
#3243
b11010111001110110111110110011110 T
b11010100000110110011000000000110 0#
b11010100000110110011000000000110 P#
b11010111001110110111110110011110 5%
b1100111100010 U%
b101111010011 f%
#3244
b11010111010011011011001000100100 T
b11010100001011010110010010001100 0#
b11010100001011010110010010001100 P#
b11010111010011011011001000100100 5%
b1100111100011 U%
b101111010100 f%
#3245
b11010111010111111110100101110100 T
b11010100001111111001101111011100 0#
b11010100001111111001101111011100 P#
b11010111010111111110100101110100 5%
b1100111100100 U%
b101111010101 f%
#3246
b11010111011100100001110111111010 T
b11010100010100011101000001100010 0#
b11010100010100011101000001100010 P#
b11010111011100100001110111111010 5%
b1100111100101 U%
b101111010110 f%
#3247
b11010111100001000101001010000000 T
b11010100011001000000010011101000 0#
b11010100011001000000010011101000 P#
b11010111100001000101001010000000 5%
b1100111100110 U%
b101111010111 f%
#3248
b11010111100101101000100111010000 T
b11010100011101100011110000111000 0#
b11010100011101100011110000111000 P#
b11010111100101101000100111010000 5%
b1100111100111 U%
b101111011000 f%
#3249
b11010111101010001011111001010110 T
b11010100100010000111000010111110 0#
b11010100100010000111000010111110 P#
b11010111101010001011111001010110 5%
b1100111101000 U%
b101111011001 f%
#3250
b11010111101110101111001011011100 T
b11010100100110101010010101000100 0#
b11010100100110101010010101000100 P#
b11010111101110101111001011011100 5%
b1100111101001 U%
b101111011010 f%
#3251
b11010111110011010010101000101100 T
b11010100101011001101110010010100 0#
b11010100101011001101110010010100 P#
b11010111110011010010101000101100 5%
b1100111101010 U%
b101111011011 f%
#3252
b11010111110111110101111010110010 T
b11010100101111110001000100011010 0#
b11010100101111110001000100011010 P#
b11010111110111110101111010110010 5%
b1100111101011 U%
b101111011100 f%
#3253
b11010111111100011001001100111000 T
b11010100110100010100010110100000 0#
b11010100110100010100010110100000 P#
b11010111111100011001001100111000 5%
b1100111101100 U%
b101111011101 f%
#3254
b11011000000000111100101010001000 T
b11010100111000110111110011110000 0#
b11010100111000110111110011110000 P#
b11011000000000111100101010001000 5%
b1100111101101 U%
b101111011110 f%
#3255
b11011000000101011111111100001110 T
b11010100111101011011000101110110 0#
b11010100111101011011000101110110 P#
b11011000000101011111111100001110 5%
b1100111101110 U%
b101111011111 f%
#3256
b11011000001010000011001110010100 T
b11010101000001111110010111111100 0#
b11010101000001111110010111111100 P#
b11011000001010000011001110010100 5%
b1100111101111 U%
b101111100000 f%
#3257
b11011000001110100110100000011010 T
b11010101000110100001101010000010 0#
b11010101000110100001101010000010 P#
b11011000001110100110100000011010 5%
b1100111110000 U%
b101111100001 f%
#3258
b11011000010011001001111101101010 T
b11010101001011000101000111010010 0#
b11010101001011000101000111010010 P#
b11011000010011001001111101101010 5%
b1100111110001 U%
b101111100010 f%
#3259
b11011000010111101101001111110000 T
b11010101001111101000011001011000 0#
b11010101001111101000011001011000 P#
b11011000010111101101001111110000 5%
b1100111110010 U%
b101111100011 f%
#3260
b11011000011100010000100001110110 T
b11010101010100001011101011011110 0#
b11010101010100001011101011011110 P#
b11011000011100010000100001110110 5%
b1100111110011 U%
b101111100100 f%
#3261
b11011000100000110011111111000110 T
b11010101011000101111001000101110 0#
b11010101011000101111001000101110 P#
b11011000100000110011111111000110 5%
b1100111110100 U%
b101111100101 f%
#3262
b11011000100101010111010001001100 T
b11010101011101010010011010110100 0#
b11010101011101010010011010110100 P#
b11011000100101010111010001001100 5%
b1100111110101 U%
b101111100110 f%
#3263
b11011000101001111010100011010010 T
b11010101100001110101101100111010 0#
b11010101100001110101101100111010 P#
b11011000101001111010100011010010 5%
b1100111110110 U%
b101111100111 f%
#3264
b11011000101110011110000000100010 T
b11010101100110011001001010001010 0#
b11010101100110011001001010001010 P#
b11011000101110011110000000100010 5%
b1100111110111 U%
b101111101000 f%
#3265
b11011000110011000001010010101000 T
b11010101101010111100011100010000 0#
b11010101101010111100011100010000 P#
b11011000110011000001010010101000 5%
b1100111111000 U%
b101111101001 f%
#3266
b11011000110111100100100100101110 T
b11010101101111011111101110010110 0#
b11010101101111011111101110010110 P#
b11011000110111100100100100101110 5%
b1100111111001 U%
b101111101010 f%
#3267
b11011000111100001000000001111110 T
b11010101110100000011001011100110 0#
b11010101110100000011001011100110 P#
b11011000111100001000000001111110 5%
b1100111111010 U%
b101111101011 f%
#3268
b11011001000000101011010100000100 T
b11010101111000100110011101101100 0#
b11010101111000100110011101101100 P#
b11011001000000101011010100000100 5%
b1100111111011 U%
b101111101100 f%
#3269
b11011001000101001110100110001010 T
b11010101111101001001101111110010 0#
b11010101111101001001101111110010 P#
b11011001000101001110100110001010 5%
b1100111111100 U%
b101111101101 f%
#3270
b11011001001001110010000011011010 T
b11010110000001101101001101000010 0#
b11010110000001101101001101000010 P#
b11011001001001110010000011011010 5%
b1100111111101 U%
b101111101110 f%
#3271
b11011001001110010101010101100000 T
b11010110000110010000011111001000 0#
b11010110000110010000011111001000 P#
b11011001001110010101010101100000 5%
b1100111111110 U%
b101111101111 f%
#3272
b11011001010010111000100111100110 T
b11010110001010110011110001001110 0#
b11010110001010110011110001001110 P#
b11011001010010111000100111100110 5%
b1100111111111 U%
b101111110000 f%
#3273
b11011001010111011100000100110110 T
b11010110001111010111001110011110 0#
b11010110001111010111001110011110 P#
b11011001010111011100000100110110 5%
b1101000000000 U%
b101111110001 f%
#3274
b11011001011011111111010110111100 T
b11010110010011111010100000100100 0#
b11010110010011111010100000100100 P#
b11011001011011111111010110111100 5%
b1101000000001 U%
b101111110010 f%
#3275
b11011001100000100010101001000010 T
b11010110011000011101110010101010 0#
b11010110011000011101110010101010 P#
b11011001100000100010101001000010 5%
b1101000000010 U%
b101111110011 f%
#3276
b11011001100101000110000110010010 T
b11010110011101000001001111111010 0#
b11010110011101000001001111111010 P#
b11011001100101000110000110010010 5%
b1101000000011 U%
b101111110100 f%
#3277
b110011 $
b11000011100011100 4
b11011001101001101001011000011100 T
b11010110100001001101101100100010 0#
b11010110100001001101101100100010 P#
b11111100110111111011001001101000 p#
b11011001101001101001011000011100 5%
b1101000000100 U%
b101111110101 f%
#3278
b11011001101110001100101010100010 T
b11010110100101110000111110101000 0#
b11010110100101110000111110101000 P#
b11011001101110001100101010100010 5%
b1101000000101 U%
b101111110110 f%
#3279
b11011001110010110000000111110010 T
b11010110101010010100011011111000 0#
b11010110101010010100011011111000 P#
b11011001110010110000000111110010 5%
b1101000000110 U%
b101111110111 f%
#3280
b11011001110111010011011001111000 T
b11010110101110110111101101111110 0#
b11010110101110110111101101111110 P#
b11011001110111010011011001111000 5%
b1101000000111 U%
b101111111000 f%
#3281
b11011001111011110110101011111110 T
b11010110110011011011000000000100 0#
b11010110110011011011000000000100 P#
b11011001111011110110101011111110 5%
b1101000001000 U%
b101111111001 f%
#3282
b11011010000000011010001001001110 T
b11010110110111111110011101010100 0#
b11010110110111111110011101010100 P#
b11011010000000011010001001001110 5%
b1101000001001 U%
b101111111010 f%
#3283
b11011010000100111101011011010100 T
b11010110111100100001101111011010 0#
b11010110111100100001101111011010 P#
b11011010000100111101011011010100 5%
b1101000001010 U%
b101111111011 f%
#3284
b11011010001001100000101101011010 T
b11010111000001000101000001100000 0#
b11010111000001000101000001100000 P#
b11011010001001100000101101011010 5%
b1101000001011 U%
b101111111100 f%
#3285
b11011010001110000100001010101010 T
b11010111000101101000011110110000 0#
b11010111000101101000011110110000 P#
b11011010001110000100001010101010 5%
b1101000001100 U%
b101111111101 f%
#3286
b11011010010010100111011100110000 T
b11010111001010001011110000110110 0#
b11010111001010001011110000110110 P#
b11011010010010100111011100110000 5%
b1101000001101 U%
b101111111110 f%
#3287
b11011010010111001010101110110110 T
b11010111001110101111000010111100 0#
b11010111001110101111000010111100 P#
b11011010010111001010101110110110 5%
b1101000001110 U%
b101111111111 f%
#3288
b11011010011011101110000000111100 T
b11010111010011010010010101000010 0#
b11010111010011010010010101000010 P#
b11011010011011101110000000111100 5%
b1101000001111 U%
b110000000000 f%
#3289
b11011010100000010001011110001100 T
b11010111010111110101110010010010 0#
b11010111010111110101110010010010 P#
b11011010100000010001011110001100 5%
b1101000010000 U%
b110000000001 f%
#3290
b11011010100100110100110000010010 T
b11010111011100011001000100011000 0#
b11010111011100011001000100011000 P#
b11011010100100110100110000010010 5%
b1101000010001 U%
b110000000010 f%
#3291
b11011010101001011000000010011000 T
b11010111100000111100010110011110 0#
b11010111100000111100010110011110 P#
b11011010101001011000000010011000 5%
b1101000010010 U%
b110000000011 f%
#3292
b11011010101101111011011111101000 T
b11010111100101011111110011101110 0#
b11010111100101011111110011101110 P#
b11011010101101111011011111101000 5%
b1101000010011 U%
b110000000100 f%
#3293
b11011010110010011110110001101110 T
b11010111101010000011000101110100 0#
b11010111101010000011000101110100 P#
b11011010110010011110110001101110 5%
b1101000010100 U%
b110000000101 f%
#3294
b11011010110111000010000011110100 T
b11010111101110100110010111111010 0#
b11010111101110100110010111111010 P#
b11011010110111000010000011110100 5%
b1101000010101 U%
b110000000110 f%
#3295
b11011010111011100101100001000100 T
b11010111110011001001110101001010 0#
b11010111110011001001110101001010 P#
b11011010111011100101100001000100 5%
b1101000010110 U%
b110000000111 f%
#3296
b11011011000000001000110011001010 T
b11010111110111101101000111010000 0#
b11010111110111101101000111010000 P#
b11011011000000001000110011001010 5%
b1101000010111 U%
b110000001000 f%
#3297
b11011011000100101100000101010000 T
b11010111111100010000011001010110 0#
b11010111111100010000011001010110 P#
b11011011000100101100000101010000 5%
b1101000011000 U%
b110000001001 f%
#3298
b11011011001001001111100010100000 T
b11011000000000110011110110100110 0#
b11011000000000110011110110100110 P#
b11011011001001001111100010100000 5%
b1101000011001 U%
b110000001010 f%
#3299
b11011011001101110010110100100110 T
b11011000000101010111001000101100 0#
b11011000000101010111001000101100 P#
b11011011001101110010110100100110 5%
b1101000011010 U%
b110000001011 f%
#3300
b11011011010010010110000110101100 T
b11011000001001111010011010110010 0#
b11011000001001111010011010110010 P#
b11011011010010010110000110101100 5%
b1101000011011 U%
b110000001100 f%
#3301
b11011011010110111001100011111100 T
b11011000001110011101111000000010 0#
b11011000001110011101111000000010 P#
b11011011010110111001100011111100 5%
b1101000011100 U%
b110000001101 f%
#3302
b11011011011011011100110110000010 T
b11011000010011000001001010001000 0#
b11011000010011000001001010001000 P#
b11011011011011011100110110000010 5%
b1101000011101 U%
b110000001110 f%
#3303
b11011011100000000000001000001000 T
b11011000010111100100011100001110 0#
b11011000010111100100011100001110 P#
b11011011100000000000001000001000 5%
b1101000011110 U%
b110000001111 f%
#3304
b11011011100100100011100101011000 T
b11011000011100000111111001011110 0#
b11011000011100000111111001011110 P#
b11011011100100100011100101011000 5%
b1101000011111 U%
b110000010000 f%
#3305
b11011011101001000110110111011110 T
b11011000100000101011001011100100 0#
b11011000100000101011001011100100 P#
b11011011101001000110110111011110 5%
b1101000100000 U%
b110000010001 f%
#3306
b11011011101101101010001001100100 T
b11011000100101001110011101101010 0#
b11011000100101001110011101101010 P#
b11011011101101101010001001100100 5%
b1101000100001 U%
b110000010010 f%
#3307
b11011011110010001101100110110100 T
b11011000101001110001111010111010 0#
b11011000101001110001111010111010 P#
b11011011110010001101100110110100 5%
b1101000100010 U%
b110000010011 f%
#3308
b11011011110110110000111000111010 T
b11011000101110010101001101000000 0#
b11011000101110010101001101000000 P#
b11011011110110110000111000111010 5%
b1101000100011 U%
b110000010100 f%
#3309
b11011011111011010100001011000000 T
b11011000110010111000011111000110 0#
b11011000110010111000011111000110 P#
b11011011111011010100001011000000 5%
b1101000100100 U%
b110000010101 f%
#3310
b11011011111111110111101000010000 T
b11011000110111011011111100010110 0#
b11011000110111011011111100010110 P#
b11011011111111110111101000010000 5%
b1101000100101 U%
b110000010110 f%
#3311
b11011100000100011010111010010110 T
b11011000111011111111001110011100 0#
b11011000111011111111001110011100 P#
b11011100000100011010111010010110 5%
b1101000100110 U%
b110000010111 f%
#3312
b11011100001000111110001100011100 T
b11011001000000100010100000100010 0#
b11011001000000100010100000100010 P#
b11011100001000111110001100011100 5%
b1101000100111 U%
b110000011000 f%
#3313
b11011100001101100001101001101100 T
b11011001000101000101111101110010 0#
b11011001000101000101111101110010 P#
b11011100001101100001101001101100 5%
b1101000101000 U%
b110000011001 f%
#3314
b11011100010010000100111011110010 T
b11011001001001101001001111111000 0#
b11011001001001101001001111111000 P#
b11011100010010000100111011110010 5%
b1101000101001 U%
b110000011010 f%
#3315
b11011100010110101000001101111000 T
b11011001001110001100100001111110 0#
b11011001001110001100100001111110 P#
b11011100010110101000001101111000 5%
b1101000101010 U%
b110000011011 f%
#3316
b11011100011011001011011111111110 T
b11011001010010101111110100000100 0#
b11011001010010101111110100000100 P#
b11011100011011001011011111111110 5%
b1101000101011 U%
b110000011100 f%
#3317
b11011100011111101110111101001110 T
b11011001010111010011010001010100 0#
b11011001010111010011010001010100 P#
b11011100011111101110111101001110 5%
b1101000101100 U%
b110000011101 f%
#3318
b11011100100100010010001111010100 T
b11011001011011110110100011011010 0#
b11011001011011110110100011011010 P#
b11011100100100010010001111010100 5%
b1101000101101 U%
b110000011110 f%
#3319
b11011100101000110101100001011010 T
b11011001100000011001110101100000 0#
b11011001100000011001110101100000 P#
b11011100101000110101100001011010 5%
b1101000101110 U%
b110000011111 f%
#3320
b11011100101101011000111110101010 T
b11011001100100111101010010110000 0#
b11011001100100111101010010110000 P#
b11011100101101011000111110101010 5%
b1101000101111 U%
b110000100000 f%
#3321
b11011100110001111100010000110000 T
b11011001101001100000100100110110 0#
b11011001101001100000100100110110 P#
b11011100110001111100010000110000 5%
b1101000110000 U%
b110000100001 f%
#3322
b11011100110110011111100010110110 T
b11011001101110000011110110111100 0#
b11011001101110000011110110111100 P#
b11011100110110011111100010110110 5%
b1101000110001 U%
b110000100010 f%
#3323
b11011100111011000011000000000110 T
b11011001110010100111010100001100 0#
b11011001110010100111010100001100 P#
b11011100111011000011000000000110 5%
b1101000110010 U%
b110000100011 f%
#3324
b11011100111111100110010010001100 T
b11011001110111001010100110010010 0#
b11011001110111001010100110010010 P#
b11011100111111100110010010001100 5%
b1101000110011 U%
b110000100100 f%
#3325
b11011101000100001001100100010010 T
b11011001111011101101111000011000 0#
b11011001111011101101111000011000 P#
b11011101000100001001100100010010 5%
b1101000110100 U%
b110000100101 f%
#3326
b11011101001000101101000001100010 T
b11011010000000010001010101101000 0#
b11011010000000010001010101101000 P#
b11011101001000101101000001100010 5%
b1101000110101 U%
b110000100110 f%
#3327
b11011101001101010000010011101000 T
b11011010000100110100100111101110 0#
b11011010000100110100100111101110 P#
b11011101001101010000010011101000 5%
b1101000110110 U%
b110000100111 f%
#3328
b11011101010001110011100101101110 T
b11011010001001010111111001110100 0#
b11011010001001010111111001110100 P#
b11011101010001110011100101101110 5%
b1101000110111 U%
b110000101000 f%
#3329
b11011101010110010111000010111110 T
b11011010001101111011010111000100 0#
b11011010001101111011010111000100 P#
b11011101010110010111000010111110 5%
b1101000111000 U%
b110000101001 f%
#3330
b11011101011010111010010101000100 T
b11011010010010011110101001001010 0#
b11011010010010011110101001001010 P#
b11011101011010111010010101000100 5%
b1101000111001 U%
b110000101010 f%
#3331
b11011101011111011101100111001010 T
b11011010010111000001111011010000 0#
b11011010010111000001111011010000 P#
b11011101011111011101100111001010 5%
b1101000111010 U%
b110000101011 f%
#3332
b11011101100100000001000100011010 T
b11011010011011100101011000100000 0#
b11011010011011100101011000100000 P#
b11011101100100000001000100011010 5%
b1101000111011 U%
b110000101100 f%
#3333
b11011101101000100100010110100000 T
b11011010100000001000101010100110 0#
b11011010100000001000101010100110 P#
b11011101101000100100010110100000 5%
b1101000111100 U%
b110000101101 f%
#3334
b11011101101101000111101000100110 T
b11011010100100101011111100101100 0#
b11011010100100101011111100101100 P#
b11011101101101000111101000100110 5%
b1101000111101 U%
b110000101110 f%
#3335
b11011101110001101011000101110110 T
b11011010101001001111011001111100 0#
b11011010101001001111011001111100 P#
b11011101110001101011000101110110 5%
b1101000111110 U%
b110000101111 f%
#3336
b11011101110110001110010111111100 T
b11011010101101110010101100000010 0#
b11011010101101110010101100000010 P#
b11011101110110001110010111111100 5%
b1101000111111 U%
b110000110000 f%
#3337
b110100 $
b11011101111010110001101010000110 T
b11011010110001111011011110011000 0#
b11011010110001111011011110011000 P#
b11111100110111100100010100000110 p#
b11011101111010110001101010000110 5%
b1101001000000 U%
b110000110001 f%
#3338
b11011101111111010101000111010110 T
b11011010110110011110111011101000 0#
b11011010110110011110111011101000 P#
b11011101111111010101000111010110 5%
b1101001000001 U%
b110000110010 f%
#3339
b11011110000011111000011001011100 T
b11011010111011000010001101101110 0#
b11011010111011000010001101101110 P#
b11011110000011111000011001011100 5%
b1101001000010 U%
b110000110011 f%
#3340
b11011110001000011011101011100010 T
b11011010111111100101011111110100 0#
b11011010111111100101011111110100 P#
b11011110001000011011101011100010 5%
b1101001000011 U%
b110000110100 f%
#3341
b11011110001100111111001000110010 T
b11011011000100001000111101000100 0#
b11011011000100001000111101000100 P#
b11011110001100111111001000110010 5%
b1101001000100 U%
b110000110101 f%
#3342
b11011110010001100010011010111000 T
b11011011001000101100001111001010 0#
b11011011001000101100001111001010 P#
b11011110010001100010011010111000 5%
b1101001000101 U%
b110000110110 f%
#3343
b11011110010110000101101100111110 T
b11011011001101001111100001010000 0#
b11011011001101001111100001010000 P#
b11011110010110000101101100111110 5%
b1101001000110 U%
b110000110111 f%
#3344
b11011110011010101001001010001110 T
b11011011010001110010111110100000 0#
b11011011010001110010111110100000 P#
b11011110011010101001001010001110 5%
b1101001000111 U%
b110000111000 f%
#3345
b11011110011111001100011100010100 T
b11011011010110010110010000100110 0#
b11011011010110010110010000100110 P#
b11011110011111001100011100010100 5%
b1101001001000 U%
b110000111001 f%
#3346
b11011110100011101111101110011010 T
b11011011011010111001100010101100 0#
b11011011011010111001100010101100 P#
b11011110100011101111101110011010 5%
b1101001001001 U%
b110000111010 f%
#3347
b11011110101000010011000000100000 T
b11011011011111011100110100110010 0#
b11011011011111011100110100110010 P#
b11011110101000010011000000100000 5%
b1101001001010 U%
b110000111011 f%
#3348
b11011110101100110110011101110000 T
b11011011100100000000010010000010 0#
b11011011100100000000010010000010 P#
b11011110101100110110011101110000 5%
b1101001001011 U%
b110000111100 f%
#3349
b11011110110001011001101111110110 T
b11011011101000100011100100001000 0#
b11011011101000100011100100001000 P#
b11011110110001011001101111110110 5%
b1101001001100 U%
b110000111101 f%
#3350
b11011110110101111101000001111100 T
b11011011101101000110110110001110 0#
b11011011101101000110110110001110 P#
b11011110110101111101000001111100 5%
b1101001001101 U%
b110000111110 f%
#3351
b11011110111010100000011111001100 T
b11011011110001101010010011011110 0#
b11011011110001101010010011011110 P#
b11011110111010100000011111001100 5%
b1101001001110 U%
b110000111111 f%
#3352
b11011110111111000011110001010010 T
b11011011110110001101100101100100 0#
b11011011110110001101100101100100 P#
b11011110111111000011110001010010 5%
b1101001001111 U%
b110001000000 f%
#3353
b11011111000011100111000011011000 T
b11011011111010110000110111101010 0#
b11011011111010110000110111101010 P#
b11011111000011100111000011011000 5%
b1101001010000 U%
b110001000001 f%
#3354
b11011111001000001010100000101000 T
b11011011111111010100010100111010 0#
b11011011111111010100010100111010 P#
b11011111001000001010100000101000 5%
b1101001010001 U%
b110001000010 f%
#3355
b11011111001100101101110010101110 T
b11011100000011110111100111000000 0#
b11011100000011110111100111000000 P#
b11011111001100101101110010101110 5%
b1101001010010 U%
b110001000011 f%
#3356
b11011111010001010001000100110100 T
b11011100001000011010111001000110 0#
b11011100001000011010111001000110 P#
b11011111010001010001000100110100 5%
b1101001010011 U%
b110001000100 f%
#3357
b11011111010101110100100010000100 T
b11011100001100111110010110010110 0#
b11011100001100111110010110010110 P#
b11011111010101110100100010000100 5%
b1101001010100 U%
b110001000101 f%
#3358
b11011111011010010111110100001010 T
b11011100010001100001101000011100 0#
b11011100010001100001101000011100 P#
b11011111011010010111110100001010 5%
b1101001010101 U%
b110001000110 f%
#3359
b11011111011110111011000110010000 T
b11011100010110000100111010100010 0#
b11011100010110000100111010100010 P#
b11011111011110111011000110010000 5%
b1101001010110 U%
b110001000111 f%
#3360
b11011111100011011110100011100000 T
b11011100011010101000010111110010 0#
b11011100011010101000010111110010 P#
b11011111100011011110100011100000 5%
b1101001010111 U%
b110001001000 f%
#3361
b11011111101000000001110101100110 T
b11011100011111001011101001111000 0#
b11011100011111001011101001111000 P#
b11011111101000000001110101100110 5%
b1101001011000 U%
b110001001001 f%
#3362
b11011111101100100101000111101100 T
b11011100100011101110111011111110 0#
b11011100100011101110111011111110 P#
b11011111101100100101000111101100 5%
b1101001011001 U%
b110001001010 f%
#3363
b11011111110001001000100100111100 T
b11011100101000010010011001001110 0#
b11011100101000010010011001001110 P#
b11011111110001001000100100111100 5%
b1101001011010 U%
b110001001011 f%
#3364
b11011111110101101011110111000010 T
b11011100101100110101101011010100 0#
b11011100101100110101101011010100 P#
b11011111110101101011110111000010 5%
b1101001011011 U%
b110001001100 f%
#3365
b11011111111010001111001001001000 T
b11011100110001011000111101011010 0#
b11011100110001011000111101011010 P#
b11011111111010001111001001001000 5%
b1101001011100 U%
b110001001101 f%
#3366
b11011111111110110010100110011000 T
b11011100110101111100011010101010 0#
b11011100110101111100011010101010 P#
b11011111111110110010100110011000 5%
b1101001011101 U%
b110001001110 f%
#3367
b11100000000011010101111000011110 T
b11011100111010011111101100110000 0#
b11011100111010011111101100110000 P#
b11100000000011010101111000011110 5%
b1101001011110 U%
b110001001111 f%
#3368
b11100000000111111001001010100100 T
b11011100111111000010111110110110 0#
b11011100111111000010111110110110 P#
b11100000000111111001001010100100 5%
b1101001011111 U%
b110001010000 f%
#3369
b11100000001100011100100111110100 T
b11011101000011100110011100000110 0#
b11011101000011100110011100000110 P#
b11100000001100011100100111110100 5%
b1101001100000 U%
b110001010001 f%
#3370
b11100000010000111111111001111010 T
b11011101001000001001101110001100 0#
b11011101001000001001101110001100 P#
b11100000010000111111111001111010 5%
b1101001100001 U%
b110001010010 f%
#3371
b11100000010101100011001100000000 T
b11011101001100101101000000010010 0#
b11011101001100101101000000010010 P#
b11100000010101100011001100000000 5%
b1101001100010 U%
b110001010011 f%
#3372
b11100000011010000110101001010000 T
b11011101010001010000011101100010 0#
b11011101010001010000011101100010 P#
b11100000011010000110101001010000 5%
b1101001100011 U%
b110001010100 f%
#3373
b11100000011110101001111011010110 T
b11011101010101110011101111101000 0#
b11011101010101110011101111101000 P#
b11100000011110101001111011010110 5%
b1101001100100 U%
b110001010101 f%
#3374
b11100000100011001101001101011100 T
b11011101011010010111000001101110 0#
b11011101011010010111000001101110 P#
b11100000100011001101001101011100 5%
b1101001100101 U%
b110001010110 f%
#3375
b11100000100111110000011111100010 T
b11011101011110111010010011110100 0#
b11011101011110111010010011110100 P#
b11100000100111110000011111100010 5%
b1101001100110 U%
b110001010111 f%
#3376
b11100000101100010011111100110010 T
b11011101100011011101110001000100 0#
b11011101100011011101110001000100 P#
b11100000101100010011111100110010 5%
b1101001100111 U%
b110001011000 f%
#3377
b11100000110000110111001110111000 T
b11011101101000000001000011001010 0#
b11011101101000000001000011001010 P#
b11100000110000110111001110111000 5%
b1101001101000 U%
b110001011001 f%
#3378
b11100000110101011010100000111110 T
b11011101101100100100010101010000 0#
b11011101101100100100010101010000 P#
b11100000110101011010100000111110 5%
b1101001101001 U%
b110001011010 f%
#3379
b11100000111001111101111110001110 T
b11011101110001000111110010100000 0#
b11011101110001000111110010100000 P#
b11100000111001111101111110001110 5%
b1101001101010 U%
b110001011011 f%
#3380
b11100000111110100001010000010100 T
b11011101110101101011000100100110 0#
b11011101110101101011000100100110 P#
b11100000111110100001010000010100 5%
b1101001101011 U%
b110001011100 f%
#3381
b11100001000011000100100010011010 T
b11011101111010001110010110101100 0#
b11011101111010001110010110101100 P#
b11100001000011000100100010011010 5%
b1101001101100 U%
b110001011101 f%
#3382
b11100001000111100111111111101010 T
b11011101111110110001110011111100 0#
b11011101111110110001110011111100 P#
b11100001000111100111111111101010 5%
b1101001101101 U%
b110001011110 f%
#3383
b11100001001100001011010001110000 T
b11011110000011010101000110000010 0#
b11011110000011010101000110000010 P#
b11100001001100001011010001110000 5%
b1101001101110 U%
b110001011111 f%
#3384
b11100001010000101110100011110110 T
b11011110000111111000011000001000 0#
b11011110000111111000011000001000 P#
b11100001010000101110100011110110 5%
b1101001101111 U%
b110001100000 f%
#3385
b11100001010101010010000001000110 T
b11011110001100011011110101011000 0#
b11011110001100011011110101011000 P#
b11100001010101010010000001000110 5%
b1101001110000 U%
b110001100001 f%
#3386
b11100001011001110101010011001100 T
b11011110010000111111000111011110 0#
b11011110010000111111000111011110 P#
b11100001011001110101010011001100 5%
b1101001110001 U%
b110001100010 f%
#3387
b11100001011110011000100101010010 T
b11011110010101100010011001100100 0#
b11011110010101100010011001100100 P#
b11100001011110011000100101010010 5%
b1101001110010 U%
b110001100011 f%
#3388
b11100001100010111100000010100010 T
b11011110011010000101110110110100 0#
b11011110011010000101110110110100 P#
b11100001100010111100000010100010 5%
b1101001110011 U%
b110001100100 f%
#3389
b11100001100111011111010100101000 T
b11011110011110101001001000111010 0#
b11011110011110101001001000111010 P#
b11100001100111011111010100101000 5%
b1101001110100 U%
b110001100101 f%
#3390
b11100001101100000010100110101110 T
b11011110100011001100011011000000 0#
b11011110100011001100011011000000 P#
b11100001101100000010100110101110 5%
b1101001110101 U%
b110001100110 f%
#3391
b11100001110000100110000011111110 T
b11011110100111101111111000010000 0#
b11011110100111101111111000010000 P#
b11100001110000100110000011111110 5%
b1101001110110 U%
b110001100111 f%
#3392
b11100001110101001001010110000100 T
b11011110101100010011001010010110 0#
b11011110101100010011001010010110 P#
b11100001110101001001010110000100 5%
b1101001110111 U%
b110001101000 f%
#3393
b11100001111001101100101000001010 T
b11011110110000110110011100011100 0#
b11011110110000110110011100011100 P#
b11100001111001101100101000001010 5%
b1101001111000 U%
b110001101001 f%
#3394
b11100001111110010000000101011010 T
b11011110110101011001111001101100 0#
b11011110110101011001111001101100 P#
b11100001111110010000000101011010 5%
b1101001111001 U%
b110001101010 f%
#3395
b11100010000010110011010111100000 T
b11011110111001111101001011110010 0#
b11011110111001111101001011110010 P#
b11100010000010110011010111100000 5%
b1101001111010 U%
b110001101011 f%
#3396
b11100010000111010110101001100110 T
b11011110111110100000011101111000 0#
b11011110111110100000011101111000 P#
b11100010000111010110101001100110 5%
b1101001111011 U%
b110001101100 f%
#3397
b110101 $
b11000011100011011 4
b11100010001011111010000110111010 T
b11011111000010110000100100110010 0#
b11011111000010110000100100110010 P#
b11111100110111001001110100010010 p#
b11100010001011111010000110111010 5%
b1101001111100 U%
b110001101101 f%
#3398
b11100010010000011101011001000000 T
b11011111000111010011110110111000 0#
b11011111000111010011110110111000 P#
b11100010010000011101011001000000 5%
b1101001111101 U%
b110001101110 f%
#3399
b11100010010101000000101011000110 T
b11011111001011110111001000111110 0#
b11011111001011110111001000111110 P#
b11100010010101000000101011000110 5%
b1101001111110 U%
b110001101111 f%
#3400
b11100010011001100100001000010110 T
b11011111010000011010100110001110 0#
b11011111010000011010100110001110 P#
b11100010011001100100001000010110 5%
b1101001111111 U%
b110001110000 f%
#3401
b11100010011110000111011010011100 T
b11011111010100111101111000010100 0#
b11011111010100111101111000010100 P#
b11100010011110000111011010011100 5%
b1101010000000 U%
b110001110001 f%
#3402
b11100010100010101010101100100010 T
b11011111011001100001001010011010 0#
b11011111011001100001001010011010 P#
b11100010100010101010101100100010 5%
b1101010000001 U%
b110001110010 f%
#3403
b11100010100111001110001001110010 T
b11011111011110000100100111101010 0#
b11011111011110000100100111101010 P#
b11100010100111001110001001110010 5%
b1101010000010 U%
b110001110011 f%
#3404
b11100010101011110001011011111000 T
b11011111100010100111111001110000 0#
b11011111100010100111111001110000 P#
b11100010101011110001011011111000 5%
b1101010000011 U%
b110001110100 f%
#3405
b11100010110000010100101101111110 T
b11011111100111001011001011110110 0#
b11011111100111001011001011110110 P#
b11100010110000010100101101111110 5%
b1101010000100 U%
b110001110101 f%
#3406
b11100010110100111000000000000100 T
b11011111101011101110011101111100 0#
b11011111101011101110011101111100 P#
b11100010110100111000000000000100 5%
b1101010000101 U%
b110001110110 f%
#3407
b11100010111001011011011101010100 T
b11011111110000010001111011001100 0#
b11011111110000010001111011001100 P#
b11100010111001011011011101010100 5%
b1101010000110 U%
b110001110111 f%
#3408
b11100010111101111110101111011010 T
b11011111110100110101001101010010 0#
b11011111110100110101001101010010 P#
b11100010111101111110101111011010 5%
b1101010000111 U%
b110001111000 f%
#3409
b11100011000010100010000001100000 T
b11011111111001011000011111011000 0#
b11011111111001011000011111011000 P#
b11100011000010100010000001100000 5%
b1101010001000 U%
b110001111001 f%
#3410
b11100011000111000101011110110000 T
b11011111111101111011111100101000 0#
b11011111111101111011111100101000 P#
b11100011000111000101011110110000 5%
b1101010001001 U%
b110001111010 f%
#3411
b11100011001011101000110000110110 T
b11100000000010011111001110101110 0#
b11100000000010011111001110101110 P#
b11100011001011101000110000110110 5%
b1101010001010 U%
b110001111011 f%
#3412
b11100011010000001100000010111100 T
b11100000000111000010100000110100 0#
b11100000000111000010100000110100 P#
b11100011010000001100000010111100 5%
b1101010001011 U%
b110001111100 f%
#3413
b11100011010100101111100000001100 T
b11100000001011100101111110000100 0#
b11100000001011100101111110000100 P#
b11100011010100101111100000001100 5%
b1101010001100 U%
b110001111101 f%
#3414
b11100011011001010010110010010010 T
b11100000010000001001010000001010 0#
b11100000010000001001010000001010 P#
b11100011011001010010110010010010 5%
b1101010001101 U%
b110001111110 f%
#3415
b11100011011101110110000100011000 T
b11100000010100101100100010010000 0#
b11100000010100101100100010010000 P#
b11100011011101110110000100011000 5%
b1101010001110 U%
b110001111111 f%
#3416
b11100011100010011001100001101000 T
b11100000011001001111111111100000 0#
b11100000011001001111111111100000 P#
b11100011100010011001100001101000 5%
b1101010001111 U%
b110010000000 f%
#3417
b11100011100110111100110011101110 T
b11100000011101110011010001100110 0#
b11100000011101110011010001100110 P#
b11100011100110111100110011101110 5%
b1101010010000 U%
b110010000001 f%
#3418
b11100011101011100000000101110100 T
b11100000100010010110100011101100 0#
b11100000100010010110100011101100 P#
b11100011101011100000000101110100 5%
b1101010010001 U%
b110010000010 f%
#3419
b11100011110000000011100011000100 T
b11100000100110111010000000111100 0#
b11100000100110111010000000111100 P#
b11100011110000000011100011000100 5%
b1101010010010 U%
b110010000011 f%
#3420
b11100011110100100110110101001010 T
b11100000101011011101010011000010 0#
b11100000101011011101010011000010 P#
b11100011110100100110110101001010 5%
b1101010010011 U%
b110010000100 f%
#3421
b11100011111001001010000111010000 T
b11100000110000000000100101001000 0#
b11100000110000000000100101001000 P#
b11100011111001001010000111010000 5%
b1101010010100 U%
b110010000101 f%
#3422
b11100011111101101101100100100000 T
b11100000110100100100000010011000 0#
b11100000110100100100000010011000 P#
b11100011111101101101100100100000 5%
b1101010010101 U%
b110010000110 f%
#3423
b11100100000010010000110110100110 T
b11100000111001000111010100011110 0#
b11100000111001000111010100011110 P#
b11100100000010010000110110100110 5%
b1101010010110 U%
b110010000111 f%
#3424
b11100100000110110100001000101100 T
b11100000111101101010100110100100 0#
b11100000111101101010100110100100 P#
b11100100000110110100001000101100 5%
b1101010010111 U%
b110010001000 f%
#3425
b11100100001011010111100101111100 T
b11100001000010001110000011110100 0#
b11100001000010001110000011110100 P#
b11100100001011010111100101111100 5%
b1101010011000 U%
b110010001001 f%
#3426
b11100100001111111010111000000010 T
b11100001000110110001010101111010 0#
b11100001000110110001010101111010 P#
b11100100001111111010111000000010 5%
b1101010011001 U%
b110010001010 f%
#3427
b11100100010100011110001010001000 T
b11100001001011010100101000000000 0#
b11100001001011010100101000000000 P#
b11100100010100011110001010001000 5%
b1101010011010 U%
b110010001011 f%
#3428
b11100100011001000001100111011000 T
b11100001001111111000000101010000 0#
b11100001001111111000000101010000 P#
b11100100011001000001100111011000 5%
b1101010011011 U%
b110010001100 f%
#3429
b11100100011101100100111001011110 T
b11100001010100011011010111010110 0#
b11100001010100011011010111010110 P#
b11100100011101100100111001011110 5%
b1101010011100 U%
b110010001101 f%
#3430
b11100100100010001000001011100100 T
b11100001011000111110101001011100 0#
b11100001011000111110101001011100 P#
b11100100100010001000001011100100 5%
b1101010011101 U%
b110010001110 f%
#3431
b11100100100110101011101000110100 T
b11100001011101100010000110101100 0#
b11100001011101100010000110101100 P#
b11100100100110101011101000110100 5%
b1101010011110 U%
b110010001111 f%
#3432
b11100100101011001110111010111010 T
b11100001100010000101011000110010 0#
b11100001100010000101011000110010 P#
b11100100101011001110111010111010 5%
b1101010011111 U%
b110010010000 f%
#3433
b11100100101111110010001101000000 T
b11100001100110101000101010111000 0#
b11100001100110101000101010111000 P#
b11100100101111110010001101000000 5%
b1101010100000 U%
b110010010001 f%
#3434
b11100100110100010101011111000110 T
b11100001101011001011111100111110 0#
b11100001101011001011111100111110 P#
b11100100110100010101011111000110 5%
b1101010100001 U%
b110010010010 f%
#3435
b11100100111000111000111100010110 T
b11100001101111101111011010001110 0#
b11100001101111101111011010001110 P#
b11100100111000111000111100010110 5%
b1101010100010 U%
b110010010011 f%
#3436
b11100100111101011100001110011100 T
b11100001110100010010101100010100 0#
b11100001110100010010101100010100 P#
b11100100111101011100001110011100 5%
b1101010100011 U%
b110010010100 f%
#3437
b11100101000001111111100000100010 T
b11100001111000110101111110011010 0#
b11100001111000110101111110011010 P#
b11100101000001111111100000100010 5%
b1101010100100 U%
b110010010101 f%
#3438
b11100101000110100010111101110010 T
b11100001111101011001011011101010 0#
b11100001111101011001011011101010 P#
b11100101000110100010111101110010 5%
b1101010100101 U%
b110010010110 f%
#3439
b11100101001011000110001111111000 T
b11100010000001111100101101110000 0#
b11100010000001111100101101110000 P#
b11100101001011000110001111111000 5%
b1101010100110 U%
b110010010111 f%
#3440
b11100101001111101001100001111110 T
b11100010000110011111111111110110 0#
b11100010000110011111111111110110 P#
b11100101001111101001100001111110 5%
b1101010100111 U%
b110010011000 f%
#3441
b11100101010100001100111111001110 T
b11100010001011000011011101000110 0#
b11100010001011000011011101000110 P#
b11100101010100001100111111001110 5%
b1101010101000 U%
b110010011001 f%
#3442
b11100101011000110000010001010100 T
b11100010001111100110101111001100 0#
b11100010001111100110101111001100 P#
b11100101011000110000010001010100 5%
b1101010101001 U%
b110010011010 f%
#3443
b11100101011101010011100011011010 T
b11100010010100001010000001010010 0#
b11100010010100001010000001010010 P#
b11100101011101010011100011011010 5%
b1101010101010 U%
b110010011011 f%
#3444
b11100101100001110111000000101010 T
b11100010011000101101011110100010 0#
b11100010011000101101011110100010 P#
b11100101100001110111000000101010 5%
b1101010101011 U%
b110010011100 f%
#3445
b11100101100110011010010010110000 T
b11100010011101010000110000101000 0#
b11100010011101010000110000101000 P#
b11100101100110011010010010110000 5%
b1101010101100 U%
b110010011101 f%
#3446
b11100101101010111101100100110110 T
b11100010100001110100000010101110 0#
b11100010100001110100000010101110 P#
b11100101101010111101100100110110 5%
b1101010101101 U%
b110010011110 f%
#3447
b11100101101111100001000010000110 T
b11100010100110010111011111111110 0#
b11100010100110010111011111111110 P#
b11100101101111100001000010000110 5%
b1101010101110 U%
b110010011111 f%
#3448
b11100101110100000100010100001100 T
b11100010101010111010110010000100 0#
b11100010101010111010110010000100 P#
b11100101110100000100010100001100 5%
b1101010101111 U%
b110010100000 f%
#3449
b11100101111000100111100110010010 T
b11100010101111011110000100001010 0#
b11100010101111011110000100001010 P#
b11100101111000100111100110010010 5%
b1101010110000 U%
b110010100001 f%
#3450
b11100101111101001011000011100010 T
b11100010110100000001100001011010 0#
b11100010110100000001100001011010 P#
b11100101111101001011000011100010 5%
b1101010110001 U%
b110010100010 f%
#3451
b11100110000001101110010101101000 T
b11100010111000100100110011100000 0#
b11100010111000100100110011100000 P#
b11100110000001101110010101101000 5%
b1101010110010 U%
b110010100011 f%
#3452
b11100110000110010001100111101110 T
b11100010111101001000000101100110 0#
b11100010111101001000000101100110 P#
b11100110000110010001100111101110 5%
b1101010110011 U%
b110010100100 f%
#3453
b11100110001010110101000100111110 T
b11100011000001101011100010110110 0#
b11100011000001101011100010110110 P#
b11100110001010110101000100111110 5%
b1101010110100 U%
b110010100101 f%
#3454
b11100110001111011000010111000100 T
b11100011000110001110110100111100 0#
b11100011000110001110110100111100 P#
b11100110001111011000010111000100 5%
b1101010110101 U%
b110010100110 f%
#3455
b11100110010011111011101001001010 T
b11100011001010110010000111000010 0#
b11100011001010110010000111000010 P#
b11100110010011111011101001001010 5%
b1101010110110 U%
b110010100111 f%
#3456
b11100110011000011111000110011010 T
b11100011001111010101100100010010 0#
b11100011001111010101100100010010 P#
b11100110011000011111000110011010 5%
b1101010110111 U%
b110010101000 f%
#3457
b110110 $
b11000011100011100 4
b11100110011101000010011000100100 T
b11100011010011100010000000111010 0#
b11100011010011100010000000111010 P#
b11111100110110110110011101111000 p#
b11100110011101000010011000100100 5%
b1101010111000 U%
b110010101001 f%
#3458
b11100110100001100101101010101010 T
b11100011011000000101010011000000 0#
b11100011011000000101010011000000 P#
b11100110100001100101101010101010 5%
b1101010111001 U%
b110010101010 f%
#3459
b11100110100110001001000111111010 T
b11100011011100101000110000010000 0#
b11100011011100101000110000010000 P#
b11100110100110001001000111111010 5%
b1101010111010 U%
b110010101011 f%
#3460
b11100110101010101100011010000000 T
b11100011100001001100000010010110 0#
b11100011100001001100000010010110 P#
b11100110101010101100011010000000 5%
b1101010111011 U%
b110010101100 f%
#3461
b11100110101111001111101100000110 T
b11100011100101101111010100011100 0#
b11100011100101101111010100011100 P#
b11100110101111001111101100000110 5%
b1101010111100 U%
b110010101101 f%
#3462
b11100110110011110011001001010110 T
b11100011101010010010110001101100 0#
b11100011101010010010110001101100 P#
b11100110110011110011001001010110 5%
b1101010111101 U%
b110010101110 f%
#3463
b11100110111000010110011011011100 T
b11100011101110110110000011110010 0#
b11100011101110110110000011110010 P#
b11100110111000010110011011011100 5%
b1101010111110 U%
b110010101111 f%
#3464
b11100110111100111001101101100010 T
b11100011110011011001010101111000 0#
b11100011110011011001010101111000 P#
b11100110111100111001101101100010 5%
b1101010111111 U%
b110010110000 f%
#3465
b11100111000001011100111111101000 T
b11100011110111111100100111111110 0#
b11100011110111111100100111111110 P#
b11100111000001011100111111101000 5%
b1101011000000 U%
b110010110001 f%
#3466
b11100111000110000000011100111000 T
b11100011111100100000000101001110 0#
b11100011111100100000000101001110 P#
b11100111000110000000011100111000 5%
b1101011000001 U%
b110010110010 f%
#3467
b11100111001010100011101110111110 T
b11100100000001000011010111010100 0#
b11100100000001000011010111010100 P#
b11100111001010100011101110111110 5%
b1101011000010 U%
b110010110011 f%
#3468
b11100111001111000111000001000100 T
b11100100000101100110101001011010 0#
b11100100000101100110101001011010 P#
b11100111001111000111000001000100 5%
b1101011000011 U%
b110010110100 f%
#3469
b11100111010011101010011110010100 T
b11100100001010001010000110101010 0#
b11100100001010001010000110101010 P#
b11100111010011101010011110010100 5%
b1101011000100 U%
b110010110101 f%
#3470
b11100111011000001101110000011010 T
b11100100001110101101011000110000 0#
b11100100001110101101011000110000 P#
b11100111011000001101110000011010 5%
b1101011000101 U%
b110010110110 f%
#3471
b11100111011100110001000010100000 T
b11100100010011010000101010110110 0#
b11100100010011010000101010110110 P#
b11100111011100110001000010100000 5%
b1101011000110 U%
b110010110111 f%
#3472
b11100111100001010100011111110000 T
b11100100010111110100001000000110 0#
b11100100010111110100001000000110 P#
b11100111100001010100011111110000 5%
b1101011000111 U%
b110010111000 f%
#3473
b11100111100101110111110001110110 T
b11100100011100010111011010001100 0#
b11100100011100010111011010001100 P#
b11100111100101110111110001110110 5%
b1101011001000 U%
b110010111001 f%
#3474
b11100111101010011011000011111100 T
b11100100100000111010101100010010 0#
b11100100100000111010101100010010 P#
b11100111101010011011000011111100 5%
b1101011001001 U%
b110010111010 f%
#3475
b11100111101110111110100001001100 T
b11100100100101011110001001100010 0#
b11100100100101011110001001100010 P#
b11100111101110111110100001001100 5%
b1101011001010 U%
b110010111011 f%
#3476
b11100111110011100001110011010010 T
b11100100101010000001011011101000 0#
b11100100101010000001011011101000 P#
b11100111110011100001110011010010 5%
b1101011001011 U%
b110010111100 f%
#3477
b11100111111000000101000101011000 T
b11100100101110100100101101101110 0#
b11100100101110100100101101101110 P#
b11100111111000000101000101011000 5%
b1101011001100 U%
b110010111101 f%
#3478
b11100111111100101000100010101000 T
b11100100110011001000001010111110 0#
b11100100110011001000001010111110 P#
b11100111111100101000100010101000 5%
b1101011001101 U%
b110010111110 f%
#3479
b11101000000001001011110100101110 T
b11100100110111101011011101000100 0#
b11100100110111101011011101000100 P#
b11101000000001001011110100101110 5%
b1101011001110 U%
b110010111111 f%
#3480
b11101000000101101111000110110100 T
b11100100111100001110101111001010 0#
b11100100111100001110101111001010 P#
b11101000000101101111000110110100 5%
b1101011001111 U%
b110011000000 f%
#3481
b11101000001010010010100100000100 T
b11100101000000110010001100011010 0#
b11100101000000110010001100011010 P#
b11101000001010010010100100000100 5%
b1101011010000 U%
b110011000001 f%
#3482
b11101000001110110101110110001010 T
b11100101000101010101011110100000 0#
b11100101000101010101011110100000 P#
b11101000001110110101110110001010 5%
b1101011010001 U%
b110011000010 f%
#3483
b11101000010011011001001000010000 T
b11100101001001111000110000100110 0#
b11100101001001111000110000100110 P#
b11101000010011011001001000010000 5%
b1101011010010 U%
b110011000011 f%
#3484
b11101000010111111100100101100000 T
b11100101001110011100001101110110 0#
b11100101001110011100001101110110 P#
b11101000010111111100100101100000 5%
b1101011010011 U%
b110011000100 f%
#3485
b11101000011100011111110111100110 T
b11100101010010111111011111111100 0#
b11100101010010111111011111111100 P#
b11101000011100011111110111100110 5%
b1101011010100 U%
b110011000101 f%
#3486
b11101000100001000011001001101100 T
b11100101010111100010110010000010 0#
b11100101010111100010110010000010 P#
b11101000100001000011001001101100 5%
b1101011010101 U%
b110011000110 f%
#3487
b11101000100101100110100110111100 T
b11100101011100000110001111010010 0#
b11100101011100000110001111010010 P#
b11101000100101100110100110111100 5%
b1101011010110 U%
b110011000111 f%
#3488
b11101000101010001001111001000010 T
b11100101100000101001100001011000 0#
b11100101100000101001100001011000 P#
b11101000101010001001111001000010 5%
b1101011010111 U%
b110011001000 f%
#3489
b11101000101110101101001011001000 T
b11100101100101001100110011011110 0#
b11100101100101001100110011011110 P#
b11101000101110101101001011001000 5%
b1101011011000 U%
b110011001001 f%
#3490
b11101000110011010000101000011000 T
b11100101101001110000010000101110 0#
b11100101101001110000010000101110 P#
b11101000110011010000101000011000 5%
b1101011011001 U%
b110011001010 f%
#3491
b11101000110111110011111010011110 T
b11100101101110010011100010110100 0#
b11100101101110010011100010110100 P#
b11101000110111110011111010011110 5%
b1101011011010 U%
b110011001011 f%
#3492
b11101000111100010111001100100100 T
b11100101110010110110110100111010 0#
b11100101110010110110110100111010 P#
b11101000111100010111001100100100 5%
b1101011011011 U%
b110011001100 f%
#3493
b11101001000000111010011110101010 T
b11100101110111011010000111000000 0#
b11100101110111011010000111000000 P#
b11101001000000111010011110101010 5%
b1101011011100 U%
b110011001101 f%
#3494
b11101001000101011101111011111010 T
b11100101111011111101100100010000 0#
b11100101111011111101100100010000 P#
b11101001000101011101111011111010 5%
b1101011011101 U%
b110011001110 f%
#3495
b11101001001010000001001110000000 T
b11100110000000100000110110010110 0#
b11100110000000100000110110010110 P#
b11101001001010000001001110000000 5%
b1101011011110 U%
b110011001111 f%
#3496
b11101001001110100100100000000110 T
b11100110000101000100001000011100 0#
b11100110000101000100001000011100 P#
b11101001001110100100100000000110 5%
b1101011011111 U%
b110011010000 f%
#3497
b11101001010011000111111101010110 T
b11100110001001100111100101101100 0#
b11100110001001100111100101101100 P#
b11101001010011000111111101010110 5%
b1101011100000 U%
b110011010001 f%
#3498
b11101001010111101011001111011100 T
b11100110001110001010110111110010 0#
b11100110001110001010110111110010 P#
b11101001010111101011001111011100 5%
b1101011100001 U%
b110011010010 f%
#3499
b11101001011100001110100001100010 T
b11100110010010101110001001111000 0#
b11100110010010101110001001111000 P#
b11101001011100001110100001100010 5%
b1101011100010 U%
b110011010011 f%
#3500
b11101001100000110001111110110010 T
b11100110010111010001100111001000 0#
b11100110010111010001100111001000 P#
b11101001100000110001111110110010 5%
b1101011100011 U%
b110011010100 f%
#3501
b11101001100101010101010000111000 T
b11100110011011110100111001001110 0#
b11100110011011110100111001001110 P#
b11101001100101010101010000111000 5%
b1101011100100 U%
b110011010101 f%
#3502
b11101001101001111000100010111110 T
b11100110100000011000001011010100 0#
b11100110100000011000001011010100 P#
b11101001101001111000100010111110 5%
b1101011100101 U%
b110011010110 f%
#3503
b11101001101110011100000000001110 T
b11100110100100111011101000100100 0#
b11100110100100111011101000100100 P#
b11101001101110011100000000001110 5%
b1101011100110 U%
b110011010111 f%
#3504
b11101001110010111111010010010100 T
b11100110101001011110111010101010 0#
b11100110101001011110111010101010 P#
b11101001110010111111010010010100 5%
b1101011100111 U%
b110011011000 f%
#3505
b11101001110111100010100100011010 T
b11100110101110000010001100110000 0#
b11100110101110000010001100110000 P#
b11101001110111100010100100011010 5%
b1101011101000 U%
b110011011001 f%
#3506
b11101001111100000110000001101010 T
b11100110110010100101101010000000 0#
b11100110110010100101101010000000 P#
b11101001111100000110000001101010 5%
b1101011101001 U%
b110011011010 f%
#3507
b11101010000000101001010011110000 T
b11100110110111001000111100000110 0#
b11100110110111001000111100000110 P#
b11101010000000101001010011110000 5%
b1101011101010 U%
b110011011011 f%
#3508
b11101010000101001100100101110110 T
b11100110111011101100001110001100 0#
b11100110111011101100001110001100 P#
b11101010000101001100100101110110 5%
b1101011101011 U%
b110011011100 f%
#3509
b11101010001001110000000011000110 T
b11100111000000001111101011011100 0#
b11100111000000001111101011011100 P#
b11101010001001110000000011000110 5%
b1101011101100 U%
b110011011101 f%
#3510
b11101010001110010011010101001100 T
b11100111000100110010111101100010 0#
b11100111000100110010111101100010 P#
b11101010001110010011010101001100 5%
b1101011101101 U%
b110011011110 f%
#3511
b11101010010010110110100111010010 T
b11100111001001010110001111101000 0#
b11100111001001010110001111101000 P#
b11101010010010110110100111010010 5%
b1101011101110 U%
b110011011111 f%
#3512
b11101010010111011010000100100010 T
b11100111001101111001101100111000 0#
b11100111001101111001101100111000 P#
b11101010010111011010000100100010 5%
b1101011101111 U%
b110011100000 f%
#3513
b11101010011011111101010110101000 T
b11100111010010011100111110111110 0#
b11100111010010011100111110111110 P#
b11101010011011111101010110101000 5%
b1101011110000 U%
b110011100001 f%
#3514
b11101010100000100000101000101110 T
b11100111010111000000010001000100 0#
b11100111010111000000010001000100 P#
b11101010100000100000101000101110 5%
b1101011110001 U%
b110011100010 f%
#3515
b11101010100101000100000101111110 T
b11100111011011100011101110010100 0#
b11100111011011100011101110010100 P#
b11101010100101000100000101111110 5%
b1101011110010 U%
b110011100011 f%
#3516
b11101010101001100111011000000100 T
b11100111100000000111000000011010 0#
b11100111100000000111000000011010 P#
b11101010101001100111011000000100 5%
b1101011110011 U%
b110011100100 f%
#3517
b110111 $
b11101010101110001010101010001110 T
b11100111100100001111110010110000 0#
b11100111100100001111110010110000 P#
b11111100110110011111101000010110 p#
b11101010101110001010101010001110 5%
b1101011110100 U%
b110011100101 f%
#3518
b11101010110010101110000111011110 T
b11100111101000110011010000000000 0#
b11100111101000110011010000000000 P#
b11101010110010101110000111011110 5%
b1101011110101 U%
b110011100110 f%
#3519
b11101010110111010001011001100100 T
b11100111101101010110100010000110 0#
b11100111101101010110100010000110 P#
b11101010110111010001011001100100 5%
b1101011110110 U%
b110011100111 f%
#3520
b11101010111011110100101011101010 T
b11100111110001111001110100001100 0#
b11100111110001111001110100001100 P#
b11101010111011110100101011101010 5%
b1101011110111 U%
b110011101000 f%
#3521
b11101011000000011000001000111010 T
b11100111110110011101010001011100 0#
b11100111110110011101010001011100 P#
b11101011000000011000001000111010 5%
b1101011111000 U%
b110011101001 f%
#3522
b11101011000100111011011011000000 T
b11100111111011000000100011100010 0#
b11100111111011000000100011100010 P#
b11101011000100111011011011000000 5%
b1101011111001 U%
b110011101010 f%
#3523
b11101011001001011110101101000110 T
b11100111111111100011110101101000 0#
b11100111111111100011110101101000 P#
b11101011001001011110101101000110 5%
b1101011111010 U%
b110011101011 f%
#3524
b11101011001110000001111111001100 T
b11101000000100000111000111101110 0#
b11101000000100000111000111101110 P#
b11101011001110000001111111001100 5%
b1101011111011 U%
b110011101100 f%
#3525
b11101011010010100101011100011100 T
b11101000001000101010100100111110 0#
b11101000001000101010100100111110 P#
b11101011010010100101011100011100 5%
b1101011111100 U%
b110011101101 f%
#3526
b11101011010111001000101110100010 T
b11101000001101001101110111000100 0#
b11101000001101001101110111000100 P#
b11101011010111001000101110100010 5%
b1101011111101 U%
b110011101110 f%
#3527
b11101011011011101100000000101000 T
b11101000010001110001001001001010 0#
b11101000010001110001001001001010 P#
b11101011011011101100000000101000 5%
b1101011111110 U%
b110011101111 f%
#3528
b11101011100000001111011101111000 T
b11101000010110010100100110011010 0#
b11101000010110010100100110011010 P#
b11101011100000001111011101111000 5%
b1101011111111 U%
b110011110000 f%
#3529
b11101011100100110010101111111110 T
b11101000011010110111111000100000 0#
b11101000011010110111111000100000 P#
b11101011100100110010101111111110 5%
b1101100000000 U%
b110011110001 f%
#3530
b11101011101001010110000010000100 T
b11101000011111011011001010100110 0#
b11101000011111011011001010100110 P#
b11101011101001010110000010000100 5%
b1101100000001 U%
b110011110010 f%
#3531
b11101011101101111001011111010100 T
b11101000100011111110100111110110 0#
b11101000100011111110100111110110 P#
b11101011101101111001011111010100 5%
b1101100000010 U%
b110011110011 f%
#3532
b11101011110010011100110001011010 T
b11101000101000100001111001111100 0#
b11101000101000100001111001111100 P#
b11101011110010011100110001011010 5%
b1101100000011 U%
b110011110100 f%
#3533
b11101011110111000000000011100000 T
b11101000101101000101001100000010 0#
b11101000101101000101001100000010 P#
b11101011110111000000000011100000 5%
b1101100000100 U%
b110011110101 f%
#3534
b11101011111011100011100000110000 T
b11101000110001101000101001010010 0#
b11101000110001101000101001010010 P#
b11101011111011100011100000110000 5%
b1101100000101 U%
b110011110110 f%
#3535
b11101100000000000110110010110110 T
b11101000110110001011111011011000 0#
b11101000110110001011111011011000 P#
b11101100000000000110110010110110 5%
b1101100000110 U%
b110011110111 f%
#3536
b11101100000100101010000100111100 T
b11101000111010101111001101011110 0#
b11101000111010101111001101011110 P#
b11101100000100101010000100111100 5%
b1101100000111 U%
b110011111000 f%
#3537
b11101100001001001101100010001100 T
b11101000111111010010101010101110 0#
b11101000111111010010101010101110 P#
b11101100001001001101100010001100 5%
b1101100001000 U%
b110011111001 f%
#3538
b11101100001101110000110100010010 T
b11101001000011110101111100110100 0#
b11101001000011110101111100110100 P#
b11101100001101110000110100010010 5%
b1101100001001 U%
b110011111010 f%
#3539
b11101100010010010100000110011000 T
b11101001001000011001001110111010 0#
b11101001001000011001001110111010 P#
b11101100010010010100000110011000 5%
b1101100001010 U%
b110011111011 f%
#3540
b11101100010110110111100011101000 T
b11101001001100111100101100001010 0#
b11101001001100111100101100001010 P#
b11101100010110110111100011101000 5%
b1101100001011 U%
b110011111100 f%
#3541
b11101100011011011010110101101110 T
b11101001010001011111111110010000 0#
b11101001010001011111111110010000 P#
b11101100011011011010110101101110 5%
b1101100001100 U%
b110011111101 f%
#3542
b11101100011111111110000111110100 T
b11101001010110000011010000010110 0#
b11101001010110000011010000010110 P#
b11101100011111111110000111110100 5%
b1101100001101 U%
b110011111110 f%
#3543
b11101100100100100001100101000100 T
b11101001011010100110101101100110 0#
b11101001011010100110101101100110 P#
b11101100100100100001100101000100 5%
b1101100001110 U%
b110011111111 f%
#3544
b11101100101001000100110111001010 T
b11101001011111001001111111101100 0#
b11101001011111001001111111101100 P#
b11101100101001000100110111001010 5%
b1101100001111 U%
b110100000000 f%
#3545
b11101100101101101000001001010000 T
b11101001100011101101010001110010 0#
b11101001100011101101010001110010 P#
b11101100101101101000001001010000 5%
b1101100010000 U%
b110100000001 f%
#3546
b11101100110010001011100110100000 T
b11101001101000010000101111000010 0#
b11101001101000010000101111000010 P#
b11101100110010001011100110100000 5%
b1101100010001 U%
b110100000010 f%
#3547
b11101100110110101110111000100110 T
b11101001101100110100000001001000 0#
b11101001101100110100000001001000 P#
b11101100110110101110111000100110 5%
b1101100010010 U%
b110100000011 f%
#3548
b11101100111011010010001010101100 T
b11101001110001010111010011001110 0#
b11101001110001010111010011001110 P#
b11101100111011010010001010101100 5%
b1101100010011 U%
b110100000100 f%
#3549
b11101100111111110101100111111100 T
b11101001110101111010110000011110 0#
b11101001110101111010110000011110 P#
b11101100111111110101100111111100 5%
b1101100010100 U%
b110100000101 f%
#3550
b11101101000100011000111010000010 T
b11101001111010011110000010100100 0#
b11101001111010011110000010100100 P#
b11101101000100011000111010000010 5%
b1101100010101 U%
b110100000110 f%
#3551
b11101101001000111100001100001000 T
b11101001111111000001010100101010 0#
b11101001111111000001010100101010 P#
b11101101001000111100001100001000 5%
b1101100010110 U%
b110100000111 f%
#3552
b11101101001101011111011110001110 T
b11101010000011100100100110110000 0#
b11101010000011100100100110110000 P#
b11101101001101011111011110001110 5%
b1101100010111 U%
b110100001000 f%
#3553
b11101101010010000010111011011110 T
b11101010001000001000000100000000 0#
b11101010001000001000000100000000 P#
b11101101010010000010111011011110 5%
b1101100011000 U%
b110100001001 f%
#3554
b11101101010110100110001101100100 T
b11101010001100101011010110000110 0#
b11101010001100101011010110000110 P#
b11101101010110100110001101100100 5%
b1101100011001 U%
b110100001010 f%
#3555
b11101101011011001001011111101010 T
b11101010010001001110101000001100 0#
b11101010010001001110101000001100 P#
b11101101011011001001011111101010 5%
b1101100011010 U%
b110100001011 f%
#3556
b11101101011111101100111100111010 T
b11101010010101110010000101011100 0#
b11101010010101110010000101011100 P#
b11101101011111101100111100111010 5%
b1101100011011 U%
b110100001100 f%
#3557
b11101101100100010000001111000000 T
b11101010011010010101010111100010 0#
b11101010011010010101010111100010 P#
b11101101100100010000001111000000 5%
b1101100011100 U%
b110100001101 f%
#3558
b11101101101000110011100001000110 T
b11101010011110111000101001101000 0#
b11101010011110111000101001101000 P#
b11101101101000110011100001000110 5%
b1101100011101 U%
b110100001110 f%
#3559
b11101101101101010110111110010110 T
b11101010100011011100000110111000 0#
b11101010100011011100000110111000 P#
b11101101101101010110111110010110 5%
b1101100011110 U%
b110100001111 f%
#3560
b11101101110001111010010000011100 T
b11101010100111111111011000111110 0#
b11101010100111111111011000111110 P#
b11101101110001111010010000011100 5%
b1101100011111 U%
b110100010000 f%
#3561
b11101101110110011101100010100010 T
b11101010101100100010101011000100 0#
b11101010101100100010101011000100 P#
b11101101110110011101100010100010 5%
b1101100100000 U%
b110100010001 f%
#3562
b11101101111011000000111111110010 T
b11101010110001000110001000010100 0#
b11101010110001000110001000010100 P#
b11101101111011000000111111110010 5%
b1101100100001 U%
b110100010010 f%
#3563
b11101101111111100100010001111000 T
b11101010110101101001011010011010 0#
b11101010110101101001011010011010 P#
b11101101111111100100010001111000 5%
b1101100100010 U%
b110100010011 f%
#3564
b11101110000100000111100011111110 T
b11101010111010001100101100100000 0#
b11101010111010001100101100100000 P#
b11101110000100000111100011111110 5%
b1101100100011 U%
b110100010100 f%
#3565
b11101110001000101011000001001110 T
b11101010111110110000001001110000 0#
b11101010111110110000001001110000 P#
b11101110001000101011000001001110 5%
b1101100100100 U%
b110100010101 f%
#3566
b11101110001101001110010011010100 T
b11101011000011010011011011110110 0#
b11101011000011010011011011110110 P#
b11101110001101001110010011010100 5%
b1101100100101 U%
b110100010110 f%
#3567
b11101110010001110001100101011010 T
b11101011000111110110101101111100 0#
b11101011000111110110101101111100 P#
b11101110010001110001100101011010 5%
b1101100100110 U%
b110100010111 f%
#3568
b11101110010110010101000010101010 T
b11101011001100011010001011001100 0#
b11101011001100011010001011001100 P#
b11101110010110010101000010101010 5%
b1101100100111 U%
b110100011000 f%
#3569
b11101110011010111000010100110000 T
b11101011010000111101011101010010 0#
b11101011010000111101011101010010 P#
b11101110011010111000010100110000 5%
b1101100101000 U%
b110100011001 f%
#3570
b11101110011111011011100110110110 T
b11101011010101100000101111011000 0#
b11101011010101100000101111011000 P#
b11101110011111011011100110110110 5%
b1101100101001 U%
b110100011010 f%
#3571
b11101110100011111111000100000110 T
b11101011011010000100001100101000 0#
b11101011011010000100001100101000 P#
b11101110100011111111000100000110 5%
b1101100101010 U%
b110100011011 f%
#3572
b11101110101000100010010110001100 T
b11101011011110100111011110101110 0#
b11101011011110100111011110101110 P#
b11101110101000100010010110001100 5%
b1101100101011 U%
b110100011100 f%
#3573
b11101110101101000101101000010010 T
b11101011100011001010110000110100 0#
b11101011100011001010110000110100 P#
b11101110101101000101101000010010 5%
b1101100101100 U%
b110100011101 f%
#3574
b11101110110001101001000101100010 T
b11101011100111101110001110000100 0#
b11101011100111101110001110000100 P#
b11101110110001101001000101100010 5%
b1101100101101 U%
b110100011110 f%
#3575
b11101110110110001100010111101000 T
b11101011101100010001100000001010 0#
b11101011101100010001100000001010 P#
b11101110110110001100010111101000 5%
b1101100101110 U%
b110100011111 f%
#3576
b11101110111010101111101001101110 T
b11101011110000110100110010010000 0#
b11101011110000110100110010010000 P#
b11101110111010101111101001101110 5%
b1101100101111 U%
b110100100000 f%
#3577
b111000 $
b11000011100011011 4
b11101110111111010011000111000010 T
b11101011110101000100111001001010 0#
b11101011110101000100111001001010 P#
b11111100110110000101001000100010 p#
b11101110111111010011000111000010 5%
b1101100110000 U%
b110100100001 f%
#3578
b11101111000011110110011001001000 T
b11101011111001101000001011010000 0#
b11101011111001101000001011010000 P#
b11101111000011110110011001001000 5%
b1101100110001 U%
b110100100010 f%
#3579
b11101111001000011001101011001110 T
b11101011111110001011011101010110 0#
b11101011111110001011011101010110 P#
b11101111001000011001101011001110 5%
b1101100110010 U%
b110100100011 f%
#3580
b11101111001100111101001000011110 T
b11101100000010101110111010100110 0#
b11101100000010101110111010100110 P#
b11101111001100111101001000011110 5%
b1101100110011 U%
b110100100100 f%
#3581
b11101111010001100000011010100100 T
b11101100000111010010001100101100 0#
b11101100000111010010001100101100 P#
b11101111010001100000011010100100 5%
b1101100110100 U%
b110100100101 f%
#3582
b11101111010110000011101100101010 T
b11101100001011110101011110110010 0#
b11101100001011110101011110110010 P#
b11101111010110000011101100101010 5%
b1101100110101 U%
b110100100110 f%
#3583
b11101111011010100110111110110000 T
b11101100010000011000110000111000 0#
b11101100010000011000110000111000 P#
b11101111011010100110111110110000 5%
b1101100110110 U%
b110100100111 f%
#3584
b11101111011111001010011100000000 T
b11101100010100111100001110001000 0#
b11101100010100111100001110001000 P#
b11101111011111001010011100000000 5%
b1101100110111 U%
b110100101000 f%
#3585
b11101111100011101101101110000110 T
b11101100011001011111100000001110 0#
b11101100011001011111100000001110 P#
b11101111100011101101101110000110 5%
b1101100111000 U%
b110100101001 f%
#3586
b11101111101000010001000000001100 T
b11101100011110000010110010010100 0#
b11101100011110000010110010010100 P#
b11101111101000010001000000001100 5%
b1101100111001 U%
b110100101010 f%
#3587
b11101111101100110100011101011100 T
b11101100100010100110001111100100 0#
b11101100100010100110001111100100 P#
b11101111101100110100011101011100 5%
b1101100111010 U%
b110100101011 f%
#3588
b11101111110001010111101111100010 T
b11101100100111001001100001101010 0#
b11101100100111001001100001101010 P#
b11101111110001010111101111100010 5%
b1101100111011 U%
b110100101100 f%
#3589
b11101111110101111011000001101000 T
b11101100101011101100110011110000 0#
b11101100101011101100110011110000 P#
b11101111110101111011000001101000 5%
b1101100111100 U%
b110100101101 f%
#3590
b11101111111010011110011110111000 T
b11101100110000010000010001000000 0#
b11101100110000010000010001000000 P#
b11101111111010011110011110111000 5%
b1101100111101 U%
b110100101110 f%
#3591
b11101111111111000001110000111110 T
b11101100110100110011100011000110 0#
b11101100110100110011100011000110 P#
b11101111111111000001110000111110 5%
b1101100111110 U%
b110100101111 f%
#3592
b11110000000011100101000011000100 T
b11101100111001010110110101001100 0#
b11101100111001010110110101001100 P#
b11110000000011100101000011000100 5%
b1101100111111 U%
b110100110000 f%
#3593
b11110000001000001000100000010100 T
b11101100111101111010010010011100 0#
b11101100111101111010010010011100 P#
b11110000001000001000100000010100 5%
b1101101000000 U%
b110100110001 f%
#3594
b11110000001100101011110010011010 T
b11101101000010011101100100100010 0#
b11101101000010011101100100100010 P#
b11110000001100101011110010011010 5%
b1101101000001 U%
b110100110010 f%
#3595
b11110000010001001111000100100000 T
b11101101000111000000110110101000 0#
b11101101000111000000110110101000 P#
b11110000010001001111000100100000 5%
b1101101000010 U%
b110100110011 f%
#3596
b11110000010101110010100001110000 T
b11101101001011100100010011111000 0#
b11101101001011100100010011111000 P#
b11110000010101110010100001110000 5%
b1101101000011 U%
b110100110100 f%
#3597
b11110000011010010101110011110110 T
b11101101010000000111100101111110 0#
b11101101010000000111100101111110 P#
b11110000011010010101110011110110 5%
b1101101000100 U%
b110100110101 f%
#3598
b11110000011110111001000101111100 T
b11101101010100101010111000000100 0#
b11101101010100101010111000000100 P#
b11110000011110111001000101111100 5%
b1101101000101 U%
b110100110110 f%
#3599
b11110000100011011100100011001100 T
b11101101011001001110010101010100 0#
b11101101011001001110010101010100 P#
b11110000100011011100100011001100 5%
b1101101000110 U%
b110100110111 f%
#3600
b11110000100111111111110101010010 T
b11101101011101110001100111011010 0#
b11101101011101110001100111011010 P#
b11110000100111111111110101010010 5%
b1101101000111 U%
b110100111000 f%
#3601
b11110000101100100011000111011000 T
b11101101100010010100111001100000 0#
b11101101100010010100111001100000 P#
b11110000101100100011000111011000 5%
b1101101001000 U%
b110100111001 f%
#3602
b11110000110001000110100100101000 T
b11101101100110111000010110110000 0#
b11101101100110111000010110110000 P#
b11110000110001000110100100101000 5%
b1101101001001 U%
b110100111010 f%
#3603
b11110000110101101001110110101110 T
b11101101101011011011101000110110 0#
b11101101101011011011101000110110 P#
b11110000110101101001110110101110 5%
b1101101001010 U%
b110100111011 f%
#3604
b11110000111010001101001000110100 T
b11101101101111111110111010111100 0#
b11101101101111111110111010111100 P#
b11110000111010001101001000110100 5%
b1101101001011 U%
b110100111100 f%
#3605
b11110000111110110000100110000100 T
b11101101110100100010011000001100 0#
b11101101110100100010011000001100 P#
b11110000111110110000100110000100 5%
b1101101001100 U%
b110100111101 f%
#3606
b11110001000011010011111000001010 T
b11101101111001000101101010010010 0#
b11101101111001000101101010010010 P#
b11110001000011010011111000001010 5%
b1101101001101 U%
b110100111110 f%
#3607
b11110001000111110111001010010000 T
b11101101111101101000111100011000 0#
b11101101111101101000111100011000 P#
b11110001000111110111001010010000 5%
b1101101001110 U%
b110100111111 f%
#3608
b11110001001100011010100111100000 T
b11101110000010001100011001101000 0#
b11101110000010001100011001101000 P#
b11110001001100011010100111100000 5%
b1101101001111 U%
b110101000000 f%
#3609
b11110001010000111101111001100110 T
b11101110000110101111101011101110 0#
b11101110000110101111101011101110 P#
b11110001010000111101111001100110 5%
b1101101010000 U%
b110101000001 f%
#3610
b11110001010101100001001011101100 T
b11101110001011010010111101110100 0#
b11101110001011010010111101110100 P#
b11110001010101100001001011101100 5%
b1101101010001 U%
b110101000010 f%
#3611
b11110001011010000100011101110010 T
b11101110001111110110001111111010 0#
b11101110001111110110001111111010 P#
b11110001011010000100011101110010 5%
b1101101010010 U%
b110101000011 f%
#3612
b11110001011110100111111011000010 T
b11101110010100011001101101001010 0#
b11101110010100011001101101001010 P#
b11110001011110100111111011000010 5%
b1101101010011 U%
b110101000100 f%
#3613
b11110001100011001011001101001000 T
b11101110011000111100111111010000 0#
b11101110011000111100111111010000 P#
b11110001100011001011001101001000 5%
b1101101010100 U%
b110101000101 f%
#3614
b11110001100111101110011111001110 T
b11101110011101100000010001010110 0#
b11101110011101100000010001010110 P#
b11110001100111101110011111001110 5%
b1101101010101 U%
b110101000110 f%
#3615
b11110001101100010001111100011110 T
b11101110100010000011101110100110 0#
b11101110100010000011101110100110 P#
b11110001101100010001111100011110 5%
b1101101010110 U%
b110101000111 f%
#3616
b11110001110000110101001110100100 T
b11101110100110100111000000101100 0#
b11101110100110100111000000101100 P#
b11110001110000110101001110100100 5%
b1101101010111 U%
b110101001000 f%
#3617
b11110001110101011000100000101010 T
b11101110101011001010010010110010 0#
b11101110101011001010010010110010 P#
b11110001110101011000100000101010 5%
b1101101011000 U%
b110101001001 f%
#3618
b11110001111001111011111101111010 T
b11101110101111101101110000000010 0#
b11101110101111101101110000000010 P#
b11110001111001111011111101111010 5%
b1101101011001 U%
b110101001010 f%
#3619
b11110001111110011111010000000000 T
b11101110110100010001000010001000 0#
b11101110110100010001000010001000 P#
b11110001111110011111010000000000 5%
b1101101011010 U%
b110101001011 f%
#3620
b11110010000011000010100010000110 T
b11101110111000110100010100001110 0#
b11101110111000110100010100001110 P#
b11110010000011000010100010000110 5%
b1101101011011 U%
b110101001100 f%
#3621
b11110010000111100101111111010110 T
b11101110111101010111110001011110 0#
b11101110111101010111110001011110 P#
b11110010000111100101111111010110 5%
b1101101011100 U%
b110101001101 f%
#3622
b11110010001100001001010001011100 T
b11101111000001111011000011100100 0#
b11101111000001111011000011100100 P#
b11110010001100001001010001011100 5%
b1101101011101 U%
b110101001110 f%
#3623
b11110010010000101100100011100010 T
b11101111000110011110010101101010 0#
b11101111000110011110010101101010 P#
b11110010010000101100100011100010 5%
b1101101011110 U%
b110101001111 f%
#3624
b11110010010101010000000000110010 T
b11101111001011000001110010111010 0#
b11101111001011000001110010111010 P#
b11110010010101010000000000110010 5%
b1101101011111 U%
b110101010000 f%
#3625
b11110010011001110011010010111000 T
b11101111001111100101000101000000 0#
b11101111001111100101000101000000 P#
b11110010011001110011010010111000 5%
b1101101100000 U%
b110101010001 f%
#3626
b11110010011110010110100100111110 T
b11101111010100001000010111000110 0#
b11101111010100001000010111000110 P#
b11110010011110010110100100111110 5%
b1101101100001 U%
b110101010010 f%
#3627
b11110010100010111010000010001110 T
b11101111011000101011110100010110 0#
b11101111011000101011110100010110 P#
b11110010100010111010000010001110 5%
b1101101100010 U%
b110101010011 f%
#3628
b11110010100111011101010100010100 T
b11101111011101001111000110011100 0#
b11101111011101001111000110011100 P#
b11110010100111011101010100010100 5%
b1101101100011 U%
b110101010100 f%
#3629
b11110010101100000000100110011010 T
b11101111100001110010011000100010 0#
b11101111100001110010011000100010 P#
b11110010101100000000100110011010 5%
b1101101100100 U%
b110101010101 f%
#3630
b11110010110000100100000011101010 T
b11101111100110010101110101110010 0#
b11101111100110010101110101110010 P#
b11110010110000100100000011101010 5%
b1101101100101 U%
b110101010110 f%
#3631
b11110010110101000111010101110000 T
b11101111101010111001000111111000 0#
b11101111101010111001000111111000 P#
b11110010110101000111010101110000 5%
b1101101100110 U%
b110101010111 f%
#3632
b11110010111001101010100111110110 T
b11101111101111011100011001111110 0#
b11101111101111011100011001111110 P#
b11110010111001101010100111110110 5%
b1101101100111 U%
b110101011000 f%
#3633
b11110010111110001110000101000110 T
b11101111110011111111110111001110 0#
b11101111110011111111110111001110 P#
b11110010111110001110000101000110 5%
b1101101101000 U%
b110101011001 f%
#3634
b11110011000010110001010111001100 T
b11101111111000100011001001010100 0#
b11101111111000100011001001010100 P#
b11110011000010110001010111001100 5%
b1101101101001 U%
b110101011010 f%
#3635
b11110011000111010100101001010010 T
b11101111111101000110011011011010 0#
b11101111111101000110011011011010 P#
b11110011000111010100101001010010 5%
b1101101101010 U%
b110101011011 f%
#3636
b11110011001011111000000110100010 T
b11110000000001101001111000101010 0#
b11110000000001101001111000101010 P#
b11110011001011111000000110100010 5%
b1101101101011 U%
b110101011100 f%
#3637
b111001 $
b11000011100011100 4
b11110011010000011011011000101100 T
b11110000000101110110010101010010 0#
b11110000000101110110010101010010 P#
b11111100110101110001110010001000 p#
b11110011010000011011011000101100 5%
b1101101101100 U%
b110101011101 f%
#3638
b11110011010100111110101010110010 T
b11110000001010011001100111011000 0#
b11110000001010011001100111011000 P#
b11110011010100111110101010110010 5%
b1101101101101 U%
b110101011110 f%
#3639
b11110011011001100010001000000010 T
b11110000001110111101000100101000 0#
b11110000001110111101000100101000 P#
b11110011011001100010001000000010 5%
b1101101101110 U%
b110101011111 f%
#3640
b11110011011110000101011010001000 T
b11110000010011100000010110101110 0#
b11110000010011100000010110101110 P#
b11110011011110000101011010001000 5%
b1101101101111 U%
b110101100000 f%
#3641
b11110011100010101000101100001110 T
b11110000011000000011101000110100 0#
b11110000011000000011101000110100 P#
b11110011100010101000101100001110 5%
b1101101110000 U%
b110101100001 f%
#3642
b11110011100111001011111110010100 T
b11110000011100100110111010111010 0#
b11110000011100100110111010111010 P#
b11110011100111001011111110010100 5%
b1101101110001 U%
b110101100010 f%
#3643
b11110011101011101111011011100100 T
b11110000100001001010011000001010 0#
b11110000100001001010011000001010 P#
b11110011101011101111011011100100 5%
b1101101110010 U%
b110101100011 f%
#3644
b11110011110000010010101101101010 T
b11110000100101101101101010010000 0#
b11110000100101101101101010010000 P#
b11110011110000010010101101101010 5%
b1101101110011 U%
b110101100100 f%
#3645
b11110011110100110101111111110000 T
b11110000101010010000111100010110 0#
b11110000101010010000111100010110 P#
b11110011110100110101111111110000 5%
b1101101110100 U%
b110101100101 f%
#3646
b11110011111001011001011101000000 T
b11110000101110110100011001100110 0#
b11110000101110110100011001100110 P#
b11110011111001011001011101000000 5%
b1101101110101 U%
b110101100110 f%
#3647
b11110011111101111100101111000110 T
b11110000110011010111101011101100 0#
b11110000110011010111101011101100 P#
b11110011111101111100101111000110 5%
b1101101110110 U%
b110101100111 f%
#3648
b11110100000010100000000001001100 T
b11110000110111111010111101110010 0#
b11110000110111111010111101110010 P#
b11110100000010100000000001001100 5%
b1101101110111 U%
b110101101000 f%
#3649
b11110100000111000011011110011100 T
b11110000111100011110011011000010 0#
b11110000111100011110011011000010 P#
b11110100000111000011011110011100 5%
b1101101111000 U%
b110101101001 f%
#3650
b11110100001011100110110000100010 T
b11110001000001000001101101001000 0#
b11110001000001000001101101001000 P#
b11110100001011100110110000100010 5%
b1101101111001 U%
b110101101010 f%
#3651
b11110100010000001010000010101000 T
b11110001000101100100111111001110 0#
b11110001000101100100111111001110 P#
b11110100010000001010000010101000 5%
b1101101111010 U%
b110101101011 f%
#3652
b11110100010100101101011111111000 T
b11110001001010001000011100011110 0#
b11110001001010001000011100011110 P#
b11110100010100101101011111111000 5%
b1101101111011 U%
b110101101100 f%
#3653
b11110100011001010000110001111110 T
b11110001001110101011101110100100 0#
b11110001001110101011101110100100 P#
b11110100011001010000110001111110 5%
b1101101111100 U%
b110101101101 f%
#3654
b11110100011101110100000100000100 T
b11110001010011001111000000101010 0#
b11110001010011001111000000101010 P#
b11110100011101110100000100000100 5%
b1101101111101 U%
b110101101110 f%
#3655
b11110100100010010111100001010100 T
b11110001010111110010011101111010 0#
b11110001010111110010011101111010 P#
b11110100100010010111100001010100 5%
b1101101111110 U%
b110101101111 f%
#3656
b11110100100110111010110011011010 T
b11110001011100010101110000000000 0#
b11110001011100010101110000000000 P#
b11110100100110111010110011011010 5%
b1101101111111 U%
b110101110000 f%
#3657
b11110100101011011110000101100000 T
b11110001100000111001000010000110 0#
b11110001100000111001000010000110 P#
b11110100101011011110000101100000 5%
b1101110000000 U%
b110101110001 f%
#3658
b11110100110000000001100010110000 T
b11110001100101011100011111010110 0#
b11110001100101011100011111010110 P#
b11110100110000000001100010110000 5%
b1101110000001 U%
b110101110010 f%
#3659
b11110100110100100100110100110110 T
b11110001101001111111110001011100 0#
b11110001101001111111110001011100 P#
b11110100110100100100110100110110 5%
b1101110000010 U%
b110101110011 f%
#3660
b11110100111001001000000110111100 T
b11110001101110100011000011100010 0#
b11110001101110100011000011100010 P#
b11110100111001001000000110111100 5%
b1101110000011 U%
b110101110100 f%
#3661
b11110100111101101011100100001100 T
b11110001110011000110100000110010 0#
b11110001110011000110100000110010 P#
b11110100111101101011100100001100 5%
b1101110000100 U%
b110101110101 f%
#3662
b11110101000010001110110110010010 T
b11110001110111101001110010111000 0#
b11110001110111101001110010111000 P#
b11110101000010001110110110010010 5%
b1101110000101 U%
b110101110110 f%
#3663
b11110101000110110010001000011000 T
b11110001111100001101000100111110 0#
b11110001111100001101000100111110 P#
b11110101000110110010001000011000 5%
b1101110000110 U%
b110101110111 f%
#3664
b11110101001011010101100101101000 T
b11110010000000110000100010001110 0#
b11110010000000110000100010001110 P#
b11110101001011010101100101101000 5%
b1101110000111 U%
b110101111000 f%
#3665
b11110101001111111000110111101110 T
b11110010000101010011110100010100 0#
b11110010000101010011110100010100 P#
b11110101001111111000110111101110 5%
b1101110001000 U%
b110101111001 f%
#3666
b11110101010100011100001001110100 T
b11110010001001110111000110011010 0#
b11110010001001110111000110011010 P#
b11110101010100011100001001110100 5%
b1101110001001 U%
b110101111010 f%
#3667
b11110101011000111111100111000100 T
b11110010001110011010100011101010 0#
b11110010001110011010100011101010 P#
b11110101011000111111100111000100 5%
b1101110001010 U%
b110101111011 f%
#3668
b11110101011101100010111001001010 T
b11110010010010111101110101110000 0#
b11110010010010111101110101110000 P#
b11110101011101100010111001001010 5%
b1101110001011 U%
b110101111100 f%
#3669
b11110101100010000110001011010000 T
b11110010010111100001000111110110 0#
b11110010010111100001000111110110 P#
b11110101100010000110001011010000 5%
b1101110001100 U%
b110101111101 f%
#3670
b11110101100110101001011101010110 T
b11110010011100000100011001111100 0#
b11110010011100000100011001111100 P#
b11110101100110101001011101010110 5%
b1101110001101 U%
b110101111110 f%
#3671
b11110101101011001100111010100110 T
b11110010100000100111110111001100 0#
b11110010100000100111110111001100 P#
b11110101101011001100111010100110 5%
b1101110001110 U%
b110101111111 f%
#3672
b11110101101111110000001100101100 T
b11110010100101001011001001010010 0#
b11110010100101001011001001010010 P#
b11110101101111110000001100101100 5%
b1101110001111 U%
b110110000000 f%
#3673
b11110101110100010011011110110010 T
b11110010101001101110011011011000 0#
b11110010101001101110011011011000 P#
b11110101110100010011011110110010 5%
b1101110010000 U%
b110110000001 f%
#3674
b11110101111000110110111100000010 T
b11110010101110010001111000101000 0#
b11110010101110010001111000101000 P#
b11110101111000110110111100000010 5%
b1101110010001 U%
b110110000010 f%
#3675
b11110101111101011010001110001000 T
b11110010110010110101001010101110 0#
b11110010110010110101001010101110 P#
b11110101111101011010001110001000 5%
b1101110010010 U%
b110110000011 f%
#3676
b11110110000001111101100000001110 T
b11110010110111011000011100110100 0#
b11110010110111011000011100110100 P#
b11110110000001111101100000001110 5%
b1101110010011 U%
b110110000100 f%
#3677
b11110110000110100000111101011110 T
b11110010111011111011111010000100 0#
b11110010111011111011111010000100 P#
b11110110000110100000111101011110 5%
b1101110010100 U%
b110110000101 f%
#3678
b11110110001011000100001111100100 T
b11110011000000011111001100001010 0#
b11110011000000011111001100001010 P#
b11110110001011000100001111100100 5%
b1101110010101 U%
b110110000110 f%
#3679
b11110110001111100111100001101010 T
b11110011000101000010011110010000 0#
b11110011000101000010011110010000 P#
b11110110001111100111100001101010 5%
b1101110010110 U%
b110110000111 f%
#3680
b11110110010100001010111110111010 T
b11110011001001100101111011100000 0#
b11110011001001100101111011100000 P#
b11110110010100001010111110111010 5%
b1101110010111 U%
b110110001000 f%
#3681
b11110110011000101110010001000000 T
b11110011001110001001001101100110 0#
b11110011001110001001001101100110 P#
b11110110011000101110010001000000 5%
b1101110011000 U%
b110110001001 f%
#3682
b11110110011101010001100011000110 T
b11110011010010101100011111101100 0#
b11110011010010101100011111101100 P#
b11110110011101010001100011000110 5%
b1101110011001 U%
b110110001010 f%
#3683
b11110110100001110101000000010110 T
b11110011010111001111111100111100 0#
b11110011010111001111111100111100 P#
b11110110100001110101000000010110 5%
b1101110011010 U%
b110110001011 f%
#3684
b11110110100110011000010010011100 T
b11110011011011110011001111000010 0#
b11110011011011110011001111000010 P#
b11110110100110011000010010011100 5%
b1101110011011 U%
b110110001100 f%
#3685
b11110110101010111011100100100010 T
b11110011100000010110100001001000 0#
b11110011100000010110100001001000 P#
b11110110101010111011100100100010 5%
b1101110011100 U%
b110110001101 f%
#3686
b11110110101111011111000001110010 T
b11110011100100111001111110011000 0#
b11110011100100111001111110011000 P#
b11110110101111011111000001110010 5%
b1101110011101 U%
b110110001110 f%
#3687
b11110110110100000010010011111000 T
b11110011101001011101010000011110 0#
b11110011101001011101010000011110 P#
b11110110110100000010010011111000 5%
b1101110011110 U%
b110110001111 f%
#3688
b11110110111000100101100101111110 T
b11110011101110000000100010100100 0#
b11110011101110000000100010100100 P#
b11110110111000100101100101111110 5%
b1101110011111 U%
b110110010000 f%
#3689
b11110110111101001001000011001110 T
b11110011110010100011111111110100 0#
b11110011110010100011111111110100 P#
b11110110111101001001000011001110 5%
b1101110100000 U%
b110110010001 f%
#3690
b11110111000001101100010101010100 T
b11110011110111000111010001111010 0#
b11110011110111000111010001111010 P#
b11110111000001101100010101010100 5%
b1101110100001 U%
b110110010010 f%
#3691
b11110111000110001111100111011010 T
b11110011111011101010100100000000 0#
b11110011111011101010100100000000 P#
b11110111000110001111100111011010 5%
b1101110100010 U%
b110110010011 f%
#3692
b11110111001010110011000100101010 T
b11110100000000001110000001010000 0#
b11110100000000001110000001010000 P#
b11110111001010110011000100101010 5%
b1101110100011 U%
b110110010100 f%
#3693
b11110111001111010110010110110000 T
b11110100000100110001010011010110 0#
b11110100000100110001010011010110 P#
b11110111001111010110010110110000 5%
b1101110100100 U%
b110110010101 f%
#3694
b11110111010011111001101000110110 T
b11110100001001010100100101011100 0#
b11110100001001010100100101011100 P#
b11110111010011111001101000110110 5%
b1101110100101 U%
b110110010110 f%
#3695
b11110111011000011101000110000110 T
b11110100001101111000000010101100 0#
b11110100001101111000000010101100 P#
b11110111011000011101000110000110 5%
b1101110100110 U%
b110110010111 f%
#3696
b11110111011101000000011000001100 T
b11110100010010011011010100110010 0#
b11110100010010011011010100110010 P#
b11110111011101000000011000001100 5%
b1101110100111 U%
b110110011000 f%
#3697
b111010 $
b11110111100001100011101010010110 T
b11110100010110100011111011111110 0#
b11110100010110100011111011111110 P#
b11111100110101011010111100100110 p#
b11110111100001100011101010010110 5%
b1101110101000 U%
b110110011001 f%
#3698
b11110111100110000111000111100110 T
b11110100011011000111011001001110 0#
b11110100011011000111011001001110 P#
b11110111100110000111000111100110 5%
b1101110101001 U%
b110110011010 f%
#3699
b11110111101010101010011001101100 T
b11110100011111101010101011010100 0#
b11110100011111101010101011010100 P#
b11110111101010101010011001101100 5%
b1101110101010 U%
b110110011011 f%
#3700
b11110111101111001101101011110010 T
b11110100100100001101111101011010 0#
b11110100100100001101111101011010 P#
b11110111101111001101101011110010 5%
b1101110101011 U%
b110110011100 f%
#3701
b11110111110011110000111101111000 T
b11110100101000110001001111100000 0#
b11110100101000110001001111100000 P#
b11110111110011110000111101111000 5%
b1101110101100 U%
b110110011101 f%
#3702
b11110111111000010100011011001000 T
b11110100101101010100101100110000 0#
b11110100101101010100101100110000 P#
b11110111111000010100011011001000 5%
b1101110101101 U%
b110110011110 f%
#3703
b11110111111100110111101101001110 T
b11110100110001110111111110110110 0#
b11110100110001110111111110110110 P#
b11110111111100110111101101001110 5%
b1101110101110 U%
b110110011111 f%
#3704
b11111000000001011010111111010100 T
b11110100110110011011010000111100 0#
b11110100110110011011010000111100 P#
b11111000000001011010111111010100 5%
b1101110101111 U%
b110110100000 f%
#3705
b11111000000101111110011100100100 T
b11110100111010111110101110001100 0#
b11110100111010111110101110001100 P#
b11111000000101111110011100100100 5%
b1101110110000 U%
b110110100001 f%
#3706
b11111000001010100001101110101010 T
b11110100111111100010000000010010 0#
b11110100111111100010000000010010 P#
b11111000001010100001101110101010 5%
b1101110110001 U%
b110110100010 f%
#3707
b11111000001111000101000000110000 T
b11110101000100000101010010011000 0#
b11110101000100000101010010011000 P#
b11111000001111000101000000110000 5%
b1101110110010 U%
b110110100011 f%
#3708
b11111000010011101000011110000000 T
b11110101001000101000101111101000 0#
b11110101001000101000101111101000 P#
b11111000010011101000011110000000 5%
b1101110110011 U%
b110110100100 f%
#3709
b11111000011000001011110000000110 T
b11110101001101001100000001101110 0#
b11110101001101001100000001101110 P#
b11111000011000001011110000000110 5%
b1101110110100 U%
b110110100101 f%
#3710
b11111000011100101111000010001100 T
b11110101010001101111010011110100 0#
b11110101010001101111010011110100 P#
b11111000011100101111000010001100 5%
b1101110110101 U%
b110110100110 f%
#3711
b11111000100001010010011111011100 T
b11110101010110010010110001000100 0#
b11110101010110010010110001000100 P#
b11111000100001010010011111011100 5%
b1101110110110 U%
b110110100111 f%
#3712
b11111000100101110101110001100010 T
b11110101011010110110000011001010 0#
b11110101011010110110000011001010 P#
b11111000100101110101110001100010 5%
b1101110110111 U%
b110110101000 f%
#3713
b11111000101010011001000011101000 T
b11110101011111011001010101010000 0#
b11110101011111011001010101010000 P#
b11111000101010011001000011101000 5%
b1101110111000 U%
b110110101001 f%
#3714
b11111000101110111100100000111000 T
b11110101100011111100110010100000 0#
b11110101100011111100110010100000 P#
b11111000101110111100100000111000 5%
b1101110111001 U%
b110110101010 f%
#3715
b11111000110011011111110010111110 T
b11110101101000100000000100100110 0#
b11110101101000100000000100100110 P#
b11111000110011011111110010111110 5%
b1101110111010 U%
b110110101011 f%
#3716
b11111000111000000011000101000100 T
b11110101101101000011010110101100 0#
b11110101101101000011010110101100 P#
b11111000111000000011000101000100 5%
b1101110111011 U%
b110110101100 f%
#3717
b11111000111100100110100010010100 T
b11110101110001100110110011111100 0#
b11110101110001100110110011111100 P#
b11111000111100100110100010010100 5%
b1101110111100 U%
b110110101101 f%
#3718
b11111001000001001001110100011010 T
b11110101110110001010000110000010 0#
b11110101110110001010000110000010 P#
b11111001000001001001110100011010 5%
b1101110111101 U%
b110110101110 f%
#3719
b11111001000101101101000110100000 T
b11110101111010101101011000001000 0#
b11110101111010101101011000001000 P#
b11111001000101101101000110100000 5%
b1101110111110 U%
b110110101111 f%
#3720
b11111001001010010000100011110000 T
b11110101111111010000110101011000 0#
b11110101111111010000110101011000 P#
b11111001001010010000100011110000 5%
b1101110111111 U%
b110110110000 f%
#3721
b11111001001110110011110101110110 T
b11110110000011110100000111011110 0#
b11110110000011110100000111011110 P#
b11111001001110110011110101110110 5%
b1101111000000 U%
b110110110001 f%
#3722
b11111001010011010111000111111100 T
b11110110001000010111011001100100 0#
b11110110001000010111011001100100 P#
b11111001010011010111000111111100 5%
b1101111000001 U%
b110110110010 f%
#3723
b11111001010111111010100101001100 T
b11110110001100111010110110110100 0#
b11110110001100111010110110110100 P#
b11111001010111111010100101001100 5%
b1101111000010 U%
b110110110011 f%
#3724
b11111001011100011101110111010010 T
b11110110010001011110001000111010 0#
b11110110010001011110001000111010 P#
b11111001011100011101110111010010 5%
b1101111000011 U%
b110110110100 f%
#3725
b11111001100001000001001001011000 T
b11110110010110000001011011000000 0#
b11110110010110000001011011000000 P#
b11111001100001000001001001011000 5%
b1101111000100 U%
b110110110101 f%
#3726
b11111001100101100100100110101000 T
b11110110011010100100111000010000 0#
b11110110011010100100111000010000 P#
b11111001100101100100100110101000 5%
b1101111000101 U%
b110110110110 f%
#3727
b11111001101010000111111000101110 T
b11110110011111001000001010010110 0#
b11110110011111001000001010010110 P#
b11111001101010000111111000101110 5%
b1101111000110 U%
b110110110111 f%
#3728
b11111001101110101011001010110100 T
b11110110100011101011011100011100 0#
b11110110100011101011011100011100 P#
b11111001101110101011001010110100 5%
b1101111000111 U%
b110110111000 f%
#3729
b11111001110011001110011100111010 T
b11110110101000001110101110100010 0#
b11110110101000001110101110100010 P#
b11111001110011001110011100111010 5%
b1101111001000 U%
b110110111001 f%
#3730
b11111001110111110001111010001010 T
b11110110101100110010001011110010 0#
b11110110101100110010001011110010 P#
b11111001110111110001111010001010 5%
b1101111001001 U%
b110110111010 f%
#3731
b11111001111100010101001100010000 T
b11110110110001010101011101111000 0#
b11110110110001010101011101111000 P#
b11111001111100010101001100010000 5%
b1101111001010 U%
b110110111011 f%
#3732
b11111010000000111000011110010110 T
b11110110110101111000101111111110 0#
b11110110110101111000101111111110 P#
b11111010000000111000011110010110 5%
b1101111001011 U%
b110110111100 f%
#3733
b11111010000101011011111011100110 T
b11110110111010011100001101001110 0#
b11110110111010011100001101001110 P#
b11111010000101011011111011100110 5%
b1101111001100 U%
b110110111101 f%
#3734
b11111010001001111111001101101100 T
b11110110111110111111011111010100 0#
b11110110111110111111011111010100 P#
b11111010001001111111001101101100 5%
b1101111001101 U%
b110110111110 f%
#3735
b11111010001110100010011111110010 T
b11110111000011100010110001011010 0#
b11110111000011100010110001011010 P#
b11111010001110100010011111110010 5%
b1101111001110 U%
b110110111111 f%
#3736
b11111010010011000101111101000010 T
b11110111001000000110001110101010 0#
b11110111001000000110001110101010 P#
b11111010010011000101111101000010 5%
b1101111001111 U%
b110111000000 f%
#3737
b11111010010111101001001111001000 T
b11110111001100101001100000110000 0#
b11110111001100101001100000110000 P#
b11111010010111101001001111001000 5%
b1101111010000 U%
b110111000001 f%
#3738
b11111010011100001100100001001110 T
b11110111010001001100110010110110 0#
b11110111010001001100110010110110 P#
b11111010011100001100100001001110 5%
b1101111010001 U%
b110111000010 f%
#3739
b11111010100000101111111110011110 T
b11110111010101110000010000000110 0#
b11110111010101110000010000000110 P#
b11111010100000101111111110011110 5%
b1101111010010 U%
b110111000011 f%
#3740
b11111010100101010011010000100100 T
b11110111011010010011100010001100 0#
b11110111011010010011100010001100 P#
b11111010100101010011010000100100 5%
b1101111010011 U%
b110111000100 f%
#3741
b11111010101001110110100010101010 T
b11110111011110110110110100010010 0#
b11110111011110110110110100010010 P#
b11111010101001110110100010101010 5%
b1101111010100 U%
b110111000101 f%
#3742
b11111010101110011001111111111010 T
b11110111100011011010010001100010 0#
b11110111100011011010010001100010 P#
b11111010101110011001111111111010 5%
b1101111010101 U%
b110111000110 f%
#3743
b11111010110010111101010010000000 T
b11110111100111111101100011101000 0#
b11110111100111111101100011101000 P#
b11111010110010111101010010000000 5%
b1101111010110 U%
b110111000111 f%
#3744
b11111010110111100000100100000110 T
b11110111101100100000110101101110 0#
b11110111101100100000110101101110 P#
b11111010110111100000100100000110 5%
b1101111010111 U%
b110111001000 f%
#3745
b11111010111100000100000001010110 T
b11110111110001000100010010111110 0#
b11110111110001000100010010111110 P#
b11111010111100000100000001010110 5%
b1101111011000 U%
b110111001001 f%
#3746
b11111011000000100111010011011100 T
b11110111110101100111100101000100 0#
b11110111110101100111100101000100 P#
b11111011000000100111010011011100 5%
b1101111011001 U%
b110111001010 f%
#3747
b11111011000101001010100101100010 T
b11110111111010001010110111001010 0#
b11110111111010001010110111001010 P#
b11111011000101001010100101100010 5%
b1101111011010 U%
b110111001011 f%
#3748
b11111011001001101110000010110010 T
b11110111111110101110010100011010 0#
b11110111111110101110010100011010 P#
b11111011001001101110000010110010 5%
b1101111011011 U%
b110111001100 f%
#3749
b11111011001110010001010100111000 T
b11111000000011010001100110100000 0#
b11111000000011010001100110100000 P#
b11111011001110010001010100111000 5%
b1101111011100 U%
b110111001101 f%
#3750
b11111011010010110100100110111110 T
b11111000000111110100111000100110 0#
b11111000000111110100111000100110 P#
b11111011010010110100100110111110 5%
b1101111011101 U%
b110111001110 f%
#3751
b11111011010111011000000100001110 T
b11111000001100011000010101110110 0#
b11111000001100011000010101110110 P#
b11111011010111011000000100001110 5%
b1101111011110 U%
b110111001111 f%
#3752
b11111011011011111011010110010100 T
b11111000010000111011100111111100 0#
b11111000010000111011100111111100 P#
b11111011011011111011010110010100 5%
b1101111011111 U%
b110111010000 f%
#3753
b11111011100000011110101000011010 T
b11111000010101011110111010000010 0#
b11111000010101011110111010000010 P#
b11111011100000011110101000011010 5%
b1101111100000 U%
b110111010001 f%
#3754
b11111011100101000010000101101010 T
b11111000011010000010010111010010 0#
b11111000011010000010010111010010 P#
b11111011100101000010000101101010 5%
b1101111100001 U%
b110111010010 f%
#3755
b11111011101001100101010111110000 T
b11111000011110100101101001011000 0#
b11111000011110100101101001011000 P#
b11111011101001100101010111110000 5%
b1101111100010 U%
b110111010011 f%
#3756
b11111011101110001000101001110110 T
b11111000100011001000111011011110 0#
b11111000100011001000111011011110 P#
b11111011101110001000101001110110 5%
b1101111100011 U%
b110111010100 f%
#3757
b111011 $
b11111011110010101100000111001010 T
b11111000100111010101001100111100 0#
b11111000100111010101001100111100 P#
b11111100110101000000010001101000 p#
b11111011110010101100000111001010 5%
b1101111100100 U%
b110111010101 f%
#3758
b11111011110111001111011001010000 T
b11111000101011111000011111000010 0#
b11111000101011111000011111000010 P#
b11111011110111001111011001010000 5%
b1101111100101 U%
b110111010110 f%
#3759
b11111011111011110010101011010110 T
b11111000110000011011110001001000 0#
b11111000110000011011110001001000 P#
b11111011111011110010101011010110 5%
b1101111100110 U%
b110111010111 f%
#3760
b11111100000000010101111101011100 T
b11111000110100111111000011001110 0#
b11111000110100111111000011001110 P#
b11111100000000010101111101011100 5%
b1101111100111 U%
b110111011000 f%
#3761
b11111100000100111001011010101100 T
b11111000111001100010100000011110 0#
b11111000111001100010100000011110 P#
b11111100000100111001011010101100 5%
b1101111101000 U%
b110111011001 f%
#3762
b11111100001001011100101100110010 T
b11111000111110000101110010100100 0#
b11111000111110000101110010100100 P#
b11111100001001011100101100110010 5%
b1101111101001 U%
b110111011010 f%
#3763
b11111100001101111111111110111000 T
b11111001000010101001000100101010 0#
b11111001000010101001000100101010 P#
b11111100001101111111111110111000 5%
b1101111101010 U%
b110111011011 f%
#3764
b11111100010010100011011100001000 T
b11111001000111001100100001111010 0#
b11111001000111001100100001111010 P#
b11111100010010100011011100001000 5%
b1101111101011 U%
b110111011100 f%
#3765
b11111100010111000110101110001110 T
b11111001001011101111110100000000 0#
b11111001001011101111110100000000 P#
b11111100010111000110101110001110 5%
b1101111101100 U%
b110111011101 f%
#3766
b11111100011011101010000000010100 T
b11111001010000010011000110000110 0#
b11111001010000010011000110000110 P#
b11111100011011101010000000010100 5%
b1101111101101 U%
b110111011110 f%
#3767
b11111100100000001101011101100100 T
b11111001010100110110100011010110 0#
b11111001010100110110100011010110 P#
b11111100100000001101011101100100 5%
b1101111101110 U%
b110111011111 f%
#3768
b11111100100100110000101111101010 T
b11111001011001011001110101011100 0#
b11111001011001011001110101011100 P#
b11111100100100110000101111101010 5%
b1101111101111 U%
b110111100000 f%
#3769
b11111100101001010100000001110000 T
b11111001011101111101000111100010 0#
b11111001011101111101000111100010 P#
b11111100101001010100000001110000 5%
b1101111110000 U%
b110111100001 f%
#3770
b11111100101101110111011111000000 T
b11111001100010100000100100110010 0#
b11111001100010100000100100110010 P#
b11111100101101110111011111000000 5%
b1101111110001 U%
b110111100010 f%
#3771
b11111100110010011010110001000110 T
b11111001100111000011110110111000 0#
b11111001100111000011110110111000 P#
b11111100110010011010110001000110 5%
b1101111110010 U%
b110111100011 f%
#3772
b11111100110110111110000011001100 T
b11111001101011100111001000111110 0#
b11111001101011100111001000111110 P#
b11111100110110111110000011001100 5%
b1101111110011 U%
b110111100100 f%
#3773
b11111100111011100001100000011100 T
b11111001110000001010100110001110 0#
b11111001110000001010100110001110 P#
b11111100111011100001100000011100 5%
b1101111110100 U%
b110111100101 f%
#3774
b11111101000000000100110010100010 T
b11111001110100101101111000010100 0#
b11111001110100101101111000010100 P#
b11111101000000000100110010100010 5%
b1101111110101 U%
b110111100110 f%
#3775
b11111101000100101000000100101000 T
b11111001111001010001001010011010 0#
b11111001111001010001001010011010 P#
b11111101000100101000000100101000 5%
b1101111110110 U%
b110111100111 f%
#3776
b11111101001001001011100001111000 T
b11111001111101110100100111101010 0#
b11111001111101110100100111101010 P#
b11111101001001001011100001111000 5%
b1101111110111 U%
b110111101000 f%
#3777
b11111101001101101110110011111110 T
b11111010000010010111111001110000 0#
b11111010000010010111111001110000 P#
b11111101001101101110110011111110 5%
b1101111111000 U%
b110111101001 f%
#3778
b11111101010010010010000110000100 T
b11111010000110111011001011110110 0#
b11111010000110111011001011110110 P#
b11111101010010010010000110000100 5%
b1101111111001 U%
b110111101010 f%
#3779
b11111101010110110101100011010100 T
b11111010001011011110101001000110 0#
b11111010001011011110101001000110 P#
b11111101010110110101100011010100 5%
b1101111111010 U%
b110111101011 f%
#3780
b11111101011011011000110101011010 T
b11111010010000000001111011001100 0#
b11111010010000000001111011001100 P#
b11111101011011011000110101011010 5%
b1101111111011 U%
b110111101100 f%
#3781
b11111101011111111100000111100000 T
b11111010010100100101001101010010 0#
b11111010010100100101001101010010 P#
b11111101011111111100000111100000 5%
b1101111111100 U%
b110111101101 f%
#3782
b11111101100100011111100100110000 T
b11111010011001001000101010100010 0#
b11111010011001001000101010100010 P#
b11111101100100011111100100110000 5%
b1101111111101 U%
b110111101110 f%
#3783
b11111101101001000010110110110110 T
b11111010011101101011111100101000 0#
b11111010011101101011111100101000 P#
b11111101101001000010110110110110 5%
b1101111111110 U%
b110111101111 f%
#3784
b11111101101101100110001000111100 T
b11111010100010001111001110101110 0#
b11111010100010001111001110101110 P#
b11111101101101100110001000111100 5%
b1101111111111 U%
b110111110000 f%
#3785
b11111101110010001001100110001100 T
b11111010100110110010101011111110 0#
b11111010100110110010101011111110 P#
b11111101110010001001100110001100 5%
b1110000000000 U%
b110111110001 f%
#3786
b11111101110110101100111000010010 T
b11111010101011010101111110000100 0#
b11111010101011010101111110000100 P#
b11111101110110101100111000010010 5%
b1110000000001 U%
b110111110010 f%
#3787
b11111101111011010000001010011000 T
b11111010101111111001010000001010 0#
b11111010101111111001010000001010 P#
b11111101111011010000001010011000 5%
b1110000000010 U%
b110111110011 f%
#3788
b11111101111111110011011100011110 T
b11111010110100011100100010010000 0#
b11111010110100011100100010010000 P#
b11111101111111110011011100011110 5%
b1110000000011 U%
b110111110100 f%
#3789
b11111110000100010110111001101110 T
b11111010111000111111111111100000 0#
b11111010111000111111111111100000 P#
b11111110000100010110111001101110 5%
b1110000000100 U%
b110111110101 f%
#3790
b11111110001000111010001011110100 T
b11111010111101100011010001100110 0#
b11111010111101100011010001100110 P#
b11111110001000111010001011110100 5%
b1110000000101 U%
b110111110110 f%
#3791
b11111110001101011101011101111010 T
b11111011000010000110100011101100 0#
b11111011000010000110100011101100 P#
b11111110001101011101011101111010 5%
b1110000000110 U%
b110111110111 f%
#3792
b11111110010010000000111011001010 T
b11111011000110101010000000111100 0#
b11111011000110101010000000111100 P#
b11111110010010000000111011001010 5%
b1110000000111 U%
b110111111000 f%
#3793
b11111110010110100100001101010000 T
b11111011001011001101010011000010 0#
b11111011001011001101010011000010 P#
b11111110010110100100001101010000 5%
b1110000001000 U%
b110111111001 f%
#3794
b11111110011011000111011111010110 T
b11111011001111110000100101001000 0#
b11111011001111110000100101001000 P#
b11111110011011000111011111010110 5%
b1110000001001 U%
b110111111010 f%
#3795
b11111110011111101010111100100110 T
b11111011010100010100000010011000 0#
b11111011010100010100000010011000 P#
b11111110011111101010111100100110 5%
b1110000001010 U%
b110111111011 f%
#3796
b11111110100100001110001110101100 T
b11111011011000110111010100011110 0#
b11111011011000110111010100011110 P#
b11111110100100001110001110101100 5%
b1110000001011 U%
b110111111100 f%
#3797
b11111110101000110001100000110010 T
b11111011011101011010100110100100 0#
b11111011011101011010100110100100 P#
b11111110101000110001100000110010 5%
b1110000001100 U%
b110111111101 f%
#3798
b11111110101101010100111110000010 T
b11111011100001111110000011110100 0#
b11111011100001111110000011110100 P#
b11111110101101010100111110000010 5%
b1110000001101 U%
b110111111110 f%
#3799
b11111110110001111000010000001000 T
b11111011100110100001010101111010 0#
b11111011100110100001010101111010 P#
b11111110110001111000010000001000 5%
b1110000001110 U%
b110111111111 f%
#3800
b11111110110110011011100010001110 T
b11111011101011000100101000000000 0#
b11111011101011000100101000000000 P#
b11111110110110011011100010001110 5%
b1110000001111 U%
b111000000000 f%
#3801
b11111110111010111110111111011110 T
b11111011101111101000000101010000 0#
b11111011101111101000000101010000 P#
b11111110111010111110111111011110 5%
b1110000010000 U%
b111000000001 f%
#3802
b11111110111111100010010001100100 T
b11111011110100001011010111010110 0#
b11111011110100001011010111010110 P#
b11111110111111100010010001100100 5%
b1110000010001 U%
b111000000010 f%
#3803
b11111111000100000101100011101010 T
b11111011111000101110101001011100 0#
b11111011111000101110101001011100 P#
b11111111000100000101100011101010 5%
b1110000010010 U%
b111000000011 f%
#3804
b11111111001000101001000000111010 T
b11111011111101010010000110101100 0#
b11111011111101010010000110101100 P#
b11111111001000101001000000111010 5%
b1110000010011 U%
b111000000100 f%
#3805
b11111111001101001100010011000000 T
b11111100000001110101011000110010 0#
b11111100000001110101011000110010 P#
b11111111001101001100010011000000 5%
b1110000010100 U%
b111000000101 f%
#3806
b11111111010001101111100101000110 T
b11111100000110011000101010111000 0#
b11111100000110011000101010111000 P#
b11111111010001101111100101000110 5%
b1110000010101 U%
b111000000110 f%
#3807
b11111111010110010011000010010110 T
b11111100001010111100001000001000 0#
b11111100001010111100001000001000 P#
b11111111010110010011000010010110 5%
b1110000010110 U%
b111000000111 f%
#3808
b11111111011010110110010100011100 T
b11111100001111011111011010001110 0#
b11111100001111011111011010001110 P#
b11111111011010110110010100011100 5%
b1110000010111 U%
b111000001000 f%
#3809
b11111111011111011001100110100010 T
b11111100010100000010101100010100 0#
b11111100010100000010101100010100 P#
b11111111011111011001100110100010 5%
b1110000011000 U%
b111000001001 f%
#3810
b11111111100011111101000011110010 T
b11111100011000100110001001100100 0#
b11111100011000100110001001100100 P#
b11111111100011111101000011110010 5%
b1110000011001 U%
b111000001010 f%
#3811
b11111111101000100000010101111000 T
b11111100011101001001011011101010 0#
b11111100011101001001011011101010 P#
b11111111101000100000010101111000 5%
b1110000011010 U%
b111000001011 f%
#3812
b11111111101101000011100111111110 T
b11111100100001101100101101110000 0#
b11111100100001101100101101110000 P#
b11111111101101000011100111111110 5%
b1110000011011 U%
b111000001100 f%
#3813
b11111111110001100111000101001110 T
b11111100100110010000001011000000 0#
b11111100100110010000001011000000 P#
b11111111110001100111000101001110 5%
b1110000011100 U%
b111000001101 f%
#3814
b11111111110110001010010111010100 T
b11111100101010110011011101000110 0#
b11111100101010110011011101000110 P#
b11111111110110001010010111010100 5%
b1110000011101 U%
b111000001110 f%
#3815
b11111111111010101101101001011010 T
b11111100101111010110101111001100 0#
b11111100101111010110101111001100 P#
b11111111111010101101101001011010 5%
b1110000011110 U%
b111000001111 f%
#3816
b11111111111111010001000110101010 T
b11111100110011111010001100011100 0#
b11111100110011111010001100011100 P#
b11111111111111010001000110101010 5%
b1110000011111 U%
b111000010001 f%
#3817
1"
1#
b0 $
b1001001101111101010 4
b0 T
0V"
0Z"
b1011001010 0#
b1011001010 P#
b11111100110100101001000101110010 p#
b0 5%
b0 U%
b1 f%
1(&
#3818
0"
0#
b100100011011111000100 T
b11101100 6"
1V"
b1101110101000000010010 0#
b1101110101000000010010 P#
b100100011011111000100 5%
b1 U%
b10 f%
0(&
#3819
b1001000110110011000100 T
b11011100110010110010010 0#
b11011100110010110010010 P#
b1001000110110011000100 5%
b10 U%
b11 f%
#3820
b1101101010001010110000 T
b101001010111110111011100 0#
b101001010111110111011100 P#
b1101101010001010110000 5%
b11 U%
b100 f%
#3821
b10010001101011110110000 T
b110111001001001101011100 0#
b110111001001001101011100 P#
b10010001101011110110000 5%
b100 U%
b101 f%
#3822
b10110110000110110011100 T
b1000100111010101110100110 0#
b1000100111010101110100110 P#
b10110110000110110011100 5%
b101 U%
b110 f%
#3823
b11011010100001010011100 T
b1010010101100000100100110 0#
b1010010101100000100100110 P#
b11011010100001010011100 5%
b110 U%
b111 f%
#3824
b11111110111100010001000 T
b1100000011101100101110000 0#
b1100000011101100101110000 P#
b11111110111100010001000 5%
b111 U%
b1000 f%
#3825
b100100011010110110001000 T
b1101110001110111011110000 0#
b1101110001110111011110000 P#
b100100011010110110001000 5%
b1000 U%
b1001 f%
#3826
b101000111110001101110100 T
b1111100000000011100111010 0#
b1111100000000011100111010 P#
b101000111110001101110100 5%
b1001 U%
b1010 f%
#3827
b101101100001100001110100 T
b10001001110001110010111010 0#
b10001001110001110010111010 P#
b101101100001100001110100 5%
b1010 U%
b1011 f%
#3828
b110010000100111001100000 T
b10010111100011010100000100 0#
b10010111100011010100000100 P#
b110010000100111001100000 5%
b1011 U%
b1100 f%
#3829
b110110101000001101100000 T
b10100101010100101010000100 0#
b10100101010100101010000100 P#
b110110101000001101100000 5%
b1100 U%
b1101 f%
#3830
b111011001011100001100000 T
b10110011000110000000000100 0#
b10110011000110000000000100 P#
b111011001011100001100000 5%
b1101 U%
b1110 f%
#3831
b111111101110111001001100 T
b11000000110111100001001110 0#
b11000000110111100001001110 P#
b111111101110111001001100 5%
b1110 U%
b1111 f%
#3832
b1000100010010001101001100 T
b11001110101000110111001110 0#
b11001110101000110111001110 P#
b1000100010010001101001100 5%
b1111 U%
b10000 f%
#3833
b1001000110101100100111000 T
b11011100011010011000011000 0#
b11011100011010011000011000 P#
b1001000110101100100111000 5%
b10000 U%
b10001 f%
#3834
b1001101011000111000111000 T
b11101010001011101110011000 0#
b11101010001011101110011000 P#
b1001101011000111000111000 5%
b10001 U%
b10010 f%
#3835
b1010001111100010000100100 T
b11110111111101001111100010 0#
b11110111111101001111100010 P#
b1010001111100010000100100 5%
b10010 U%
b10011 f%
#3836
b1010110011111100100100100 T
b100000101101110100101100010 0#
b100000101101110100101100010 P#
b1010110011111100100100100 5%
b10011 U%
b10100 f%
#3837
1"
b1 $
b11000011100001011 4
b100010001000100010001000100 T
0V"
b100010000101010011010000110 0#
b100010000101010011010000110 P#
b10110110100011010101000100 p#
b100010001000100010001000100 5%
b111011 U%
b10110 f%
#3838
0"
b100010101101100001001011001 T
b1011001011 6"
1V"
b100010010001101010001110110 0#
b100010010001101010001110110 P#
b100010101101100001001011001 5%
b111101 U%
b111110 f%
#3839
b100011010001111011111010000 T
b100010011101101011100010010 0#
b100010011101101011100010010 P#
b100011010001111011111010000 5%
b111110 U%
b111111 f%
#3840
b100011110110010110101000111 T
b100010101001101100110101110 0#
b100010101001101100110101110 P#
b100011110110010110101000111 5%
b111111 U%
b1000000 f%
#3841
b100100011010110001010111110 T
b100010110101101110001001010 0#
b100010110101101110001001010 P#
b100100011010110001010111110 5%
b1000000 U%
b1000001 f%
#3842
b100100111111001100000110101 T
b100011000001101111011100110 0#
b100011000001101111011100110 P#
b100100111111001100000110101 5%
b1000001 U%
b1000010 f%
#3843
b100101100011100110110101100 T
b100011001101110000110000010 0#
b100011001101110000110000010 P#
b100101100011100110110101100 5%
b1000010 U%
b1000011 f%
#3844
b100110001000000001100100011 T
b100011011001110010000011110 0#
b100011011001110010000011110 P#
b100110001000000001100100011 5%
b1000011 U%
b1000100 f%
#3845
b100110101100011100010011010 T
b100011100101110011010111010 0#
b100011100101110011010111010 P#
b100110101100011100010011010 5%
b1000100 U%
b1000101 f%
#3846
b100111010000110111000010001 T
b100011110001110100101010110 0#
b100011110001110100101010110 P#
b100111010000110111000010001 5%
b1000101 U%
b1000110 f%
#3847
b100111110101010001110001000 T
b100011111101110101111110010 0#
b100011111101110101111110010 P#
b100111110101010001110001000 5%
b1000110 U%
b1000111 f%
#3848
b101000011001101100011111111 T
b100100001001110111010001110 0#
b100100001001110111010001110 P#
b101000011001101100011111111 5%
b1000111 U%
b1001000 f%
#3849
b101000111110000111001110110 T
b100100010101111000100101010 0#
b100100010101111000100101010 P#
b101000111110000111001110110 5%
b1001000 U%
b1001001 f%
#3850
b101001100010100001111101101 T
b100100100001111001111000110 0#
b100100100001111001111000110 P#
b101001100010100001111101101 5%
b1001001 U%
b1001010 f%
#3851
b101010000110111100101100100 T
b100100101101111011001100010 0#
b100100101101111011001100010 P#
b101010000110111100101100100 5%
b1001010 U%
b1001011 f%
#3852
b101010101011010111011011011 T
b100100111001111100011111110 0#
b100100111001111100011111110 P#
b101010101011010111011011011 5%
b1001011 U%
b1001100 f%
#3853
b101011001111110010001010010 T
b100101000101111101110011010 0#
b100101000101111101110011010 P#
b101011001111110010001010010 5%
b1001100 U%
b1001101 f%
#3854
b101011110100001100111001001 T
b100101010001111111000110110 0#
b100101010001111111000110110 P#
b101011110100001100111001001 5%
b1001101 U%
b1001110 f%
#3855
b101100011000100111101000000 T
b100101011110000000011010010 0#
b100101011110000000011010010 P#
b101100011000100111101000000 5%
b1001110 U%
b1001111 f%
#3856
b101100111101000000111101100 T
b100101101010000001010000010 0#
b100101101010000001010000010 P#
b101100111101000000111101100 5%
b1001111 U%
b1010000 f%
#3857
b101101100001011011101100011 T
b100101110110000010100011110 0#
b100101110110000010100011110 P#
b101101100001011011101100011 5%
b1010000 U%
b1010001 f%
#3858
b101110000101110110011011010 T
b100110000010000011110111010 0#
b100110000010000011110111010 P#
b101110000101110110011011010 5%
b1010001 U%
b1010010 f%
#3859
b101110101010010001001010001 T
b100110001110000101001010110 0#
b100110001110000101001010110 P#
b101110101010010001001010001 5%
b1010010 U%
b1010011 f%
#3860
b101111001110101011111001000 T
b100110011010000110011110010 0#
b100110011010000110011110010 P#
b101111001110101011111001000 5%
b1010011 U%
b1010100 f%
#3861
b101111110011000110100111111 T
b100110100110000111110001110 0#
b100110100110000111110001110 P#
b101111110011000110100111111 5%
b1010100 U%
b1010101 f%
#3862
b110000010111100001010110110 T
b100110110010001001000101010 0#
b100110110010001001000101010 P#
b110000010111100001010110110 5%
b1010101 U%
b1010110 f%
#3863
b110000111011111100000101101 T
b100110111110001010011000110 0#
b100110111110001010011000110 P#
b110000111011111100000101101 5%
b1010110 U%
b1010111 f%
#3864
b110001100000010110110100100 T
b100111001010001011101100010 0#
b100111001010001011101100010 P#
b110001100000010110110100100 5%
b1010111 U%
b1011000 f%
#3865
b110010000100110001100011011 T
b100111010110001100111111110 0#
b100111010110001100111111110 P#
b110010000100110001100011011 5%
b1011000 U%
b1011001 f%
#3866
b110010101001001100010010010 T
b100111100010001110010011010 0#
b100111100010001110010011010 P#
b110010101001001100010010010 5%
b1011001 U%
b1011010 f%
#3867
b110011001101100111000001001 T
b100111101110001111100110110 0#
b100111101110001111100110110 P#
b110011001101100111000001001 5%
b1011010 U%
b1011011 f%
#3868
b110011110010000001110000000 T
b100111111010010000111010010 0#
b100111111010010000111010010 P#
b110011110010000001110000000 5%
b1011011 U%
b1011100 f%
#3869
b110100010110011100011110111 T
b101000000110010010001101110 0#
b101000000110010010001101110 P#
b110100010110011100011110111 5%
b1011100 U%
b1011101 f%
#3870
b110100111010110111001101110 T
b101000010010010011100001010 0#
b101000010010010011100001010 P#
b110100111010110111001101110 5%
b1011101 U%
b1011110 f%
#3871
b110101011111010001111100101 T
b101000011110010100110100110 0#
b101000011110010100110100110 P#
b110101011111010001111100101 5%
b1011110 U%
b1011111 f%
#3872
b110110000011101100101011100 T
b101000101010010110001000010 0#
b101000101010010110001000010 P#
b110110000011101100101011100 5%
b1011111 U%
b1100000 f%
#3873
b110110101000000111011010011 T
b101000110110010111011011110 0#
b101000110110010111011011110 P#
b110110101000000111011010011 5%
b1100000 U%
b1100001 f%
#3874
b110111001100100010001001010 T
b101001000010011000101111010 0#
b101001000010011000101111010 P#
b110111001100100010001001010 5%
b1100001 U%
b1100010 f%
#3875
b110111110000111100111000001 T
b101001001110011010000010110 0#
b101001001110011010000010110 P#
b110111110000111100111000001 5%
b1100010 U%
b1100011 f%
#3876
b111000010101010111100111000 T
b101001011010011011010110010 0#
b101001011010011011010110010 P#
b111000010101010111100111000 5%
b1100011 U%
b1100100 f%
#3877
b111000111001110010010101111 T
b101001100110011100101001110 0#
b101001100110011100101001110 P#
b111000111001110010010101111 5%
b1100100 U%
b1100101 f%
#3878
b111001011110001101000100110 T
b101001110010011101111101010 0#
b101001110010011101111101010 P#
b111001011110001101000100110 5%
b1100101 U%
b1100110 f%
#3879
b111010000010100111110011101 T
b101001111110011111010000110 0#
b101001111110011111010000110 P#
b111010000010100111110011101 5%
b1100110 U%
b1100111 f%
#3880
b111010100111000010100010100 T
b101010001010100000100100010 0#
b101010001010100000100100010 P#
b111010100111000010100010100 5%
b1100111 U%
b1101000 f%
#3881
b111011001011011101010001011 T
b101010010110100001110111110 0#
b101010010110100001110111110 P#
b111011001011011101010001011 5%
b1101000 U%
b1101001 f%
#3882
b111011101111111000000000010 T
b101010100010100011001011010 0#
b101010100010100011001011010 P#
b111011101111111000000000010 5%
b1101001 U%
b1101010 f%
#3883
b111100010100010010101111001 T
b101010101110100100011110110 0#
b101010101110100100011110110 P#
b111100010100010010101111001 5%
b1101010 U%
b1101011 f%
#3884
b111100111000101101011110000 T
b101010111010100101110010010 0#
b101010111010100101110010010 P#
b111100111000101101011110000 5%
b1101011 U%
b1101100 f%
#3885
b111101011101001000001100111 T
b101011000110100111000101110 0#
b101011000110100111000101110 P#
b111101011101001000001100111 5%
b1101100 U%
b1101101 f%
#3886
b111110000001100010111011110 T
b101011010010101000011001010 0#
b101011010010101000011001010 P#
b111110000001100010111011110 5%
b1101101 U%
b1101110 f%
#3887
b111110100101111101101010101 T
b101011011110101001101100110 0#
b101011011110101001101100110 P#
b111110100101111101101010101 5%
b1101110 U%
b1101111 f%
#3888
b111111001010011000011001100 T
b101011101010101011000000010 0#
b101011101010101011000000010 P#
b111111001010011000011001100 5%
b1101111 U%
b1110000 f%
#3889
b111111101110110011001000011 T
b101011110110101100010011110 0#
b101011110110101100010011110 P#
b111111101110110011001000011 5%
b1110000 U%
b1110001 f%
#3890
b1000000010011001101110111010 T
b101100000010101101100111010 0#
b101100000010101101100111010 P#
b1000000010011001101110111010 5%
b1110001 U%
b1110010 f%
#3891
b1000000110111101000100110001 T
b101100001110101110111010110 0#
b101100001110101110111010110 P#
b1000000110111101000100110001 5%
b1110010 U%
b1110011 f%
#3892
b1000001011100000011010101000 T
b101100011010110000001110010 0#
b101100011010110000001110010 P#
b1000001011100000011010101000 5%
b1110011 U%
b1110100 f%
#3893
b1000010000000011110000011111 T
b101100100110110001100001110 0#
b101100100110110001100001110 P#
b1000010000000011110000011111 5%
b1110100 U%
b1110101 f%
#3894
b1000010100100111000110010110 T
b101100110010110010110101010 0#
b101100110010110010110101010 P#
b1000010100100111000110010110 5%
b1110101 U%
b1110110 f%
#3895
b1000011001001010011100001101 T
b101100111110110100001000110 0#
b101100111110110100001000110 P#
b1000011001001010011100001101 5%
b1110110 U%
b1110111 f%
#3896
b1000011101101101110010000100 T
b101101001010110101011100010 0#
b101101001010110101011100010 P#
b1000011101101101110010000100 5%
b1110111 U%
b1111000 f%
#3897
1"
b10 $
b11000011100011100 4
b1000100010010001000100110010 T
b1011001010 6"
b101101010111111110010000010 0#
b101101010111111110010000010 P#
b11111101001000101101001101000011 p#
b1000100010010001000100110010 5%
b1111000 U%
b1111001 f%
#3898
0"
b1000100110110100010110111000 T
b101101111100011011110001111 0#
b101101111100011011110001111 P#
b1000100110110100010110111000 5%
b1111001 U%
b1111010 f%
#3899
b1000101011010111110100001000 T
b101110100000111010101100111 0#
b101110100000111010101100111 P#
b1000101011010111110100001000 5%
b1111010 U%
b1111011 f%
#3900
b1000101111111011000110001110 T
b101111000101011000001110100 0#
b101111000101011000001110100 P#
b1000101111111011000110001110 5%
b1111011 U%
b1111100 f%
#3901
b1000110100011110011000010100 T
b101111101001110101110000001 0#
b101111101001110101110000001 P#
b1000110100011110011000010100 5%
b1111100 U%
b1111101 f%
#3902
b1000111001000001110101100100 T
b110000001110010100101011001 0#
b110000001110010100101011001 P#
b1000111001000001110101100100 5%
b1111101 U%
b1111110 f%
#3903
b1000111101100101000111101010 T
b110000110010110010001100110 0#
b110000110010110010001100110 P#
b1000111101100101000111101010 5%
b1111110 U%
b1111111 f%
#3904
b1001000010001000011001110000 T
b110001010111001111101110011 0#
b110001010111001111101110011 P#
b1001000010001000011001110000 5%
b1111111 U%
b10000000 f%
#3905
b1001000110101011110111000000 T
b110001111011101110101001011 0#
b110001111011101110101001011 P#
b1001000110101011110111000000 5%
b10000000 U%
b10000001 f%
#3906
b1001001011001111001001000110 T
b110010100000001100001011000 0#
b110010100000001100001011000 P#
b1001001011001111001001000110 5%
b10000001 U%
b10000010 f%
#3907
b1001001111110010011011001100 T
b110011000100101001101100101 0#
b110011000100101001101100101 P#
b1001001111110010011011001100 5%
b10000010 U%
b10000011 f%
#3908
b1001010100010101111000011100 T
b110011101001001000100111101 0#
b110011101001001000100111101 P#
b1001010100010101111000011100 5%
b10000011 U%
b10000100 f%
#3909
b1001011000111001001010100010 T
b110100001101100110001001010 0#
b110100001101100110001001010 P#
b1001011000111001001010100010 5%
b10000100 U%
b10000101 f%
#3910
b1001011101011100011100101000 T
b110100110010000011101010111 0#
b110100110010000011101010111 P#
b1001011101011100011100101000 5%
b10000101 U%
b10000110 f%
#3911
b1001100001111111111001111000 T
b110101010110100010100101111 0#
b110101010110100010100101111 P#
b1001100001111111111001111000 5%
b10000110 U%
b10000111 f%
#3912
b1001100110100011001011111110 T
b110101111011000000000111100 0#
b110101111011000000000111100 P#
b1001100110100011001011111110 5%
b10000111 U%
b10001000 f%
#3913
b1001101011000110011110000100 T
b110110011111011101101001001 0#
b110110011111011101101001001 P#
b1001101011000110011110000100 5%
b10001000 U%
b10001001 f%
#3914
b1001101111101001111011010100 T
b110111000011111100100100001 0#
b110111000011111100100100001 P#
b1001101111101001111011010100 5%
b10001001 U%
b10001010 f%
#3915
b1001110100001101001101011010 T
b110111101000011010000101110 0#
b110111101000011010000101110 P#
b1001110100001101001101011010 5%
b10001010 U%
b10001011 f%
#3916
b1001111000110000011111100000 T
b111000001100110111100111011 0#
b111000001100110111100111011 P#
b1001111000110000011111100000 5%
b10001011 U%
b10001100 f%
#3917
b1001111101010011111100110000 T
b111000110001010110100010011 0#
b111000110001010110100010011 P#
b1001111101010011111100110000 5%
b10001100 U%
b10001101 f%
#3918
b1010000001110111001110110110 T
b111001010101110100000100000 0#
b111001010101110100000100000 P#
b1010000001110111001110110110 5%
b10001101 U%
b10001110 f%
#3919
b1010000110011010100000111100 T
b111001111010010001100101101 0#
b111001111010010001100101101 P#
b1010000110011010100000111100 5%
b10001110 U%
b10001111 f%
#3920
b1010001010111101111110001100 T
b111010011110110000100000101 0#
b111010011110110000100000101 P#
b1010001010111101111110001100 5%
b10001111 U%
b10010000 f%
#3921
b1010001111100001010000010010 T
b111011000011001110000010010 0#
b111011000011001110000010010 P#
b1010001111100001010000010010 5%
b10010000 U%
b10010001 f%
#3922
b1010010100000100100010011000 T
b111011100111101011100011111 0#
b111011100111101011100011111 P#
b1010010100000100100010011000 5%
b10010001 U%
b10010010 f%
#3923
b1010011000100111111111101000 T
b111100001100001010011110111 0#
b111100001100001010011110111 P#
b1010011000100111111111101000 5%
b10010010 U%
b10010011 f%
#3924
b1010011101001011010001101110 T
b111100110000101000000000100 0#
b111100110000101000000000100 P#
b1010011101001011010001101110 5%
b10010011 U%
b10010100 f%
#3925
b1010100001101110100011110100 T
b111101010101000101100010001 0#
b111101010101000101100010001 P#
b1010100001101110100011110100 5%
b10010100 U%
b10010101 f%
#3926
b1010100110010001110101111010 T
b111101111001100011000011110 0#
b111101111001100011000011110 P#
b1010100110010001110101111010 5%
b10010101 U%
b10010110 f%
#3927
b1010101010110101010011001010 T
b111110011110000001111110110 0#
b111110011110000001111110110 P#
b1010101010110101010011001010 5%
b10010110 U%
b10010111 f%
#3928
b1010101111011000100101010000 T
b111111000010011111100000011 0#
b111111000010011111100000011 P#
b1010101111011000100101010000 5%
b10010111 U%
b10011000 f%
#3929
b1010110011111011110111010110 T
b111111100110111101000010000 0#
b111111100110111101000010000 P#
b1010110011111011110111010110 5%
b10011000 U%
b10011001 f%
#3930
b1010111000011111010100100110 T
b1000000001011011011111101000 0#
b1000000001011011011111101000 P#
b1010111000011111010100100110 5%
b10011001 U%
b10011010 f%
#3931
b1010111101000010100110101100 T
b1000000101111111001011110101 0#
b1000000101111111001011110101 P#
b1010111101000010100110101100 5%
b10011010 U%
b10011011 f%
#3932
b1011000001100101111000110010 T
b1000001010100010111000000010 0#
b1000001010100010111000000010 P#
b1011000001100101111000110010 5%
b10011011 U%
b10011100 f%
#3933
b1011000110001001010110000010 T
b1000001111000110101111011010 0#
b1000001111000110101111011010 P#
b1011000110001001010110000010 5%
b10011100 U%
b10011101 f%
#3934
b1011001010101100101000001000 T
b1000010011101010011011100111 0#
b1000010011101010011011100111 P#
b1011001010101100101000001000 5%
b10011101 U%
b10011110 f%
#3935
b1011001111001111111010001110 T
b1000011000001110000111110100 0#
b1000011000001110000111110100 P#
b1011001111001111111010001110 5%
b10011110 U%
b10011111 f%
#3936
b1011010011110011010111011110 T
b1000011100110001111111001100 0#
b1000011100110001111111001100 P#
b1011010011110011010111011110 5%
b10011111 U%
b10100000 f%
#3937
b1011011000010110101001100100 T
b1000100001010101101011011001 0#
b1000100001010101101011011001 P#
b1011011000010110101001100100 5%
b10100000 U%
b10100001 f%
#3938
b1011011100111001111011101010 T
b1000100101111001010111100110 0#
b1000100101111001010111100110 P#
b1011011100111001111011101010 5%
b10100001 U%
b10100010 f%
#3939
b1011100001011101011000111010 T
b1000101010011101001110111110 0#
b1000101010011101001110111110 P#
b1011100001011101011000111010 5%
b10100010 U%
b10100011 f%
#3940
b1011100110000000101011000000 T
b1000101111000000111011001011 0#
b1000101111000000111011001011 P#
b1011100110000000101011000000 5%
b10100011 U%
b10100100 f%
#3941
b1011101010100011111101000110 T
b1000110011100100100111011000 0#
b1000110011100100100111011000 P#
b1011101010100011111101000110 5%
b10100100 U%
b10100101 f%
#3942
b1011101111000111011010010110 T
b1000111000001000011110110000 0#
b1000111000001000011110110000 P#
b1011101111000111011010010110 5%
b10100101 U%
b10100110 f%
#3943
b1011110011101010101100011100 T
b1000111100101100001010111101 0#
b1000111100101100001010111101 P#
b1011110011101010101100011100 5%
b10100110 U%
b10100111 f%
#3944
b1011111000001101111110100010 T
b1001000001001111110111001010 0#
b1001000001001111110111001010 P#
b1011111000001101111110100010 5%
b10100111 U%
b10101000 f%
#3945
b1011111100110001011011110010 T
b1001000101110011101110100010 0#
b1001000101110011101110100010 P#
b1011111100110001011011110010 5%
b10101000 U%
b10101001 f%
#3946
b1100000001010100101101111000 T
b1001001010010111011010101111 0#
b1001001010010111011010101111 P#
b1100000001010100101101111000 5%
b10101001 U%
b10101010 f%
#3947
b1100000101110111111111111110 T
b1001001110111011000110111100 0#
b1001001110111011000110111100 P#
b1100000101110111111111111110 5%
b10101010 U%
b10101011 f%
#3948
b1100001010011011011101001110 T
b1001010011011110111110010100 0#
b1001010011011110111110010100 P#
b1100001010011011011101001110 5%
b10101011 U%
b10101100 f%
#3949
b1100001110111110101111010100 T
b1001011000000010101010100001 0#
b1001011000000010101010100001 P#
b1100001110111110101111010100 5%
b10101100 U%
b10101101 f%
#3950
b1100010011100010000001011010 T
b1001011100100110010110101110 0#
b1001011100100110010110101110 P#
b1100010011100010000001011010 5%
b10101101 U%
b10101110 f%
#3951
b1100011000000101011110101010 T
b1001100001001010001110000110 0#
b1001100001001010001110000110 P#
b1100011000000101011110101010 5%
b10101110 U%
b10101111 f%
#3952
b1100011100101000110000110000 T
b1001100101101101111010010011 0#
b1001100101101101111010010011 P#
b1100011100101000110000110000 5%
b10101111 U%
b10110000 f%
#3953
b1100100001001100000010110110 T
b1001101010010001100110100000 0#
b1001101010010001100110100000 P#
b1100100001001100000010110110 5%
b10110000 U%
b10110001 f%
#3954
b1100100101101111100000000110 T
b1001101110110101011101111000 0#
b1001101110110101011101111000 P#
b1100100101101111100000000110 5%
b10110001 U%
b10110010 f%
#3955
b1100101010010010110010001100 T
b1001110011011001001010000101 0#
b1001110011011001001010000101 P#
b1100101010010010110010001100 5%
b10110010 U%
b10110011 f%
#3956
b1100101110110110000100010010 T
b1001110111111100110110010010 0#
b1001110111111100110110010010 P#
b1100101110110110000100010010 5%
b10110011 U%
b10110100 f%
#3957
1"
b11 $
b11000011100011011 4
b1100110011011001010110011100 T
b1001111100001001011110010100 0#
b1001111100001001011110010100 P#
b11111101001001000111001000100011 p#
b1100110011011001010110011100 5%
b10110100 U%
b10110101 f%
#3958
0"
b1100110111111100110011101100 T
b1010000000101100111011100100 0#
b1010000000101100111011100100 P#
b1100110111111100110011101100 5%
b10110101 U%
b10110110 f%
#3959
b1100111100100000000101110010 T
b1010000101010000001101101010 0#
b1010000101010000001101101010 P#
b1100111100100000000101110010 5%
b10110110 U%
b10110111 f%
#3960
b1101000001000011010111111000 T
b1010001001110011011111110000 0#
b1010001001110011011111110000 P#
b1101000001000011010111111000 5%
b10110111 U%
b10111000 f%
#3961
b1101000101100110110101001000 T
b1010001110010110111101000000 0#
b1010001110010110111101000000 P#
b1101000101100110110101001000 5%
b10111000 U%
b10111001 f%
#3962
b1101001010001010000111001110 T
b1010010010111010001111000110 0#
b1010010010111010001111000110 P#
b1101001010001010000111001110 5%
b10111001 U%
b10111010 f%
#3963
b1101001110101101011001010100 T
b1010010111011101100001001100 0#
b1010010111011101100001001100 P#
b1101001110101101011001010100 5%
b10111010 U%
b10111011 f%
#3964
b1101010011010000110110100100 T
b1010011100000000111110011100 0#
b1010011100000000111110011100 P#
b1101010011010000110110100100 5%
b10111011 U%
b10111100 f%
#3965
b1101010111110100001000101010 T
b1010100000100100010000100010 0#
b1010100000100100010000100010 P#
b1101010111110100001000101010 5%
b10111100 U%
b10111101 f%
#3966
b1101011100010111011010110000 T
b1010100101000111100010101000 0#
b1010100101000111100010101000 P#
b1101011100010111011010110000 5%
b10111101 U%
b10111110 f%
#3967
b1101100000111010111000000000 T
b1010101001101010111111111000 0#
b1010101001101010111111111000 P#
b1101100000111010111000000000 5%
b10111110 U%
b10111111 f%
#3968
b1101100101011110001010000110 T
b1010101110001110010001111110 0#
b1010101110001110010001111110 P#
b1101100101011110001010000110 5%
b10111111 U%
b11000000 f%
#3969
b1101101010000001011100001100 T
b1010110010110001100100000100 0#
b1010110010110001100100000100 P#
b1101101010000001011100001100 5%
b11000000 U%
b11000001 f%
#3970
b1101101110100100111001011100 T
b1010110111010101000001010100 0#
b1010110111010101000001010100 P#
b1101101110100100111001011100 5%
b11000001 U%
b11000010 f%
#3971
b1101110011001000001011100010 T
b1010111011111000010011011010 0#
b1010111011111000010011011010 P#
b1101110011001000001011100010 5%
b11000010 U%
b11000011 f%
#3972
b1101110111101011011101101000 T
b1011000000011011100101100000 0#
b1011000000011011100101100000 P#
b1101110111101011011101101000 5%
b11000011 U%
b11000100 f%
#3973
b1101111100001110111010111000 T
b1011000100111111000010110000 0#
b1011000100111111000010110000 P#
b1101111100001110111010111000 5%
b11000100 U%
b11000101 f%
#3974
b1110000000110010001100111110 T
b1011001001100010010100110110 0#
b1011001001100010010100110110 P#
b1110000000110010001100111110 5%
b11000101 U%
b11000110 f%
#3975
b1110000101010101011111000100 T
b1011001110000101100110111100 0#
b1011001110000101100110111100 P#
b1110000101010101011111000100 5%
b11000110 U%
b11000111 f%
#3976
b1110001001111000111100010100 T
b1011010010101001000100001100 0#
b1011010010101001000100001100 P#
b1110001001111000111100010100 5%
b11000111 U%
b11001000 f%
#3977
b1110001110011100001110011010 T
b1011010111001100010110010010 0#
b1011010111001100010110010010 P#
b1110001110011100001110011010 5%
b11001000 U%
b11001001 f%
#3978
b1110010010111111100000100000 T
b1011011011101111101000011000 0#
b1011011011101111101000011000 P#
b1110010010111111100000100000 5%
b11001001 U%
b11001010 f%
#3979
b1110010111100010111101110000 T
b1011100000010011000101101000 0#
b1011100000010011000101101000 P#
b1110010111100010111101110000 5%
b11001010 U%
b11001011 f%
#3980
b1110011100000110001111110110 T
b1011100100110110010111101110 0#
b1011100100110110010111101110 P#
b1110011100000110001111110110 5%
b11001011 U%
b11001100 f%
#3981
b1110100000101001100001111100 T
b1011101001011001101001110100 0#
b1011101001011001101001110100 P#
b1110100000101001100001111100 5%
b11001100 U%
b11001101 f%
#3982
b1110100101001100111111001100 T
b1011101101111101000111000100 0#
b1011101101111101000111000100 P#
b1110100101001100111111001100 5%
b11001101 U%
b11001110 f%
#3983
b1110101001110000010001010010 T
b1011110010100000011001001010 0#
b1011110010100000011001001010 P#
b1110101001110000010001010010 5%
b11001110 U%
b11001111 f%
#3984
b1110101110010011100011011000 T
b1011110111000011101011010000 0#
b1011110111000011101011010000 P#
b1110101110010011100011011000 5%
b11001111 U%
b11010000 f%
#3985
b1110110010110110110101011110 T
b1011111011100110111101010110 0#
b1011111011100110111101010110 P#
b1110110010110110110101011110 5%
b11010000 U%
b11010001 f%
#3986
b1110110111011010010010101110 T
b1100000000001010011010100110 0#
b1100000000001010011010100110 P#
b1110110111011010010010101110 5%
b11010001 U%
b11010010 f%
#3987
b1110111011111101100100110100 T
b1100000100101101101100101100 0#
b1100000100101101101100101100 P#
b1110111011111101100100110100 5%
b11010010 U%
b11010011 f%
#3988
b1111000000100000110110111010 T
b1100001001010000111110110010 0#
b1100001001010000111110110010 P#
b1111000000100000110110111010 5%
b11010011 U%
b11010100 f%
#3989
b1111000101000100010100001010 T
b1100001101110100011100000010 0#
b1100001101110100011100000010 P#
b1111000101000100010100001010 5%
b11010100 U%
b11010101 f%
#3990
b1111001001100111100110010000 T
b1100010010010111101110001000 0#
b1100010010010111101110001000 P#
b1111001001100111100110010000 5%
b11010101 U%
b11010110 f%
#3991
b1111001110001010111000010110 T
b1100010110111011000000001110 0#
b1100010110111011000000001110 P#
b1111001110001010111000010110 5%
b11010110 U%
b11010111 f%
#3992
b1111010010101110010101100110 T
b1100011011011110011101011110 0#
b1100011011011110011101011110 P#
b1111010010101110010101100110 5%
b11010111 U%
b11011000 f%
#3993
b1111010111010001100111101100 T
b1100100000000001101111100100 0#
b1100100000000001101111100100 P#
b1111010111010001100111101100 5%
b11011000 U%
b11011001 f%
#3994
b1111011011110100111001110010 T
b1100100100100101000001101010 0#
b1100100100100101000001101010 P#
b1111011011110100111001110010 5%
b11011001 U%
b11011010 f%
#3995
b1111100000011000010111000010 T
b1100101001001000011110111010 0#
b1100101001001000011110111010 P#
b1111100000011000010111000010 5%
b11011010 U%
b11011011 f%
#3996
b1111100100111011101001001000 T
b1100101101101011110001000000 0#
b1100101101101011110001000000 P#
b1111100100111011101001001000 5%
b11011011 U%
b11011100 f%
#3997
b1111101001011110111011001110 T
b1100110010001111000011000110 0#
b1100110010001111000011000110 P#
b1111101001011110111011001110 5%
b11011100 U%
b11011101 f%
#3998
b1111101110000010011000011110 T
b1100110110110010100000010110 0#
b1100110110110010100000010110 P#
b1111101110000010011000011110 5%
b11011101 U%
b11011110 f%
#3999
b1111110010100101101010100100 T
b1100111011010101110010011100 0#
b1100111011010101110010011100 P#
b1111110010100101101010100100 5%
b11011110 U%
b11011111 f%
#4000
b1111110111001000111100101010 T
b1100111111111001000100100010 0#
b1100111111111001000100100010 P#
b1111110111001000111100101010 5%
b11011111 U%
b11100000 f%
#4001
b1111111011101100011001111010 T
b1101000100011100100001110010 0#
b1101000100011100100001110010 P#
b1111111011101100011001111010 5%
b11100000 U%
b11100001 f%
#4002
b10000000000001111101100000000 T
b1101001000111111110011111000 0#
b1101001000111111110011111000 P#
b10000000000001111101100000000 5%
b11100001 U%
b11100010 f%
#4003
b10000000100110010111110000110 T
b1101001101100011000101111110 0#
b1101001101100011000101111110 P#
b10000000100110010111110000110 5%
b11100010 U%
b11100011 f%
#4004
b10000001001010110011011010110 T
b1101010010000110100011001110 0#
b1101010010000110100011001110 P#
b10000001001010110011011010110 5%
b11100011 U%
b11100100 f%
#4005
b10000001101111001101101011100 T
b1101010110101001110101010100 0#
b1101010110101001110101010100 P#
b10000001101111001101101011100 5%
b11100100 U%
b11100101 f%
#4006
b10000010010011100111111100010 T
b1101011011001101000111011010 0#
b1101011011001101000111011010 P#
b10000010010011100111111100010 5%
b11100101 U%
b11100110 f%
#4007
b10000010111000000011100110010 T
b1101011111110000100100101010 0#
b1101011111110000100100101010 P#
b10000010111000000011100110010 5%
b11100110 U%
b11100111 f%
#4008
b10000011011100011101110111000 T
b1101100100010011110110110000 0#
b1101100100010011110110110000 P#
b10000011011100011101110111000 5%
b11100111 U%
b11101000 f%
#4009
b10000100000000111000000111110 T
b1101101000110111001000110110 0#
b1101101000110111001000110110 P#
b10000100000000111000000111110 5%
b11101000 U%
b11101001 f%
#4010
b10000100100101010011110001110 T
b1101101101011010100110000110 0#
b1101101101011010100110000110 P#
b10000100100101010011110001110 5%
b11101001 U%
b11101010 f%
#4011
b10000101001001101110000010100 T
b1101110001111101111000001100 0#
b1101110001111101111000001100 P#
b10000101001001101110000010100 5%
b11101010 U%
b11101011 f%
#4012
b10000101101110001000010011010 T
b1101110110100001001010010010 0#
b1101110110100001001010010010 P#
b10000101101110001000010011010 5%
b11101011 U%
b11101100 f%
#4013
b10000110010010100011111101010 T
b1101111011000100100111100010 0#
b1101111011000100100111100010 P#
b10000110010010100011111101010 5%
b11101100 U%
b11101101 f%
#4014
b10000110110110111110001110000 T
b1101111111100111111001101000 0#
b1101111111100111111001101000 P#
b10000110110110111110001110000 5%
b11101101 U%
b11101110 f%
#4015
b10000111011011011000011110110 T
b1110000100001011001011101110 0#
b1110000100001011001011101110 P#
b10000111011011011000011110110 5%
b11101110 U%
b11101111 f%
#4016
b10000111111111110010101111100 T
b1110001000101110011101110100 0#
b1110001000101110011101110100 P#
b10000111111111110010101111100 5%
b11101111 U%
b11110000 f%
#4017
1"
b100 $
b11000011100011100 4
b10001000100100001110011010000 T
b1110001100111011000101100110 0#
b1110001100111011000101100110 P#
b11111101001000110000000111111000 p#
b10001000100100001110011010000 5%
b11110000 U%
b11110001 f%
#4018
0"
b10001001001000101000101010110 T
b1110010001011110010111101100 0#
b1110010001011110010111101100 P#
b10001001001000101000101010110 5%
b11110001 U%
b11110010 f%
#4019
b10001001101101000010111011100 T
b1110010110000001101001110010 0#
b1110010110000001101001110010 P#
b10001001101101000010111011100 5%
b11110010 U%
b11110011 f%
#4020
b10001010010001011110100101100 T
b1110011010100101000111000010 0#
b1110011010100101000111000010 P#
b10001010010001011110100101100 5%
b11110011 U%
b11110100 f%
#4021
b10001010110101111000110110010 T
b1110011111001000011001001000 0#
b1110011111001000011001001000 P#
b10001010110101111000110110010 5%
b11110100 U%
b11110101 f%
#4022
b10001011011010010011000111000 T
b1110100011101011101011001110 0#
b1110100011101011101011001110 P#
b10001011011010010011000111000 5%
b11110101 U%
b11110110 f%
#4023
b10001011111110101110110001000 T
b1110101000001111001000011110 0#
b1110101000001111001000011110 P#
b10001011111110101110110001000 5%
b11110110 U%
b11110111 f%
#4024
b10001100100011001001000001110 T
b1110101100110010011010100100 0#
b1110101100110010011010100100 P#
b10001100100011001001000001110 5%
b11110111 U%
b11111000 f%
#4025
b10001101000111100011010010100 T
b1110110001010101101100101010 0#
b1110110001010101101100101010 P#
b10001101000111100011010010100 5%
b11111000 U%
b11111001 f%
#4026
b10001101101011111110111100100 T
b1110110101111001001001111010 0#
b1110110101111001001001111010 P#
b10001101101011111110111100100 5%
b11111001 U%
b11111010 f%
#4027
b10001110010000011001001101010 T
b1110111010011100011100000000 0#
b1110111010011100011100000000 P#
b10001110010000011001001101010 5%
b11111010 U%
b11111011 f%
#4028
b10001110110100110011011110000 T
b1110111110111111101110000110 0#
b1110111110111111101110000110 P#
b10001110110100110011011110000 5%
b11111011 U%
b11111100 f%
#4029
b10001111011001001111001000000 T
b1111000011100011001011010110 0#
b1111000011100011001011010110 P#
b10001111011001001111001000000 5%
b11111100 U%
b11111101 f%
#4030
b10001111111101101001011000110 T
b1111001000000110011101011100 0#
b1111001000000110011101011100 P#
b10001111111101101001011000110 5%
b11111101 U%
b11111110 f%
#4031
b10010000100010000011101001100 T
b1111001100101001101111100010 0#
b1111001100101001101111100010 P#
b10010000100010000011101001100 5%
b11111110 U%
b11111111 f%
#4032
b10010001000110011111010011100 T
b1111010001001101001100110010 0#
b1111010001001101001100110010 P#
b10010001000110011111010011100 5%
b11111111 U%
b100000000 f%
#4033
b10010001101010111001100100010 T
b1111010101110000011110111000 0#
b1111010101110000011110111000 P#
b10010001101010111001100100010 5%
b100000000 U%
b100000001 f%
#4034
b10010010001111010011110101000 T
b1111011010010011110000111110 0#
b1111011010010011110000111110 P#
b10010010001111010011110101000 5%
b100000001 U%
b100000010 f%
#4035
b10010010110011101111011111000 T
b1111011110110111001110001110 0#
b1111011110110111001110001110 P#
b10010010110011101111011111000 5%
b100000010 U%
b100000011 f%
#4036
b10010011011000001001101111110 T
b1111100011011010100000010100 0#
b1111100011011010100000010100 P#
b10010011011000001001101111110 5%
b100000011 U%
b100000100 f%
#4037
b10010011111100100100000000100 T
b1111100111111101110010011010 0#
b1111100111111101110010011010 P#
b10010011111100100100000000100 5%
b100000100 U%
b100000101 f%
#4038
b10010100100000111111101010100 T
b1111101100100001001111101010 0#
b1111101100100001001111101010 P#
b10010100100000111111101010100 5%
b100000101 U%
b100000110 f%
#4039
b10010101000101011001111011010 T
b1111110001000100100001110000 0#
b1111110001000100100001110000 P#
b10010101000101011001111011010 5%
b100000110 U%
b100000111 f%
#4040
b10010101101001110100001100000 T
b1111110101100111110011110110 0#
b1111110101100111110011110110 P#
b10010101101001110100001100000 5%
b100000111 U%
b100001000 f%
#4041
b10010110001110001111110110000 T
b1111111010001011010001000110 0#
b1111111010001011010001000110 P#
b10010110001110001111110110000 5%
b100001000 U%
b100001001 f%
#4042
b10010110110010101010000110110 T
b1111111110101110100011001100 0#
b1111111110101110100011001100 P#
b10010110110010101010000110110 5%
b100001001 U%
b100001010 f%
#4043
b10010111010111000100010111100 T
b10000000011010001110101010010 0#
b10000000011010001110101010010 P#
b10010111010111000100010111100 5%
b100001010 U%
b100001011 f%
#4044
b10010111111011011110101000010 T
b10000000111110101000111011000 0#
b10000000111110101000111011000 P#
b10010111111011011110101000010 5%
b100001011 U%
b100001100 f%
#4045
b10011000011111111010010010010 T
b10000001100011000100100101000 0#
b10000001100011000100100101000 P#
b10011000011111111010010010010 5%
b100001100 U%
b100001101 f%
#4046
b10011001000100010100100011000 T
b10000010000111011110110101110 0#
b10000010000111011110110101110 P#
b10011001000100010100100011000 5%
b100001101 U%
b100001110 f%
#4047
b10011001101000101110110011110 T
b10000010101011111001000110100 0#
b10000010101011111001000110100 P#
b10011001101000101110110011110 5%
b100001110 U%
b100001111 f%
#4048
b10011010001101001010011101110 T
b10000011010000010100110000100 0#
b10000011010000010100110000100 P#
b10011010001101001010011101110 5%
b100001111 U%
b100010000 f%
#4049
b10011010110001100100101110100 T
b10000011110100101111000001010 0#
b10000011110100101111000001010 P#
b10011010110001100100101110100 5%
b100010000 U%
b100010001 f%
#4050
b10011011010101111110111111010 T
b10000100011001001001010010000 0#
b10000100011001001001010010000 P#
b10011011010101111110111111010 5%
b100010001 U%
b100010010 f%
#4051
b10011011111010011010101001010 T
b10000100111101100100111100000 0#
b10000100111101100100111100000 P#
b10011011111010011010101001010 5%
b100010010 U%
b100010011 f%
#4052
b10011100011110110100111010000 T
b10000101100001111111001100110 0#
b10000101100001111111001100110 P#
b10011100011110110100111010000 5%
b100010011 U%
b100010100 f%
#4053
b10011101000011001111001010110 T
b10000110000110011001011101100 0#
b10000110000110011001011101100 P#
b10011101000011001111001010110 5%
b100010100 U%
b100010101 f%
#4054
b10011101100111101010110100110 T
b10000110101010110101000111100 0#
b10000110101010110101000111100 P#
b10011101100111101010110100110 5%
b100010101 U%
b100010110 f%
#4055
b10011110001100000101000101100 T
b10000111001111001111011000010 0#
b10000111001111001111011000010 P#
b10011110001100000101000101100 5%
b100010110 U%
b100010111 f%
#4056
b10011110110000011111010110010 T
b10000111110011101001101001000 0#
b10000111110011101001101001000 P#
b10011110110000011111010110010 5%
b100010111 U%
b100011000 f%
#4057
b10011111010100111011000000010 T
b10001000011000000101010011000 0#
b10001000011000000101010011000 P#
b10011111010100111011000000010 5%
b100011000 U%
b100011001 f%
#4058
b10011111111001010101010001000 T
b10001000111100011111100011110 0#
b10001000111100011111100011110 P#
b10011111111001010101010001000 5%
b100011001 U%
b100011010 f%
#4059
b10100000011101101111100001110 T
b10001001100000111001110100100 0#
b10001001100000111001110100100 P#
b10100000011101101111100001110 5%
b100011010 U%
b100011011 f%
#4060
b10100001000010001011001011110 T
b10001010000101010101011110100 0#
b10001010000101010101011110100 P#
b10100001000010001011001011110 5%
b100011011 U%
b100011100 f%
#4061
b10100001100110100101011100100 T
b10001010101001101111101111010 0#
b10001010101001101111101111010 P#
b10100001100110100101011100100 5%
b100011100 U%
b100011101 f%
#4062
b10100010001010111111101101010 T
b10001011001110001010000000000 0#
b10001011001110001010000000000 P#
b10100010001010111111101101010 5%
b100011101 U%
b100011110 f%
#4063
b10100010101111011011010111010 T
b10001011110010100101101010000 0#
b10001011110010100101101010000 P#
b10100010101111011011010111010 5%
b100011110 U%
b100011111 f%
#4064
b10100011010011110101101000000 T
b10001100010110111111111010110 0#
b10001100010110111111111010110 P#
b10100011010011110101101000000 5%
b100011111 U%
b100100000 f%
#4065
b10100011111000001111111000110 T
b10001100111011011010001011100 0#
b10001100111011011010001011100 P#
b10100011111000001111111000110 5%
b100100000 U%
b100100001 f%
#4066
b10100100011100101011100010110 T
b10001101011111110101110101100 0#
b10001101011111110101110101100 P#
b10100100011100101011100010110 5%
b100100001 U%
b100100010 f%
#4067
b10100101000001000101110011100 T
b10001110000100010000000110010 0#
b10001110000100010000000110010 P#
b10100101000001000101110011100 5%
b100100010 U%
b100100011 f%
#4068
b10100101100101100000000100010 T
b10001110101000101010010111000 0#
b10001110101000101010010111000 P#
b10100101100101100000000100010 5%
b100100011 U%
b100100100 f%
#4069
b10100110001001111011101110010 T
b10001111001101000110000001000 0#
b10001111001101000110000001000 P#
b10100110001001111011101110010 5%
b100100100 U%
b100100101 f%
#4070
b10100110101110010101111111000 T
b10001111110001100000010001110 0#
b10001111110001100000010001110 P#
b10100110101110010101111111000 5%
b100100101 U%
b100100110 f%
#4071
b10100111010010110000001111110 T
b10010000010101111010100010100 0#
b10010000010101111010100010100 P#
b10100111010010110000001111110 5%
b100100110 U%
b100100111 f%
#4072
b10100111110111001011111001110 T
b10010000111010010110001100100 0#
b10010000111010010110001100100 P#
b10100111110111001011111001110 5%
b100100111 U%
b100101000 f%
#4073
b10101000011011100110001010100 T
b10010001011110110000011101010 0#
b10010001011110110000011101010 P#
b10101000011011100110001010100 5%
b100101000 U%
b100101001 f%
#4074
b10101001000000000000011011010 T
b10010010000011001010101110000 0#
b10010010000011001010101110000 P#
b10101001000000000000011011010 5%
b100101001 U%
b100101010 f%
#4075
b10101001100100011010101100000 T
b10010010100111100100111110110 0#
b10010010100111100100111110110 P#
b10101001100100011010101100000 5%
b100101010 U%
b100101011 f%
#4076
b10101010001000110110010110000 T
b10010011001100000000101000110 0#
b10010011001100000000101000110 P#
b10101010001000110110010110000 5%
b100101011 U%
b100101100 f%
#4077
1"
b101 $
b11000011100011011 4
b10101010101101010000100111010 T
b10010011101101100010110100100 0#
b10010011101101100010110100100 P#
b11111101001000011001010010010110 p#
b10101010101101010000100111010 5%
b100101100 U%
b100101101 f%
#4078
0"
b10101011010001101010111000000 T
b10010100010001111101000101010 0#
b10010100010001111101000101010 P#
b10101011010001101010111000000 5%
b100101101 U%
b100101110 f%
#4079
b10101011110110000110100010000 T
b10010100110110011000101111010 0#
b10010100110110011000101111010 P#
b10101011110110000110100010000 5%
b100101110 U%
b100101111 f%
#4080
b10101100011010100000110010110 T
b10010101011010110011000000000 0#
b10010101011010110011000000000 P#
b10101100011010100000110010110 5%
b100101111 U%
b100110000 f%
#4081
b10101100111110111011000011100 T
b10010101111111001101010000110 0#
b10010101111111001101010000110 P#
b10101100111110111011000011100 5%
b100110000 U%
b100110001 f%
#4082
b10101101100011010110101101100 T
b10010110100011101000111010110 0#
b10010110100011101000111010110 P#
b10101101100011010110101101100 5%
b100110001 U%
b100110010 f%
#4083
b10101110000111110000111110010 T
b10010111001000000011001011100 0#
b10010111001000000011001011100 P#
b10101110000111110000111110010 5%
b100110010 U%
b100110011 f%
#4084
b10101110101100001011001111000 T
b10010111101100011101011100010 0#
b10010111101100011101011100010 P#
b10101110101100001011001111000 5%
b100110011 U%
b100110100 f%
#4085
b10101111010000100110111001000 T
b10011000010000111001000110010 0#
b10011000010000111001000110010 P#
b10101111010000100110111001000 5%
b100110100 U%
b100110101 f%
#4086
b10101111110101000001001001110 T
b10011000110101010011010111000 0#
b10011000110101010011010111000 P#
b10101111110101000001001001110 5%
b100110101 U%
b100110110 f%
#4087
b10110000011001011011011010100 T
b10011001011001101101100111110 0#
b10011001011001101101100111110 P#
b10110000011001011011011010100 5%
b100110110 U%
b100110111 f%
#4088
b10110000111101110111000100100 T
b10011001111110001001010001110 0#
b10011001111110001001010001110 P#
b10110000111101110111000100100 5%
b100110111 U%
b100111000 f%
#4089
b10110001100010010001010101010 T
b10011010100010100011100010100 0#
b10011010100010100011100010100 P#
b10110001100010010001010101010 5%
b100111000 U%
b100111001 f%
#4090
b10110010000110101011100110000 T
b10011011000110111101110011010 0#
b10011011000110111101110011010 P#
b10110010000110101011100110000 5%
b100111001 U%
b100111010 f%
#4091
b10110010101011000111010000000 T
b10011011101011011001011101010 0#
b10011011101011011001011101010 P#
b10110010101011000111010000000 5%
b100111010 U%
b100111011 f%
#4092
b10110011001111100001100000110 T
b10011100001111110011101110000 0#
b10011100001111110011101110000 P#
b10110011001111100001100000110 5%
b100111011 U%
b100111100 f%
#4093
b10110011110011111011110001100 T
b10011100110100001101111110110 0#
b10011100110100001101111110110 P#
b10110011110011111011110001100 5%
b100111100 U%
b100111101 f%
#4094
b10110100011000010111011011100 T
b10011101011000101001101000110 0#
b10011101011000101001101000110 P#
b10110100011000010111011011100 5%
b100111101 U%
b100111110 f%
#4095
b10110100111100110001101100010 T
b10011101111101000011111001100 0#
b10011101111101000011111001100 P#
b10110100111100110001101100010 5%
b100111110 U%
b100111111 f%
