Sample in Buffer,Sample in Window,TRIGGER,pynq_z2_i/top_0_ila_ab_edge,pynq_z2_i/top_0_ila_z_edge,pynq_z2_i/top_0_ila_ab_count[7:0],pynq_z2_i/top_0_ila_ppr_conf[7:0],pynq_z2_i/top_0_ila_ab_period[31:0],pynq_z2_i/top_0_ila_angle_angfac[31:0],pynq_z2_i/top_0_ila_angle_nco_ab_inc[31:0],pynq_z2_i/top_0_ila_angle_nco_clk_inc[31:0],pynq_z2_i/top_0_ila_angle_nco_clk_inc_valid,pynq_z2_i/top_0_ila_ref_edge,pynq_z2_i/top_0_ila_phase_ref_det,pynq_z2_i/top_0_ila_phase_ref_found,pynq_z2_i/top_0_ila_phase_eng,pynq_z2_i/top_0_ila_phase_ref_angfac[31:0],pynq_z2_i/top_0_ila_phase_ref_det_cnt[15:0],pynq_z2_i/top_0_ila_sync_state[1:0],pynq_z2_i/top_0_ila_sync_full,pynq_z2_i/top_0_ila_pll_angfac[31:0],pynq_z2_i/top_0_ila_pll_nco_accum[31:0],pynq_z2_i/top_0_ila_pll_err_angfac[31:0],pynq_z2_i/top_0_ila_pll_p_term[31:0],pynq_z2_i/top_0_ila_pll_i_term[31:0],pynq_z2_i/top_0_ila_pll_pi_corr[31:0],pynq_z2_i/top_0_ila_pll_div_valid,pynq_z2_i/top_0_ila_ang_angfac[31:0],pynq_z2_i/top_0_ila_tdc_deg[15:0],pynq_z2_i/top_0_ila_trig_pulse,pynq_z2_i/top_0_ila_trig_count[31:0],pynq_z2_i/top_0_ila_fault_cam_tooth,pynq_z2_i/top_0_ila_fault_crank_tooth,pynq_z2_i/top_0_ila_fault_crank_ab,pynq_z2_i/top_0_ila_fault_pll_phase,pynq_z2_i/top_0_ila_fault_speed_calc
Radix - UNSIGNED,UNSIGNED,UNSIGNED,HEX,HEX,HEX,UNSIGNED,HEX,HEX,HEX,HEX,HEX,HEX,HEX,HEX,HEX,HEX,HEX,HEX,HEX,HEX,HEX,HEX,HEX,HEX,HEX,HEX,UNSIGNED,UNSIGNED,HEX,HEX,HEX,HEX,HEX,HEX,HEX
0,0,0,0,0,37,60,0001871c,edd9d8a2,04444444,000002ca,1,0,0,1,0,422354e8,0ade,"iSTATE2",1,eab23058,eab23058,fcd9ffaa,00000000,00000000,00000000,1,3990476962,3344,1,00000d11,0,0,0,1,0
1,1,0,0,0,37,60,0001871c,edec0ff2,04444444,000002ca,1,0,0,1,0,422354e8,0ade,"iSTATE2",1,eac467a8,eac467a8,fcd9ffaa,00000000,00000000,00000000,1,3991670770,3345,1,00000d12,0,0,0,1,0
2,2,0,0,0,37,60,0001871c,edfe4478,04444444,000002ca,1,0,0,1,0,422354e8,0ade,"iSTATE2",1,ead69c2e,ead69c2e,fcd9ffaa,00000000,00000000,00000000,1,3992863864,3346,1,00000d13,0,0,0,1,0
3,3,0,0,0,37,60,0001871c,ee1078fe,04444444,000002ca,1,0,0,1,0,422354e8,0ade,"iSTATE2",1,eae8d0b4,eae8d0b4,fcd9ffaa,00000000,00000000,00000000,1,3994056958,3347,1,00000d14,0,0,0,1,0
4,4,0,0,0,37,60,0001871c,ee22b04e,04444444,000002ca,1,0,0,1,0,422354e8,0ade,"iSTATE2",1,eafb0804,eafb0804,fcd9ffaa,00000000,00000000,00000000,1,3995250766,3348,1,00000d15,0,0,0,1,0
5,5,0,0,0,37,60,0001871c,ee34e4d4,04444444,000002ca,1,0,0,1,0,422354e8,0ade,"iSTATE2",1,eb0d3c8a,eb0d3c8a,fcd9ffaa,00000000,00000000,00000000,1,3996443860,3349,1,00000d16,0,0,0,1,0
6,6,0,0,0,37,60,0001871c,ee47195a,04444444,000002ca,1,0,0,1,0,422354e8,0ade,"iSTATE2",1,eb1f7110,eb1f7110,fcd9ffaa,00000000,00000000,00000000,1,3997636954,3350,1,00000d17,0,0,0,1,0
7,7,0,0,0,37,60,0001871c,ee5950aa,04444444,000002ca,1,0,0,1,0,422354e8,0ade,"iSTATE2",1,eb31a860,eb31a860,fcd9ffaa,00000000,00000000,00000000,1,3998830762,3351,1,00000d18,0,0,0,1,0
8,8,0,0,0,37,60,0001871c,ee6b8530,04444444,000002ca,1,0,0,1,0,422354e8,0ade,"iSTATE2",1,eb43dce6,eb43dce6,fcd9ffaa,00000000,00000000,00000000,1,4000023856,3352,1,00000d19,0,0,0,1,0
9,9,0,0,0,37,60,0001871c,ee7db9b6,04444444,000002ca,1,0,0,1,0,422354e8,0ade,"iSTATE2",1,eb56116c,eb56116c,fcd9ffaa,00000000,00000000,00000000,1,4001216950,3353,1,00000d1a,0,0,0,1,0
10,10,0,0,0,37,60,0001871c,ee8ff106,04444444,000002ca,1,0,0,1,0,422354e8,0ade,"iSTATE2",1,eb6848bc,eb6848bc,fcd9ffaa,00000000,00000000,00000000,1,4002410758,3354,1,00000d1b,0,0,0,1,0
11,11,0,0,0,37,60,0001871c,eea2258c,04444444,000002ca,1,0,0,1,0,422354e8,0ade,"iSTATE2",1,eb7a7d42,eb7a7d42,fcd9ffaa,00000000,00000000,00000000,1,4003603852,3355,1,00000d1c,0,0,0,1,0
12,12,0,0,0,37,60,0001871c,eeb45a12,04444444,000002ca,1,0,0,1,0,422354e8,0ade,"iSTATE2",1,eb8cb1c8,eb8cb1c8,fcd9ffaa,00000000,00000000,00000000,1,4004796946,3356,1,00000d1d,0,0,0,1,0
13,13,0,0,0,37,60,0001871c,eec69162,04444444,000002ca,1,0,0,1,0,422354e8,0ade,"iSTATE2",1,eb9ee918,eb9ee918,fcd9ffaa,00000000,00000000,00000000,1,4005990754,3357,1,00000d1e,0,0,0,1,0
14,14,0,0,0,37,60,0001871c,eed8c5e8,04444444,000002ca,1,0,0,1,0,422354e8,0ade,"iSTATE2",1,ebb11d9e,ebb11d9e,fcd9ffaa,00000000,00000000,00000000,1,4007183848,3358,1,00000d1f,0,0,0,1,0
15,15,0,0,0,37,60,0001871c,eeeafa6e,04444444,000002ca,1,0,0,1,0,422354e8,0ade,"iSTATE2",1,ebc35224,ebc35224,fcd9ffaa,00000000,00000000,00000000,1,4008376942,3359,1,00000d20,0,0,0,1,0
16,16,0,0,0,38,60,0001871b,eefd31c2,04444444,000002ca,1,0,0,1,0,422354e8,0ade,"iSTATE2",1,ebd453de,ebd453de,fcd857b6,00000000,00000000,00000000,1,4009570754,3360,1,00000d21,0,0,0,1,0
17,17,0,0,0,38,60,0001871b,ef0f6648,04444444,000002ca,1,0,0,1,0,422354e8,0ade,"iSTATE2",1,ebe68864,ebe68864,fcd857b6,00000000,00000000,00000000,1,4010763848,3361,1,00000d22,0,0,0,1,0
18,18,0,0,0,38,60,0001871b,ef219ace,04444444,000002ca,1,0,0,1,0,422354e8,0ade,"iSTATE2",1,ebf8bcea,ebf8bcea,fcd857b6,00000000,00000000,00000000,1,4011956942,3362,1,00000d23,0,0,0,1,0
19,19,0,0,0,38,60,0001871b,ef33d21e,04444444,000002ca,1,0,0,1,0,422354e8,0ade,"iSTATE2",1,ec0af43a,ec0af43a,fcd857b6,00000000,00000000,00000000,1,4013150750,3363,1,00000d24,0,0,0,1,0
20,20,0,0,0,38,60,0001871b,ef4606a4,04444444,000002ca,1,0,0,1,0,422354e8,0ade,"iSTATE2",1,ec1d28c0,ec1d28c0,fcd857b6,00000000,00000000,00000000,1,4014343844,3364,1,00000d25,0,0,0,1,0
21,21,0,0,0,38,60,0001871b,ef583b2a,04444444,000002ca,1,0,0,1,0,422354e8,0ade,"iSTATE2",1,ec2f5d46,ec2f5d46,fcd857b6,00000000,00000000,00000000,1,4015536938,3365,1,00000d26,0,0,0,1,0
22,22,0,0,0,38,60,0001871b,ef6a6fb0,04444444,000002ca,1,0,0,1,0,422354e8,0ade,"iSTATE2",1,ec4191cc,ec4191cc,fcd857b6,00000000,00000000,00000000,1,4016730032,3366,1,00000d27,0,0,0,1,0
23,23,0,0,0,38,60,0001871b,ef7ca700,04444444,000002ca,1,0,0,1,0,422354e8,0ade,"iSTATE2",1,ec53c91c,ec53c91c,fcd857b6,00000000,00000000,00000000,1,4017923840,3367,1,00000d28,0,0,0,1,0
24,24,0,0,0,38,60,0001871b,ef8edb86,04444444,000002ca,1,0,0,1,0,422354e8,0ade,"iSTATE2",1,ec65fda2,ec65fda2,fcd857b6,00000000,00000000,00000000,1,4019116934,3368,1,00000d29,0,0,0,1,0
25,25,0,0,0,38,60,0001871b,efa1100c,04444444,000002ca,1,0,0,1,0,422354e8,0ade,"iSTATE2",1,ec783228,ec783228,fcd857b6,00000000,00000000,00000000,1,4020310028,3369,1,00000d2a,0,0,0,1,0
26,26,0,0,0,38,60,0001871b,efb3475c,04444444,000002ca,1,0,0,1,0,422354e8,0ade,"iSTATE2",1,ec8a6978,ec8a6978,fcd857b6,00000000,00000000,00000000,1,4021503836,3370,1,00000d2b,0,0,0,1,0
27,27,0,0,0,38,60,0001871b,efc57be2,04444444,000002ca,1,0,0,1,0,422354e8,0ade,"iSTATE2",1,ec9c9dfe,ec9c9dfe,fcd857b6,00000000,00000000,00000000,1,4022696930,3371,1,00000d2c,0,0,0,1,0
28,28,0,0,0,38,60,0001871b,efd7b068,04444444,000002ca,1,0,0,1,0,422354e8,0ade,"iSTATE2",1,ecaed284,ecaed284,fcd857b6,00000000,00000000,00000000,1,4023890024,3372,1,00000d2d,0,0,0,1,0
29,29,0,0,0,38,60,0001871b,efe9e7b8,04444444,000002ca,1,0,0,1,0,422354e8,0ade,"iSTATE2",1,ecc109d4,ecc109d4,fcd857b6,00000000,00000000,00000000,1,4025083832,3373,1,00000d2e,0,0,0,1,0
30,30,0,0,0,38,60,0001871b,effc1c3e,04444444,000002ca,1,0,0,1,0,422354e8,0ade,"iSTATE2",1,ecd33e5a,ecd33e5a,fcd857b6,00000000,00000000,00000000,1,4026276926,3374,1,00000d2f,0,0,0,1,0
31,31,0,0,0,38,60,0001871b,f00e50c4,04444444,000002ca,1,0,0,1,0,422354e8,0ade,"iSTATE2",1,ece572e0,ece572e0,fcd857b6,00000000,00000000,00000000,1,4027470020,3375,1,00000d30,0,0,0,1,0
32,32,0,0,0,38,60,0001871b,f0208814,04444444,000002ca,1,0,0,1,0,422354e8,0ade,"iSTATE2",1,ecf7aa30,ecf7aa30,fcd857b6,00000000,00000000,00000000,1,4028663828,3376,1,00000d31,0,0,0,1,0
33,33,0,0,0,38,60,0001871b,f032bc9a,04444444,000002ca,1,0,0,1,0,422354e8,0ade,"iSTATE2",1,ed09deb6,ed09deb6,fcd857b6,00000000,00000000,00000000,1,4029856922,3377,1,00000d32,0,0,0,1,0
34,34,0,0,0,38,60,0001871b,f044f120,04444444,000002ca,1,0,0,1,0,422354e8,0ade,"iSTATE2",1,ed1c133c,ed1c133c,fcd857b6,00000000,00000000,00000000,1,4031050016,3378,1,00000d33,0,0,0,1,0
35,35,0,0,0,38,60,0001871b,f0572870,04444444,000002ca,1,0,0,1,0,422354e8,0ade,"iSTATE2",1,ed2e4a8c,ed2e4a8c,fcd857b6,00000000,00000000,00000000,1,4032243824,3379,1,00000d34,0,0,0,1,0
36,36,0,0,0,38,60,0001871b,f0695cf6,04444444,000002ca,1,0,0,1,0,422354e8,0ade,"iSTATE2",1,ed407f12,ed407f12,fcd857b6,00000000,00000000,00000000,1,4033436918,3380,1,00000d35,0,0,0,1,0
37,37,0,0,0,38,60,0001871b,f07b917c,04444444,000002ca,1,0,0,1,0,422354e8,0ade,"iSTATE2",1,ed52b398,ed52b398,fcd857b6,00000000,00000000,00000000,1,4034630012,3381,1,00000d36,0,0,0,1,0
38,38,0,0,0,38,60,0001871b,f08dc8cc,04444444,000002ca,1,0,0,1,0,422354e8,0ade,"iSTATE2",1,ed64eae8,ed64eae8,fcd857b6,00000000,00000000,00000000,1,4035823820,3382,1,00000d37,0,0,0,1,0
39,39,0,0,0,38,60,0001871b,f09ffd52,04444444,000002ca,1,0,0,1,0,422354e8,0ade,"iSTATE2",1,ed771f6e,ed771f6e,fcd857b6,00000000,00000000,00000000,1,4037016914,3383,1,00000d38,0,0,0,1,0
40,40,0,0,0,38,60,0001871b,f0b231d8,04444444,000002ca,1,0,0,1,0,422354e8,0ade,"iSTATE2",1,ed8953f4,ed8953f4,fcd857b6,00000000,00000000,00000000,1,4038210008,3384,1,00000d39,0,0,0,1,0
41,41,0,0,0,38,60,0001871b,f0c46928,04444444,000002ca,1,0,0,1,0,422354e8,0ade,"iSTATE2",1,ed9b8b44,ed9b8b44,fcd857b6,00000000,00000000,00000000,1,4039403816,3385,1,00000d3a,0,0,0,1,0
42,42,0,0,0,38,60,0001871b,f0d69dae,04444444,000002ca,1,0,0,1,0,422354e8,0ade,"iSTATE2",1,edadbfca,edadbfca,fcd857b6,00000000,00000000,00000000,1,4040596910,3386,1,00000d3b,0,0,0,1,0
43,43,0,0,0,38,60,0001871b,f0e8d234,04444444,000002ca,1,0,0,1,0,422354e8,0ade,"iSTATE2",1,edbff450,edbff450,fcd857b6,00000000,00000000,00000000,1,4041790004,3387,1,00000d3c,0,0,0,1,0
44,44,0,0,0,38,60,0001871b,f0fb0984,04444444,000002ca,1,0,0,1,0,422354e8,0ade,"iSTATE2",1,edd22ba0,edd22ba0,fcd857b6,00000000,00000000,00000000,1,4042983812,3388,1,00000d3d,0,0,0,1,0
45,45,0,0,0,38,60,0001871b,f10d3e0a,04444444,000002ca,1,0,0,1,0,422354e8,0ade,"iSTATE2",1,ede46026,ede46026,fcd857b6,00000000,00000000,00000000,1,4044176906,3389,1,00000d3e,0,0,0,1,0
46,46,0,0,0,38,60,0001871b,f11f7290,04444444,000002ca,1,0,0,1,0,422354e8,0ade,"iSTATE2",1,edf694ac,edf694ac,fcd857b6,00000000,00000000,00000000,1,4045370000,3390,1,00000d3f,0,0,0,1,0
47,47,0,0,0,38,60,0001871b,f131a9e0,04444444,000002ca,1,0,0,1,0,422354e8,0ade,"iSTATE2",1,ee08cbfc,ee08cbfc,fcd857b6,00000000,00000000,00000000,1,4046563808,3391,1,00000d40,0,0,0,1,0
48,48,0,0,0,38,60,0001871b,f143de66,04444444,000002ca,1,0,0,1,0,422354e8,0ade,"iSTATE2",1,ee1b0082,ee1b0082,fcd857b6,00000000,00000000,00000000,1,4047756902,3392,1,00000d41,0,0,0,1,0
49,49,0,0,0,38,60,0001871b,f15612ec,04444444,000002ca,1,0,0,1,0,422354e8,0ade,"iSTATE2",1,ee2d3508,ee2d3508,fcd857b6,00000000,00000000,00000000,1,4048949996,3393,1,00000d42,0,0,0,1,0
50,50,0,0,0,38,60,0001871b,f1684772,04444444,000002ca,1,0,0,1,0,422354e8,0ade,"iSTATE2",1,ee3f698e,ee3f698e,fcd857b6,00000000,00000000,00000000,1,4050143090,3394,1,00000d43,0,0,0,1,0
51,51,0,0,0,38,60,0001871b,f17a7ec2,04444444,000002ca,1,0,0,1,0,422354e8,0ade,"iSTATE2",1,ee51a0de,ee51a0de,fcd857b6,00000000,00000000,00000000,1,4051336898,3395,1,00000d44,0,0,0,1,0
52,52,0,0,0,38,60,0001871b,f18cb348,04444444,000002ca,1,0,0,1,0,422354e8,0ade,"iSTATE2",1,ee63d564,ee63d564,fcd857b6,00000000,00000000,00000000,1,4052529992,3396,1,00000d45,0,0,0,1,0
53,53,0,0,0,38,60,0001871b,f19ee7ce,04444444,000002ca,1,0,0,1,0,422354e8,0ade,"iSTATE2",1,ee7609ea,ee7609ea,fcd857b6,00000000,00000000,00000000,1,4053723086,3397,1,00000d46,0,0,0,1,0
54,54,0,0,0,38,60,0001871b,f1b11f1e,04444444,000002ca,1,0,0,1,0,422354e8,0ade,"iSTATE2",1,ee88413a,ee88413a,fcd857b6,00000000,00000000,00000000,1,4054916894,3398,1,00000d47,0,0,0,1,0
55,55,0,0,0,38,60,0001871b,f1c353a4,04444444,000002ca,1,0,0,1,0,422354e8,0ade,"iSTATE2",1,ee9a75c0,ee9a75c0,fcd857b6,00000000,00000000,00000000,1,4056109988,3399,1,00000d48,0,0,0,1,0
56,56,0,0,0,38,60,0001871b,f1d5882a,04444444,000002ca,1,0,0,1,0,422354e8,0ade,"iSTATE2",1,eeacaa46,eeacaa46,fcd857b6,00000000,00000000,00000000,1,4057303082,3400,1,00000d49,0,0,0,1,0
57,57,0,0,0,38,60,0001871b,f1e7bf7a,04444444,000002ca,1,0,0,1,0,422354e8,0ade,"iSTATE2",1,eebee196,eebee196,fcd857b6,00000000,00000000,00000000,1,4058496890,3401,1,00000d4a,0,0,0,1,0
58,58,0,0,0,38,60,0001871b,f1f9f400,04444444,000002ca,1,0,0,1,0,422354e8,0ade,"iSTATE2",1,eed1161c,eed1161c,fcd857b6,00000000,00000000,00000000,1,4059689984,3402,1,00000d4b,0,0,0,1,0
59,59,0,0,0,38,60,0001871b,f20c2886,04444444,000002ca,1,0,0,1,0,422354e8,0ade,"iSTATE2",1,eee34aa2,eee34aa2,fcd857b6,00000000,00000000,00000000,1,4060883078,3403,1,00000d4c,0,0,0,1,0
60,60,0,0,0,38,60,0001871b,f21e5fd6,04444444,000002ca,1,0,0,1,0,422354e8,0ade,"iSTATE2",1,eef581f2,eef581f2,fcd857b6,00000000,00000000,00000000,1,4062076886,3404,1,00000d4d,0,0,0,1,0
61,61,0,0,0,38,60,0001871b,f230945c,04444444,000002ca,1,0,0,1,0,422354e8,0ade,"iSTATE2",1,ef07b678,ef07b678,fcd857b6,00000000,00000000,00000000,1,4063269980,3405,1,00000d4e,0,0,0,1,0
62,62,0,0,0,38,60,0001871b,f242c8e2,04444444,000002ca,1,0,0,1,0,422354e8,0ade,"iSTATE2",1,ef19eafe,ef19eafe,fcd857b6,00000000,00000000,00000000,1,4064463074,3406,1,00000d4f,0,0,0,1,0
63,63,0,0,0,38,60,0001871b,f2550032,04444444,000002ca,1,0,0,1,0,422354e8,0ade,"iSTATE2",1,ef2c224e,ef2c224e,fcd857b6,00000000,00000000,00000000,1,4065656882,3407,1,00000d50,0,0,0,1,0
64,64,0,0,0,38,60,0001871b,f26734b8,04444444,000002ca,1,0,0,1,0,422354e8,0ade,"iSTATE2",1,ef3e56d4,ef3e56d4,fcd857b6,00000000,00000000,00000000,1,4066849976,3408,1,00000d51,0,0,0,1,0
65,65,0,0,0,38,60,0001871b,f279693e,04444444,000002ca,1,0,0,1,0,422354e8,0ade,"iSTATE2",1,ef508b5a,ef508b5a,fcd857b6,00000000,00000000,00000000,1,4068043070,3409,1,00000d52,0,0,0,1,0
66,66,0,0,0,38,60,0001871b,f28ba08e,04444444,000002ca,1,0,0,1,0,422354e8,0ade,"iSTATE2",1,ef62c2aa,ef62c2aa,fcd857b6,00000000,00000000,00000000,1,4069236878,3410,1,00000d53,0,0,0,1,0
67,67,0,0,0,38,60,0001871b,f29dd514,04444444,000002ca,1,0,0,1,0,422354e8,0ade,"iSTATE2",1,ef74f730,ef74f730,fcd857b6,00000000,00000000,00000000,1,4070429972,3411,1,00000d54,0,0,0,1,0
68,68,0,0,0,38,60,0001871b,f2b0099a,04444444,000002ca,1,0,0,1,0,422354e8,0ade,"iSTATE2",1,ef872bb6,ef872bb6,fcd857b6,00000000,00000000,00000000,1,4071623066,3412,1,00000d55,0,0,0,1,0
69,69,0,0,0,38,60,0001871b,f2c240ea,04444444,000002ca,1,0,0,1,0,422354e8,0ade,"iSTATE2",1,ef996306,ef996306,fcd857b6,00000000,00000000,00000000,1,4072816874,3413,1,00000d56,0,0,0,1,0
70,70,0,0,0,38,60,0001871b,f2d47570,04444444,000002ca,1,0,0,1,0,422354e8,0ade,"iSTATE2",1,efab978c,efab978c,fcd857b6,00000000,00000000,00000000,1,4074009968,3414,1,00000d57,0,0,0,1,0
71,71,0,0,0,38,60,0001871b,f2e6a9f6,04444444,000002ca,1,0,0,1,0,422354e8,0ade,"iSTATE2",1,efbdcc12,efbdcc12,fcd857b6,00000000,00000000,00000000,1,4075203062,3415,1,00000d58,0,0,0,1,0
72,72,0,0,0,38,60,0001871b,f2f8e146,04444444,000002ca,1,0,0,1,0,422354e8,0ade,"iSTATE2",1,efd00362,efd00362,fcd857b6,00000000,00000000,00000000,1,4076396870,3416,1,00000d59,0,0,0,1,0
73,73,0,0,0,38,60,0001871b,f30b15cc,04444444,000002ca,1,0,0,1,0,422354e8,0ade,"iSTATE2",1,efe237e8,efe237e8,fcd857b6,00000000,00000000,00000000,1,4077589964,3417,1,00000d5a,0,0,0,1,0
74,74,0,0,0,38,60,0001871b,f31d4a52,04444444,000002ca,1,0,0,1,0,422354e8,0ade,"iSTATE2",1,eff46c6e,eff46c6e,fcd857b6,00000000,00000000,00000000,1,4078783058,3418,1,00000d5b,0,0,0,1,0
75,75,0,0,0,38,60,0001871b,f32f81a2,04444444,000002ca,1,0,0,1,0,422354e8,0ade,"iSTATE2",1,f006a3be,f006a3be,fcd857b6,00000000,00000000,00000000,1,4079976866,3419,1,00000d5c,0,0,0,1,0
76,76,0,0,0,39,60,0001871c,f341b62c,04444444,000002ca,1,0,0,1,0,422354e8,0ade,"iSTATE2",1,f0176ae6,f0176ae6,fcd7221c,00000000,00000000,00000000,1,4081169964,3420,1,00000d5d,0,0,0,1,0
77,77,0,0,0,39,60,0001871c,f353eab2,04444444,000002ca,1,0,0,1,0,422354e8,0ade,"iSTATE2",1,f0299f6c,f0299f6c,fcd7221c,00000000,00000000,00000000,1,4082363058,3421,1,00000d5e,0,0,0,1,0
78,78,0,0,0,39,60,0001871c,f3662202,04444444,000002ca,1,0,0,1,0,422354e8,0ade,"iSTATE2",1,f03bd6bc,f03bd6bc,fcd7221c,00000000,00000000,00000000,1,4083556866,3422,1,00000d5f,0,0,0,1,0
79,79,0,0,0,39,60,0001871c,f3785688,04444444,000002ca,1,0,0,1,0,422354e8,0ade,"iSTATE2",1,f04e0b42,f04e0b42,fcd7221c,00000000,00000000,00000000,1,4084749960,3423,1,00000d60,0,0,0,1,0
80,80,0,0,0,39,60,0001871c,f38a8b0e,04444444,000002ca,1,0,0,1,0,422354e8,0ade,"iSTATE2",1,f0603fc8,f0603fc8,fcd7221c,00000000,00000000,00000000,1,4085943054,3424,1,00000d61,0,0,0,1,0
81,81,0,0,0,39,60,0001871c,f39cbf94,04444444,000002ca,1,0,0,1,0,422354e8,0ade,"iSTATE2",1,f072744e,f072744e,fcd7221c,00000000,00000000,00000000,1,4087136148,3425,1,00000d62,0,0,0,1,0
82,82,0,0,0,39,60,0001871c,f3aef6e4,04444444,000002ca,1,0,0,1,0,422354e8,0ade,"iSTATE2",1,f084ab9e,f084ab9e,fcd7221c,00000000,00000000,00000000,1,4088329956,3426,1,00000d63,0,0,0,1,0
83,83,0,0,0,39,60,0001871c,f3c12b6a,04444444,000002ca,1,0,0,1,0,422354e8,0ade,"iSTATE2",1,f096e024,f096e024,fcd7221c,00000000,00000000,00000000,1,4089523050,3427,1,00000d64,0,0,0,1,0
84,84,0,0,0,39,60,0001871c,f3d35ff0,04444444,000002ca,1,0,0,1,0,422354e8,0ade,"iSTATE2",1,f0a914aa,f0a914aa,fcd7221c,00000000,00000000,00000000,1,4090716144,3428,1,00000d65,0,0,0,1,0
85,85,0,0,0,39,60,0001871c,f3e59740,04444444,000002ca,1,0,0,1,0,422354e8,0ade,"iSTATE2",1,f0bb4bfa,f0bb4bfa,fcd7221c,00000000,00000000,00000000,1,4091909952,3429,1,00000d66,0,0,0,1,0
86,86,0,0,0,39,60,0001871c,f3f7cbc6,04444444,000002ca,1,0,0,1,0,422354e8,0ade,"iSTATE2",1,f0cd8080,f0cd8080,fcd7221c,00000000,00000000,00000000,1,4093103046,3430,1,00000d67,0,0,0,1,0
87,87,0,0,0,39,60,0001871c,f40a004c,04444444,000002ca,1,0,0,1,0,422354e8,0ade,"iSTATE2",1,f0dfb506,f0dfb506,fcd7221c,00000000,00000000,00000000,1,4094296140,3431,1,00000d68,0,0,0,1,0
88,88,0,0,0,39,60,0001871c,f41c379c,04444444,000002ca,1,0,0,1,0,422354e8,0ade,"iSTATE2",1,f0f1ec56,f0f1ec56,fcd7221c,00000000,00000000,00000000,1,4095489948,3432,1,00000d69,0,0,0,1,0
89,89,0,0,0,39,60,0001871c,f42e6c22,04444444,000002ca,1,0,0,1,0,422354e8,0ade,"iSTATE2",1,f10420dc,f10420dc,fcd7221c,00000000,00000000,00000000,1,4096683042,3433,1,00000d6a,0,0,0,1,0
90,90,0,0,0,39,60,0001871c,f440a0a8,04444444,000002ca,1,0,0,1,0,422354e8,0ade,"iSTATE2",1,f1165562,f1165562,fcd7221c,00000000,00000000,00000000,1,4097876136,3434,1,00000d6b,0,0,0,1,0
91,91,0,0,0,39,60,0001871c,f452d7f8,04444444,000002ca,1,0,0,1,0,422354e8,0ade,"iSTATE2",1,f1288cb2,f1288cb2,fcd7221c,00000000,00000000,00000000,1,4099069944,3435,1,00000d6c,0,0,0,1,0
92,92,0,0,0,39,60,0001871c,f4650c7e,04444444,000002ca,1,0,0,1,0,422354e8,0ade,"iSTATE2",1,f13ac138,f13ac138,fcd7221c,00000000,00000000,00000000,1,4100263038,3436,1,00000d6d,0,0,0,1,0
93,93,0,0,0,39,60,0001871c,f4774104,04444444,000002ca,1,0,0,1,0,422354e8,0ade,"iSTATE2",1,f14cf5be,f14cf5be,fcd7221c,00000000,00000000,00000000,1,4101456132,3437,1,00000d6e,0,0,0,1,0
94,94,0,0,0,39,60,0001871c,f4897854,04444444,000002ca,1,0,0,1,0,422354e8,0ade,"iSTATE2",1,f15f2d0e,f15f2d0e,fcd7221c,00000000,00000000,00000000,1,4102649940,3438,1,00000d6f,0,0,0,1,0
95,95,0,0,0,39,60,0001871c,f49bacda,04444444,000002ca,1,0,0,1,0,422354e8,0ade,"iSTATE2",1,f1716194,f1716194,fcd7221c,00000000,00000000,00000000,1,4103843034,3439,1,00000d70,0,0,0,1,0
96,96,0,0,0,39,60,0001871c,f4ade160,04444444,000002ca,1,0,0,1,0,422354e8,0ade,"iSTATE2",1,f183961a,f183961a,fcd7221c,00000000,00000000,00000000,1,4105036128,3440,1,00000d71,0,0,0,1,0
97,97,0,0,0,39,60,0001871c,f4c018b0,04444444,000002ca,1,0,0,1,0,422354e8,0ade,"iSTATE2",1,f195cd6a,f195cd6a,fcd7221c,00000000,00000000,00000000,1,4106229936,3441,1,00000d72,0,0,0,1,0
98,98,0,0,0,39,60,0001871c,f4d24d36,04444444,000002ca,1,0,0,1,0,422354e8,0ade,"iSTATE2",1,f1a801f0,f1a801f0,fcd7221c,00000000,00000000,00000000,1,4107423030,3442,1,00000d73,0,0,0,1,0
99,99,0,0,0,39,60,0001871c,f4e481bc,04444444,000002ca,1,0,0,1,0,422354e8,0ade,"iSTATE2",1,f1ba3676,f1ba3676,fcd7221c,00000000,00000000,00000000,1,4108616124,3443,1,00000d74,0,0,0,1,0
100,100,0,0,0,39,60,0001871c,f4f6b90c,04444444,000002ca,1,0,0,1,0,422354e8,0ade,"iSTATE2",1,f1cc6dc6,f1cc6dc6,fcd7221c,00000000,00000000,00000000,1,4109809932,3444,1,00000d75,0,0,0,1,0
101,101,0,0,0,39,60,0001871c,f508ed92,04444444,000002ca,1,0,0,1,0,422354e8,0ade,"iSTATE2",1,f1dea24c,f1dea24c,fcd7221c,00000000,00000000,00000000,1,4111003026,3445,1,00000d76,0,0,0,1,0
102,102,0,0,0,39,60,0001871c,f51b2218,04444444,000002ca,1,0,0,1,0,422354e8,0ade,"iSTATE2",1,f1f0d6d2,f1f0d6d2,fcd7221c,00000000,00000000,00000000,1,4112196120,3446,1,00000d77,0,0,0,1,0
103,103,0,0,0,39,60,0001871c,f52d5968,04444444,000002ca,1,0,0,1,0,422354e8,0ade,"iSTATE2",1,f2030e22,f2030e22,fcd7221c,00000000,00000000,00000000,1,4113389928,3447,1,00000d78,0,0,0,1,0
104,104,0,0,0,39,60,0001871c,f53f8dee,04444444,000002ca,1,0,0,1,0,422354e8,0ade,"iSTATE2",1,f21542a8,f21542a8,fcd7221c,00000000,00000000,00000000,1,4114583022,3448,1,00000d79,0,0,0,1,0
105,105,0,0,0,39,60,0001871c,f551c274,04444444,000002ca,1,0,0,1,0,422354e8,0ade,"iSTATE2",1,f227772e,f227772e,fcd7221c,00000000,00000000,00000000,1,4115776116,3449,1,00000d7a,0,0,0,1,0
106,106,0,0,0,39,60,0001871c,f563f9c4,04444444,000002ca,1,0,0,1,0,422354e8,0ade,"iSTATE2",1,f239ae7e,f239ae7e,fcd7221c,00000000,00000000,00000000,1,4116969924,3450,1,00000d7b,0,0,0,1,0
107,107,0,0,0,39,60,0001871c,f5762e4a,04444444,000002ca,1,0,0,1,0,422354e8,0ade,"iSTATE2",1,f24be304,f24be304,fcd7221c,00000000,00000000,00000000,1,4118163018,3451,1,00000d7c,0,0,0,1,0
108,108,0,0,0,39,60,0001871c,f58862d0,04444444,000002ca,1,0,0,1,0,422354e8,0ade,"iSTATE2",1,f25e178a,f25e178a,fcd7221c,00000000,00000000,00000000,1,4119356112,3452,1,00000d7d,0,0,0,1,0
109,109,0,0,0,39,60,0001871c,f59a9756,04444444,000002ca,1,0,0,1,0,422354e8,0ade,"iSTATE2",1,f2704c10,f2704c10,fcd7221c,00000000,00000000,00000000,1,4120549206,3453,1,00000d7e,0,0,0,1,0
110,110,0,0,0,39,60,0001871c,f5accea6,04444444,000002ca,1,0,0,1,0,422354e8,0ade,"iSTATE2",1,f2828360,f2828360,fcd7221c,00000000,00000000,00000000,1,4121743014,3454,1,00000d7f,0,0,0,1,0
111,111,0,0,0,39,60,0001871c,f5bf032c,04444444,000002ca,1,0,0,1,0,422354e8,0ade,"iSTATE2",1,f294b7e6,f294b7e6,fcd7221c,00000000,00000000,00000000,1,4122936108,3455,1,00000d80,0,0,0,1,0
112,112,0,0,0,39,60,0001871c,f5d137b2,04444444,000002ca,1,0,0,1,0,422354e8,0ade,"iSTATE2",1,f2a6ec6c,f2a6ec6c,fcd7221c,00000000,00000000,00000000,1,4124129202,3456,1,00000d81,0,0,0,1,0
113,113,0,0,0,39,60,0001871c,f5e36f02,04444444,000002ca,1,0,0,1,0,422354e8,0ade,"iSTATE2",1,f2b923bc,f2b923bc,fcd7221c,00000000,00000000,00000000,1,4125323010,3457,1,00000d82,0,0,0,1,0
114,114,0,0,0,39,60,0001871c,f5f5a388,04444444,000002ca,1,0,0,1,0,422354e8,0ade,"iSTATE2",1,f2cb5842,f2cb5842,fcd7221c,00000000,00000000,00000000,1,4126516104,3458,1,00000d83,0,0,0,1,0
115,115,0,0,0,39,60,0001871c,f607d80e,04444444,000002ca,1,0,0,1,0,422354e8,0ade,"iSTATE2",1,f2dd8cc8,f2dd8cc8,fcd7221c,00000000,00000000,00000000,1,4127709198,3459,1,00000d84,0,0,0,1,0
116,116,0,0,0,39,60,0001871c,f61a0f5e,04444444,000002ca,1,0,0,1,0,422354e8,0ade,"iSTATE2",1,f2efc418,f2efc418,fcd7221c,00000000,00000000,00000000,1,4128903006,3460,1,00000d85,0,0,0,1,0
117,117,0,0,0,39,60,0001871c,f62c43e4,04444444,000002ca,1,0,0,1,0,422354e8,0ade,"iSTATE2",1,f301f89e,f301f89e,fcd7221c,00000000,00000000,00000000,1,4130096100,3461,1,00000d86,0,0,0,1,0
118,118,0,0,0,39,60,0001871c,f63e786a,04444444,000002ca,1,0,0,1,0,422354e8,0ade,"iSTATE2",1,f3142d24,f3142d24,fcd7221c,00000000,00000000,00000000,1,4131289194,3462,1,00000d87,0,0,0,1,0
119,119,0,0,0,39,60,0001871c,f650afba,04444444,000002ca,1,0,0,1,0,422354e8,0ade,"iSTATE2",1,f3266474,f3266474,fcd7221c,00000000,00000000,00000000,1,4132483002,3463,1,00000d88,0,0,0,1,0
120,120,0,0,0,39,60,0001871c,f662e440,04444444,000002ca,1,0,0,1,0,422354e8,0ade,"iSTATE2",1,f33898fa,f33898fa,fcd7221c,00000000,00000000,00000000,1,4133676096,3464,1,00000d89,0,0,0,1,0
121,121,0,0,0,39,60,0001871c,f67518c6,04444444,000002ca,1,0,0,1,0,422354e8,0ade,"iSTATE2",1,f34acd80,f34acd80,fcd7221c,00000000,00000000,00000000,1,4134869190,3465,1,00000d8a,0,0,0,1,0
122,122,0,0,0,39,60,0001871c,f6875016,04444444,000002ca,1,0,0,1,0,422354e8,0ade,"iSTATE2",1,f35d04d0,f35d04d0,fcd7221c,00000000,00000000,00000000,1,4136062998,3466,1,00000d8b,0,0,0,1,0
123,123,0,0,0,39,60,0001871c,f699849c,04444444,000002ca,1,0,0,1,0,422354e8,0ade,"iSTATE2",1,f36f3956,f36f3956,fcd7221c,00000000,00000000,00000000,1,4137256092,3467,1,00000d8c,0,0,0,1,0
124,124,0,0,0,39,60,0001871c,f6abb922,04444444,000002ca,1,0,0,1,0,422354e8,0ade,"iSTATE2",1,f3816ddc,f3816ddc,fcd7221c,00000000,00000000,00000000,1,4138449186,3468,1,00000d8d,0,0,0,1,0
125,125,0,0,0,39,60,0001871c,f6bdf072,04444444,000002ca,1,0,0,1,0,422354e8,0ade,"iSTATE2",1,f393a52c,f393a52c,fcd7221c,00000000,00000000,00000000,1,4139642994,3469,1,00000d8e,0,0,0,1,0
126,126,0,0,0,39,60,0001871c,f6d024f8,04444444,000002ca,1,0,0,1,0,422354e8,0ade,"iSTATE2",1,f3a5d9b2,f3a5d9b2,fcd7221c,00000000,00000000,00000000,1,4140836088,3470,1,00000d8f,0,0,0,1,0
127,127,0,0,0,39,60,0001871c,f6e2597e,04444444,000002ca,1,0,0,1,0,422354e8,0ade,"iSTATE2",1,f3b80e38,f3b80e38,fcd7221c,00000000,00000000,00000000,1,4142029182,3471,1,00000d90,0,0,0,1,0
128,128,0,0,0,39,60,0001871c,f6f490ce,04444444,000002ca,1,0,0,1,0,422354e8,0ade,"iSTATE2",1,f3ca4588,f3ca4588,fcd7221c,00000000,00000000,00000000,1,4143222990,3472,1,00000d91,0,0,0,1,0
129,129,0,0,0,39,60,0001871c,f706c554,04444444,000002ca,1,0,0,1,0,422354e8,0ade,"iSTATE2",1,f3dc7a0e,f3dc7a0e,fcd7221c,00000000,00000000,00000000,1,4144416084,3473,1,00000d92,0,0,0,1,0
130,130,0,0,0,39,60,0001871c,f718f9da,04444444,000002ca,1,0,0,1,0,422354e8,0ade,"iSTATE2",1,f3eeae94,f3eeae94,fcd7221c,00000000,00000000,00000000,1,4145609178,3474,1,00000d93,0,0,0,1,0
131,131,0,0,0,39,60,0001871c,f72b312a,04444444,000002ca,1,0,0,1,0,422354e8,0ade,"iSTATE2",1,f400e5e4,f400e5e4,fcd7221c,00000000,00000000,00000000,1,4146802986,3475,1,00000d94,0,0,0,1,0
132,132,0,0,0,39,60,0001871c,f73d65b0,04444444,000002ca,1,0,0,1,0,422354e8,0ade,"iSTATE2",1,f4131a6a,f4131a6a,fcd7221c,00000000,00000000,00000000,1,4147996080,3476,1,00000d95,0,0,0,1,0
133,133,0,0,0,39,60,0001871c,f74f9a36,04444444,000002ca,1,0,0,1,0,422354e8,0ade,"iSTATE2",1,f4254ef0,f4254ef0,fcd7221c,00000000,00000000,00000000,1,4149189174,3477,1,00000d96,0,0,0,1,0
134,134,0,0,0,39,60,0001871c,f761d186,04444444,000002ca,1,0,0,1,0,422354e8,0ade,"iSTATE2",1,f4378640,f4378640,fcd7221c,00000000,00000000,00000000,1,4150382982,3478,1,00000d97,0,0,0,1,0
135,135,0,0,0,39,60,0001871c,f774060c,04444444,000002ca,1,0,0,1,0,422354e8,0ade,"iSTATE2",1,f449bac6,f449bac6,fcd7221c,00000000,00000000,00000000,1,4151576076,3479,1,00000d98,0,0,0,1,0
136,136,0,0,0,3a,60,0001871c,f7863a96,04444444,000002ca,1,0,0,1,0,422354e8,0ade,"iSTATE2",1,f45a4492,f45a4492,fcd5b4ba,00000000,00000000,00000000,1,4152769174,3480,1,00000d99,0,0,0,1,0
137,137,0,0,0,3a,60,0001871c,f79871e6,04444444,000002ca,1,0,0,1,0,422354e8,0ade,"iSTATE2",1,f46c7be2,f46c7be2,fcd5b4ba,00000000,00000000,00000000,1,4153962982,3481,1,00000d9a,0,0,0,1,0
138,138,0,0,0,3a,60,0001871c,f7aaa66c,04444444,000002ca,1,0,0,1,0,422354e8,0ade,"iSTATE2",1,f47eb068,f47eb068,fcd5b4ba,00000000,00000000,00000000,1,4155156076,3482,1,00000d9b,0,0,0,1,0
139,139,0,0,0,3a,60,0001871c,f7bcdaf2,04444444,000002ca,1,0,0,1,0,422354e8,0ade,"iSTATE2",1,f490e4ee,f490e4ee,fcd5b4ba,00000000,00000000,00000000,1,4156349170,3483,1,00000d9c,0,0,0,1,0
140,140,0,0,0,3a,60,0001871c,f7cf0f78,04444444,000002ca,1,0,0,1,0,422354e8,0ade,"iSTATE2",1,f4a31974,f4a31974,fcd5b4ba,00000000,00000000,00000000,1,4157542264,3484,1,00000d9d,0,0,0,1,0
141,141,0,0,0,3a,60,0001871c,f7e146c8,04444444,000002ca,1,0,0,1,0,422354e8,0ade,"iSTATE2",1,f4b550c4,f4b550c4,fcd5b4ba,00000000,00000000,00000000,1,4158736072,3485,1,00000d9e,0,0,0,1,0
142,142,0,0,0,3a,60,0001871c,f7f37b4e,04444444,000002ca,1,0,0,1,0,422354e8,0ade,"iSTATE2",1,f4c7854a,f4c7854a,fcd5b4ba,00000000,00000000,00000000,1,4159929166,3486,1,00000d9f,0,0,0,1,0
143,143,0,0,0,3a,60,0001871c,f805afd4,04444444,000002ca,1,0,0,1,0,422354e8,0ade,"iSTATE2",1,f4d9b9d0,f4d9b9d0,fcd5b4ba,00000000,00000000,00000000,1,4161122260,3487,1,00000da0,0,0,0,1,0
144,144,0,0,0,3a,60,0001871c,f817e724,04444444,000002ca,1,0,0,1,0,422354e8,0ade,"iSTATE2",1,f4ebf120,f4ebf120,fcd5b4ba,00000000,00000000,00000000,1,4162316068,3488,1,00000da1,0,0,0,1,0
145,145,0,0,0,3a,60,0001871c,f82a1baa,04444444,000002ca,1,0,0,1,0,422354e8,0ade,"iSTATE2",1,f4fe25a6,f4fe25a6,fcd5b4ba,00000000,00000000,00000000,1,4163509162,3489,1,00000da2,0,0,0,1,0
146,146,0,0,0,3a,60,0001871c,f83c5030,04444444,000002ca,1,0,0,1,0,422354e8,0ade,"iSTATE2",1,f5105a2c,f5105a2c,fcd5b4ba,00000000,00000000,00000000,1,4164702256,3490,1,00000da3,0,0,0,1,0
147,147,0,0,0,3a,60,0001871c,f84e8780,04444444,000002ca,1,0,0,1,0,422354e8,0ade,"iSTATE2",1,f522917c,f522917c,fcd5b4ba,00000000,00000000,00000000,1,4165896064,3491,1,00000da4,0,0,0,1,0
148,148,0,0,0,3a,60,0001871c,f860bc06,04444444,000002ca,1,0,0,1,0,422354e8,0ade,"iSTATE2",1,f534c602,f534c602,fcd5b4ba,00000000,00000000,00000000,1,4167089158,3492,1,00000da5,0,0,0,1,0
149,149,0,0,0,3a,60,0001871c,f872f08c,04444444,000002ca,1,0,0,1,0,422354e8,0ade,"iSTATE2",1,f546fa88,f546fa88,fcd5b4ba,00000000,00000000,00000000,1,4168282252,3493,1,00000da6,0,0,0,1,0
150,150,0,0,0,3a,60,0001871c,f88527dc,04444444,000002ca,1,0,0,1,0,422354e8,0ade,"iSTATE2",1,f55931d8,f55931d8,fcd5b4ba,00000000,00000000,00000000,1,4169476060,3494,1,00000da7,0,0,0,1,0
151,151,0,0,0,3a,60,0001871c,f8975c62,04444444,000002ca,1,0,0,1,0,422354e8,0ade,"iSTATE2",1,f56b665e,f56b665e,fcd5b4ba,00000000,00000000,00000000,1,4170669154,3495,1,00000da8,0,0,0,1,0
152,152,0,0,0,3a,60,0001871c,f8a990e8,04444444,000002ca,1,0,0,1,0,422354e8,0ade,"iSTATE2",1,f57d9ae4,f57d9ae4,fcd5b4ba,00000000,00000000,00000000,1,4171862248,3496,1,00000da9,0,0,0,1,0
153,153,0,0,0,3a,60,0001871c,f8bbc838,04444444,000002ca,1,0,0,1,0,422354e8,0ade,"iSTATE2",1,f58fd234,f58fd234,fcd5b4ba,00000000,00000000,00000000,1,4173056056,3497,1,00000daa,0,0,0,1,0
154,154,0,0,0,3a,60,0001871c,f8cdfcbe,04444444,000002ca,1,0,0,1,0,422354e8,0ade,"iSTATE2",1,f5a206ba,f5a206ba,fcd5b4ba,00000000,00000000,00000000,1,4174249150,3498,1,00000dab,0,0,0,1,0
155,155,0,0,0,3a,60,0001871c,f8e03144,04444444,000002ca,1,0,0,1,0,422354e8,0ade,"iSTATE2",1,f5b43b40,f5b43b40,fcd5b4ba,00000000,00000000,00000000,1,4175442244,3499,1,00000dac,0,0,0,1,0
156,156,0,0,0,3a,60,0001871c,f8f26894,04444444,000002ca,1,0,0,1,0,422354e8,0ade,"iSTATE2",1,f5c67290,f5c67290,fcd5b4ba,00000000,00000000,00000000,1,4176636052,3500,1,00000dad,0,0,0,1,0
157,157,0,0,0,3a,60,0001871c,f9049d1a,04444444,000002ca,1,0,0,1,0,422354e8,0ade,"iSTATE2",1,f5d8a716,f5d8a716,fcd5b4ba,00000000,00000000,00000000,1,4177829146,3501,1,00000dae,0,0,0,1,0
158,158,0,0,0,3a,60,0001871c,f916d1a0,04444444,000002ca,1,0,0,1,0,422354e8,0ade,"iSTATE2",1,f5eadb9c,f5eadb9c,fcd5b4ba,00000000,00000000,00000000,1,4179022240,3502,1,00000daf,0,0,0,1,0
159,159,0,0,0,3a,60,0001871c,f92908f0,04444444,000002ca,1,0,0,1,0,422354e8,0ade,"iSTATE2",1,f5fd12ec,f5fd12ec,fcd5b4ba,00000000,00000000,00000000,1,4180216048,3503,1,00000db0,0,0,0,1,0
160,160,0,0,0,3a,60,0001871c,f93b3d76,04444444,000002ca,1,0,0,1,0,422354e8,0ade,"iSTATE2",1,f60f4772,f60f4772,fcd5b4ba,00000000,00000000,00000000,1,4181409142,3504,1,00000db1,0,0,0,1,0
161,161,0,0,0,3a,60,0001871c,f94d71fc,04444444,000002ca,1,0,0,1,0,422354e8,0ade,"iSTATE2",1,f6217bf8,f6217bf8,fcd5b4ba,00000000,00000000,00000000,1,4182602236,3505,1,00000db2,0,0,0,1,0
162,162,0,0,0,3a,60,0001871c,f95fa94c,04444444,000002ca,1,0,0,1,0,422354e8,0ade,"iSTATE2",1,f633b348,f633b348,fcd5b4ba,00000000,00000000,00000000,1,4183796044,3506,1,00000db3,0,0,0,1,0
163,163,0,0,0,3a,60,0001871c,f971ddd2,04444444,000002ca,1,0,0,1,0,422354e8,0ade,"iSTATE2",1,f645e7ce,f645e7ce,fcd5b4ba,00000000,00000000,00000000,1,4184989138,3507,1,00000db4,0,0,0,1,0
164,164,0,0,0,3a,60,0001871c,f9841258,04444444,000002ca,1,0,0,1,0,422354e8,0ade,"iSTATE2",1,f6581c54,f6581c54,fcd5b4ba,00000000,00000000,00000000,1,4186182232,3508,1,00000db5,0,0,0,1,0
165,165,0,0,0,3a,60,0001871c,f99649a8,04444444,000002ca,1,0,0,1,0,422354e8,0ade,"iSTATE2",1,f66a53a4,f66a53a4,fcd5b4ba,00000000,00000000,00000000,1,4187376040,3509,1,00000db6,0,0,0,1,0
166,166,0,0,0,3a,60,0001871c,f9a87e2e,04444444,000002ca,1,0,0,1,0,422354e8,0ade,"iSTATE2",1,f67c882a,f67c882a,fcd5b4ba,00000000,00000000,00000000,1,4188569134,3510,1,00000db7,0,0,0,1,0
167,167,0,0,0,3a,60,0001871c,f9bab2b4,04444444,000002ca,1,0,0,1,0,422354e8,0ade,"iSTATE2",1,f68ebcb0,f68ebcb0,fcd5b4ba,00000000,00000000,00000000,1,4189762228,3511,1,00000db8,0,0,0,1,0
168,168,0,0,0,3a,60,0001871c,f9cce73a,04444444,000002ca,1,0,0,1,0,422354e8,0ade,"iSTATE2",1,f6a0f136,f6a0f136,fcd5b4ba,00000000,00000000,00000000,1,4190955322,3512,1,00000db9,0,0,0,1,0
169,169,0,0,0,3a,60,0001871c,f9df1e8a,04444444,000002ca,1,0,0,1,0,422354e8,0ade,"iSTATE2",1,f6b32886,f6b32886,fcd5b4ba,00000000,00000000,00000000,1,4192149130,3513,1,00000dba,0,0,0,1,0
170,170,0,0,0,3a,60,0001871c,f9f15310,04444444,000002ca,1,0,0,1,0,422354e8,0ade,"iSTATE2",1,f6c55d0c,f6c55d0c,fcd5b4ba,00000000,00000000,00000000,1,4193342224,3514,1,00000dbb,0,0,0,1,0
171,171,0,0,0,3a,60,0001871c,fa038796,04444444,000002ca,1,0,0,1,0,422354e8,0ade,"iSTATE2",1,f6d79192,f6d79192,fcd5b4ba,00000000,00000000,00000000,1,4194535318,3515,1,00000dbc,0,0,0,1,0
172,172,0,0,0,3a,60,0001871c,fa15bee6,04444444,000002ca,1,0,0,1,0,422354e8,0ade,"iSTATE2",1,f6e9c8e2,f6e9c8e2,fcd5b4ba,00000000,00000000,00000000,1,4195729126,3516,1,00000dbd,0,0,0,1,0
173,173,0,0,0,3a,60,0001871c,fa27f36c,04444444,000002ca,1,0,0,1,0,422354e8,0ade,"iSTATE2",1,f6fbfd68,f6fbfd68,fcd5b4ba,00000000,00000000,00000000,1,4196922220,3517,1,00000dbe,0,0,0,1,0
174,174,0,0,0,3a,60,0001871c,fa3a27f2,04444444,000002ca,1,0,0,1,0,422354e8,0ade,"iSTATE2",1,f70e31ee,f70e31ee,fcd5b4ba,00000000,00000000,00000000,1,4198115314,3518,1,00000dbf,0,0,0,1,0
175,175,0,0,0,3a,60,0001871c,fa4c5f42,04444444,000002ca,1,0,0,1,0,422354e8,0ade,"iSTATE2",1,f720693e,f720693e,fcd5b4ba,00000000,00000000,00000000,1,4199309122,3519,1,00000dc0,0,0,0,1,0
176,176,0,0,0,3a,60,0001871c,fa5e93c8,04444444,000002ca,1,0,0,1,0,422354e8,0ade,"iSTATE2",1,f7329dc4,f7329dc4,fcd5b4ba,00000000,00000000,00000000,1,4200502216,3520,1,00000dc1,0,0,0,1,0
177,177,0,0,0,3a,60,0001871c,fa70c84e,04444444,000002ca,1,0,0,1,0,422354e8,0ade,"iSTATE2",1,f744d24a,f744d24a,fcd5b4ba,00000000,00000000,00000000,1,4201695310,3521,1,00000dc2,0,0,0,1,0
178,178,0,0,0,3a,60,0001871c,fa82ff9e,04444444,000002ca,1,0,0,1,0,422354e8,0ade,"iSTATE2",1,f757099a,f757099a,fcd5b4ba,00000000,00000000,00000000,1,4202889118,3522,1,00000dc3,0,0,0,1,0
179,179,0,0,0,3a,60,0001871c,fa953424,04444444,000002ca,1,0,0,1,0,422354e8,0ade,"iSTATE2",1,f7693e20,f7693e20,fcd5b4ba,00000000,00000000,00000000,1,4204082212,3523,1,00000dc4,0,0,0,1,0
180,180,0,0,0,3a,60,0001871c,faa768aa,04444444,000002ca,1,0,0,1,0,422354e8,0ade,"iSTATE2",1,f77b72a6,f77b72a6,fcd5b4ba,00000000,00000000,00000000,1,4205275306,3524,1,00000dc5,0,0,0,1,0
181,181,0,0,0,3a,60,0001871c,fab99ffa,04444444,000002ca,1,0,0,1,0,422354e8,0ade,"iSTATE2",1,f78da9f6,f78da9f6,fcd5b4ba,00000000,00000000,00000000,1,4206469114,3525,1,00000dc6,0,0,0,1,0
182,182,0,0,0,3a,60,0001871c,facbd480,04444444,000002ca,1,0,0,1,0,422354e8,0ade,"iSTATE2",1,f79fde7c,f79fde7c,fcd5b4ba,00000000,00000000,00000000,1,4207662208,3526,1,00000dc7,0,0,0,1,0
183,183,0,0,0,3a,60,0001871c,fade0906,04444444,000002ca,1,0,0,1,0,422354e8,0ade,"iSTATE2",1,f7b21302,f7b21302,fcd5b4ba,00000000,00000000,00000000,1,4208855302,3527,1,00000dc8,0,0,0,1,0
184,184,0,0,0,3a,60,0001871c,faf04056,04444444,000002ca,1,0,0,1,0,422354e8,0ade,"iSTATE2",1,f7c44a52,f7c44a52,fcd5b4ba,00000000,00000000,00000000,1,4210049110,3528,1,00000dc9,0,0,0,1,0
185,185,0,0,0,3a,60,0001871c,fb0274dc,04444444,000002ca,1,0,0,1,0,422354e8,0ade,"iSTATE2",1,f7d67ed8,f7d67ed8,fcd5b4ba,00000000,00000000,00000000,1,4211242204,3529,1,00000dca,0,0,0,1,0
186,186,0,0,0,3a,60,0001871c,fb14a962,04444444,000002ca,1,0,0,1,0,422354e8,0ade,"iSTATE2",1,f7e8b35e,f7e8b35e,fcd5b4ba,00000000,00000000,00000000,1,4212435298,3530,1,00000dcb,0,0,0,1,0
187,187,0,0,0,3a,60,0001871c,fb26e0b2,04444444,000002ca,1,0,0,1,0,422354e8,0ade,"iSTATE2",1,f7faeaae,f7faeaae,fcd5b4ba,00000000,00000000,00000000,1,4213629106,3531,1,00000dcc,0,0,0,1,0
188,188,0,0,0,3a,60,0001871c,fb391538,04444444,000002ca,1,0,0,1,0,422354e8,0ade,"iSTATE2",1,f80d1f34,f80d1f34,fcd5b4ba,00000000,00000000,00000000,1,4214822200,3532,1,00000dcd,0,0,0,1,0
189,189,0,0,0,3a,60,0001871c,fb4b49be,04444444,000002ca,1,0,0,1,0,422354e8,0ade,"iSTATE2",1,f81f53ba,f81f53ba,fcd5b4ba,00000000,00000000,00000000,1,4216015294,3533,1,00000dce,0,0,0,1,0
190,190,0,0,0,3a,60,0001871c,fb5d810e,04444444,000002ca,1,0,0,1,0,422354e8,0ade,"iSTATE2",1,f8318b0a,f8318b0a,fcd5b4ba,00000000,00000000,00000000,1,4217209102,3534,1,00000dcf,0,0,0,1,0
191,191,0,0,0,3a,60,0001871c,fb6fb594,04444444,000002ca,1,0,0,1,0,422354e8,0ade,"iSTATE2",1,f843bf90,f843bf90,fcd5b4ba,00000000,00000000,00000000,1,4218402196,3535,1,00000dd0,0,0,0,1,0
192,192,0,0,0,3a,60,0001871c,fb81ea1a,04444444,000002ca,1,0,0,1,0,422354e8,0ade,"iSTATE2",1,f855f416,f855f416,fcd5b4ba,00000000,00000000,00000000,1,4219595290,3536,1,00000dd1,0,0,0,1,0
193,193,0,0,0,3a,60,0001871c,fb94216a,04444444,000002ca,1,0,0,1,0,422354e8,0ade,"iSTATE2",1,f8682b66,f8682b66,fcd5b4ba,00000000,00000000,00000000,1,4220789098,3537,1,00000dd2,0,0,0,1,0
194,194,0,0,0,3a,60,0001871c,fba655f0,04444444,000002ca,1,0,0,1,0,422354e8,0ade,"iSTATE2",1,f87a5fec,f87a5fec,fcd5b4ba,00000000,00000000,00000000,1,4221982192,3538,1,00000dd3,0,0,0,1,0
195,195,0,0,0,3a,60,0001871c,fbb88a76,04444444,000002ca,1,0,0,1,0,422354e8,0ade,"iSTATE2",1,f88c9472,f88c9472,fcd5b4ba,00000000,00000000,00000000,1,4223175286,3539,1,00000dd4,0,0,0,1,0
196,196,0,0,0,3b,60,0001871c,fbcac1ca,04444444,000002ca,1,0,0,1,0,422354e8,0ade,"iSTATE2",1,f89d58d0,f89d58d0,fcd409fc,00000000,00000000,00000000,1,4224369098,3540,1,00000dd5,0,0,0,1,0
197,197,0,0,0,3b,60,0001871c,fbdcf650,04444444,000002ca,1,0,0,1,0,422354e8,0ade,"iSTATE2",1,f8af8d56,f8af8d56,fcd409fc,00000000,00000000,00000000,1,4225562192,3541,1,00000dd6,0,0,0,1,0
198,198,0,0,0,3b,60,0001871c,fbef2ad6,04444444,000002ca,1,0,0,1,0,422354e8,0ade,"iSTATE2",1,f8c1c1dc,f8c1c1dc,fcd409fc,00000000,00000000,00000000,1,4226755286,3542,1,00000dd7,0,0,0,1,0
199,199,0,0,0,3b,60,0001871c,fc015f5c,04444444,000002ca,1,0,0,1,0,422354e8,0ade,"iSTATE2",1,f8d3f662,f8d3f662,fcd409fc,00000000,00000000,00000000,1,4227948380,3543,1,00000dd8,0,0,0,1,0
200,200,0,0,0,3b,60,0001871c,fc1396ac,04444444,000002ca,1,0,0,1,0,422354e8,0ade,"iSTATE2",1,f8e62db2,f8e62db2,fcd409fc,00000000,00000000,00000000,1,4229142188,3544,1,00000dd9,0,0,0,1,0
201,201,0,0,0,3b,60,0001871c,fc25cb32,04444444,000002ca,1,0,0,1,0,422354e8,0ade,"iSTATE2",1,f8f86238,f8f86238,fcd409fc,00000000,00000000,00000000,1,4230335282,3545,1,00000dda,0,0,0,1,0
202,202,0,0,0,3b,60,0001871c,fc37ffb8,04444444,000002ca,1,0,0,1,0,422354e8,0ade,"iSTATE2",1,f90a96be,f90a96be,fcd409fc,00000000,00000000,00000000,1,4231528376,3546,1,00000ddb,0,0,0,1,0
203,203,0,0,0,3b,60,0001871c,fc4a3708,04444444,000002ca,1,0,0,1,0,422354e8,0ade,"iSTATE2",1,f91cce0e,f91cce0e,fcd409fc,00000000,00000000,00000000,1,4232722184,3547,1,00000ddc,0,0,0,1,0
204,204,0,0,0,3b,60,0001871c,fc5c6b8e,04444444,000002ca,1,0,0,1,0,422354e8,0ade,"iSTATE2",1,f92f0294,f92f0294,fcd409fc,00000000,00000000,00000000,1,4233915278,3548,1,00000ddd,0,0,0,1,0
205,205,0,0,0,3b,60,0001871c,fc6ea014,04444444,000002ca,1,0,0,1,0,422354e8,0ade,"iSTATE2",1,f941371a,f941371a,fcd409fc,00000000,00000000,00000000,1,4235108372,3549,1,00000dde,0,0,0,1,0
206,206,0,0,0,3b,60,0001871c,fc80d764,04444444,000002ca,1,0,0,1,0,422354e8,0ade,"iSTATE2",1,f9536e6a,f9536e6a,fcd409fc,00000000,00000000,00000000,1,4236302180,3550,1,00000ddf,0,0,0,1,0
207,207,0,0,0,3b,60,0001871c,fc930bea,04444444,000002ca,1,0,0,1,0,422354e8,0ade,"iSTATE2",1,f965a2f0,f965a2f0,fcd409fc,00000000,00000000,00000000,1,4237495274,3551,1,00000de0,0,0,0,1,0
208,208,0,0,0,3b,60,0001871c,fca54070,04444444,000002ca,1,0,0,1,0,422354e8,0ade,"iSTATE2",1,f977d776,f977d776,fcd409fc,00000000,00000000,00000000,1,4238688368,3552,1,00000de1,0,0,0,1,0
209,209,0,0,0,3b,60,0001871c,fcb777c0,04444444,000002ca,1,0,0,1,0,422354e8,0ade,"iSTATE2",1,f98a0ec6,f98a0ec6,fcd409fc,00000000,00000000,00000000,1,4239882176,3553,1,00000de2,0,0,0,1,0
210,210,0,0,0,3b,60,0001871c,fcc9ac46,04444444,000002ca,1,0,0,1,0,422354e8,0ade,"iSTATE2",1,f99c434c,f99c434c,fcd409fc,00000000,00000000,00000000,1,4241075270,3554,1,00000de3,0,0,0,1,0
211,211,0,0,0,3b,60,0001871c,fcdbe0cc,04444444,000002ca,1,0,0,1,0,422354e8,0ade,"iSTATE2",1,f9ae77d2,f9ae77d2,fcd409fc,00000000,00000000,00000000,1,4242268364,3555,1,00000de4,0,0,0,1,0
212,212,0,0,0,3b,60,0001871c,fcee181c,04444444,000002ca,1,0,0,1,0,422354e8,0ade,"iSTATE2",1,f9c0af22,f9c0af22,fcd409fc,00000000,00000000,00000000,1,4243462172,3556,1,00000de5,0,0,0,1,0
213,213,0,0,0,3b,60,0001871c,fd004ca2,04444444,000002ca,1,0,0,1,0,422354e8,0ade,"iSTATE2",1,f9d2e3a8,f9d2e3a8,fcd409fc,00000000,00000000,00000000,1,4244655266,3557,1,00000de6,0,0,0,1,0
214,214,0,0,0,3b,60,0001871c,fd128128,04444444,000002ca,1,0,0,1,0,422354e8,0ade,"iSTATE2",1,f9e5182e,f9e5182e,fcd409fc,00000000,00000000,00000000,1,4245848360,3558,1,00000de7,0,0,0,1,0
215,215,0,0,0,3b,60,0001871c,fd24b878,04444444,000002ca,1,0,0,1,0,422354e8,0ade,"iSTATE2",1,f9f74f7e,f9f74f7e,fcd409fc,00000000,00000000,00000000,1,4247042168,3559,1,00000de8,0,0,0,1,0
216,216,0,0,0,3b,60,0001871c,fd36ecfe,04444444,000002ca,1,0,0,1,0,422354e8,0ade,"iSTATE2",1,fa098404,fa098404,fcd409fc,00000000,00000000,00000000,1,4248235262,3560,1,00000de9,0,0,0,1,0
217,217,0,0,0,3b,60,0001871c,fd492184,04444444,000002ca,1,0,0,1,0,422354e8,0ade,"iSTATE2",1,fa1bb88a,fa1bb88a,fcd409fc,00000000,00000000,00000000,1,4249428356,3561,1,00000dea,0,0,0,1,0
218,218,0,0,0,3b,60,0001871c,fd5b58d4,04444444,000002ca,1,0,0,1,0,422354e8,0ade,"iSTATE2",1,fa2defda,fa2defda,fcd409fc,00000000,00000000,00000000,1,4250622164,3562,1,00000deb,0,0,0,1,0
219,219,0,0,0,3b,60,0001871c,fd6d8d5a,04444444,000002ca,1,0,0,1,0,422354e8,0ade,"iSTATE2",1,fa402460,fa402460,fcd409fc,00000000,00000000,00000000,1,4251815258,3563,1,00000dec,0,0,0,1,0
220,220,0,0,0,3b,60,0001871c,fd7fc1e0,04444444,000002ca,1,0,0,1,0,422354e8,0ade,"iSTATE2",1,fa5258e6,fa5258e6,fcd409fc,00000000,00000000,00000000,1,4253008352,3564,1,00000ded,0,0,0,1,0
221,221,0,0,0,3b,60,0001871c,fd91f930,04444444,000002ca,1,0,0,1,0,422354e8,0ade,"iSTATE2",1,fa649036,fa649036,fcd409fc,00000000,00000000,00000000,1,4254202160,3565,1,00000dee,0,0,0,1,0
222,222,0,0,0,3b,60,0001871c,fda42db6,04444444,000002ca,1,0,0,1,0,422354e8,0ade,"iSTATE2",1,fa76c4bc,fa76c4bc,fcd409fc,00000000,00000000,00000000,1,4255395254,3566,1,00000def,0,0,0,1,0
223,223,0,0,0,3b,60,0001871c,fdb6623c,04444444,000002ca,1,0,0,1,0,422354e8,0ade,"iSTATE2",1,fa88f942,fa88f942,fcd409fc,00000000,00000000,00000000,1,4256588348,3567,1,00000df0,0,0,0,1,0
224,224,0,0,0,3b,60,0001871c,fdc8998c,04444444,000002ca,1,0,0,1,0,422354e8,0ade,"iSTATE2",1,fa9b3092,fa9b3092,fcd409fc,00000000,00000000,00000000,1,4257782156,3568,1,00000df1,0,0,0,1,0
225,225,0,0,0,3b,60,0001871c,fddace12,04444444,000002ca,1,0,0,1,0,422354e8,0ade,"iSTATE2",1,faad6518,faad6518,fcd409fc,00000000,00000000,00000000,1,4258975250,3569,1,00000df2,0,0,0,1,0
226,226,0,0,0,3b,60,0001871c,fded0298,04444444,000002ca,1,0,0,1,0,422354e8,0ade,"iSTATE2",1,fabf999e,fabf999e,fcd409fc,00000000,00000000,00000000,1,4260168344,3570,1,00000df3,0,0,0,1,0
227,227,0,0,0,3b,60,0001871c,fdff371e,04444444,000002ca,1,0,0,1,0,422354e8,0ade,"iSTATE2",1,fad1ce24,fad1ce24,fcd409fc,00000000,00000000,00000000,1,4261361438,3571,1,00000df4,0,0,0,1,0
228,228,0,0,0,3b,60,0001871c,fe116e6e,04444444,000002ca,1,0,0,1,0,422354e8,0ade,"iSTATE2",1,fae40574,fae40574,fcd409fc,00000000,00000000,00000000,1,4262555246,3572,1,00000df5,0,0,0,1,0
229,229,0,0,0,3b,60,0001871c,fe23a2f4,04444444,000002ca,1,0,0,1,0,422354e8,0ade,"iSTATE2",1,faf639fa,faf639fa,fcd409fc,00000000,00000000,00000000,1,4263748340,3573,1,00000df6,0,0,0,1,0
230,230,0,0,0,3b,60,0001871c,fe35d77a,04444444,000002ca,1,0,0,1,0,422354e8,0ade,"iSTATE2",1,fb086e80,fb086e80,fcd409fc,00000000,00000000,00000000,1,4264941434,3574,1,00000df7,0,0,0,1,0
231,231,0,0,0,3b,60,0001871c,fe480eca,04444444,000002ca,1,0,0,1,0,422354e8,0ade,"iSTATE2",1,fb1aa5d0,fb1aa5d0,fcd409fc,00000000,00000000,00000000,1,4266135242,3575,1,00000df8,0,0,0,1,0
232,232,0,0,0,3b,60,0001871c,fe5a4350,04444444,000002ca,1,0,0,1,0,422354e8,0ade,"iSTATE2",1,fb2cda56,fb2cda56,fcd409fc,00000000,00000000,00000000,1,4267328336,3576,1,00000df9,0,0,0,1,0
233,233,0,0,0,3b,60,0001871c,fe6c77d6,04444444,000002ca,1,0,0,1,0,422354e8,0ade,"iSTATE2",1,fb3f0edc,fb3f0edc,fcd409fc,00000000,00000000,00000000,1,4268521430,3577,1,00000dfa,0,0,0,1,0
234,234,0,0,0,3b,60,0001871c,fe7eaf26,04444444,000002ca,1,0,0,1,0,422354e8,0ade,"iSTATE2",1,fb51462c,fb51462c,fcd409fc,00000000,00000000,00000000,1,4269715238,3578,1,00000dfb,0,0,0,1,0
235,235,0,0,0,3b,60,0001871c,fe90e3ac,04444444,000002ca,1,0,0,1,0,422354e8,0ade,"iSTATE2",1,fb637ab2,fb637ab2,fcd409fc,00000000,00000000,00000000,1,4270908332,3579,1,00000dfc,0,0,0,1,0
236,236,0,0,0,3b,60,0001871c,fea31832,04444444,000002ca,1,0,0,1,0,422354e8,0ade,"iSTATE2",1,fb75af38,fb75af38,fcd409fc,00000000,00000000,00000000,1,4272101426,3580,1,00000dfd,0,0,0,1,0
237,237,0,0,0,3b,60,0001871c,feb54f82,04444444,000002ca,1,0,0,1,0,422354e8,0ade,"iSTATE2",1,fb87e688,fb87e688,fcd409fc,00000000,00000000,00000000,1,4273295234,3581,1,00000dfe,0,0,0,1,0
238,238,0,0,0,3b,60,0001871c,fec78408,04444444,000002ca,1,0,0,1,0,422354e8,0ade,"iSTATE2",1,fb9a1b0e,fb9a1b0e,fcd409fc,00000000,00000000,00000000,1,4274488328,3582,1,00000dff,0,0,0,1,0
239,239,0,0,0,3b,60,0001871c,fed9b88e,04444444,000002ca,1,0,0,1,0,422354e8,0ade,"iSTATE2",1,fbac4f94,fbac4f94,fcd409fc,00000000,00000000,00000000,1,4275681422,3583,1,00000e00,0,0,0,1,0
240,240,0,0,0,3b,60,0001871c,feebefde,04444444,000002ca,1,0,0,1,0,422354e8,0ade,"iSTATE2",1,fbbe86e4,fbbe86e4,fcd409fc,00000000,00000000,00000000,1,4276875230,3584,1,00000e01,0,0,0,1,0
241,241,0,0,0,3b,60,0001871c,fefe2464,04444444,000002ca,1,0,0,1,0,422354e8,0ade,"iSTATE2",1,fbd0bb6a,fbd0bb6a,fcd409fc,00000000,00000000,00000000,1,4278068324,3585,1,00000e02,0,0,0,1,0
242,242,0,0,0,3b,60,0001871c,ff1058ea,04444444,000002ca,1,0,0,1,0,422354e8,0ade,"iSTATE2",1,fbe2eff0,fbe2eff0,fcd409fc,00000000,00000000,00000000,1,4279261418,3586,1,00000e03,0,0,0,1,0
243,243,0,0,0,3b,60,0001871c,ff22903a,04444444,000002ca,1,0,0,1,0,422354e8,0ade,"iSTATE2",1,fbf52740,fbf52740,fcd409fc,00000000,00000000,00000000,1,4280455226,3587,1,00000e04,0,0,0,1,0
244,244,0,0,0,3b,60,0001871c,ff34c4c0,04444444,000002ca,1,0,0,1,0,422354e8,0ade,"iSTATE2",1,fc075bc6,fc075bc6,fcd409fc,00000000,00000000,00000000,1,4281648320,3588,1,00000e05,0,0,0,1,0
245,245,0,0,0,3b,60,0001871c,ff46f946,04444444,000002ca,1,0,0,1,0,422354e8,0ade,"iSTATE2",1,fc19904c,fc19904c,fcd409fc,00000000,00000000,00000000,1,4282841414,3589,1,00000e06,0,0,0,1,0
246,246,0,0,0,3b,60,0001871c,ff593096,04444444,000002ca,1,0,0,1,0,422354e8,0ade,"iSTATE2",1,fc2bc79c,fc2bc79c,fcd409fc,00000000,00000000,00000000,1,4284035222,3590,1,00000e07,0,0,0,1,0
247,247,0,0,0,3b,60,0001871c,ff6b651c,04444444,000002ca,1,0,0,1,0,422354e8,0ade,"iSTATE2",1,fc3dfc22,fc3dfc22,fcd409fc,00000000,00000000,00000000,1,4285228316,3591,1,00000e08,0,0,0,1,0
248,248,0,0,0,3b,60,0001871c,ff7d99a2,04444444,000002ca,1,0,0,1,0,422354e8,0ade,"iSTATE2",1,fc5030a8,fc5030a8,fcd409fc,00000000,00000000,00000000,1,4286421410,3592,1,00000e09,0,0,0,1,0
249,249,0,0,0,3b,60,0001871c,ff8fd0f2,04444444,000002ca,1,0,0,1,0,422354e8,0ade,"iSTATE2",1,fc6267f8,fc6267f8,fcd409fc,00000000,00000000,00000000,1,4287615218,3593,1,00000e0a,0,0,0,1,0
250,250,0,0,0,3b,60,0001871c,ffa20578,04444444,000002ca,1,0,0,1,0,422354e8,0ade,"iSTATE2",1,fc749c7e,fc749c7e,fcd409fc,00000000,00000000,00000000,1,4288808312,3594,1,00000e0b,0,0,0,1,0
251,251,0,0,0,3b,60,0001871c,ffb439fe,04444444,000002ca,1,0,0,1,0,422354e8,0ade,"iSTATE2",1,fc86d104,fc86d104,fcd409fc,00000000,00000000,00000000,1,4290001406,3595,1,00000e0c,0,0,0,1,0
252,252,0,0,0,3b,60,0001871c,ffc6714e,04444444,000002ca,1,0,0,1,0,422354e8,0ade,"iSTATE2",1,fc990854,fc990854,fcd409fc,00000000,00000000,00000000,1,4291195214,3596,1,00000e0d,0,0,0,1,0
253,253,0,0,0,3b,60,0001871c,ffd8a5d4,04444444,000002ca,1,0,0,1,0,422354e8,0ade,"iSTATE2",1,fcab3cda,fcab3cda,fcd409fc,00000000,00000000,00000000,1,4292388308,3597,1,00000e0e,0,0,0,1,0
254,254,0,0,0,3b,60,0001871c,ffeada5a,04444444,000002ca,1,0,0,1,0,422354e8,0ade,"iSTATE2",1,fcbd7160,fcbd7160,fcd409fc,00000000,00000000,00000000,1,4293581402,3598,1,00000e0f,0,0,0,1,0
255,255,0,0,0,3b,60,0001871c,fffd11aa,04444444,000002ca,1,0,0,1,0,422354e8,0ade,"iSTATE2",1,fccfa8b0,fccfa8b0,fcd409fc,00000000,00000000,00000000,1,4294775210,3599,1,00000e11,0,0,0,1,0
256,256,1,1,1,00,60,00049bec,00000000,04444444,000002ca,0,0,0,1,1,422354e8,0ade,"iSTATE2",1,00000000,00000000,fcd29706,00000000,00000000,00000000,1,0,3599,0,00000001,0,1,1,1,0
257,257,0,1,1,00,60,00049bec,00000000,04444444,000002ca,0,0,0,1,1,422354e8,0ade,"iSTATE2",1,000002ca,000002ca,fcd29706,00000000,00000000,00000000,1,0,3600,1,00000001,0,0,0,1,0
258,258,0,0,0,00,60,00049bec,001237c4,04444444,000000ec,1,0,0,1,1,422354e8,0ade,"iSTATE2",1,00375012,00375012,fcd29706,00000000,00000000,00000000,1,1193924,3601,1,00000002,0,0,0,1,0
259,259,0,0,0,00,60,00049bec,00246cc4,04444444,000000ec,1,0,0,1,1,422354e8,0ade,"iSTATE2",1,006e6592,006e6592,fcd29706,00000000,00000000,00000000,1,2387140,3602,1,00000003,0,0,0,1,0
260,260,0,0,0,00,60,00049bec,0036a2b0,04444444,000000ec,1,0,0,1,1,422354e8,0ade,"iSTATE2",1,00a57ddc,00a57ddc,fcd29706,00000000,00000000,00000000,1,3580592,3603,1,00000004,0,0,0,1,0
261,261,0,0,0,00,60,00049bec,0048d7b0,04444444,000000ec,1,0,0,1,1,422354e8,0ade,"iSTATE2",1,00dc935c,00dc935c,fcd29706,00000000,00000000,00000000,1,4773808,3604,1,00000005,0,0,0,1,0
262,262,0,0,0,00,60,00049bec,005b0d9c,04444444,000000ec,1,0,0,1,1,422354e8,0ade,"iSTATE2",1,0113aba6,0113aba6,fcd29706,00000000,00000000,00000000,1,5967260,3605,1,00000006,0,0,0,1,0
263,263,0,0,0,00,60,00049bec,006d429c,04444444,000000ec,1,0,0,1,1,422354e8,0ade,"iSTATE2",1,014ac126,014ac126,fcd29706,00000000,00000000,00000000,1,7160476,3606,1,00000007,0,0,0,1,0
264,264,0,0,0,00,60,00049bec,007f7888,04444444,000000ec,1,0,0,1,1,422354e8,0ade,"iSTATE2",1,0181d970,0181d970,fcd29706,00000000,00000000,00000000,1,8353928,3607,1,00000008,0,0,0,1,0
265,265,0,0,0,00,60,00049bec,0091ad88,04444444,000000ec,1,0,0,1,1,422354e8,0ade,"iSTATE2",1,01b8eef0,01b8eef0,fcd29706,00000000,00000000,00000000,1,9547144,3608,1,00000009,0,0,0,1,0
266,266,0,0,0,00,60,00049bec,00a3e374,04444444,000000ec,1,0,0,1,1,422354e8,0ade,"iSTATE2",1,01f0073a,01f0073a,fcd29706,00000000,00000000,00000000,1,10740596,3609,1,0000000a,0,0,0,1,0
267,267,0,0,0,00,60,00049bec,00b61874,04444444,000000ec,1,0,0,1,1,422354e8,0ade,"iSTATE2",1,02271cba,02271cba,fcd29706,00000000,00000000,00000000,1,11933812,3610,1,0000000b,0,0,0,1,0
268,268,0,0,0,00,60,00049bec,00c84e60,04444444,000000ec,1,0,0,1,1,422354e8,0ade,"iSTATE2",1,025e3504,025e3504,fcd29706,00000000,00000000,00000000,1,13127264,3611,1,0000000c,0,0,0,1,0
269,269,0,0,0,00,60,00049bec,00da8360,04444444,000000ec,1,0,0,1,1,422354e8,0ade,"iSTATE2",1,02954a84,02954a84,fcd29706,00000000,00000000,00000000,1,14320480,3612,1,0000000d,0,0,0,1,0
270,270,0,0,0,00,60,00049bec,00ecb860,04444444,000000ec,1,0,0,1,1,422354e8,0ade,"iSTATE2",1,02cc6004,02cc6004,fcd29706,00000000,00000000,00000000,1,15513696,3613,1,0000000e,0,0,0,1,0
271,271,0,0,0,00,60,00049bec,00feee4c,04444444,000000ec,1,0,0,1,1,422354e8,0ade,"iSTATE2",1,0303784e,0303784e,fcd29706,00000000,00000000,00000000,1,16707148,3614,1,0000000f,0,0,0,1,0
272,272,0,0,0,00,60,00049bec,0111234c,04444444,000000ec,1,0,0,1,1,422354e8,0ade,"iSTATE2",1,033a8dce,033a8dce,fcd29706,00000000,00000000,00000000,1,17900364,3615,1,00000010,0,0,0,1,0
273,273,0,0,0,00,60,00049bec,01235938,04444444,000000ec,1,0,0,1,1,422354e8,0ade,"iSTATE2",1,0371a618,0371a618,fcd29706,00000000,00000000,00000000,1,19093816,3616,1,00000011,0,0,0,1,0
274,274,0,0,0,00,60,00049bec,01358e38,04444444,000000ec,1,0,0,1,1,422354e8,0ade,"iSTATE2",1,03a8bb98,03a8bb98,fcd29706,00000000,00000000,00000000,1,20287032,3617,1,00000012,0,0,0,1,0
275,275,0,0,0,00,60,00049bec,0147c424,04444444,000000ec,1,0,0,1,1,422354e8,0ade,"iSTATE2",1,03dfd3e2,03dfd3e2,fcd29706,00000000,00000000,00000000,1,21480484,3618,1,00000013,0,0,0,1,0
276,276,0,0,0,00,60,00049bec,0159f924,04444444,000000ec,1,0,0,1,1,422354e8,0ade,"iSTATE2",1,0416e962,0416e962,fcd29706,00000000,00000000,00000000,1,22673700,3619,1,00000014,0,0,0,1,0
277,277,0,1,0,01,60,00018709,04444444,04444444,000000ec,0,0,0,1,1,422354e8,0ade,"iSTATE2",1,0442a0f2,0442a0f2,02da3188,00000000,00000000,00000000,1,71582788,3659,1,00000016,0,0,0,1,0
278,278,0,0,0,01,60,00018709,0456c259,04444444,000002cb,1,0,0,1,1,422354e8,0ade,"iSTATE2",1,0448cee2,0448cee2,02da3188,00000000,00000000,00000000,1,72794713,3661,1,0000003e,0,0,0,1,0
279,279,0,0,0,01,60,00018709,0468f7d0,04444444,000002cb,1,0,0,1,1,422354e8,0ade,"iSTATE2",1,044ed17e,044ed17e,02da3188,00000000,00000000,00000000,1,73988048,3662,1,0000003f,0,0,0,1,0
280,280,0,0,0,01,60,00018709,047b2d47,04444444,000002cb,1,0,0,1,1,422354e8,0ade,"iSTATE2",1,0454d41a,0454d41a,02da3188,00000000,00000000,00000000,1,75181383,3663,1,00000040,0,0,0,1,0
281,281,0,0,0,01,60,00018709,048d62be,04444444,000002cb,1,0,0,1,1,422354e8,0ade,"iSTATE2",1,045ad6b6,045ad6b6,02da3188,00000000,00000000,00000000,1,76374718,3664,1,00000041,0,0,0,1,0
282,282,0,0,0,01,60,00018709,049f9835,04444444,000002cb,1,0,0,1,1,422354e8,0ade,"iSTATE2",1,0460d952,0460d952,02da3188,00000000,00000000,00000000,1,77568053,3665,1,00000042,0,0,0,1,0
283,283,0,0,0,01,60,00018709,04b1cdac,04444444,000002cb,1,0,0,1,1,422354e8,0ade,"iSTATE2",1,0466dbee,0466dbee,02da3188,00000000,00000000,00000000,1,78761388,3666,1,00000043,0,0,0,1,0
284,284,0,0,0,01,60,00018709,04c40323,04444444,000002cb,1,0,0,1,1,422354e8,0ade,"iSTATE2",1,046cde8a,046cde8a,02da3188,00000000,00000000,00000000,1,79954723,3667,1,00000044,0,0,0,1,0
285,285,0,0,0,01,60,00018709,04d6389a,04444444,000002cb,1,0,0,1,1,422354e8,0ade,"iSTATE2",1,0472e126,0472e126,02da3188,00000000,00000000,00000000,1,81148058,3668,1,00000045,0,0,0,1,0
286,286,0,0,0,01,60,00018709,04e86e11,04444444,000002cb,1,0,0,1,1,422354e8,0ade,"iSTATE2",1,0478e3c2,0478e3c2,02da3188,00000000,00000000,00000000,1,82341393,3669,1,00000046,0,0,0,1,0
287,287,0,0,0,01,60,00018709,04faa388,04444444,000002cb,1,0,0,1,1,422354e8,0ade,"iSTATE2",1,047ee65e,047ee65e,02da3188,00000000,00000000,00000000,1,83534728,3670,1,00000047,0,0,0,1,0
288,288,0,0,0,01,60,00018709,050cd8ff,04444444,000002cb,1,0,0,1,1,422354e8,0ade,"iSTATE2",1,0484e8fa,0484e8fa,02da3188,00000000,00000000,00000000,1,84728063,3671,1,00000048,0,0,0,1,0
289,289,0,0,0,01,60,00018709,051f0e76,04444444,000002cb,1,0,0,1,1,422354e8,0ade,"iSTATE2",1,048aeb96,048aeb96,02da3188,00000000,00000000,00000000,1,85921398,3672,1,00000049,0,0,0,1,0
290,290,0,0,0,01,60,00018709,053143ed,04444444,000002cb,1,0,0,1,1,422354e8,0ade,"iSTATE2",1,0490ee32,0490ee32,02da3188,00000000,00000000,00000000,1,87114733,3673,1,0000004a,0,0,0,1,0
291,291,0,0,0,01,60,00018709,05437964,04444444,000002cb,1,0,0,1,1,422354e8,0ade,"iSTATE2",1,0496f0ce,0496f0ce,02da3188,00000000,00000000,00000000,1,88308068,3674,1,0000004b,0,0,0,1,0
292,292,0,0,0,01,60,00018709,0555aedb,04444444,000002cb,1,0,0,1,1,422354e8,0ade,"iSTATE2",1,049cf36a,049cf36a,02da3188,00000000,00000000,00000000,1,89501403,3675,1,0000004c,0,0,0,1,0
293,293,0,0,0,01,60,00018709,0567e452,04444444,000002cb,1,0,0,1,1,422354e8,0ade,"iSTATE2",1,04a2f606,04a2f606,02da3188,00000000,00000000,00000000,1,90694738,3676,1,0000004d,0,0,0,1,0
294,294,0,0,0,01,60,00018709,057a19c9,04444444,000002cb,1,0,0,1,1,422354e8,0ade,"iSTATE2",1,04a8f8a2,04a8f8a2,02da3188,00000000,00000000,00000000,1,91888073,3677,1,0000004e,0,0,0,1,0
295,295,0,0,0,01,60,00018709,058c4f40,04444444,000002cb,1,0,0,1,1,422354e8,0ade,"iSTATE2",1,04aefb3e,04aefb3e,02da3188,00000000,00000000,00000000,1,93081408,3678,1,0000004f,0,0,0,1,0
296,296,0,0,0,01,60,00018709,059e81ec,04444444,000002cb,1,0,0,1,1,422354e8,0ade,"iSTATE2",1,04b4fcee,04b4fcee,02da3188,00000000,00000000,00000000,1,94274028,3679,1,00000050,0,0,0,1,0
297,297,0,0,0,01,60,00018709,05b0b763,04444444,000002cb,1,0,0,1,1,422354e8,0ade,"iSTATE2",1,04baff8a,04baff8a,02da3188,00000000,00000000,00000000,1,95467363,3680,1,00000051,0,0,0,1,0
298,298,0,0,0,01,60,00018709,05c2ecda,04444444,000002cb,1,0,0,1,1,422354e8,0ade,"iSTATE2",1,04c10226,04c10226,02da3188,00000000,00000000,00000000,1,96660698,3681,1,00000052,0,0,0,1,0
299,299,0,0,0,01,60,00018709,05d52251,04444444,000002cb,1,0,0,1,1,422354e8,0ade,"iSTATE2",1,04c704c2,04c704c2,02da3188,00000000,00000000,00000000,1,97854033,3682,1,00000053,0,0,0,1,0
300,300,0,0,0,01,60,00018709,05e757c8,04444444,000002cb,1,0,0,1,1,422354e8,0ade,"iSTATE2",1,04cd075e,04cd075e,02da3188,00000000,00000000,00000000,1,99047368,3683,1,00000054,0,0,0,1,0
301,301,0,0,0,01,60,00018709,05f98d3f,04444444,000002cb,1,0,0,1,1,422354e8,0ade,"iSTATE2",1,04d309fa,04d309fa,02da3188,00000000,00000000,00000000,1,100240703,3684,1,00000055,0,0,0,1,0
302,302,0,0,0,01,60,00018709,060bc2b6,04444444,000002cb,1,0,0,1,1,422354e8,0ade,"iSTATE2",1,04d90c96,04d90c96,02da3188,00000000,00000000,00000000,1,101434038,3685,1,00000056,0,0,0,1,0
303,303,0,0,0,01,60,00018709,061df82d,04444444,000002cb,1,0,0,1,1,422354e8,0ade,"iSTATE2",1,04df0f32,04df0f32,02da3188,00000000,00000000,00000000,1,102627373,3686,1,00000057,0,0,0,1,0
304,304,0,0,0,01,60,00018709,06302da4,04444444,000002cb,1,0,0,1,1,422354e8,0ade,"iSTATE2",1,04e511ce,04e511ce,02da3188,00000000,00000000,00000000,1,103820708,3687,1,00000058,0,0,0,1,0
305,305,0,0,0,01,60,00018709,0642631b,04444444,000002cb,1,0,0,1,1,422354e8,0ade,"iSTATE2",1,04eb146a,04eb146a,02da3188,00000000,00000000,00000000,1,105014043,3688,1,00000059,0,0,0,1,0
306,306,0,0,0,01,60,00018709,06549892,04444444,000002cb,1,0,0,1,1,422354e8,0ade,"iSTATE2",1,04f11706,04f11706,02da3188,00000000,00000000,00000000,1,106207378,3689,1,0000005a,0,0,0,1,0
307,307,0,0,0,01,60,00018709,0666ce09,04444444,000002cb,1,0,0,1,1,422354e8,0ade,"iSTATE2",1,04f719a2,04f719a2,02da3188,00000000,00000000,00000000,1,107400713,3690,1,0000005b,0,0,0,1,0
308,308,0,0,0,01,60,00018709,06790380,04444444,000002cb,1,0,0,1,1,422354e8,0ade,"iSTATE2",1,04fd1c3e,04fd1c3e,02da3188,00000000,00000000,00000000,1,108594048,3691,1,0000005c,0,0,0,1,0
309,309,0,0,0,01,60,00018709,068b38f7,04444444,000002cb,1,0,0,1,1,422354e8,0ade,"iSTATE2",1,05031eda,05031eda,02da3188,00000000,00000000,00000000,1,109787383,3692,1,0000005d,0,0,0,1,0
310,310,0,0,0,01,60,00018709,069d6e6e,04444444,000002cb,1,0,0,1,1,422354e8,0ade,"iSTATE2",1,05092176,05092176,02da3188,00000000,00000000,00000000,1,110980718,3693,1,0000005e,0,0,0,1,0
311,311,0,0,0,01,60,00018709,06afa3e5,04444444,000002cb,1,0,0,1,1,422354e8,0ade,"iSTATE2",1,050f2412,050f2412,02da3188,00000000,00000000,00000000,1,112174053,3694,1,0000005f,0,0,0,1,0
312,312,0,0,0,01,60,00018709,06c1d95c,04444444,000002cb,1,0,0,1,1,422354e8,0ade,"iSTATE2",1,051526ae,051526ae,02da3188,00000000,00000000,00000000,1,113367388,3695,1,00000060,0,0,0,1,0
313,313,0,0,0,01,60,00018709,06d40ed3,04444444,000002cb,1,0,0,1,1,422354e8,0ade,"iSTATE2",1,051b294a,051b294a,02da3188,00000000,00000000,00000000,1,114560723,3696,1,00000061,0,0,0,1,0
314,314,0,0,0,01,60,00018709,06e6444a,04444444,000002cb,1,0,0,1,1,422354e8,0ade,"iSTATE2",1,05212be6,05212be6,02da3188,00000000,00000000,00000000,1,115754058,3697,1,00000062,0,0,0,1,0
315,315,0,0,0,01,60,00018709,06f879c1,04444444,000002cb,1,0,0,1,1,422354e8,0ade,"iSTATE2",1,05272e82,05272e82,02da3188,00000000,00000000,00000000,1,116947393,3698,1,00000063,0,0,0,1,0
316,316,0,0,0,01,60,00018709,070aaf38,04444444,000002cb,1,0,0,1,1,422354e8,0ade,"iSTATE2",1,052d311e,052d311e,02da3188,00000000,00000000,00000000,1,118140728,3699,1,00000064,0,0,0,1,0
317,317,0,0,0,01,60,00018709,071ce4af,04444444,000002cb,1,0,0,1,1,422354e8,0ade,"iSTATE2",1,053333ba,053333ba,02da3188,00000000,00000000,00000000,1,119334063,3700,1,00000065,0,0,0,1,0
318,318,0,0,0,01,60,00018709,072f1a26,04444444,000002cb,1,0,0,1,1,422354e8,0ade,"iSTATE2",1,05393656,05393656,02da3188,00000000,00000000,00000000,1,120527398,3701,1,00000066,0,0,0,1,0
319,319,0,0,0,01,60,00018709,07414f9d,04444444,000002cb,1,0,0,1,1,422354e8,0ade,"iSTATE2",1,053f38f2,053f38f2,02da3188,00000000,00000000,00000000,1,121720733,3702,1,00000067,0,0,0,1,0
320,320,0,0,0,01,60,00018709,07538514,04444444,000002cb,1,0,0,1,1,422354e8,0ade,"iSTATE2",1,05453b8e,05453b8e,02da3188,00000000,00000000,00000000,1,122914068,3703,1,00000068,0,0,0,1,0
321,321,0,0,0,01,60,00018709,0765ba8b,04444444,000002cb,1,0,0,1,1,422354e8,0ade,"iSTATE2",1,054b3e2a,054b3e2a,02da3188,00000000,00000000,00000000,1,124107403,3704,1,00000069,0,0,0,1,0
322,322,0,0,0,01,60,00018709,0777f002,04444444,000002cb,1,0,0,1,1,422354e8,0ade,"iSTATE2",1,055140c6,055140c6,02da3188,00000000,00000000,00000000,1,125300738,3705,1,0000006a,0,0,0,1,0
323,323,0,0,0,01,60,00018709,078a2579,04444444,000002cb,1,0,0,1,1,422354e8,0ade,"iSTATE2",1,05574362,05574362,02da3188,00000000,00000000,00000000,1,126494073,3706,1,0000006b,0,0,0,1,0
324,324,0,0,0,01,60,00018709,079c5af0,04444444,000002cb,1,0,0,1,1,422354e8,0ade,"iSTATE2",1,055d45fe,055d45fe,02da3188,00000000,00000000,00000000,1,127687408,3707,1,0000006c,0,0,0,1,0
325,325,0,0,0,01,60,00018709,07ae9067,04444444,000002cb,1,0,0,1,1,422354e8,0ade,"iSTATE2",1,0563489a,0563489a,02da3188,00000000,00000000,00000000,1,128880743,3708,1,0000006d,0,0,0,1,0
326,326,0,0,0,01,60,00018709,07c0c5de,04444444,000002cb,1,0,0,1,1,422354e8,0ade,"iSTATE2",1,05694b36,05694b36,02da3188,00000000,00000000,00000000,1,130074078,3709,1,0000006e,0,0,0,1,0
327,327,0,0,0,01,60,00018709,07d2fb55,04444444,000002cb,1,0,0,1,1,422354e8,0ade,"iSTATE2",1,056f4dd2,056f4dd2,02da3188,00000000,00000000,00000000,1,131267413,3710,1,0000006f,0,0,0,1,0
328,328,0,0,0,01,60,00018709,07e530cc,04444444,000002cb,1,0,0,1,1,422354e8,0ade,"iSTATE2",1,0575506e,0575506e,02da3188,00000000,00000000,00000000,1,132460748,3711,1,00000070,0,0,0,1,0
329,329,0,0,0,01,60,00018709,07f76643,04444444,000002cb,1,0,0,1,1,422354e8,0ade,"iSTATE2",1,057b530a,057b530a,02da3188,00000000,00000000,00000000,1,133654083,3712,1,00000071,0,0,0,1,0
330,330,0,0,0,01,60,00018709,08099bba,04444444,000002cb,1,0,0,1,1,422354e8,0ade,"iSTATE2",1,058155a6,058155a6,02da3188,00000000,00000000,00000000,1,134847418,3713,1,00000072,0,0,0,1,0
331,331,0,0,0,01,60,00018709,081bd131,04444444,000002cb,1,0,0,1,1,422354e8,0ade,"iSTATE2",1,05875842,05875842,02da3188,00000000,00000000,00000000,1,136040753,3714,1,00000073,0,0,0,1,0
332,332,0,0,0,01,60,00018709,082e06a8,04444444,000002cb,1,0,0,1,1,422354e8,0ade,"iSTATE2",1,058d5ade,058d5ade,02da3188,00000000,00000000,00000000,1,137234088,3715,1,00000074,0,0,0,1,0
333,333,0,0,0,01,60,00018709,08403c1f,04444444,000002cb,1,0,0,1,1,422354e8,0ade,"iSTATE2",1,05935d7a,05935d7a,02da3188,00000000,00000000,00000000,1,138427423,3716,1,00000075,0,0,0,1,0
334,334,0,0,0,01,60,00018709,08527196,04444444,000002cb,1,0,0,1,1,422354e8,0ade,"iSTATE2",1,05996016,05996016,02da3188,00000000,00000000,00000000,1,139620758,3717,1,00000076,0,0,0,1,0
335,335,0,0,0,01,60,00018709,0864a70d,04444444,000002cb,1,0,0,1,1,422354e8,0ade,"iSTATE2",1,059f62b2,059f62b2,02da3188,00000000,00000000,00000000,1,140814093,3718,1,00000077,0,0,0,1,0
336,336,0,0,0,01,60,00018709,0876dc84,04444444,000002cb,1,0,0,1,1,422354e8,0ade,"iSTATE2",1,05a5654e,05a5654e,02da3188,00000000,00000000,00000000,1,142007428,3719,1,00000078,0,0,0,1,0
337,337,0,1,0,02,60,0001871c,08891132,04444444,000002ca,1,0,0,1,1,422354e8,0ade,"iSTATE2",1,05abf6ee,05abf6ee,fd22cdaf,00000000,00000000,00000000,1,143200562,3720,1,00000079,0,0,0,1,0
338,338,0,0,0,02,60,0001871c,089b45b8,04444444,000002ca,1,0,0,1,1,422354e8,0ade,"iSTATE2",1,05be31fb,05be31fb,fd22cdaf,00000000,00000000,00000000,1,144393656,3721,1,0000007a,0,0,0,1,0
339,339,0,0,0,02,60,0001871c,08ad7d08,04444444,000002ca,1,0,0,1,1,422354e8,0ade,"iSTATE2",1,05d06fd3,05d06fd3,fd22cdaf,00000000,00000000,00000000,1,145587464,3722,1,0000007b,0,0,0,1,0
340,340,0,0,0,02,60,0001871c,08bfb18e,04444444,000002ca,1,0,0,1,1,422354e8,0ade,"iSTATE2",1,05e2aae0,05e2aae0,fd22cdaf,00000000,00000000,00000000,1,146780558,3723,1,0000007c,0,0,0,1,0
341,341,0,0,0,02,60,0001871c,08d1e614,04444444,000002ca,1,0,0,1,1,422354e8,0ade,"iSTATE2",1,05f4e5ed,05f4e5ed,fd22cdaf,00000000,00000000,00000000,1,147973652,3724,1,0000007d,0,0,0,1,0
342,342,0,0,0,02,60,0001871c,08e41d64,04444444,000002ca,1,0,0,1,1,422354e8,0ade,"iSTATE2",1,060723c5,060723c5,fd22cdaf,00000000,00000000,00000000,1,149167460,3725,1,0000007e,0,0,0,1,0
343,343,0,0,0,02,60,0001871c,08f651ea,04444444,000002ca,1,0,0,1,1,422354e8,0ade,"iSTATE2",1,06195ed2,06195ed2,fd22cdaf,00000000,00000000,00000000,1,150360554,3726,1,0000007f,0,0,0,1,0
344,344,0,0,0,02,60,0001871c,09088670,04444444,000002ca,1,0,0,1,1,422354e8,0ade,"iSTATE2",1,062b99df,062b99df,fd22cdaf,00000000,00000000,00000000,1,151553648,3727,1,00000080,0,0,0,1,0
345,345,0,0,0,02,60,0001871c,091abdc0,04444444,000002ca,1,0,0,1,1,422354e8,0ade,"iSTATE2",1,063dd7b7,063dd7b7,fd22cdaf,00000000,00000000,00000000,1,152747456,3728,1,00000081,0,0,0,1,0
346,346,0,0,0,02,60,0001871c,092cf246,04444444,000002ca,1,0,0,1,1,422354e8,0ade,"iSTATE2",1,065012c4,065012c4,fd22cdaf,00000000,00000000,00000000,1,153940550,3729,1,00000082,0,0,0,1,0
347,347,0,0,0,02,60,0001871c,093f26cc,04444444,000002ca,1,0,0,1,1,422354e8,0ade,"iSTATE2",1,06624dd1,06624dd1,fd22cdaf,00000000,00000000,00000000,1,155133644,3730,1,00000083,0,0,0,1,0
348,348,0,0,0,02,60,0001871c,09515e1c,04444444,000002ca,1,0,0,1,1,422354e8,0ade,"iSTATE2",1,06748ba9,06748ba9,fd22cdaf,00000000,00000000,00000000,1,156327452,3731,1,00000084,0,0,0,1,0
349,349,0,0,0,02,60,0001871c,096392a2,04444444,000002ca,1,0,0,1,1,422354e8,0ade,"iSTATE2",1,0686c6b6,0686c6b6,fd22cdaf,00000000,00000000,00000000,1,157520546,3732,1,00000085,0,0,0,1,0
350,350,0,0,0,02,60,0001871c,0975c728,04444444,000002ca,1,0,0,1,1,422354e8,0ade,"iSTATE2",1,069901c3,069901c3,fd22cdaf,00000000,00000000,00000000,1,158713640,3733,1,00000086,0,0,0,1,0
351,351,0,0,0,02,60,0001871c,0987fe78,04444444,000002ca,1,0,0,1,1,422354e8,0ade,"iSTATE2",1,06ab3f9b,06ab3f9b,fd22cdaf,00000000,00000000,00000000,1,159907448,3734,1,00000087,0,0,0,1,0
352,352,0,0,0,02,60,0001871c,099a32fe,04444444,000002ca,1,0,0,1,1,422354e8,0ade,"iSTATE2",1,06bd7aa8,06bd7aa8,fd22cdaf,00000000,00000000,00000000,1,161100542,3735,1,00000088,0,0,0,1,0
353,353,0,0,0,02,60,0001871c,09ac6784,04444444,000002ca,1,0,0,1,1,422354e8,0ade,"iSTATE2",1,06cfb5b5,06cfb5b5,fd22cdaf,00000000,00000000,00000000,1,162293636,3736,1,00000089,0,0,0,1,0
354,354,0,0,0,02,60,0001871c,09be9ed4,04444444,000002ca,1,0,0,1,1,422354e8,0ade,"iSTATE2",1,06e1f38d,06e1f38d,fd22cdaf,00000000,00000000,00000000,1,163487444,3737,1,0000008a,0,0,0,1,0
355,355,0,0,0,02,60,0001871c,09d0d35a,04444444,000002ca,1,0,0,1,1,422354e8,0ade,"iSTATE2",1,06f42e9a,06f42e9a,fd22cdaf,00000000,00000000,00000000,1,164680538,3738,1,0000008b,0,0,0,1,0
356,356,0,0,0,02,60,0001871c,09e307e0,04444444,000002ca,1,0,0,1,1,422354e8,0ade,"iSTATE2",1,070669a7,070669a7,fd22cdaf,00000000,00000000,00000000,1,165873632,3739,1,0000008c,0,0,0,1,0
357,357,0,0,0,02,60,0001871c,09f53f30,04444444,000002ca,1,0,0,1,1,422354e8,0ade,"iSTATE2",1,0718a77f,0718a77f,fd22cdaf,00000000,00000000,00000000,1,167067440,3740,1,0000008d,0,0,0,1,0
358,358,0,0,0,02,60,0001871c,0a0773b6,04444444,000002ca,1,0,0,1,1,422354e8,0ade,"iSTATE2",1,072ae28c,072ae28c,fd22cdaf,00000000,00000000,00000000,1,168260534,3741,1,0000008e,0,0,0,1,0
359,359,0,0,0,02,60,0001871c,0a19a83c,04444444,000002ca,1,0,0,1,1,422354e8,0ade,"iSTATE2",1,073d1d99,073d1d99,fd22cdaf,00000000,00000000,00000000,1,169453628,3742,1,0000008f,0,0,0,1,0
360,360,0,0,0,02,60,0001871c,0a2bdf8c,04444444,000002ca,1,0,0,1,1,422354e8,0ade,"iSTATE2",1,074f5b71,074f5b71,fd22cdaf,00000000,00000000,00000000,1,170647436,3743,1,00000090,0,0,0,1,0
361,361,0,0,0,02,60,0001871c,0a3e1412,04444444,000002ca,1,0,0,1,1,422354e8,0ade,"iSTATE2",1,0761967e,0761967e,fd22cdaf,00000000,00000000,00000000,1,171840530,3744,1,00000091,0,0,0,1,0
362,362,0,0,0,02,60,0001871c,0a504898,04444444,000002ca,1,0,0,1,1,422354e8,0ade,"iSTATE2",1,0773d18b,0773d18b,fd22cdaf,00000000,00000000,00000000,1,173033624,3745,1,00000092,0,0,0,1,0
363,363,0,0,0,02,60,0001871c,0a627fe8,04444444,000002ca,1,0,0,1,1,422354e8,0ade,"iSTATE2",1,07860f63,07860f63,fd22cdaf,00000000,00000000,00000000,1,174227432,3746,1,00000093,0,0,0,1,0
364,364,0,0,0,02,60,0001871c,0a74b46e,04444444,000002ca,1,0,0,1,1,422354e8,0ade,"iSTATE2",1,07984a70,07984a70,fd22cdaf,00000000,00000000,00000000,1,175420526,3747,1,00000094,0,0,0,1,0
365,365,0,0,0,02,60,0001871c,0a86e8f4,04444444,000002ca,1,0,0,1,1,422354e8,0ade,"iSTATE2",1,07aa857d,07aa857d,fd22cdaf,00000000,00000000,00000000,1,176613620,3748,1,00000095,0,0,0,1,0
366,366,0,0,0,02,60,0001871c,0a991d7a,04444444,000002ca,1,0,0,1,1,422354e8,0ade,"iSTATE2",1,07bcc08a,07bcc08a,fd22cdaf,00000000,00000000,00000000,1,177806714,3749,1,00000096,0,0,0,1,0
367,367,0,0,0,02,60,0001871c,0aab54ca,04444444,000002ca,1,0,0,1,1,422354e8,0ade,"iSTATE2",1,07cefe62,07cefe62,fd22cdaf,00000000,00000000,00000000,1,179000522,3750,1,00000097,0,0,0,1,0
368,368,0,0,0,02,60,0001871c,0abd8950,04444444,000002ca,1,0,0,1,1,422354e8,0ade,"iSTATE2",1,07e1396f,07e1396f,fd22cdaf,00000000,00000000,00000000,1,180193616,3751,1,00000098,0,0,0,1,0
369,369,0,0,0,02,60,0001871c,0acfbdd6,04444444,000002ca,1,0,0,1,1,422354e8,0ade,"iSTATE2",1,07f3747c,07f3747c,fd22cdaf,00000000,00000000,00000000,1,181386710,3752,1,00000099,0,0,0,1,0
370,370,0,0,0,02,60,0001871c,0ae1f526,04444444,000002ca,1,0,0,1,1,422354e8,0ade,"iSTATE2",1,0805b254,0805b254,fd22cdaf,00000000,00000000,00000000,1,182580518,3753,1,0000009a,0,0,0,1,0
371,371,0,0,0,02,60,0001871c,0af429ac,04444444,000002ca,1,0,0,1,1,422354e8,0ade,"iSTATE2",1,0817ed61,0817ed61,fd22cdaf,00000000,00000000,00000000,1,183773612,3754,1,0000009b,0,0,0,1,0
372,372,0,0,0,02,60,0001871c,0b065e32,04444444,000002ca,1,0,0,1,1,422354e8,0ade,"iSTATE2",1,082a286e,082a286e,fd22cdaf,00000000,00000000,00000000,1,184966706,3755,1,0000009c,0,0,0,1,0
373,373,0,0,0,02,60,0001871c,0b189582,04444444,000002ca,1,0,0,1,1,422354e8,0ade,"iSTATE2",1,083c6646,083c6646,fd22cdaf,00000000,00000000,00000000,1,186160514,3756,1,0000009d,0,0,0,1,0
374,374,0,0,0,02,60,0001871c,0b2aca08,04444444,000002ca,1,0,0,1,1,422354e8,0ade,"iSTATE2",1,084ea153,084ea153,fd22cdaf,00000000,00000000,00000000,1,187353608,3757,1,0000009e,0,0,0,1,0
375,375,0,0,0,02,60,0001871c,0b3cfe8e,04444444,000002ca,1,0,0,1,1,422354e8,0ade,"iSTATE2",1,0860dc60,0860dc60,fd22cdaf,00000000,00000000,00000000,1,188546702,3758,1,0000009f,0,0,0,1,0
376,376,0,0,0,02,60,0001871c,0b4f35de,04444444,000002ca,1,0,0,1,1,422354e8,0ade,"iSTATE2",1,08731a38,08731a38,fd22cdaf,00000000,00000000,00000000,1,189740510,3759,1,000000a0,0,0,0,1,0
377,377,0,0,0,02,60,0001871c,0b616a64,04444444,000002ca,1,0,0,1,1,422354e8,0ade,"iSTATE2",1,08855545,08855545,fd22cdaf,00000000,00000000,00000000,1,190933604,3760,1,000000a1,0,0,0,1,0
378,378,0,0,0,02,60,0001871c,0b739eea,04444444,000002ca,1,0,0,1,1,422354e8,0ade,"iSTATE2",1,08979052,08979052,fd22cdaf,00000000,00000000,00000000,1,192126698,3761,1,000000a2,0,0,0,1,0
379,379,0,0,0,02,60,0001871c,0b85d63a,04444444,000002ca,1,0,0,1,1,422354e8,0ade,"iSTATE2",1,08a9ce2a,08a9ce2a,fd22cdaf,00000000,00000000,00000000,1,193320506,3762,1,000000a3,0,0,0,1,0
380,380,0,0,0,02,60,0001871c,0b980ac0,04444444,000002ca,1,0,0,1,1,422354e8,0ade,"iSTATE2",1,08bc0937,08bc0937,fd22cdaf,00000000,00000000,00000000,1,194513600,3763,1,000000a4,0,0,0,1,0
381,381,0,0,0,02,60,0001871c,0baa3f46,04444444,000002ca,1,0,0,1,1,422354e8,0ade,"iSTATE2",1,08ce4444,08ce4444,fd22cdaf,00000000,00000000,00000000,1,195706694,3764,1,000000a5,0,0,0,1,0
382,382,0,0,0,02,60,0001871c,0bbc7696,04444444,000002ca,1,0,0,1,1,422354e8,0ade,"iSTATE2",1,08e0821c,08e0821c,fd22cdaf,00000000,00000000,00000000,1,196900502,3765,1,000000a6,0,0,0,1,0
383,383,0,0,0,02,60,0001871c,0bceab1c,04444444,000002ca,1,0,0,1,1,422354e8,0ade,"iSTATE2",1,08f2bd29,08f2bd29,fd22cdaf,00000000,00000000,00000000,1,198093596,3766,1,000000a7,0,0,0,1,0
384,384,0,0,0,02,60,0001871c,0be0dfa2,04444444,000002ca,1,0,0,1,1,422354e8,0ade,"iSTATE2",1,0904f836,0904f836,fd22cdaf,00000000,00000000,00000000,1,199286690,3767,1,000000a8,0,0,0,1,0
385,385,0,0,0,02,60,0001871c,0bf316f2,04444444,000002ca,1,0,0,1,1,422354e8,0ade,"iSTATE2",1,0917360e,0917360e,fd22cdaf,00000000,00000000,00000000,1,200480498,3768,1,000000a9,0,0,0,1,0
386,386,0,0,0,02,60,0001871c,0c054b78,04444444,000002ca,1,0,0,1,1,422354e8,0ade,"iSTATE2",1,0929711b,0929711b,fd22cdaf,00000000,00000000,00000000,1,201673592,3769,1,000000aa,0,0,0,1,0
387,387,0,0,0,02,60,0001871c,0c177ffe,04444444,000002ca,1,0,0,1,1,422354e8,0ade,"iSTATE2",1,093bac28,093bac28,fd22cdaf,00000000,00000000,00000000,1,202866686,3770,1,000000ab,0,0,0,1,0
388,388,0,0,0,02,60,0001871c,0c29b74e,04444444,000002ca,1,0,0,1,1,422354e8,0ade,"iSTATE2",1,094dea00,094dea00,fd22cdaf,00000000,00000000,00000000,1,204060494,3771,1,000000ac,0,0,0,1,0
389,389,0,0,0,02,60,0001871c,0c3bebd4,04444444,000002ca,1,0,0,1,1,422354e8,0ade,"iSTATE2",1,0960250d,0960250d,fd22cdaf,00000000,00000000,00000000,1,205253588,3772,1,000000ad,0,0,0,1,0
390,390,0,0,0,02,60,0001871c,0c4e205a,04444444,000002ca,1,0,0,1,1,422354e8,0ade,"iSTATE2",1,0972601a,0972601a,fd22cdaf,00000000,00000000,00000000,1,206446682,3773,1,000000ae,0,0,0,1,0
391,391,0,0,0,02,60,0001871c,0c6057aa,04444444,000002ca,1,0,0,1,1,422354e8,0ade,"iSTATE2",1,09849df2,09849df2,fd22cdaf,00000000,00000000,00000000,1,207640490,3774,1,000000af,0,0,0,1,0
392,392,0,0,0,02,60,0001871c,0c728c30,04444444,000002ca,1,0,0,1,1,422354e8,0ade,"iSTATE2",1,0996d8ff,0996d8ff,fd22cdaf,00000000,00000000,00000000,1,208833584,3775,1,000000b0,0,0,0,1,0
393,393,0,0,0,02,60,0001871c,0c84c0b6,04444444,000002ca,1,0,0,1,1,422354e8,0ade,"iSTATE2",1,09a9140c,09a9140c,fd22cdaf,00000000,00000000,00000000,1,210026678,3776,1,000000b1,0,0,0,1,0
394,394,0,0,0,02,60,0001871c,0c96f806,04444444,000002ca,1,0,0,1,1,422354e8,0ade,"iSTATE2",1,09bb51e4,09bb51e4,fd22cdaf,00000000,00000000,00000000,1,211220486,3777,1,000000b2,0,0,0,1,0
395,395,0,0,0,02,60,0001871c,0ca92c8c,04444444,000002ca,1,0,0,1,1,422354e8,0ade,"iSTATE2",1,09cd8cf1,09cd8cf1,fd22cdaf,00000000,00000000,00000000,1,212413580,3778,1,000000b3,0,0,0,1,0
396,396,0,0,0,02,60,0001871c,0cbb6112,04444444,000002ca,1,0,0,1,1,422354e8,0ade,"iSTATE2",1,09dfc7fe,09dfc7fe,fd22cdaf,00000000,00000000,00000000,1,213606674,3779,1,000000b4,0,0,0,1,0
397,397,0,1,0,03,60,0001871b,0ccd959c,04444444,000002ca,1,0,0,1,1,422354e8,0ade,"iSTATE2",1,09f09200,09f09200,fd246c8f,00000000,00000000,00000000,1,214799772,3780,1,000000b5,0,0,0,1,0
398,398,0,0,0,03,60,0001871b,0cdfccec,04444444,000002ca,1,0,0,1,1,422354e8,0ade,"iSTATE2",1,0a02c950,0a02c950,fd246c8f,00000000,00000000,00000000,1,215993580,3781,1,000000b6,0,0,0,1,0
399,399,0,0,0,03,60,0001871b,0cf20172,04444444,000002ca,1,0,0,1,1,422354e8,0ade,"iSTATE2",1,0a14fdd6,0a14fdd6,fd246c8f,00000000,00000000,00000000,1,217186674,3782,1,000000b7,0,0,0,1,0
400,400,0,0,0,03,60,0001871b,0d0435f8,04444444,000002ca,1,0,0,1,1,422354e8,0ade,"iSTATE2",1,0a27325c,0a27325c,fd246c8f,00000000,00000000,00000000,1,218379768,3783,1,000000b8,0,0,0,1,0
401,401,0,0,0,03,60,0001871b,0d166d48,04444444,000002ca,1,0,0,1,1,422354e8,0ade,"iSTATE2",1,0a3969ac,0a3969ac,fd246c8f,00000000,00000000,00000000,1,219573576,3784,1,000000b9,0,0,0,1,0
402,402,0,0,0,03,60,0001871b,0d28a1ce,04444444,000002ca,1,0,0,1,1,422354e8,0ade,"iSTATE2",1,0a4b9e32,0a4b9e32,fd246c8f,00000000,00000000,00000000,1,220766670,3785,1,000000ba,0,0,0,1,0
403,403,0,0,0,03,60,0001871b,0d3ad654,04444444,000002ca,1,0,0,1,1,422354e8,0ade,"iSTATE2",1,0a5dd2b8,0a5dd2b8,fd246c8f,00000000,00000000,00000000,1,221959764,3786,1,000000bb,0,0,0,1,0
404,404,0,0,0,03,60,0001871b,0d4d0da4,04444444,000002ca,1,0,0,1,1,422354e8,0ade,"iSTATE2",1,0a700a08,0a700a08,fd246c8f,00000000,00000000,00000000,1,223153572,3787,1,000000bc,0,0,0,1,0
405,405,0,0,0,03,60,0001871b,0d5f422a,04444444,000002ca,1,0,0,1,1,422354e8,0ade,"iSTATE2",1,0a823e8e,0a823e8e,fd246c8f,00000000,00000000,00000000,1,224346666,3788,1,000000bd,0,0,0,1,0
406,406,0,0,0,03,60,0001871b,0d7176b0,04444444,000002ca,1,0,0,1,1,422354e8,0ade,"iSTATE2",1,0a947314,0a947314,fd246c8f,00000000,00000000,00000000,1,225539760,3789,1,000000be,0,0,0,1,0
407,407,0,0,0,03,60,0001871b,0d83ae00,04444444,000002ca,1,0,0,1,1,422354e8,0ade,"iSTATE2",1,0aa6aa64,0aa6aa64,fd246c8f,00000000,00000000,00000000,1,226733568,3790,1,000000bf,0,0,0,1,0
408,408,0,0,0,03,60,0001871b,0d95e286,04444444,000002ca,1,0,0,1,1,422354e8,0ade,"iSTATE2",1,0ab8deea,0ab8deea,fd246c8f,00000000,00000000,00000000,1,227926662,3791,1,000000c0,0,0,0,1,0
409,409,0,0,0,03,60,0001871b,0da8170c,04444444,000002ca,1,0,0,1,1,422354e8,0ade,"iSTATE2",1,0acb1370,0acb1370,fd246c8f,00000000,00000000,00000000,1,229119756,3792,1,000000c1,0,0,0,1,0
410,410,0,0,0,03,60,0001871b,0dba4e5c,04444444,000002ca,1,0,0,1,1,422354e8,0ade,"iSTATE2",1,0add4ac0,0add4ac0,fd246c8f,00000000,00000000,00000000,1,230313564,3793,1,000000c2,0,0,0,1,0
411,411,0,0,0,03,60,0001871b,0dcc82e2,04444444,000002ca,1,0,0,1,1,422354e8,0ade,"iSTATE2",1,0aef7f46,0aef7f46,fd246c8f,00000000,00000000,00000000,1,231506658,3794,1,000000c3,0,0,0,1,0
412,412,0,0,0,03,60,0001871b,0ddeb768,04444444,000002ca,1,0,0,1,1,422354e8,0ade,"iSTATE2",1,0b01b3cc,0b01b3cc,fd246c8f,00000000,00000000,00000000,1,232699752,3795,1,000000c4,0,0,0,1,0
413,413,0,0,0,03,60,0001871b,0df0eeb8,04444444,000002ca,1,0,0,1,1,422354e8,0ade,"iSTATE2",1,0b13eb1c,0b13eb1c,fd246c8f,00000000,00000000,00000000,1,233893560,3796,1,000000c5,0,0,0,1,0
414,414,0,0,0,03,60,0001871b,0e03233e,04444444,000002ca,1,0,0,1,1,422354e8,0ade,"iSTATE2",1,0b261fa2,0b261fa2,fd246c8f,00000000,00000000,00000000,1,235086654,3797,1,000000c6,0,0,0,1,0
415,415,0,0,0,03,60,0001871b,0e1557c4,04444444,000002ca,1,0,0,1,1,422354e8,0ade,"iSTATE2",1,0b385428,0b385428,fd246c8f,00000000,00000000,00000000,1,236279748,3798,1,000000c7,0,0,0,1,0
416,416,0,0,0,03,60,0001871b,0e278f14,04444444,000002ca,1,0,0,1,1,422354e8,0ade,"iSTATE2",1,0b4a8b78,0b4a8b78,fd246c8f,00000000,00000000,00000000,1,237473556,3799,1,000000c8,0,0,0,1,0
417,417,0,0,0,03,60,0001871b,0e39c39a,04444444,000002ca,1,0,0,1,1,422354e8,0ade,"iSTATE2",1,0b5cbffe,0b5cbffe,fd246c8f,00000000,00000000,00000000,1,238666650,3800,1,000000c9,0,0,0,1,0
418,418,0,0,0,03,60,0001871b,0e4bf820,04444444,000002ca,1,0,0,1,1,422354e8,0ade,"iSTATE2",1,0b6ef484,0b6ef484,fd246c8f,00000000,00000000,00000000,1,239859744,3801,1,000000ca,0,0,0,1,0
419,419,0,0,0,03,60,0001871b,0e5e2f70,04444444,000002ca,1,0,0,1,1,422354e8,0ade,"iSTATE2",1,0b812bd4,0b812bd4,fd246c8f,00000000,00000000,00000000,1,241053552,3802,1,000000cb,0,0,0,1,0
420,420,0,0,0,03,60,0001871b,0e7063f6,04444444,000002ca,1,0,0,1,1,422354e8,0ade,"iSTATE2",1,0b93605a,0b93605a,fd246c8f,00000000,00000000,00000000,1,242246646,3803,1,000000cc,0,0,0,1,0
421,421,0,0,0,03,60,0001871b,0e82987c,04444444,000002ca,1,0,0,1,1,422354e8,0ade,"iSTATE2",1,0ba594e0,0ba594e0,fd246c8f,00000000,00000000,00000000,1,243439740,3804,1,000000cd,0,0,0,1,0
422,422,0,0,0,03,60,0001871b,0e94cfcc,04444444,000002ca,1,0,0,1,1,422354e8,0ade,"iSTATE2",1,0bb7cc30,0bb7cc30,fd246c8f,00000000,00000000,00000000,1,244633548,3805,1,000000ce,0,0,0,1,0
423,423,0,0,0,03,60,0001871b,0ea70452,04444444,000002ca,1,0,0,1,1,422354e8,0ade,"iSTATE2",1,0bca00b6,0bca00b6,fd246c8f,00000000,00000000,00000000,1,245826642,3806,1,000000cf,0,0,0,1,0
424,424,0,0,0,03,60,0001871b,0eb938d8,04444444,000002ca,1,0,0,1,1,422354e8,0ade,"iSTATE2",1,0bdc353c,0bdc353c,fd246c8f,00000000,00000000,00000000,1,247019736,3807,1,000000d0,0,0,0,1,0
425,425,0,0,0,03,60,0001871b,0ecb6d5e,04444444,000002ca,1,0,0,1,1,422354e8,0ade,"iSTATE2",1,0bee69c2,0bee69c2,fd246c8f,00000000,00000000,00000000,1,248212830,3808,1,000000d1,0,0,0,1,0
426,426,0,0,0,03,60,0001871b,0edda4ae,04444444,000002ca,1,0,0,1,1,422354e8,0ade,"iSTATE2",1,0c00a112,0c00a112,fd246c8f,00000000,00000000,00000000,1,249406638,3809,1,000000d2,0,0,0,1,0
427,427,0,0,0,03,60,0001871b,0eefd934,04444444,000002ca,1,0,0,1,1,422354e8,0ade,"iSTATE2",1,0c12d598,0c12d598,fd246c8f,00000000,00000000,00000000,1,250599732,3810,1,000000d3,0,0,0,1,0
428,428,0,0,0,03,60,0001871b,0f020dba,04444444,000002ca,1,0,0,1,1,422354e8,0ade,"iSTATE2",1,0c250a1e,0c250a1e,fd246c8f,00000000,00000000,00000000,1,251792826,3811,1,000000d4,0,0,0,1,0
429,429,0,0,0,03,60,0001871b,0f14450a,04444444,000002ca,1,0,0,1,1,422354e8,0ade,"iSTATE2",1,0c37416e,0c37416e,fd246c8f,00000000,00000000,00000000,1,252986634,3812,1,000000d5,0,0,0,1,0
430,430,0,0,0,03,60,0001871b,0f267990,04444444,000002ca,1,0,0,1,1,422354e8,0ade,"iSTATE2",1,0c4975f4,0c4975f4,fd246c8f,00000000,00000000,00000000,1,254179728,3813,1,000000d6,0,0,0,1,0
431,431,0,0,0,03,60,0001871b,0f38ae16,04444444,000002ca,1,0,0,1,1,422354e8,0ade,"iSTATE2",1,0c5baa7a,0c5baa7a,fd246c8f,00000000,00000000,00000000,1,255372822,3814,1,000000d7,0,0,0,1,0
432,432,0,0,0,03,60,0001871b,0f4ae566,04444444,000002ca,1,0,0,1,1,422354e8,0ade,"iSTATE2",1,0c6de1ca,0c6de1ca,fd246c8f,00000000,00000000,00000000,1,256566630,3815,1,000000d8,0,0,0,1,0
433,433,0,0,0,03,60,0001871b,0f5d19ec,04444444,000002ca,1,0,0,1,1,422354e8,0ade,"iSTATE2",1,0c801650,0c801650,fd246c8f,00000000,00000000,00000000,1,257759724,3816,1,000000d9,0,0,0,1,0
434,434,0,0,0,03,60,0001871b,0f6f4e72,04444444,000002ca,1,0,0,1,1,422354e8,0ade,"iSTATE2",1,0c924ad6,0c924ad6,fd246c8f,00000000,00000000,00000000,1,258952818,3817,1,000000da,0,0,0,1,0
435,435,0,0,0,03,60,0001871b,0f8185c2,04444444,000002ca,1,0,0,1,1,422354e8,0ade,"iSTATE2",1,0ca48226,0ca48226,fd246c8f,00000000,00000000,00000000,1,260146626,3818,1,000000db,0,0,0,1,0
436,436,0,0,0,03,60,0001871b,0f93ba48,04444444,000002ca,1,0,0,1,1,422354e8,0ade,"iSTATE2",1,0cb6b6ac,0cb6b6ac,fd246c8f,00000000,00000000,00000000,1,261339720,3819,1,000000dc,0,0,0,1,0
437,437,0,0,0,03,60,0001871b,0fa5eece,04444444,000002ca,1,0,0,1,1,422354e8,0ade,"iSTATE2",1,0cc8eb32,0cc8eb32,fd246c8f,00000000,00000000,00000000,1,262532814,3820,1,000000dd,0,0,0,1,0
438,438,0,0,0,03,60,0001871b,0fb8261e,04444444,000002ca,1,0,0,1,1,422354e8,0ade,"iSTATE2",1,0cdb2282,0cdb2282,fd246c8f,00000000,00000000,00000000,1,263726622,3821,1,000000de,0,0,0,1,0
439,439,0,0,0,03,60,0001871b,0fca5aa4,04444444,000002ca,1,0,0,1,1,422354e8,0ade,"iSTATE2",1,0ced5708,0ced5708,fd246c8f,00000000,00000000,00000000,1,264919716,3822,1,000000df,0,0,0,1,0
440,440,0,0,0,03,60,0001871b,0fdc8f2a,04444444,000002ca,1,0,0,1,1,422354e8,0ade,"iSTATE2",1,0cff8b8e,0cff8b8e,fd246c8f,00000000,00000000,00000000,1,266112810,3823,1,000000e0,0,0,0,1,0
441,441,0,0,0,03,60,0001871b,0feec67a,04444444,000002ca,1,0,0,1,1,422354e8,0ade,"iSTATE2",1,0d11c2de,0d11c2de,fd246c8f,00000000,00000000,00000000,1,267306618,3824,1,000000e1,0,0,0,1,0
442,442,0,0,0,03,60,0001871b,1000fb00,04444444,000002ca,1,0,0,1,1,422354e8,0ade,"iSTATE2",1,0d23f764,0d23f764,fd246c8f,00000000,00000000,00000000,1,268499712,3825,1,000000e2,0,0,0,1,0
443,443,0,0,0,03,60,0001871b,10132f86,04444444,000002ca,1,0,0,1,1,422354e8,0ade,"iSTATE2",1,0d362bea,0d362bea,fd246c8f,00000000,00000000,00000000,1,269692806,3826,1,000000e3,0,0,0,1,0
444,444,0,0,0,03,60,0001871b,102566d6,04444444,000002ca,1,0,0,1,1,422354e8,0ade,"iSTATE2",1,0d48633a,0d48633a,fd246c8f,00000000,00000000,00000000,1,270886614,3827,1,000000e4,0,0,0,1,0
445,445,0,0,0,03,60,0001871b,10379b5c,04444444,000002ca,1,0,0,1,1,422354e8,0ade,"iSTATE2",1,0d5a97c0,0d5a97c0,fd246c8f,00000000,00000000,00000000,1,272079708,3828,1,000000e5,0,0,0,1,0
446,446,0,0,0,03,60,0001871b,1049cfe2,04444444,000002ca,1,0,0,1,1,422354e8,0ade,"iSTATE2",1,0d6ccc46,0d6ccc46,fd246c8f,00000000,00000000,00000000,1,273272802,3829,1,000000e6,0,0,0,1,0
447,447,0,0,0,03,60,0001871b,105c0732,04444444,000002ca,1,0,0,1,1,422354e8,0ade,"iSTATE2",1,0d7f0396,0d7f0396,fd246c8f,00000000,00000000,00000000,1,274466610,3830,1,000000e7,0,0,0,1,0
448,448,0,0,0,03,60,0001871b,106e3bb8,04444444,000002ca,1,0,0,1,1,422354e8,0ade,"iSTATE2",1,0d91381c,0d91381c,fd246c8f,00000000,00000000,00000000,1,275659704,3831,1,000000e8,0,0,0,1,0
449,449,0,0,0,03,60,0001871b,1080703e,04444444,000002ca,1,0,0,1,1,422354e8,0ade,"iSTATE2",1,0da36ca2,0da36ca2,fd246c8f,00000000,00000000,00000000,1,276852798,3832,1,000000e9,0,0,0,1,0
450,450,0,0,0,03,60,0001871b,1092a78e,04444444,000002ca,1,0,0,1,1,422354e8,0ade,"iSTATE2",1,0db5a3f2,0db5a3f2,fd246c8f,00000000,00000000,00000000,1,278046606,3833,1,000000ea,0,0,0,1,0
451,451,0,0,0,03,60,0001871b,10a4dc14,04444444,000002ca,1,0,0,1,1,422354e8,0ade,"iSTATE2",1,0dc7d878,0dc7d878,fd246c8f,00000000,00000000,00000000,1,279239700,3834,1,000000eb,0,0,0,1,0
452,452,0,0,0,03,60,0001871b,10b7109a,04444444,000002ca,1,0,0,1,1,422354e8,0ade,"iSTATE2",1,0dda0cfe,0dda0cfe,fd246c8f,00000000,00000000,00000000,1,280432794,3835,1,000000ec,0,0,0,1,0
453,453,0,0,0,03,60,0001871b,10c947ea,04444444,000002ca,1,0,0,1,1,422354e8,0ade,"iSTATE2",1,0dec444e,0dec444e,fd246c8f,00000000,00000000,00000000,1,281626602,3836,1,000000ed,0,0,0,1,0
454,454,0,0,0,03,60,0001871b,10db7c70,04444444,000002ca,1,0,0,1,1,422354e8,0ade,"iSTATE2",1,0dfe78d4,0dfe78d4,fd246c8f,00000000,00000000,00000000,1,282819696,3837,1,000000ee,0,0,0,1,0
455,455,0,0,0,03,60,0001871b,10edb0f6,04444444,000002ca,1,0,0,1,1,422354e8,0ade,"iSTATE2",1,0e10ad5a,0e10ad5a,fd246c8f,00000000,00000000,00000000,1,284012790,3838,1,000000ef,0,0,0,1,0
456,456,0,0,0,03,60,0001871b,10ffe57c,04444444,000002ca,1,0,0,1,1,422354e8,0ade,"iSTATE2",1,0e22e1e0,0e22e1e0,fd246c8f,00000000,00000000,00000000,1,285205884,3839,1,000000f0,0,0,0,1,0
457,457,0,1,0,04,60,0001871c,11121cd0,04444444,000002ca,1,0,0,1,1,422354e8,0ade,"iSTATE2",1,0e33abd2,0e33abd2,fd22fc64,00000000,00000000,00000000,1,286399696,3840,1,000000f1,0,0,0,1,0
458,458,0,0,0,04,60,0001871c,11245156,04444444,000002ca,1,0,0,1,1,422354e8,0ade,"iSTATE2",1,0e45e058,0e45e058,fd22fc64,00000000,00000000,00000000,1,287592790,3841,1,000000f2,0,0,0,1,0
459,459,0,0,0,04,60,0001871c,113685dc,04444444,000002ca,1,0,0,1,1,422354e8,0ade,"iSTATE2",1,0e5814de,0e5814de,fd22fc64,00000000,00000000,00000000,1,288785884,3842,1,000000f3,0,0,0,1,0
460,460,0,0,0,04,60,0001871c,1148bd2c,04444444,000002ca,1,0,0,1,1,422354e8,0ade,"iSTATE2",1,0e6a4c2e,0e6a4c2e,fd22fc64,00000000,00000000,00000000,1,289979692,3843,1,000000f4,0,0,0,1,0
461,461,0,0,0,04,60,0001871c,115af1b2,04444444,000002ca,1,0,0,1,1,422354e8,0ade,"iSTATE2",1,0e7c80b4,0e7c80b4,fd22fc64,00000000,00000000,00000000,1,291172786,3844,1,000000f5,0,0,0,1,0
462,462,0,0,0,04,60,0001871c,116d2638,04444444,000002ca,1,0,0,1,1,422354e8,0ade,"iSTATE2",1,0e8eb53a,0e8eb53a,fd22fc64,00000000,00000000,00000000,1,292365880,3845,1,000000f6,0,0,0,1,0
463,463,0,0,0,04,60,0001871c,117f5d88,04444444,000002ca,1,0,0,1,1,422354e8,0ade,"iSTATE2",1,0ea0ec8a,0ea0ec8a,fd22fc64,00000000,00000000,00000000,1,293559688,3846,1,000000f7,0,0,0,1,0
464,464,0,0,0,04,60,0001871c,1191920e,04444444,000002ca,1,0,0,1,1,422354e8,0ade,"iSTATE2",1,0eb32110,0eb32110,fd22fc64,00000000,00000000,00000000,1,294752782,3847,1,000000f8,0,0,0,1,0
465,465,0,0,0,04,60,0001871c,11a3c694,04444444,000002ca,1,0,0,1,1,422354e8,0ade,"iSTATE2",1,0ec55596,0ec55596,fd22fc64,00000000,00000000,00000000,1,295945876,3848,1,000000f9,0,0,0,1,0
466,466,0,0,0,04,60,0001871c,11b5fde4,04444444,000002ca,1,0,0,1,1,422354e8,0ade,"iSTATE2",1,0ed78ce6,0ed78ce6,fd22fc64,00000000,00000000,00000000,1,297139684,3849,1,000000fa,0,0,0,1,0
467,467,0,0,0,04,60,0001871c,11c8326a,04444444,000002ca,1,0,0,1,1,422354e8,0ade,"iSTATE2",1,0ee9c16c,0ee9c16c,fd22fc64,00000000,00000000,00000000,1,298332778,3850,1,000000fb,0,0,0,1,0
468,468,0,0,0,04,60,0001871c,11da66f0,04444444,000002ca,1,0,0,1,1,422354e8,0ade,"iSTATE2",1,0efbf5f2,0efbf5f2,fd22fc64,00000000,00000000,00000000,1,299525872,3851,1,000000fc,0,0,0,1,0
469,469,0,0,0,04,60,0001871c,11ec9e40,04444444,000002ca,1,0,0,1,1,422354e8,0ade,"iSTATE2",1,0f0e2d42,0f0e2d42,fd22fc64,00000000,00000000,00000000,1,300719680,3852,1,000000fd,0,0,0,1,0
470,470,0,0,0,04,60,0001871c,11fed2c6,04444444,000002ca,1,0,0,1,1,422354e8,0ade,"iSTATE2",1,0f2061c8,0f2061c8,fd22fc64,00000000,00000000,00000000,1,301912774,3853,1,000000fe,0,0,0,1,0
471,471,0,0,0,04,60,0001871c,1211074c,04444444,000002ca,1,0,0,1,1,422354e8,0ade,"iSTATE2",1,0f32964e,0f32964e,fd22fc64,00000000,00000000,00000000,1,303105868,3854,1,000000ff,0,0,0,1,0
472,472,0,0,0,04,60,0001871c,12233e9c,04444444,000002ca,1,0,0,1,1,422354e8,0ade,"iSTATE2",1,0f44cd9e,0f44cd9e,fd22fc64,00000000,00000000,00000000,1,304299676,3855,1,00000100,0,0,0,1,0
473,473,0,0,0,04,60,0001871c,12357322,04444444,000002ca,1,0,0,1,1,422354e8,0ade,"iSTATE2",1,0f570224,0f570224,fd22fc64,00000000,00000000,00000000,1,305492770,3856,1,00000101,0,0,0,1,0
474,474,0,0,0,04,60,0001871c,1247a7a8,04444444,000002ca,1,0,0,1,1,422354e8,0ade,"iSTATE2",1,0f6936aa,0f6936aa,fd22fc64,00000000,00000000,00000000,1,306685864,3857,1,00000102,0,0,0,1,0
475,475,0,0,0,04,60,0001871c,1259def8,04444444,000002ca,1,0,0,1,1,422354e8,0ade,"iSTATE2",1,0f7b6dfa,0f7b6dfa,fd22fc64,00000000,00000000,00000000,1,307879672,3858,1,00000103,0,0,0,1,0
476,476,0,0,0,04,60,0001871c,126c137e,04444444,000002ca,1,0,0,1,1,422354e8,0ade,"iSTATE2",1,0f8da280,0f8da280,fd22fc64,00000000,00000000,00000000,1,309072766,3859,1,00000104,0,0,0,1,0
477,477,0,0,0,04,60,0001871c,127e4804,04444444,000002ca,1,0,0,1,1,422354e8,0ade,"iSTATE2",1,0f9fd706,0f9fd706,fd22fc64,00000000,00000000,00000000,1,310265860,3860,1,00000105,0,0,0,1,0
478,478,0,0,0,04,60,0001871c,12907f54,04444444,000002ca,1,0,0,1,1,422354e8,0ade,"iSTATE2",1,0fb20e56,0fb20e56,fd22fc64,00000000,00000000,00000000,1,311459668,3861,1,00000106,0,0,0,1,0
479,479,0,0,0,04,60,0001871c,12a2b3da,04444444,000002ca,1,0,0,1,1,422354e8,0ade,"iSTATE2",1,0fc442dc,0fc442dc,fd22fc64,00000000,00000000,00000000,1,312652762,3862,1,00000107,0,0,0,1,0
480,480,0,0,0,04,60,0001871c,12b4e860,04444444,000002ca,1,0,0,1,1,422354e8,0ade,"iSTATE2",1,0fd67762,0fd67762,fd22fc64,00000000,00000000,00000000,1,313845856,3863,1,00000108,0,0,0,1,0
481,481,0,0,0,04,60,0001871c,12c71fb0,04444444,000002ca,1,0,0,1,1,422354e8,0ade,"iSTATE2",1,0fe8aeb2,0fe8aeb2,fd22fc64,00000000,00000000,00000000,1,315039664,3864,1,00000109,0,0,0,1,0
482,482,0,0,0,04,60,0001871c,12d95436,04444444,000002ca,1,0,0,1,1,422354e8,0ade,"iSTATE2",1,0ffae338,0ffae338,fd22fc64,00000000,00000000,00000000,1,316232758,3865,1,0000010a,0,0,0,1,0
483,483,0,0,0,04,60,0001871c,12eb88bc,04444444,000002ca,1,0,0,1,1,422354e8,0ade,"iSTATE2",1,100d17be,100d17be,fd22fc64,00000000,00000000,00000000,1,317425852,3866,1,0000010b,0,0,0,1,0
484,484,0,0,0,04,60,0001871c,12fdbd42,04444444,000002ca,1,0,0,1,1,422354e8,0ade,"iSTATE2",1,101f4c44,101f4c44,fd22fc64,00000000,00000000,00000000,1,318618946,3867,1,0000010c,0,0,0,1,0
485,485,0,0,0,04,60,0001871c,130ff492,04444444,000002ca,1,0,0,1,1,422354e8,0ade,"iSTATE2",1,10318394,10318394,fd22fc64,00000000,00000000,00000000,1,319812754,3868,1,0000010d,0,0,0,1,0
486,486,0,0,0,04,60,0001871c,13222918,04444444,000002ca,1,0,0,1,1,422354e8,0ade,"iSTATE2",1,1043b81a,1043b81a,fd22fc64,00000000,00000000,00000000,1,321005848,3869,1,0000010e,0,0,0,1,0
487,487,0,0,0,04,60,0001871c,13345d9e,04444444,000002ca,1,0,0,1,1,422354e8,0ade,"iSTATE2",1,1055eca0,1055eca0,fd22fc64,00000000,00000000,00000000,1,322198942,3870,1,0000010f,0,0,0,1,0
488,488,0,0,0,04,60,0001871c,134694ee,04444444,000002ca,1,0,0,1,1,422354e8,0ade,"iSTATE2",1,106823f0,106823f0,fd22fc64,00000000,00000000,00000000,1,323392750,3871,1,00000110,0,0,0,1,0
489,489,0,0,0,04,60,0001871c,1358c974,04444444,000002ca,1,0,0,1,1,422354e8,0ade,"iSTATE2",1,107a5876,107a5876,fd22fc64,00000000,00000000,00000000,1,324585844,3872,1,00000111,0,0,0,1,0
490,490,0,0,0,04,60,0001871c,136afdfa,04444444,000002ca,1,0,0,1,1,422354e8,0ade,"iSTATE2",1,108c8cfc,108c8cfc,fd22fc64,00000000,00000000,00000000,1,325778938,3873,1,00000112,0,0,0,1,0
491,491,0,0,0,04,60,0001871c,137d354a,04444444,000002ca,1,0,0,1,1,422354e8,0ade,"iSTATE2",1,109ec44c,109ec44c,fd22fc64,00000000,00000000,00000000,1,326972746,3874,1,00000113,0,0,0,1,0
492,492,0,0,0,04,60,0001871c,138f69d0,04444444,000002ca,1,0,0,1,1,422354e8,0ade,"iSTATE2",1,10b0f8d2,10b0f8d2,fd22fc64,00000000,00000000,00000000,1,328165840,3875,1,00000114,0,0,0,1,0
493,493,0,0,0,04,60,0001871c,13a19e56,04444444,000002ca,1,0,0,1,1,422354e8,0ade,"iSTATE2",1,10c32d58,10c32d58,fd22fc64,00000000,00000000,00000000,1,329358934,3876,1,00000115,0,0,0,1,0
494,494,0,0,0,04,60,0001871c,13b3d5a6,04444444,000002ca,1,0,0,1,1,422354e8,0ade,"iSTATE2",1,10d564a8,10d564a8,fd22fc64,00000000,00000000,00000000,1,330552742,3877,1,00000116,0,0,0,1,0
495,495,0,0,0,04,60,0001871c,13c60a2c,04444444,000002ca,1,0,0,1,1,422354e8,0ade,"iSTATE2",1,10e7992e,10e7992e,fd22fc64,00000000,00000000,00000000,1,331745836,3878,1,00000117,0,0,0,1,0
496,496,0,0,0,04,60,0001871c,13d83eb2,04444444,000002ca,1,0,0,1,1,422354e8,0ade,"iSTATE2",1,10f9cdb4,10f9cdb4,fd22fc64,00000000,00000000,00000000,1,332938930,3879,1,00000118,0,0,0,1,0
497,497,0,0,0,04,60,0001871c,13ea7602,04444444,000002ca,1,0,0,1,1,422354e8,0ade,"iSTATE2",1,110c0504,110c0504,fd22fc64,00000000,00000000,00000000,1,334132738,3880,1,00000119,0,0,0,1,0
498,498,0,0,0,04,60,0001871c,13fcaa88,04444444,000002ca,1,0,0,1,1,422354e8,0ade,"iSTATE2",1,111e398a,111e398a,fd22fc64,00000000,00000000,00000000,1,335325832,3881,1,0000011a,0,0,0,1,0
499,499,0,0,0,04,60,0001871c,140edf0e,04444444,000002ca,1,0,0,1,1,422354e8,0ade,"iSTATE2",1,11306e10,11306e10,fd22fc64,00000000,00000000,00000000,1,336518926,3882,1,0000011b,0,0,0,1,0
500,500,0,0,0,04,60,0001871c,1421165e,04444444,000002ca,1,0,0,1,1,422354e8,0ade,"iSTATE2",1,1142a560,1142a560,fd22fc64,00000000,00000000,00000000,1,337712734,3883,1,0000011c,0,0,0,1,0
501,501,0,0,0,04,60,0001871c,14334ae4,04444444,000002ca,1,0,0,1,1,422354e8,0ade,"iSTATE2",1,1154d9e6,1154d9e6,fd22fc64,00000000,00000000,00000000,1,338905828,3884,1,0000011d,0,0,0,1,0
502,502,0,0,0,04,60,0001871c,14457f6a,04444444,000002ca,1,0,0,1,1,422354e8,0ade,"iSTATE2",1,11670e6c,11670e6c,fd22fc64,00000000,00000000,00000000,1,340098922,3885,1,0000011e,0,0,0,1,0
503,503,0,0,0,04,60,0001871c,1457b6ba,04444444,000002ca,1,0,0,1,1,422354e8,0ade,"iSTATE2",1,117945bc,117945bc,fd22fc64,00000000,00000000,00000000,1,341292730,3886,1,0000011f,0,0,0,1,0
504,504,0,0,0,04,60,0001871c,1469eb40,04444444,000002ca,1,0,0,1,1,422354e8,0ade,"iSTATE2",1,118b7a42,118b7a42,fd22fc64,00000000,00000000,00000000,1,342485824,3887,1,00000120,0,0,0,1,0
505,505,0,0,0,04,60,0001871c,147c1fc6,04444444,000002ca,1,0,0,1,1,422354e8,0ade,"iSTATE2",1,119daec8,119daec8,fd22fc64,00000000,00000000,00000000,1,343678918,3888,1,00000121,0,0,0,1,0
506,506,0,0,0,04,60,0001871c,148e5716,04444444,000002ca,1,0,0,1,1,422354e8,0ade,"iSTATE2",1,11afe618,11afe618,fd22fc64,00000000,00000000,00000000,1,344872726,3889,1,00000122,0,0,0,1,0
507,507,0,0,0,04,60,0001871c,14a08b9c,04444444,000002ca,1,0,0,1,1,422354e8,0ade,"iSTATE2",1,11c21a9e,11c21a9e,fd22fc64,00000000,00000000,00000000,1,346065820,3890,1,00000123,0,0,0,1,0
508,508,0,0,0,04,60,0001871c,14b2c022,04444444,000002ca,1,0,0,1,1,422354e8,0ade,"iSTATE2",1,11d44f24,11d44f24,fd22fc64,00000000,00000000,00000000,1,347258914,3891,1,00000124,0,0,0,1,0
509,509,0,0,0,04,60,0001871c,14c4f772,04444444,000002ca,1,0,0,1,1,422354e8,0ade,"iSTATE2",1,11e68674,11e68674,fd22fc64,00000000,00000000,00000000,1,348452722,3892,1,00000125,0,0,0,1,0
510,510,0,0,0,04,60,0001871c,14d72bf8,04444444,000002ca,1,0,0,1,1,422354e8,0ade,"iSTATE2",1,11f8bafa,11f8bafa,fd22fc64,00000000,00000000,00000000,1,349645816,3893,1,00000126,0,0,0,1,0
511,511,0,0,0,04,60,0001871c,14e9607e,04444444,000002ca,1,0,0,1,1,422354e8,0ade,"iSTATE2",1,120aef80,120aef80,fd22fc64,00000000,00000000,00000000,1,350838910,3894,1,00000127,0,0,0,1,0
512,512,0,0,0,04,60,0001871c,14fb97ce,04444444,000002ca,1,0,0,1,1,422354e8,0ade,"iSTATE2",1,121d26d0,121d26d0,fd22fc64,00000000,00000000,00000000,1,352032718,3895,1,00000128,0,0,0,1,0
513,513,0,0,0,04,60,0001871c,150dcc54,04444444,000002ca,1,0,0,1,1,422354e8,0ade,"iSTATE2",1,122f5b56,122f5b56,fd22fc64,00000000,00000000,00000000,1,353225812,3896,1,00000129,0,0,0,1,0
514,514,0,0,0,04,60,0001871c,152000da,04444444,000002ca,1,0,0,1,1,422354e8,0ade,"iSTATE2",1,12418fdc,12418fdc,fd22fc64,00000000,00000000,00000000,1,354418906,3897,1,0000012a,0,0,0,1,0
515,515,0,0,0,04,60,0001871c,15323560,04444444,000002ca,1,0,0,1,1,422354e8,0ade,"iSTATE2",1,1253c462,1253c462,fd22fc64,00000000,00000000,00000000,1,355612000,3898,1,0000012b,0,0,0,1,0
516,516,0,0,0,04,60,0001871c,15446cb0,04444444,000002ca,1,0,0,1,1,422354e8,0ade,"iSTATE2",1,1265fbb2,1265fbb2,fd22fc64,00000000,00000000,00000000,1,356805808,3899,1,0000012c,0,0,0,1,0
517,517,0,1,0,05,60,0001871b,1556a13a,04444444,000002ca,1,0,0,1,1,422354e8,0ade,"iSTATE2",1,1276c010,1276c010,fd218f02,00000000,00000000,00000000,1,357998906,3900,1,0000012d,0,0,0,1,0
518,518,0,0,0,05,60,0001871b,1568d5c0,04444444,000002ca,1,0,0,1,1,422354e8,0ade,"iSTATE2",1,1288f496,1288f496,fd218f02,00000000,00000000,00000000,1,359192000,3901,1,0000012e,0,0,0,1,0
519,519,0,0,0,05,60,0001871b,157b0d10,04444444,000002ca,1,0,0,1,1,422354e8,0ade,"iSTATE2",1,129b2be6,129b2be6,fd218f02,00000000,00000000,00000000,1,360385808,3902,1,0000012f,0,0,0,1,0
520,520,0,0,0,05,60,0001871b,158d4196,04444444,000002ca,1,0,0,1,1,422354e8,0ade,"iSTATE2",1,12ad606c,12ad606c,fd218f02,00000000,00000000,00000000,1,361578902,3903,1,00000130,0,0,0,1,0
521,521,0,0,0,05,60,0001871b,159f761c,04444444,000002ca,1,0,0,1,1,422354e8,0ade,"iSTATE2",1,12bf94f2,12bf94f2,fd218f02,00000000,00000000,00000000,1,362771996,3904,1,00000131,0,0,0,1,0
522,522,0,0,0,05,60,0001871b,15b1ad6c,04444444,000002ca,1,0,0,1,1,422354e8,0ade,"iSTATE2",1,12d1cc42,12d1cc42,fd218f02,00000000,00000000,00000000,1,363965804,3905,1,00000132,0,0,0,1,0
523,523,0,0,0,05,60,0001871b,15c3e1f2,04444444,000002ca,1,0,0,1,1,422354e8,0ade,"iSTATE2",1,12e400c8,12e400c8,fd218f02,00000000,00000000,00000000,1,365158898,3906,1,00000133,0,0,0,1,0
524,524,0,0,0,05,60,0001871b,15d61678,04444444,000002ca,1,0,0,1,1,422354e8,0ade,"iSTATE2",1,12f6354e,12f6354e,fd218f02,00000000,00000000,00000000,1,366351992,3907,1,00000134,0,0,0,1,0
525,525,0,0,0,05,60,0001871b,15e84dc8,04444444,000002ca,1,0,0,1,1,422354e8,0ade,"iSTATE2",1,13086c9e,13086c9e,fd218f02,00000000,00000000,00000000,1,367545800,3908,1,00000135,0,0,0,1,0
526,526,0,0,0,05,60,0001871b,15fa824e,04444444,000002ca,1,0,0,1,1,422354e8,0ade,"iSTATE2",1,131aa124,131aa124,fd218f02,00000000,00000000,00000000,1,368738894,3909,1,00000136,0,0,0,1,0
527,527,0,0,0,05,60,0001871b,160cb6d4,04444444,000002ca,1,0,0,1,1,422354e8,0ade,"iSTATE2",1,132cd5aa,132cd5aa,fd218f02,00000000,00000000,00000000,1,369931988,3910,1,00000137,0,0,0,1,0
528,528,0,0,0,05,60,0001871b,161eee24,04444444,000002ca,1,0,0,1,1,422354e8,0ade,"iSTATE2",1,133f0cfa,133f0cfa,fd218f02,00000000,00000000,00000000,1,371125796,3911,1,00000138,0,0,0,1,0
529,529,0,0,0,05,60,0001871b,163122aa,04444444,000002ca,1,0,0,1,1,422354e8,0ade,"iSTATE2",1,13514180,13514180,fd218f02,00000000,00000000,00000000,1,372318890,3912,1,00000139,0,0,0,1,0
530,530,0,0,0,05,60,0001871b,16435730,04444444,000002ca,1,0,0,1,1,422354e8,0ade,"iSTATE2",1,13637606,13637606,fd218f02,00000000,00000000,00000000,1,373511984,3913,1,0000013a,0,0,0,1,0
531,531,0,0,0,05,60,0001871b,16558e80,04444444,000002ca,1,0,0,1,1,422354e8,0ade,"iSTATE2",1,1375ad56,1375ad56,fd218f02,00000000,00000000,00000000,1,374705792,3914,1,0000013b,0,0,0,1,0
532,532,0,0,0,05,60,0001871b,1667c306,04444444,000002ca,1,0,0,1,1,422354e8,0ade,"iSTATE2",1,1387e1dc,1387e1dc,fd218f02,00000000,00000000,00000000,1,375898886,3915,1,0000013c,0,0,0,1,0
533,533,0,0,0,05,60,0001871b,1679f78c,04444444,000002ca,1,0,0,1,1,422354e8,0ade,"iSTATE2",1,139a1662,139a1662,fd218f02,00000000,00000000,00000000,1,377091980,3916,1,0000013d,0,0,0,1,0
534,534,0,0,0,05,60,0001871b,168c2edc,04444444,000002ca,1,0,0,1,1,422354e8,0ade,"iSTATE2",1,13ac4db2,13ac4db2,fd218f02,00000000,00000000,00000000,1,378285788,3917,1,0000013e,0,0,0,1,0
535,535,0,0,0,05,60,0001871b,169e6362,04444444,000002ca,1,0,0,1,1,422354e8,0ade,"iSTATE2",1,13be8238,13be8238,fd218f02,00000000,00000000,00000000,1,379478882,3918,1,0000013f,0,0,0,1,0
536,536,0,0,0,05,60,0001871b,16b097e8,04444444,000002ca,1,0,0,1,1,422354e8,0ade,"iSTATE2",1,13d0b6be,13d0b6be,fd218f02,00000000,00000000,00000000,1,380671976,3919,1,00000140,0,0,0,1,0
537,537,0,0,0,05,60,0001871b,16c2cf38,04444444,000002ca,1,0,0,1,1,422354e8,0ade,"iSTATE2",1,13e2ee0e,13e2ee0e,fd218f02,00000000,00000000,00000000,1,381865784,3920,1,00000141,0,0,0,1,0
538,538,0,0,0,05,60,0001871b,16d503be,04444444,000002ca,1,0,0,1,1,422354e8,0ade,"iSTATE2",1,13f52294,13f52294,fd218f02,00000000,00000000,00000000,1,383058878,3921,1,00000142,0,0,0,1,0
539,539,0,0,0,05,60,0001871b,16e73844,04444444,000002ca,1,0,0,1,1,422354e8,0ade,"iSTATE2",1,1407571a,1407571a,fd218f02,00000000,00000000,00000000,1,384251972,3922,1,00000143,0,0,0,1,0
540,540,0,0,0,05,60,0001871b,16f96f94,04444444,000002ca,1,0,0,1,1,422354e8,0ade,"iSTATE2",1,14198e6a,14198e6a,fd218f02,00000000,00000000,00000000,1,385445780,3923,1,00000144,0,0,0,1,0
541,541,0,0,0,05,60,0001871b,170ba41a,04444444,000002ca,1,0,0,1,1,422354e8,0ade,"iSTATE2",1,142bc2f0,142bc2f0,fd218f02,00000000,00000000,00000000,1,386638874,3924,1,00000145,0,0,0,1,0
542,542,0,0,0,05,60,0001871b,171dd8a0,04444444,000002ca,1,0,0,1,1,422354e8,0ade,"iSTATE2",1,143df776,143df776,fd218f02,00000000,00000000,00000000,1,387831968,3925,1,00000146,0,0,0,1,0
543,543,0,0,0,05,60,0001871b,17300d26,04444444,000002ca,1,0,0,1,1,422354e8,0ade,"iSTATE2",1,14502bfc,14502bfc,fd218f02,00000000,00000000,00000000,1,389025062,3926,1,00000147,0,0,0,1,0
544,544,0,0,0,05,60,0001871b,17424476,04444444,000002ca,1,0,0,1,1,422354e8,0ade,"iSTATE2",1,1462634c,1462634c,fd218f02,00000000,00000000,00000000,1,390218870,3927,1,00000148,0,0,0,1,0
545,545,0,0,0,05,60,0001871b,175478fc,04444444,000002ca,1,0,0,1,1,422354e8,0ade,"iSTATE2",1,147497d2,147497d2,fd218f02,00000000,00000000,00000000,1,391411964,3928,1,00000149,0,0,0,1,0
546,546,0,0,0,05,60,0001871b,1766ad82,04444444,000002ca,1,0,0,1,1,422354e8,0ade,"iSTATE2",1,1486cc58,1486cc58,fd218f02,00000000,00000000,00000000,1,392605058,3929,1,0000014a,0,0,0,1,0
547,547,0,0,0,05,60,0001871b,1778e4d2,04444444,000002ca,1,0,0,1,1,422354e8,0ade,"iSTATE2",1,149903a8,149903a8,fd218f02,00000000,00000000,00000000,1,393798866,3930,1,0000014b,0,0,0,1,0
548,548,0,0,0,05,60,0001871b,178b1958,04444444,000002ca,1,0,0,1,1,422354e8,0ade,"iSTATE2",1,14ab382e,14ab382e,fd218f02,00000000,00000000,00000000,1,394991960,3931,1,0000014c,0,0,0,1,0
549,549,0,0,0,05,60,0001871b,179d4dde,04444444,000002ca,1,0,0,1,1,422354e8,0ade,"iSTATE2",1,14bd6cb4,14bd6cb4,fd218f02,00000000,00000000,00000000,1,396185054,3932,1,0000014d,0,0,0,1,0
550,550,0,0,0,05,60,0001871b,17af852e,04444444,000002ca,1,0,0,1,1,422354e8,0ade,"iSTATE2",1,14cfa404,14cfa404,fd218f02,00000000,00000000,00000000,1,397378862,3933,1,0000014e,0,0,0,1,0
551,551,0,0,0,05,60,0001871b,17c1b9b4,04444444,000002ca,1,0,0,1,1,422354e8,0ade,"iSTATE2",1,14e1d88a,14e1d88a,fd218f02,00000000,00000000,00000000,1,398571956,3934,1,0000014f,0,0,0,1,0
552,552,0,0,0,05,60,0001871b,17d3ee3a,04444444,000002ca,1,0,0,1,1,422354e8,0ade,"iSTATE2",1,14f40d10,14f40d10,fd218f02,00000000,00000000,00000000,1,399765050,3935,1,00000150,0,0,0,1,0
553,553,0,0,0,05,60,0001871b,17e6258a,04444444,000002ca,1,0,0,1,1,422354e8,0ade,"iSTATE2",1,15064460,15064460,fd218f02,00000000,00000000,00000000,1,400958858,3936,1,00000151,0,0,0,1,0
554,554,0,0,0,05,60,0001871b,17f85a10,04444444,000002ca,1,0,0,1,1,422354e8,0ade,"iSTATE2",1,151878e6,151878e6,fd218f02,00000000,00000000,00000000,1,402151952,3937,1,00000152,0,0,0,1,0
555,555,0,0,0,05,60,0001871b,180a8e96,04444444,000002ca,1,0,0,1,1,422354e8,0ade,"iSTATE2",1,152aad6c,152aad6c,fd218f02,00000000,00000000,00000000,1,403345046,3938,1,00000153,0,0,0,1,0
556,556,0,0,0,05,60,0001871b,181cc5e6,04444444,000002ca,1,0,0,1,1,422354e8,0ade,"iSTATE2",1,153ce4bc,153ce4bc,fd218f02,00000000,00000000,00000000,1,404538854,3939,1,00000154,0,0,0,1,0
557,557,0,0,0,05,60,0001871b,182efa6c,04444444,000002ca,1,0,0,1,1,422354e8,0ade,"iSTATE2",1,154f1942,154f1942,fd218f02,00000000,00000000,00000000,1,405731948,3940,1,00000155,0,0,0,1,0
558,558,0,0,0,05,60,0001871b,18412ef2,04444444,000002ca,1,0,0,1,1,422354e8,0ade,"iSTATE2",1,15614dc8,15614dc8,fd218f02,00000000,00000000,00000000,1,406925042,3941,1,00000156,0,0,0,1,0
559,559,0,0,0,05,60,0001871b,18536642,04444444,000002ca,1,0,0,1,1,422354e8,0ade,"iSTATE2",1,15738518,15738518,fd218f02,00000000,00000000,00000000,1,408118850,3942,1,00000157,0,0,0,1,0
560,560,0,0,0,05,60,0001871b,18659ac8,04444444,000002ca,1,0,0,1,1,422354e8,0ade,"iSTATE2",1,1585b99e,1585b99e,fd218f02,00000000,00000000,00000000,1,409311944,3943,1,00000158,0,0,0,1,0
561,561,0,0,0,05,60,0001871b,1877cf4e,04444444,000002ca,1,0,0,1,1,422354e8,0ade,"iSTATE2",1,1597ee24,1597ee24,fd218f02,00000000,00000000,00000000,1,410505038,3944,1,00000159,0,0,0,1,0
562,562,0,0,0,05,60,0001871b,188a069e,04444444,000002ca,1,0,0,1,1,422354e8,0ade,"iSTATE2",1,15aa2574,15aa2574,fd218f02,00000000,00000000,00000000,1,411698846,3945,1,0000015a,0,0,0,1,0
563,563,0,0,0,05,60,0001871b,189c3b24,04444444,000002ca,1,0,0,1,1,422354e8,0ade,"iSTATE2",1,15bc59fa,15bc59fa,fd218f02,00000000,00000000,00000000,1,412891940,3946,1,0000015b,0,0,0,1,0
564,564,0,0,0,05,60,0001871b,18ae6faa,04444444,000002ca,1,0,0,1,1,422354e8,0ade,"iSTATE2",1,15ce8e80,15ce8e80,fd218f02,00000000,00000000,00000000,1,414085034,3947,1,0000015c,0,0,0,1,0
565,565,0,0,0,05,60,0001871b,18c0a6fa,04444444,000002ca,1,0,0,1,1,422354e8,0ade,"iSTATE2",1,15e0c5d0,15e0c5d0,fd218f02,00000000,00000000,00000000,1,415278842,3948,1,0000015d,0,0,0,1,0
566,566,0,0,0,05,60,0001871b,18d2db80,04444444,000002ca,1,0,0,1,1,422354e8,0ade,"iSTATE2",1,15f2fa56,15f2fa56,fd218f02,00000000,00000000,00000000,1,416471936,3949,1,0000015e,0,0,0,1,0
567,567,0,0,0,05,60,0001871b,18e51006,04444444,000002ca,1,0,0,1,1,422354e8,0ade,"iSTATE2",1,16052edc,16052edc,fd218f02,00000000,00000000,00000000,1,417665030,3950,1,0000015f,0,0,0,1,0
568,568,0,0,0,05,60,0001871b,18f74756,04444444,000002ca,1,0,0,1,1,422354e8,0ade,"iSTATE2",1,1617662c,1617662c,fd218f02,00000000,00000000,00000000,1,418858838,3951,1,00000160,0,0,0,1,0
569,569,0,0,0,05,60,0001871b,19097bdc,04444444,000002ca,1,0,0,1,1,422354e8,0ade,"iSTATE2",1,16299ab2,16299ab2,fd218f02,00000000,00000000,00000000,1,420051932,3952,1,00000161,0,0,0,1,0
570,570,0,0,0,05,60,0001871b,191bb062,04444444,000002ca,1,0,0,1,1,422354e8,0ade,"iSTATE2",1,163bcf38,163bcf38,fd218f02,00000000,00000000,00000000,1,421245026,3953,1,00000162,0,0,0,1,0
571,571,0,0,0,05,60,0001871b,192de7b2,04444444,000002ca,1,0,0,1,1,422354e8,0ade,"iSTATE2",1,164e0688,164e0688,fd218f02,00000000,00000000,00000000,1,422438834,3954,1,00000163,0,0,0,1,0
572,572,0,0,0,05,60,0001871b,19401c38,04444444,000002ca,1,0,0,1,1,422354e8,0ade,"iSTATE2",1,16603b0e,16603b0e,fd218f02,00000000,00000000,00000000,1,423631928,3955,1,00000164,0,0,0,1,0
573,573,0,0,0,05,60,0001871b,195250be,04444444,000002ca,1,0,0,1,1,422354e8,0ade,"iSTATE2",1,16726f94,16726f94,fd218f02,00000000,00000000,00000000,1,424825022,3956,1,00000165,0,0,0,1,0
574,574,0,0,0,05,60,0001871b,19648544,04444444,000002ca,1,0,0,1,1,422354e8,0ade,"iSTATE2",1,1684a41a,1684a41a,fd218f02,00000000,00000000,00000000,1,426018116,3957,1,00000166,0,0,0,1,0
575,575,0,0,0,05,60,0001871b,1976bc94,04444444,000002ca,1,0,0,1,1,422354e8,0ade,"iSTATE2",1,1696db6a,1696db6a,fd218f02,00000000,00000000,00000000,1,427211924,3958,1,00000167,0,0,0,1,0
576,576,0,0,0,05,60,0001871b,1988f11a,04444444,000002ca,1,0,0,1,1,422354e8,0ade,"iSTATE2",1,16a90ff0,16a90ff0,fd218f02,00000000,00000000,00000000,1,428405018,3959,1,00000168,0,0,0,1,0
577,577,0,1,0,06,60,0001871c,199b25a4,04444444,000002ca,1,0,0,1,1,422354e8,0ade,"iSTATE2",1,16b9d718,16b9d718,fd201ed6,00000000,00000000,00000000,1,429598116,3960,1,00000169,0,0,0,1,0
578,578,0,0,0,06,60,0001871c,19ad5cf4,04444444,000002ca,1,0,0,1,1,422354e8,0ade,"iSTATE2",1,16cc0e68,16cc0e68,fd201ed6,00000000,00000000,00000000,1,430791924,3961,1,0000016a,0,0,0,1,0
579,579,0,0,0,06,60,0001871c,19bf917a,04444444,000002ca,1,0,0,1,1,422354e8,0ade,"iSTATE2",1,16de42ee,16de42ee,fd201ed6,00000000,00000000,00000000,1,431985018,3962,1,0000016b,0,0,0,1,0
580,580,0,0,0,06,60,0001871c,19d1c600,04444444,000002ca,1,0,0,1,1,422354e8,0ade,"iSTATE2",1,16f07774,16f07774,fd201ed6,00000000,00000000,00000000,1,433178112,3963,1,0000016c,0,0,0,1,0
581,581,0,0,0,06,60,0001871c,19e3fd50,04444444,000002ca,1,0,0,1,1,422354e8,0ade,"iSTATE2",1,1702aec4,1702aec4,fd201ed6,00000000,00000000,00000000,1,434371920,3964,1,0000016d,0,0,0,1,0
582,582,0,0,0,06,60,0001871c,19f631d6,04444444,000002ca,1,0,0,1,1,422354e8,0ade,"iSTATE2",1,1714e34a,1714e34a,fd201ed6,00000000,00000000,00000000,1,435565014,3965,1,0000016e,0,0,0,1,0
583,583,0,0,0,06,60,0001871c,1a08665c,04444444,000002ca,1,0,0,1,1,422354e8,0ade,"iSTATE2",1,172717d0,172717d0,fd201ed6,00000000,00000000,00000000,1,436758108,3966,1,0000016f,0,0,0,1,0
584,584,0,0,0,06,60,0001871c,1a1a9dac,04444444,000002ca,1,0,0,1,1,422354e8,0ade,"iSTATE2",1,17394f20,17394f20,fd201ed6,00000000,00000000,00000000,1,437951916,3967,1,00000170,0,0,0,1,0
585,585,0,0,0,06,60,0001871c,1a2cd232,04444444,000002ca,1,0,0,1,1,422354e8,0ade,"iSTATE2",1,174b83a6,174b83a6,fd201ed6,00000000,00000000,00000000,1,439145010,3968,1,00000171,0,0,0,1,0
586,586,0,0,0,06,60,0001871c,1a3f06b8,04444444,000002ca,1,0,0,1,1,422354e8,0ade,"iSTATE2",1,175db82c,175db82c,fd201ed6,00000000,00000000,00000000,1,440338104,3969,1,00000172,0,0,0,1,0
587,587,0,0,0,06,60,0001871c,1a513e08,04444444,000002ca,1,0,0,1,1,422354e8,0ade,"iSTATE2",1,176fef7c,176fef7c,fd201ed6,00000000,00000000,00000000,1,441531912,3970,1,00000173,0,0,0,1,0
588,588,0,0,0,06,60,0001871c,1a63728e,04444444,000002ca,1,0,0,1,1,422354e8,0ade,"iSTATE2",1,17822402,17822402,fd201ed6,00000000,00000000,00000000,1,442725006,3971,1,00000174,0,0,0,1,0
589,589,0,0,0,06,60,0001871c,1a75a714,04444444,000002ca,1,0,0,1,1,422354e8,0ade,"iSTATE2",1,17945888,17945888,fd201ed6,00000000,00000000,00000000,1,443918100,3972,1,00000175,0,0,0,1,0
590,590,0,0,0,06,60,0001871c,1a87de64,04444444,000002ca,1,0,0,1,1,422354e8,0ade,"iSTATE2",1,17a68fd8,17a68fd8,fd201ed6,00000000,00000000,00000000,1,445111908,3973,1,00000176,0,0,0,1,0
591,591,0,0,0,06,60,0001871c,1a9a12ea,04444444,000002ca,1,0,0,1,1,422354e8,0ade,"iSTATE2",1,17b8c45e,17b8c45e,fd201ed6,00000000,00000000,00000000,1,446305002,3974,1,00000177,0,0,0,1,0
592,592,0,0,0,06,60,0001871c,1aac4770,04444444,000002ca,1,0,0,1,1,422354e8,0ade,"iSTATE2",1,17caf8e4,17caf8e4,fd201ed6,00000000,00000000,00000000,1,447498096,3975,1,00000178,0,0,0,1,0
593,593,0,0,0,06,60,0001871c,1abe7ec0,04444444,000002ca,1,0,0,1,1,422354e8,0ade,"iSTATE2",1,17dd3034,17dd3034,fd201ed6,00000000,00000000,00000000,1,448691904,3976,1,00000179,0,0,0,1,0
594,594,0,0,0,06,60,0001871c,1ad0b346,04444444,000002ca,1,0,0,1,1,422354e8,0ade,"iSTATE2",1,17ef64ba,17ef64ba,fd201ed6,00000000,00000000,00000000,1,449884998,3977,1,0000017a,0,0,0,1,0
595,595,0,0,0,06,60,0001871c,1ae2e7cc,04444444,000002ca,1,0,0,1,1,422354e8,0ade,"iSTATE2",1,18019940,18019940,fd201ed6,00000000,00000000,00000000,1,451078092,3978,1,0000017b,0,0,0,1,0
596,596,0,0,0,06,60,0001871c,1af51f1c,04444444,000002ca,1,0,0,1,1,422354e8,0ade,"iSTATE2",1,1813d090,1813d090,fd201ed6,00000000,00000000,00000000,1,452271900,3979,1,0000017c,0,0,0,1,0
597,597,0,0,0,06,60,0001871c,1b0753a2,04444444,000002ca,1,0,0,1,1,422354e8,0ade,"iSTATE2",1,18260516,18260516,fd201ed6,00000000,00000000,00000000,1,453464994,3980,1,0000017d,0,0,0,1,0
598,598,0,0,0,06,60,0001871c,1b198828,04444444,000002ca,1,0,0,1,1,422354e8,0ade,"iSTATE2",1,1838399c,1838399c,fd201ed6,00000000,00000000,00000000,1,454658088,3981,1,0000017e,0,0,0,1,0
599,599,0,0,0,06,60,0001871c,1b2bbf78,04444444,000002ca,1,0,0,1,1,422354e8,0ade,"iSTATE2",1,184a70ec,184a70ec,fd201ed6,00000000,00000000,00000000,1,455851896,3982,1,0000017f,0,0,0,1,0
600,600,0,0,0,06,60,0001871c,1b3df3fe,04444444,000002ca,1,0,0,1,1,422354e8,0ade,"iSTATE2",1,185ca572,185ca572,fd201ed6,00000000,00000000,00000000,1,457044990,3983,1,00000180,0,0,0,1,0
601,601,0,0,0,06,60,0001871c,1b502884,04444444,000002ca,1,0,0,1,1,422354e8,0ade,"iSTATE2",1,186ed9f8,186ed9f8,fd201ed6,00000000,00000000,00000000,1,458238084,3984,1,00000181,0,0,0,1,0
602,602,0,0,0,06,60,0001871c,1b625d0a,04444444,000002ca,1,0,0,1,1,422354e8,0ade,"iSTATE2",1,18810e7e,18810e7e,fd201ed6,00000000,00000000,00000000,1,459431178,3985,1,00000182,0,0,0,1,0
603,603,0,0,0,06,60,0001871c,1b74945a,04444444,000002ca,1,0,0,1,1,422354e8,0ade,"iSTATE2",1,189345ce,189345ce,fd201ed6,00000000,00000000,00000000,1,460624986,3986,1,00000183,0,0,0,1,0
604,604,0,0,0,06,60,0001871c,1b86c8e0,04444444,000002ca,1,0,0,1,1,422354e8,0ade,"iSTATE2",1,18a57a54,18a57a54,fd201ed6,00000000,00000000,00000000,1,461818080,3987,1,00000184,0,0,0,1,0
605,605,0,0,0,06,60,0001871c,1b98fd66,04444444,000002ca,1,0,0,1,1,422354e8,0ade,"iSTATE2",1,18b7aeda,18b7aeda,fd201ed6,00000000,00000000,00000000,1,463011174,3988,1,00000185,0,0,0,1,0
606,606,0,0,0,06,60,0001871c,1bab34b6,04444444,000002ca,1,0,0,1,1,422354e8,0ade,"iSTATE2",1,18c9e62a,18c9e62a,fd201ed6,00000000,00000000,00000000,1,464204982,3989,1,00000186,0,0,0,1,0
607,607,0,0,0,06,60,0001871c,1bbd693c,04444444,000002ca,1,0,0,1,1,422354e8,0ade,"iSTATE2",1,18dc1ab0,18dc1ab0,fd201ed6,00000000,00000000,00000000,1,465398076,3990,1,00000187,0,0,0,1,0
608,608,0,0,0,06,60,0001871c,1bcf9dc2,04444444,000002ca,1,0,0,1,1,422354e8,0ade,"iSTATE2",1,18ee4f36,18ee4f36,fd201ed6,00000000,00000000,00000000,1,466591170,3991,1,00000188,0,0,0,1,0
609,609,0,0,0,06,60,0001871c,1be1d512,04444444,000002ca,1,0,0,1,1,422354e8,0ade,"iSTATE2",1,19008686,19008686,fd201ed6,00000000,00000000,00000000,1,467784978,3992,1,00000189,0,0,0,1,0
610,610,0,0,0,06,60,0001871c,1bf40998,04444444,000002ca,1,0,0,1,1,422354e8,0ade,"iSTATE2",1,1912bb0c,1912bb0c,fd201ed6,00000000,00000000,00000000,1,468978072,3993,1,0000018a,0,0,0,1,0
611,611,0,0,0,06,60,0001871c,1c063e1e,04444444,000002ca,1,0,0,1,1,422354e8,0ade,"iSTATE2",1,1924ef92,1924ef92,fd201ed6,00000000,00000000,00000000,1,470171166,3994,1,0000018b,0,0,0,1,0
612,612,0,0,0,06,60,0001871c,1c18756e,04444444,000002ca,1,0,0,1,1,422354e8,0ade,"iSTATE2",1,193726e2,193726e2,fd201ed6,00000000,00000000,00000000,1,471364974,3995,1,0000018c,0,0,0,1,0
613,613,0,0,0,06,60,0001871c,1c2aa9f4,04444444,000002ca,1,0,0,1,1,422354e8,0ade,"iSTATE2",1,19495b68,19495b68,fd201ed6,00000000,00000000,00000000,1,472558068,3996,1,0000018d,0,0,0,1,0
614,614,0,0,0,06,60,0001871c,1c3cde7a,04444444,000002ca,1,0,0,1,1,422354e8,0ade,"iSTATE2",1,195b8fee,195b8fee,fd201ed6,00000000,00000000,00000000,1,473751162,3997,1,0000018e,0,0,0,1,0
615,615,0,0,0,06,60,0001871c,1c4f15ca,04444444,000002ca,1,0,0,1,1,422354e8,0ade,"iSTATE2",1,196dc73e,196dc73e,fd201ed6,00000000,00000000,00000000,1,474944970,3998,1,0000018f,0,0,0,1,0
616,616,0,0,0,06,60,0001871c,1c614a50,04444444,000002ca,1,0,0,1,1,422354e8,0ade,"iSTATE2",1,197ffbc4,197ffbc4,fd201ed6,00000000,00000000,00000000,1,476138064,3999,1,00000190,0,0,0,1,0
617,617,0,0,0,06,60,0001871c,1c737ed6,04444444,000002ca,1,0,0,1,1,422354e8,0ade,"iSTATE2",1,1992304a,1992304a,fd201ed6,00000000,00000000,00000000,1,477331158,4000,1,00000191,0,0,0,1,0
618,618,0,0,0,06,60,0001871c,1c85b626,04444444,000002ca,1,0,0,1,1,422354e8,0ade,"iSTATE2",1,19a4679a,19a4679a,fd201ed6,00000000,00000000,00000000,1,478524966,4001,1,00000192,0,0,0,1,0
619,619,0,0,0,06,60,0001871c,1c97eaac,04444444,000002ca,1,0,0,1,1,422354e8,0ade,"iSTATE2",1,19b69c20,19b69c20,fd201ed6,00000000,00000000,00000000,1,479718060,4002,1,00000193,0,0,0,1,0
620,620,0,0,0,06,60,0001871c,1caa1f32,04444444,000002ca,1,0,0,1,1,422354e8,0ade,"iSTATE2",1,19c8d0a6,19c8d0a6,fd201ed6,00000000,00000000,00000000,1,480911154,4003,1,00000194,0,0,0,1,0
621,621,0,0,0,06,60,0001871c,1cbc5682,04444444,000002ca,1,0,0,1,1,422354e8,0ade,"iSTATE2",1,19db07f6,19db07f6,fd201ed6,00000000,00000000,00000000,1,482104962,4004,1,00000195,0,0,0,1,0
622,622,0,0,0,06,60,0001871c,1cce8b08,04444444,000002ca,1,0,0,1,1,422354e8,0ade,"iSTATE2",1,19ed3c7c,19ed3c7c,fd201ed6,00000000,00000000,00000000,1,483298056,4005,1,00000196,0,0,0,1,0
623,623,0,0,0,06,60,0001871c,1ce0bf8e,04444444,000002ca,1,0,0,1,1,422354e8,0ade,"iSTATE2",1,19ff7102,19ff7102,fd201ed6,00000000,00000000,00000000,1,484491150,4006,1,00000197,0,0,0,1,0
624,624,0,0,0,06,60,0001871c,1cf2f6de,04444444,000002ca,1,0,0,1,1,422354e8,0ade,"iSTATE2",1,1a11a852,1a11a852,fd201ed6,00000000,00000000,00000000,1,485684958,4007,1,00000198,0,0,0,1,0
625,625,0,0,0,06,60,0001871c,1d052b64,04444444,000002ca,1,0,0,1,1,422354e8,0ade,"iSTATE2",1,1a23dcd8,1a23dcd8,fd201ed6,00000000,00000000,00000000,1,486878052,4008,1,00000199,0,0,0,1,0
626,626,0,0,0,06,60,0001871c,1d175fea,04444444,000002ca,1,0,0,1,1,422354e8,0ade,"iSTATE2",1,1a36115e,1a36115e,fd201ed6,00000000,00000000,00000000,1,488071146,4009,1,0000019a,0,0,0,1,0
627,627,0,0,0,06,60,0001871c,1d29973a,04444444,000002ca,1,0,0,1,1,422354e8,0ade,"iSTATE2",1,1a4848ae,1a4848ae,fd201ed6,00000000,00000000,00000000,1,489264954,4010,1,0000019b,0,0,0,1,0
628,628,0,0,0,06,60,0001871c,1d3bcbc0,04444444,000002ca,1,0,0,1,1,422354e8,0ade,"iSTATE2",1,1a5a7d34,1a5a7d34,fd201ed6,00000000,00000000,00000000,1,490458048,4011,1,0000019c,0,0,0,1,0
629,629,0,0,0,06,60,0001871c,1d4e0046,04444444,000002ca,1,0,0,1,1,422354e8,0ade,"iSTATE2",1,1a6cb1ba,1a6cb1ba,fd201ed6,00000000,00000000,00000000,1,491651142,4012,1,0000019d,0,0,0,1,0
630,630,0,0,0,06,60,0001871c,1d603796,04444444,000002ca,1,0,0,1,1,422354e8,0ade,"iSTATE2",1,1a7ee90a,1a7ee90a,fd201ed6,00000000,00000000,00000000,1,492844950,4013,1,0000019e,0,0,0,1,0
631,631,0,0,0,06,60,0001871c,1d726c1c,04444444,000002ca,1,0,0,1,1,422354e8,0ade,"iSTATE2",1,1a911d90,1a911d90,fd201ed6,00000000,00000000,00000000,1,494038044,4014,1,0000019f,0,0,0,1,0
632,632,0,0,0,06,60,0001871c,1d84a0a2,04444444,000002ca,1,0,0,1,1,422354e8,0ade,"iSTATE2",1,1aa35216,1aa35216,fd201ed6,00000000,00000000,00000000,1,495231138,4015,1,000001a0,0,0,0,1,0
633,633,0,0,0,06,60,0001871c,1d96d528,04444444,000002ca,1,0,0,1,1,422354e8,0ade,"iSTATE2",1,1ab5869c,1ab5869c,fd201ed6,00000000,00000000,00000000,1,496424232,4016,1,000001a1,0,0,0,1,0
634,634,0,0,0,06,60,0001871c,1da90c78,04444444,000002ca,1,0,0,1,1,422354e8,0ade,"iSTATE2",1,1ac7bdec,1ac7bdec,fd201ed6,00000000,00000000,00000000,1,497618040,4017,1,000001a2,0,0,0,1,0
635,635,0,0,0,06,60,0001871c,1dbb40fe,04444444,000002ca,1,0,0,1,1,422354e8,0ade,"iSTATE2",1,1ad9f272,1ad9f272,fd201ed6,00000000,00000000,00000000,1,498811134,4018,1,000001a3,0,0,0,1,0
636,636,0,0,0,06,60,0001871c,1dcd7584,04444444,000002ca,1,0,0,1,1,422354e8,0ade,"iSTATE2",1,1aec26f8,1aec26f8,fd201ed6,00000000,00000000,00000000,1,500004228,4019,1,000001a4,0,0,0,1,0
637,637,0,1,0,07,60,0001871c,1ddfacd8,04444444,000002ca,1,0,0,1,1,422354e8,0ade,"iSTATE2",1,1afcb658,1afcb658,fd1eb174,00000000,00000000,00000000,1,501198040,4020,1,000001a5,0,0,0,1,0
638,638,0,0,0,07,60,0001871c,1df1e15e,04444444,000002ca,1,0,0,1,1,422354e8,0ade,"iSTATE2",1,1b0eeade,1b0eeade,fd1eb174,00000000,00000000,00000000,1,502391134,4021,1,000001a6,0,0,0,1,0
639,639,0,0,0,07,60,0001871c,1e0415e4,04444444,000002ca,1,0,0,1,1,422354e8,0ade,"iSTATE2",1,1b211f64,1b211f64,fd1eb174,00000000,00000000,00000000,1,503584228,4022,1,000001a7,0,0,0,1,0
640,640,0,0,0,07,60,0001871c,1e164d34,04444444,000002ca,1,0,0,1,1,422354e8,0ade,"iSTATE2",1,1b3356b4,1b3356b4,fd1eb174,00000000,00000000,00000000,1,504778036,4023,1,000001a8,0,0,0,1,0
641,641,0,0,0,07,60,0001871c,1e2881ba,04444444,000002ca,1,0,0,1,1,422354e8,0ade,"iSTATE2",1,1b458b3a,1b458b3a,fd1eb174,00000000,00000000,00000000,1,505971130,4024,1,000001a9,0,0,0,1,0
642,642,0,0,0,07,60,0001871c,1e3ab640,04444444,000002ca,1,0,0,1,1,422354e8,0ade,"iSTATE2",1,1b57bfc0,1b57bfc0,fd1eb174,00000000,00000000,00000000,1,507164224,4025,1,000001aa,0,0,0,1,0
643,643,0,0,0,07,60,0001871c,1e4ced90,04444444,000002ca,1,0,0,1,1,422354e8,0ade,"iSTATE2",1,1b69f710,1b69f710,fd1eb174,00000000,00000000,00000000,1,508358032,4026,1,000001ab,0,0,0,1,0
644,644,0,0,0,07,60,0001871c,1e5f2216,04444444,000002ca,1,0,0,1,1,422354e8,0ade,"iSTATE2",1,1b7c2b96,1b7c2b96,fd1eb174,00000000,00000000,00000000,1,509551126,4027,1,000001ac,0,0,0,1,0
645,645,0,0,0,07,60,0001871c,1e71569c,04444444,000002ca,1,0,0,1,1,422354e8,0ade,"iSTATE2",1,1b8e601c,1b8e601c,fd1eb174,00000000,00000000,00000000,1,510744220,4028,1,000001ad,0,0,0,1,0
646,646,0,0,0,07,60,0001871c,1e838dec,04444444,000002ca,1,0,0,1,1,422354e8,0ade,"iSTATE2",1,1ba0976c,1ba0976c,fd1eb174,00000000,00000000,00000000,1,511938028,4029,1,000001ae,0,0,0,1,0
647,647,0,0,0,07,60,0001871c,1e95c272,04444444,000002ca,1,0,0,1,1,422354e8,0ade,"iSTATE2",1,1bb2cbf2,1bb2cbf2,fd1eb174,00000000,00000000,00000000,1,513131122,4030,1,000001af,0,0,0,1,0
648,648,0,0,0,07,60,0001871c,1ea7f6f8,04444444,000002ca,1,0,0,1,1,422354e8,0ade,"iSTATE2",1,1bc50078,1bc50078,fd1eb174,00000000,00000000,00000000,1,514324216,4031,1,000001b0,0,0,0,1,0
649,649,0,0,0,07,60,0001871c,1eba2e48,04444444,000002ca,1,0,0,1,1,422354e8,0ade,"iSTATE2",1,1bd737c8,1bd737c8,fd1eb174,00000000,00000000,00000000,1,515518024,4032,1,000001b1,0,0,0,1,0
650,650,0,0,0,07,60,0001871c,1ecc62ce,04444444,000002ca,1,0,0,1,1,422354e8,0ade,"iSTATE2",1,1be96c4e,1be96c4e,fd1eb174,00000000,00000000,00000000,1,516711118,4033,1,000001b2,0,0,0,1,0
651,651,0,0,0,07,60,0001871c,1ede9754,04444444,000002ca,1,0,0,1,1,422354e8,0ade,"iSTATE2",1,1bfba0d4,1bfba0d4,fd1eb174,00000000,00000000,00000000,1,517904212,4034,1,000001b3,0,0,0,1,0
652,652,0,0,0,07,60,0001871c,1ef0cea4,04444444,000002ca,1,0,0,1,1,422354e8,0ade,"iSTATE2",1,1c0dd824,1c0dd824,fd1eb174,00000000,00000000,00000000,1,519098020,4035,1,000001b4,0,0,0,1,0
653,653,0,0,0,07,60,0001871c,1f03032a,04444444,000002ca,1,0,0,1,1,422354e8,0ade,"iSTATE2",1,1c200caa,1c200caa,fd1eb174,00000000,00000000,00000000,1,520291114,4036,1,000001b5,0,0,0,1,0
654,654,0,0,0,07,60,0001871c,1f1537b0,04444444,000002ca,1,0,0,1,1,422354e8,0ade,"iSTATE2",1,1c324130,1c324130,fd1eb174,00000000,00000000,00000000,1,521484208,4037,1,000001b6,0,0,0,1,0
655,655,0,0,0,07,60,0001871c,1f276f00,04444444,000002ca,1,0,0,1,1,422354e8,0ade,"iSTATE2",1,1c447880,1c447880,fd1eb174,00000000,00000000,00000000,1,522678016,4038,1,000001b7,0,0,0,1,0
656,656,0,0,0,07,60,0001871c,1f39a386,04444444,000002ca,1,0,0,1,1,422354e8,0ade,"iSTATE2",1,1c56ad06,1c56ad06,fd1eb174,00000000,00000000,00000000,1,523871110,4039,1,000001b8,0,0,0,1,0
657,657,0,0,0,07,60,0001871c,1f4bd80c,04444444,000002ca,1,0,0,1,1,422354e8,0ade,"iSTATE2",1,1c68e18c,1c68e18c,fd1eb174,00000000,00000000,00000000,1,525064204,4040,1,000001b9,0,0,0,1,0
658,658,0,0,0,07,60,0001871c,1f5e0f5c,04444444,000002ca,1,0,0,1,1,422354e8,0ade,"iSTATE2",1,1c7b18dc,1c7b18dc,fd1eb174,00000000,00000000,00000000,1,526258012,4041,1,000001ba,0,0,0,1,0
659,659,0,0,0,07,60,0001871c,1f7043e2,04444444,000002ca,1,0,0,1,1,422354e8,0ade,"iSTATE2",1,1c8d4d62,1c8d4d62,fd1eb174,00000000,00000000,00000000,1,527451106,4042,1,000001bb,0,0,0,1,0
660,660,0,0,0,07,60,0001871c,1f827868,04444444,000002ca,1,0,0,1,1,422354e8,0ade,"iSTATE2",1,1c9f81e8,1c9f81e8,fd1eb174,00000000,00000000,00000000,1,528644200,4043,1,000001bc,0,0,0,1,0
661,661,0,0,0,07,60,0001871c,1f94acee,04444444,000002ca,1,0,0,1,1,422354e8,0ade,"iSTATE2",1,1cb1b66e,1cb1b66e,fd1eb174,00000000,00000000,00000000,1,529837294,4044,1,000001bd,0,0,0,1,0
662,662,0,0,0,07,60,0001871c,1fa6e43e,04444444,000002ca,1,0,0,1,1,422354e8,0ade,"iSTATE2",1,1cc3edbe,1cc3edbe,fd1eb174,00000000,00000000,00000000,1,531031102,4045,1,000001be,0,0,0,1,0
663,663,0,0,0,07,60,0001871c,1fb918c4,04444444,000002ca,1,0,0,1,1,422354e8,0ade,"iSTATE2",1,1cd62244,1cd62244,fd1eb174,00000000,00000000,00000000,1,532224196,4046,1,000001bf,0,0,0,1,0
664,664,0,0,0,07,60,0001871c,1fcb4d4a,04444444,000002ca,1,0,0,1,1,422354e8,0ade,"iSTATE2",1,1ce856ca,1ce856ca,fd1eb174,00000000,00000000,00000000,1,533417290,4047,1,000001c0,0,0,0,1,0
665,665,0,0,0,07,60,0001871c,1fdd849a,04444444,000002ca,1,0,0,1,1,422354e8,0ade,"iSTATE2",1,1cfa8e1a,1cfa8e1a,fd1eb174,00000000,00000000,00000000,1,534611098,4048,1,000001c1,0,0,0,1,0
666,666,0,0,0,07,60,0001871c,1fefb920,04444444,000002ca,1,0,0,1,1,422354e8,0ade,"iSTATE2",1,1d0cc2a0,1d0cc2a0,fd1eb174,00000000,00000000,00000000,1,535804192,4049,1,000001c2,0,0,0,1,0
667,667,0,0,0,07,60,0001871c,2001eda6,04444444,000002ca,1,0,0,1,1,422354e8,0ade,"iSTATE2",1,1d1ef726,1d1ef726,fd1eb174,00000000,00000000,00000000,1,536997286,4050,1,000001c3,0,0,0,1,0
668,668,0,0,0,07,60,0001871c,201424f6,04444444,000002ca,1,0,0,1,1,422354e8,0ade,"iSTATE2",1,1d312e76,1d312e76,fd1eb174,00000000,00000000,00000000,1,538191094,4051,1,000001c4,0,0,0,1,0
669,669,0,0,0,07,60,0001871c,2026597c,04444444,000002ca,1,0,0,1,1,422354e8,0ade,"iSTATE2",1,1d4362fc,1d4362fc,fd1eb174,00000000,00000000,00000000,1,539384188,4052,1,000001c5,0,0,0,1,0
670,670,0,0,0,07,60,0001871c,20388e02,04444444,000002ca,1,0,0,1,1,422354e8,0ade,"iSTATE2",1,1d559782,1d559782,fd1eb174,00000000,00000000,00000000,1,540577282,4053,1,000001c6,0,0,0,1,0
671,671,0,0,0,07,60,0001871c,204ac552,04444444,000002ca,1,0,0,1,1,422354e8,0ade,"iSTATE2",1,1d67ced2,1d67ced2,fd1eb174,00000000,00000000,00000000,1,541771090,4054,1,000001c7,0,0,0,1,0
672,672,0,0,0,07,60,0001871c,205cf9d8,04444444,000002ca,1,0,0,1,1,422354e8,0ade,"iSTATE2",1,1d7a0358,1d7a0358,fd1eb174,00000000,00000000,00000000,1,542964184,4055,1,000001c8,0,0,0,1,0
673,673,0,0,0,07,60,0001871c,206f2e5e,04444444,000002ca,1,0,0,1,1,422354e8,0ade,"iSTATE2",1,1d8c37de,1d8c37de,fd1eb174,00000000,00000000,00000000,1,544157278,4056,1,000001c9,0,0,0,1,0
674,674,0,0,0,07,60,0001871c,208165ae,04444444,000002ca,1,0,0,1,1,422354e8,0ade,"iSTATE2",1,1d9e6f2e,1d9e6f2e,fd1eb174,00000000,00000000,00000000,1,545351086,4057,1,000001ca,0,0,0,1,0
675,675,0,0,0,07,60,0001871c,20939a34,04444444,000002ca,1,0,0,1,1,422354e8,0ade,"iSTATE2",1,1db0a3b4,1db0a3b4,fd1eb174,00000000,00000000,00000000,1,546544180,4058,1,000001cb,0,0,0,1,0
676,676,0,0,0,07,60,0001871c,20a5ceba,04444444,000002ca,1,0,0,1,1,422354e8,0ade,"iSTATE2",1,1dc2d83a,1dc2d83a,fd1eb174,00000000,00000000,00000000,1,547737274,4059,1,000001cc,0,0,0,1,0
677,677,0,0,0,07,60,0001871c,20b8060a,04444444,000002ca,1,0,0,1,1,422354e8,0ade,"iSTATE2",1,1dd50f8a,1dd50f8a,fd1eb174,00000000,00000000,00000000,1,548931082,4060,1,000001cd,0,0,0,1,0
678,678,0,0,0,07,60,0001871c,20ca3a90,04444444,000002ca,1,0,0,1,1,422354e8,0ade,"iSTATE2",1,1de74410,1de74410,fd1eb174,00000000,00000000,00000000,1,550124176,4061,1,000001ce,0,0,0,1,0
679,679,0,0,0,07,60,0001871c,20dc6f16,04444444,000002ca,1,0,0,1,1,422354e8,0ade,"iSTATE2",1,1df97896,1df97896,fd1eb174,00000000,00000000,00000000,1,551317270,4062,1,000001cf,0,0,0,1,0
680,680,0,0,0,07,60,0001871c,20eea666,04444444,000002ca,1,0,0,1,1,422354e8,0ade,"iSTATE2",1,1e0bafe6,1e0bafe6,fd1eb174,00000000,00000000,00000000,1,552511078,4063,1,000001d0,0,0,0,1,0
681,681,0,0,0,07,60,0001871c,2100daec,04444444,000002ca,1,0,0,1,1,422354e8,0ade,"iSTATE2",1,1e1de46c,1e1de46c,fd1eb174,00000000,00000000,00000000,1,553704172,4064,1,000001d1,0,0,0,1,0
682,682,0,0,0,07,60,0001871c,21130f72,04444444,000002ca,1,0,0,1,1,422354e8,0ade,"iSTATE2",1,1e3018f2,1e3018f2,fd1eb174,00000000,00000000,00000000,1,554897266,4065,1,000001d2,0,0,0,1,0
683,683,0,0,0,07,60,0001871c,212546c2,04444444,000002ca,1,0,0,1,1,422354e8,0ade,"iSTATE2",1,1e425042,1e425042,fd1eb174,00000000,00000000,00000000,1,556091074,4066,1,000001d3,0,0,0,1,0
684,684,0,0,0,07,60,0001871c,21377b48,04444444,000002ca,1,0,0,1,1,422354e8,0ade,"iSTATE2",1,1e5484c8,1e5484c8,fd1eb174,00000000,00000000,00000000,1,557284168,4067,1,000001d4,0,0,0,1,0
685,685,0,0,0,07,60,0001871c,2149afce,04444444,000002ca,1,0,0,1,1,422354e8,0ade,"iSTATE2",1,1e66b94e,1e66b94e,fd1eb174,00000000,00000000,00000000,1,558477262,4068,1,000001d5,0,0,0,1,0
686,686,0,0,0,07,60,0001871c,215be71e,04444444,000002ca,1,0,0,1,1,422354e8,0ade,"iSTATE2",1,1e78f09e,1e78f09e,fd1eb174,00000000,00000000,00000000,1,559671070,4069,1,000001d6,0,0,0,1,0
687,687,0,0,0,07,60,0001871c,216e1ba4,04444444,000002ca,1,0,0,1,1,422354e8,0ade,"iSTATE2",1,1e8b2524,1e8b2524,fd1eb174,00000000,00000000,00000000,1,560864164,4070,1,000001d7,0,0,0,1,0
688,688,0,0,0,07,60,0001871c,2180502a,04444444,000002ca,1,0,0,1,1,422354e8,0ade,"iSTATE2",1,1e9d59aa,1e9d59aa,fd1eb174,00000000,00000000,00000000,1,562057258,4071,1,000001d8,0,0,0,1,0
689,689,0,0,0,07,60,0001871c,2192877a,04444444,000002ca,1,0,0,1,1,422354e8,0ade,"iSTATE2",1,1eaf90fa,1eaf90fa,fd1eb174,00000000,00000000,00000000,1,563251066,4072,1,000001d9,0,0,0,1,0
690,690,0,0,0,07,60,0001871c,21a4bc00,04444444,000002ca,1,0,0,1,1,422354e8,0ade,"iSTATE2",1,1ec1c580,1ec1c580,fd1eb174,00000000,00000000,00000000,1,564444160,4073,1,000001da,0,0,0,1,0
691,691,0,0,0,07,60,0001871c,21b6f086,04444444,000002ca,1,0,0,1,1,422354e8,0ade,"iSTATE2",1,1ed3fa06,1ed3fa06,fd1eb174,00000000,00000000,00000000,1,565637254,4074,1,000001db,0,0,0,1,0
692,692,0,0,0,07,60,0001871c,21c9250c,04444444,000002ca,1,0,0,1,1,422354e8,0ade,"iSTATE2",1,1ee62e8c,1ee62e8c,fd1eb174,00000000,00000000,00000000,1,566830348,4075,1,000001dc,0,0,0,1,0
693,693,0,0,0,07,60,0001871c,21db5c5c,04444444,000002ca,1,0,0,1,1,422354e8,0ade,"iSTATE2",1,1ef865dc,1ef865dc,fd1eb174,00000000,00000000,00000000,1,568024156,4076,1,000001dd,0,0,0,1,0
694,694,0,0,0,07,60,0001871c,21ed90e2,04444444,000002ca,1,0,0,1,1,422354e8,0ade,"iSTATE2",1,1f0a9a62,1f0a9a62,fd1eb174,00000000,00000000,00000000,1,569217250,4077,1,000001de,0,0,0,1,0
695,695,0,0,0,07,60,0001871c,21ffc568,04444444,000002ca,1,0,0,1,1,422354e8,0ade,"iSTATE2",1,1f1ccee8,1f1ccee8,fd1eb174,00000000,00000000,00000000,1,570410344,4078,1,000001df,0,0,0,1,0
696,696,0,0,0,07,60,0001871c,2211fcb8,04444444,000002ca,1,0,0,1,1,422354e8,0ade,"iSTATE2",1,1f2f0638,1f2f0638,fd1eb174,00000000,00000000,00000000,1,571604152,4079,1,000001e0,0,0,0,1,0
697,697,0,1,0,08,60,0001871b,22243142,04444444,000002ca,1,0,0,1,1,422354e8,0ade,"iSTATE2",1,1f400528,1f400528,fd1d0980,00000000,00000000,00000000,1,572797250,4080,1,000001e1,0,0,0,1,0
698,698,0,0,0,08,60,0001871b,223665c8,04444444,000002ca,1,0,0,1,1,422354e8,0ade,"iSTATE2",1,1f5239ae,1f5239ae,fd1d0980,00000000,00000000,00000000,1,573990344,4081,1,000001e2,0,0,0,1,0
699,699,0,0,0,08,60,0001871b,22489d18,04444444,000002ca,1,0,0,1,1,422354e8,0ade,"iSTATE2",1,1f6470fe,1f6470fe,fd1d0980,00000000,00000000,00000000,1,575184152,4082,1,000001e3,0,0,0,1,0
700,700,0,0,0,08,60,0001871b,225ad19e,04444444,000002ca,1,0,0,1,1,422354e8,0ade,"iSTATE2",1,1f76a584,1f76a584,fd1d0980,00000000,00000000,00000000,1,576377246,4083,1,000001e4,0,0,0,1,0
701,701,0,0,0,08,60,0001871b,226d0624,04444444,000002ca,1,0,0,1,1,422354e8,0ade,"iSTATE2",1,1f88da0a,1f88da0a,fd1d0980,00000000,00000000,00000000,1,577570340,4084,1,000001e5,0,0,0,1,0
702,702,0,0,0,08,60,0001871b,227f3d74,04444444,000002ca,1,0,0,1,1,422354e8,0ade,"iSTATE2",1,1f9b115a,1f9b115a,fd1d0980,00000000,00000000,00000000,1,578764148,4085,1,000001e6,0,0,0,1,0
703,703,0,0,0,08,60,0001871b,229171fa,04444444,000002ca,1,0,0,1,1,422354e8,0ade,"iSTATE2",1,1fad45e0,1fad45e0,fd1d0980,00000000,00000000,00000000,1,579957242,4086,1,000001e7,0,0,0,1,0
704,704,0,0,0,08,60,0001871b,22a3a680,04444444,000002ca,1,0,0,1,1,422354e8,0ade,"iSTATE2",1,1fbf7a66,1fbf7a66,fd1d0980,00000000,00000000,00000000,1,581150336,4087,1,000001e8,0,0,0,1,0
705,705,0,0,0,08,60,0001871b,22b5ddd0,04444444,000002ca,1,0,0,1,1,422354e8,0ade,"iSTATE2",1,1fd1b1b6,1fd1b1b6,fd1d0980,00000000,00000000,00000000,1,582344144,4088,1,000001e9,0,0,0,1,0
706,706,0,0,0,08,60,0001871b,22c81256,04444444,000002ca,1,0,0,1,1,422354e8,0ade,"iSTATE2",1,1fe3e63c,1fe3e63c,fd1d0980,00000000,00000000,00000000,1,583537238,4089,1,000001ea,0,0,0,1,0
707,707,0,0,0,08,60,0001871b,22da46dc,04444444,000002ca,1,0,0,1,1,422354e8,0ade,"iSTATE2",1,1ff61ac2,1ff61ac2,fd1d0980,00000000,00000000,00000000,1,584730332,4090,1,000001eb,0,0,0,1,0
708,708,0,0,0,08,60,0001871b,22ec7e2c,04444444,000002ca,1,0,0,1,1,422354e8,0ade,"iSTATE2",1,20085212,20085212,fd1d0980,00000000,00000000,00000000,1,585924140,4091,1,000001ec,0,0,0,1,0
709,709,0,0,0,08,60,0001871b,22feb2b2,04444444,000002ca,1,0,0,1,1,422354e8,0ade,"iSTATE2",1,201a8698,201a8698,fd1d0980,00000000,00000000,00000000,1,587117234,4092,1,000001ed,0,0,0,1,0
710,710,0,0,0,08,60,0001871b,2310e738,04444444,000002ca,1,0,0,1,1,422354e8,0ade,"iSTATE2",1,202cbb1e,202cbb1e,fd1d0980,00000000,00000000,00000000,1,588310328,4093,1,000001ee,0,0,0,1,0
711,711,0,0,0,08,60,0001871b,23231e88,04444444,000002ca,1,0,0,1,1,422354e8,0ade,"iSTATE2",1,203ef26e,203ef26e,fd1d0980,00000000,00000000,00000000,1,589504136,4094,1,000001ef,0,0,0,1,0
712,712,0,0,0,08,60,0001871b,2335530e,04444444,000002ca,1,0,0,1,1,422354e8,0ade,"iSTATE2",1,205126f4,205126f4,fd1d0980,00000000,00000000,00000000,1,590697230,4095,1,000001f0,0,0,0,1,0
713,713,0,0,0,08,60,0001871b,23478794,04444444,000002ca,1,0,0,1,1,422354e8,0ade,"iSTATE2",1,20635b7a,20635b7a,fd1d0980,00000000,00000000,00000000,1,591890324,4096,1,000001f1,0,0,0,1,0
714,714,0,0,0,08,60,0001871b,2359bee4,04444444,000002ca,1,0,0,1,1,422354e8,0ade,"iSTATE2",1,207592ca,207592ca,fd1d0980,00000000,00000000,00000000,1,593084132,4097,1,000001f2,0,0,0,1,0
715,715,0,0,0,08,60,0001871b,236bf36a,04444444,000002ca,1,0,0,1,1,422354e8,0ade,"iSTATE2",1,2087c750,2087c750,fd1d0980,00000000,00000000,00000000,1,594277226,4098,1,000001f3,0,0,0,1,0
716,716,0,0,0,08,60,0001871b,237e27f0,04444444,000002ca,1,0,0,1,1,422354e8,0ade,"iSTATE2",1,2099fbd6,2099fbd6,fd1d0980,00000000,00000000,00000000,1,595470320,4099,1,000001f4,0,0,0,1,0
717,717,0,0,0,08,60,0001871b,23905f40,04444444,000002ca,1,0,0,1,1,422354e8,0ade,"iSTATE2",1,20ac3326,20ac3326,fd1d0980,00000000,00000000,00000000,1,596664128,4100,1,000001f5,0,0,0,1,0
718,718,0,0,0,08,60,0001871b,23a293c6,04444444,000002ca,1,0,0,1,1,422354e8,0ade,"iSTATE2",1,20be67ac,20be67ac,fd1d0980,00000000,00000000,00000000,1,597857222,4101,1,000001f6,0,0,0,1,0
719,719,0,0,0,08,60,0001871b,23b4c84c,04444444,000002ca,1,0,0,1,1,422354e8,0ade,"iSTATE2",1,20d09c32,20d09c32,fd1d0980,00000000,00000000,00000000,1,599050316,4102,1,000001f7,0,0,0,1,0
720,720,0,0,0,08,60,0001871b,23c6fcd2,04444444,000002ca,1,0,0,1,1,422354e8,0ade,"iSTATE2",1,20e2d0b8,20e2d0b8,fd1d0980,00000000,00000000,00000000,1,600243410,4103,1,000001f8,0,0,0,1,0
721,721,0,0,0,08,60,0001871b,23d93422,04444444,000002ca,1,0,0,1,1,422354e8,0ade,"iSTATE2",1,20f50808,20f50808,fd1d0980,00000000,00000000,00000000,1,601437218,4104,1,000001f9,0,0,0,1,0
722,722,0,0,0,08,60,0001871b,23eb68a8,04444444,000002ca,1,0,0,1,1,422354e8,0ade,"iSTATE2",1,21073c8e,21073c8e,fd1d0980,00000000,00000000,00000000,1,602630312,4105,1,000001fa,0,0,0,1,0
723,723,0,0,0,08,60,0001871b,23fd9d2e,04444444,000002ca,1,0,0,1,1,422354e8,0ade,"iSTATE2",1,21197114,21197114,fd1d0980,00000000,00000000,00000000,1,603823406,4106,1,000001fb,0,0,0,1,0
724,724,0,0,0,08,60,0001871b,240fd47e,04444444,000002ca,1,0,0,1,1,422354e8,0ade,"iSTATE2",1,212ba864,212ba864,fd1d0980,00000000,00000000,00000000,1,605017214,4107,1,000001fc,0,0,0,1,0
725,725,0,0,0,08,60,0001871b,24220904,04444444,000002ca,1,0,0,1,1,422354e8,0ade,"iSTATE2",1,213ddcea,213ddcea,fd1d0980,00000000,00000000,00000000,1,606210308,4108,1,000001fd,0,0,0,1,0
726,726,0,0,0,08,60,0001871b,24343d8a,04444444,000002ca,1,0,0,1,1,422354e8,0ade,"iSTATE2",1,21501170,21501170,fd1d0980,00000000,00000000,00000000,1,607403402,4109,1,000001fe,0,0,0,1,0
727,727,0,0,0,08,60,0001871b,244674da,04444444,000002ca,1,0,0,1,1,422354e8,0ade,"iSTATE2",1,216248c0,216248c0,fd1d0980,00000000,00000000,00000000,1,608597210,4110,1,000001ff,0,0,0,1,0
728,728,0,0,0,08,60,0001871b,2458a960,04444444,000002ca,1,0,0,1,1,422354e8,0ade,"iSTATE2",1,21747d46,21747d46,fd1d0980,00000000,00000000,00000000,1,609790304,4111,1,00000200,0,0,0,1,0
729,729,0,0,0,08,60,0001871b,246adde6,04444444,000002ca,1,0,0,1,1,422354e8,0ade,"iSTATE2",1,2186b1cc,2186b1cc,fd1d0980,00000000,00000000,00000000,1,610983398,4112,1,00000201,0,0,0,1,0
730,730,0,0,0,08,60,0001871b,247d1536,04444444,000002ca,1,0,0,1,1,422354e8,0ade,"iSTATE2",1,2198e91c,2198e91c,fd1d0980,00000000,00000000,00000000,1,612177206,4113,1,00000202,0,0,0,1,0
731,731,0,0,0,08,60,0001871b,248f49bc,04444444,000002ca,1,0,0,1,1,422354e8,0ade,"iSTATE2",1,21ab1da2,21ab1da2,fd1d0980,00000000,00000000,00000000,1,613370300,4114,1,00000203,0,0,0,1,0
732,732,0,0,0,08,60,0001871b,24a17e42,04444444,000002ca,1,0,0,1,1,422354e8,0ade,"iSTATE2",1,21bd5228,21bd5228,fd1d0980,00000000,00000000,00000000,1,614563394,4115,1,00000204,0,0,0,1,0
733,733,0,0,0,08,60,0001871b,24b3b592,04444444,000002ca,1,0,0,1,1,422354e8,0ade,"iSTATE2",1,21cf8978,21cf8978,fd1d0980,00000000,00000000,00000000,1,615757202,4116,1,00000205,0,0,0,1,0
734,734,0,0,0,08,60,0001871b,24c5ea18,04444444,000002ca,1,0,0,1,1,422354e8,0ade,"iSTATE2",1,21e1bdfe,21e1bdfe,fd1d0980,00000000,00000000,00000000,1,616950296,4117,1,00000206,0,0,0,1,0
735,735,0,0,0,08,60,0001871b,24d81e9e,04444444,000002ca,1,0,0,1,1,422354e8,0ade,"iSTATE2",1,21f3f284,21f3f284,fd1d0980,00000000,00000000,00000000,1,618143390,4118,1,00000207,0,0,0,1,0
736,736,0,0,0,08,60,0001871b,24ea55ee,04444444,000002ca,1,0,0,1,1,422354e8,0ade,"iSTATE2",1,220629d4,220629d4,fd1d0980,00000000,00000000,00000000,1,619337198,4119,1,00000208,0,0,0,1,0
737,737,0,0,0,08,60,0001871b,24fc8a74,04444444,000002ca,1,0,0,1,1,422354e8,0ade,"iSTATE2",1,22185e5a,22185e5a,fd1d0980,00000000,00000000,00000000,1,620530292,4120,1,00000209,0,0,0,1,0
738,738,0,0,0,08,60,0001871b,250ebefa,04444444,000002ca,1,0,0,1,1,422354e8,0ade,"iSTATE2",1,222a92e0,222a92e0,fd1d0980,00000000,00000000,00000000,1,621723386,4121,1,0000020a,0,0,0,1,0
739,739,0,0,0,08,60,0001871b,2520f64a,04444444,000002ca,1,0,0,1,1,422354e8,0ade,"iSTATE2",1,223cca30,223cca30,fd1d0980,00000000,00000000,00000000,1,622917194,4122,1,0000020b,0,0,0,1,0
740,740,0,0,0,08,60,0001871b,25332ad0,04444444,000002ca,1,0,0,1,1,422354e8,0ade,"iSTATE2",1,224efeb6,224efeb6,fd1d0980,00000000,00000000,00000000,1,624110288,4123,1,0000020c,0,0,0,1,0
741,741,0,0,0,08,60,0001871b,25455f56,04444444,000002ca,1,0,0,1,1,422354e8,0ade,"iSTATE2",1,2261333c,2261333c,fd1d0980,00000000,00000000,00000000,1,625303382,4124,1,0000020d,0,0,0,1,0
742,742,0,0,0,08,60,0001871b,255796a6,04444444,000002ca,1,0,0,1,1,422354e8,0ade,"iSTATE2",1,22736a8c,22736a8c,fd1d0980,00000000,00000000,00000000,1,626497190,4125,1,0000020e,0,0,0,1,0
743,743,0,0,0,08,60,0001871b,2569cb2c,04444444,000002ca,1,0,0,1,1,422354e8,0ade,"iSTATE2",1,22859f12,22859f12,fd1d0980,00000000,00000000,00000000,1,627690284,4126,1,0000020f,0,0,0,1,0
744,744,0,0,0,08,60,0001871b,257bffb2,04444444,000002ca,1,0,0,1,1,422354e8,0ade,"iSTATE2",1,2297d398,2297d398,fd1d0980,00000000,00000000,00000000,1,628883378,4127,1,00000210,0,0,0,1,0
745,745,0,0,0,08,60,0001871b,258e3702,04444444,000002ca,1,0,0,1,1,422354e8,0ade,"iSTATE2",1,22aa0ae8,22aa0ae8,fd1d0980,00000000,00000000,00000000,1,630077186,4128,1,00000211,0,0,0,1,0
746,746,0,0,0,08,60,0001871b,25a06b88,04444444,000002ca,1,0,0,1,1,422354e8,0ade,"iSTATE2",1,22bc3f6e,22bc3f6e,fd1d0980,00000000,00000000,00000000,1,631270280,4129,1,00000212,0,0,0,1,0
747,747,0,0,0,08,60,0001871b,25b2a00e,04444444,000002ca,1,0,0,1,1,422354e8,0ade,"iSTATE2",1,22ce73f4,22ce73f4,fd1d0980,00000000,00000000,00000000,1,632463374,4130,1,00000213,0,0,0,1,0
748,748,0,0,0,08,60,0001871b,25c4d75e,04444444,000002ca,1,0,0,1,1,422354e8,0ade,"iSTATE2",1,22e0ab44,22e0ab44,fd1d0980,00000000,00000000,00000000,1,633657182,4131,1,00000214,0,0,0,1,0
749,749,0,0,0,08,60,0001871b,25d70be4,04444444,000002ca,1,0,0,1,1,422354e8,0ade,"iSTATE2",1,22f2dfca,22f2dfca,fd1d0980,00000000,00000000,00000000,1,634850276,4132,1,00000215,0,0,0,1,0
750,750,0,0,0,08,60,0001871b,25e9406a,04444444,000002ca,1,0,0,1,1,422354e8,0ade,"iSTATE2",1,23051450,23051450,fd1d0980,00000000,00000000,00000000,1,636043370,4133,1,00000216,0,0,0,1,0
751,751,0,0,0,08,60,0001871b,25fb74f0,04444444,000002ca,1,0,0,1,1,422354e8,0ade,"iSTATE2",1,231748d6,231748d6,fd1d0980,00000000,00000000,00000000,1,637236464,4134,1,00000217,0,0,0,1,0
752,752,0,0,0,08,60,0001871b,260dac40,04444444,000002ca,1,0,0,1,1,422354e8,0ade,"iSTATE2",1,23298026,23298026,fd1d0980,00000000,00000000,00000000,1,638430272,4135,1,00000218,0,0,0,1,0
753,753,0,0,0,08,60,0001871b,261fe0c6,04444444,000002ca,1,0,0,1,1,422354e8,0ade,"iSTATE2",1,233bb4ac,233bb4ac,fd1d0980,00000000,00000000,00000000,1,639623366,4136,1,00000219,0,0,0,1,0
754,754,0,0,0,08,60,0001871b,2632154c,04444444,000002ca,1,0,0,1,1,422354e8,0ade,"iSTATE2",1,234de932,234de932,fd1d0980,00000000,00000000,00000000,1,640816460,4137,1,0000021a,0,0,0,1,0
755,755,0,0,0,08,60,0001871b,26444c9c,04444444,000002ca,1,0,0,1,1,422354e8,0ade,"iSTATE2",1,23602082,23602082,fd1d0980,00000000,00000000,00000000,1,642010268,4138,1,0000021b,0,0,0,1,0
756,756,0,0,0,08,60,0001871b,26568122,04444444,000002ca,1,0,0,1,1,422354e8,0ade,"iSTATE2",1,23725508,23725508,fd1d0980,00000000,00000000,00000000,1,643203362,4139,1,0000021c,0,0,0,1,0
757,757,0,1,0,09,60,0001871c,2668b5ac,04444444,000002ca,1,0,0,1,1,422354e8,0ade,"iSTATE2",1,23831c30,23831c30,fd1bd3e6,00000000,00000000,00000000,1,644396460,4140,1,0000021d,0,0,0,1,0
758,758,0,0,0,09,60,0001871c,267aecfc,04444444,000002ca,1,0,0,1,1,422354e8,0ade,"iSTATE2",1,23955380,23955380,fd1bd3e6,00000000,00000000,00000000,1,645590268,4141,1,0000021e,0,0,0,1,0
759,759,0,0,0,09,60,0001871c,268d2182,04444444,000002ca,1,0,0,1,1,422354e8,0ade,"iSTATE2",1,23a78806,23a78806,fd1bd3e6,00000000,00000000,00000000,1,646783362,4142,1,0000021f,0,0,0,1,0
760,760,0,0,0,09,60,0001871c,269f5608,04444444,000002ca,1,0,0,1,1,422354e8,0ade,"iSTATE2",1,23b9bc8c,23b9bc8c,fd1bd3e6,00000000,00000000,00000000,1,647976456,4143,1,00000220,0,0,0,1,0
761,761,0,0,0,09,60,0001871c,26b18d58,04444444,000002ca,1,0,0,1,1,422354e8,0ade,"iSTATE2",1,23cbf3dc,23cbf3dc,fd1bd3e6,00000000,00000000,00000000,1,649170264,4144,1,00000221,0,0,0,1,0
762,762,0,0,0,09,60,0001871c,26c3c1de,04444444,000002ca,1,0,0,1,1,422354e8,0ade,"iSTATE2",1,23de2862,23de2862,fd1bd3e6,00000000,00000000,00000000,1,650363358,4145,1,00000222,0,0,0,1,0
763,763,0,0,0,09,60,0001871c,26d5f664,04444444,000002ca,1,0,0,1,1,422354e8,0ade,"iSTATE2",1,23f05ce8,23f05ce8,fd1bd3e6,00000000,00000000,00000000,1,651556452,4146,1,00000223,0,0,0,1,0
764,764,0,0,0,09,60,0001871c,26e82db4,04444444,000002ca,1,0,0,1,1,422354e8,0ade,"iSTATE2",1,24029438,24029438,fd1bd3e6,00000000,00000000,00000000,1,652750260,4147,1,00000224,0,0,0,1,0
765,765,0,0,0,09,60,0001871c,26fa623a,04444444,000002ca,1,0,0,1,1,422354e8,0ade,"iSTATE2",1,2414c8be,2414c8be,fd1bd3e6,00000000,00000000,00000000,1,653943354,4148,1,00000225,0,0,0,1,0
766,766,0,0,0,09,60,0001871c,270c96c0,04444444,000002ca,1,0,0,1,1,422354e8,0ade,"iSTATE2",1,2426fd44,2426fd44,fd1bd3e6,00000000,00000000,00000000,1,655136448,4149,1,00000226,0,0,0,1,0
767,767,0,0,0,09,60,0001871c,271ece10,04444444,000002ca,1,0,0,1,1,422354e8,0ade,"iSTATE2",1,24393494,24393494,fd1bd3e6,00000000,00000000,00000000,1,656330256,4150,1,00000227,0,0,0,1,0
768,768,0,0,0,09,60,0001871c,27310296,04444444,000002ca,1,0,0,1,1,422354e8,0ade,"iSTATE2",1,244b691a,244b691a,fd1bd3e6,00000000,00000000,00000000,1,657523350,4151,1,00000228,0,0,0,1,0
769,769,0,0,0,09,60,0001871c,2743371c,04444444,000002ca,1,0,0,1,1,422354e8,0ade,"iSTATE2",1,245d9da0,245d9da0,fd1bd3e6,00000000,00000000,00000000,1,658716444,4152,1,00000229,0,0,0,1,0
770,770,0,0,0,09,60,0001871c,27556e6c,04444444,000002ca,1,0,0,1,1,422354e8,0ade,"iSTATE2",1,246fd4f0,246fd4f0,fd1bd3e6,00000000,00000000,00000000,1,659910252,4153,1,0000022a,0,0,0,1,0
771,771,0,0,0,09,60,0001871c,2767a2f2,04444444,000002ca,1,0,0,1,1,422354e8,0ade,"iSTATE2",1,24820976,24820976,fd1bd3e6,00000000,00000000,00000000,1,661103346,4154,1,0000022b,0,0,0,1,0
772,772,0,0,0,09,60,0001871c,2779d778,04444444,000002ca,1,0,0,1,1,422354e8,0ade,"iSTATE2",1,24943dfc,24943dfc,fd1bd3e6,00000000,00000000,00000000,1,662296440,4155,1,0000022c,0,0,0,1,0
773,773,0,0,0,09,60,0001871c,278c0ec8,04444444,000002ca,1,0,0,1,1,422354e8,0ade,"iSTATE2",1,24a6754c,24a6754c,fd1bd3e6,00000000,00000000,00000000,1,663490248,4156,1,0000022d,0,0,0,1,0
774,774,0,0,0,09,60,0001871c,279e434e,04444444,000002ca,1,0,0,1,1,422354e8,0ade,"iSTATE2",1,24b8a9d2,24b8a9d2,fd1bd3e6,00000000,00000000,00000000,1,664683342,4157,1,0000022e,0,0,0,1,0
775,775,0,0,0,09,60,0001871c,27b077d4,04444444,000002ca,1,0,0,1,1,422354e8,0ade,"iSTATE2",1,24cade58,24cade58,fd1bd3e6,00000000,00000000,00000000,1,665876436,4158,1,0000022f,0,0,0,1,0
776,776,0,0,0,09,60,0001871c,27c2af24,04444444,000002ca,1,0,0,1,1,422354e8,0ade,"iSTATE2",1,24dd15a8,24dd15a8,fd1bd3e6,00000000,00000000,00000000,1,667070244,4159,1,00000230,0,0,0,1,0
777,777,0,0,0,09,60,0001871c,27d4e3aa,04444444,000002ca,1,0,0,1,1,422354e8,0ade,"iSTATE2",1,24ef4a2e,24ef4a2e,fd1bd3e6,00000000,00000000,00000000,1,668263338,4160,1,00000231,0,0,0,1,0
778,778,0,0,0,09,60,0001871c,27e71830,04444444,000002ca,1,0,0,1,1,422354e8,0ade,"iSTATE2",1,25017eb4,25017eb4,fd1bd3e6,00000000,00000000,00000000,1,669456432,4161,1,00000232,0,0,0,1,0
779,779,0,0,0,09,60,0001871c,27f94cb6,04444444,000002ca,1,0,0,1,1,422354e8,0ade,"iSTATE2",1,2513b33a,2513b33a,fd1bd3e6,00000000,00000000,00000000,1,670649526,4162,1,00000233,0,0,0,1,0
780,780,0,0,0,09,60,0001871c,280b8406,04444444,000002ca,1,0,0,1,1,422354e8,0ade,"iSTATE2",1,2525ea8a,2525ea8a,fd1bd3e6,00000000,00000000,00000000,1,671843334,4163,1,00000234,0,0,0,1,0
781,781,0,0,0,09,60,0001871c,281db88c,04444444,000002ca,1,0,0,1,1,422354e8,0ade,"iSTATE2",1,25381f10,25381f10,fd1bd3e6,00000000,00000000,00000000,1,673036428,4164,1,00000235,0,0,0,1,0
782,782,0,0,0,09,60,0001871c,282fed12,04444444,000002ca,1,0,0,1,1,422354e8,0ade,"iSTATE2",1,254a5396,254a5396,fd1bd3e6,00000000,00000000,00000000,1,674229522,4165,1,00000236,0,0,0,1,0
783,783,0,0,0,09,60,0001871c,28422462,04444444,000002ca,1,0,0,1,1,422354e8,0ade,"iSTATE2",1,255c8ae6,255c8ae6,fd1bd3e6,00000000,00000000,00000000,1,675423330,4166,1,00000237,0,0,0,1,0
784,784,0,0,0,09,60,0001871c,285458e8,04444444,000002ca,1,0,0,1,1,422354e8,0ade,"iSTATE2",1,256ebf6c,256ebf6c,fd1bd3e6,00000000,00000000,00000000,1,676616424,4167,1,00000238,0,0,0,1,0
785,785,0,0,0,09,60,0001871c,28668d6e,04444444,000002ca,1,0,0,1,1,422354e8,0ade,"iSTATE2",1,2580f3f2,2580f3f2,fd1bd3e6,00000000,00000000,00000000,1,677809518,4168,1,00000239,0,0,0,1,0
786,786,0,0,0,09,60,0001871c,2878c4be,04444444,000002ca,1,0,0,1,1,422354e8,0ade,"iSTATE2",1,25932b42,25932b42,fd1bd3e6,00000000,00000000,00000000,1,679003326,4169,1,0000023a,0,0,0,1,0
787,787,0,0,0,09,60,0001871c,288af944,04444444,000002ca,1,0,0,1,1,422354e8,0ade,"iSTATE2",1,25a55fc8,25a55fc8,fd1bd3e6,00000000,00000000,00000000,1,680196420,4170,1,0000023b,0,0,0,1,0
788,788,0,0,0,09,60,0001871c,289d2dca,04444444,000002ca,1,0,0,1,1,422354e8,0ade,"iSTATE2",1,25b7944e,25b7944e,fd1bd3e6,00000000,00000000,00000000,1,681389514,4171,1,0000023c,0,0,0,1,0
789,789,0,0,0,09,60,0001871c,28af651a,04444444,000002ca,1,0,0,1,1,422354e8,0ade,"iSTATE2",1,25c9cb9e,25c9cb9e,fd1bd3e6,00000000,00000000,00000000,1,682583322,4172,1,0000023d,0,0,0,1,0
790,790,0,0,0,09,60,0001871c,28c199a0,04444444,000002ca,1,0,0,1,1,422354e8,0ade,"iSTATE2",1,25dc0024,25dc0024,fd1bd3e6,00000000,00000000,00000000,1,683776416,4173,1,0000023e,0,0,0,1,0
791,791,0,0,0,09,60,0001871c,28d3ce26,04444444,000002ca,1,0,0,1,1,422354e8,0ade,"iSTATE2",1,25ee34aa,25ee34aa,fd1bd3e6,00000000,00000000,00000000,1,684969510,4174,1,0000023f,0,0,0,1,0
792,792,0,0,0,09,60,0001871c,28e60576,04444444,000002ca,1,0,0,1,1,422354e8,0ade,"iSTATE2",1,26006bfa,26006bfa,fd1bd3e6,00000000,00000000,00000000,1,686163318,4175,1,00000240,0,0,0,1,0
793,793,0,0,0,09,60,0001871c,28f839fc,04444444,000002ca,1,0,0,1,1,422354e8,0ade,"iSTATE2",1,2612a080,2612a080,fd1bd3e6,00000000,00000000,00000000,1,687356412,4176,1,00000241,0,0,0,1,0
794,794,0,0,0,09,60,0001871c,290a6e82,04444444,000002ca,1,0,0,1,1,422354e8,0ade,"iSTATE2",1,2624d506,2624d506,fd1bd3e6,00000000,00000000,00000000,1,688549506,4177,1,00000242,0,0,0,1,0
795,795,0,0,0,09,60,0001871c,291ca5d2,04444444,000002ca,1,0,0,1,1,422354e8,0ade,"iSTATE2",1,26370c56,26370c56,fd1bd3e6,00000000,00000000,00000000,1,689743314,4178,1,00000243,0,0,0,1,0
796,796,0,0,0,09,60,0001871c,292eda58,04444444,000002ca,1,0,0,1,1,422354e8,0ade,"iSTATE2",1,264940dc,264940dc,fd1bd3e6,00000000,00000000,00000000,1,690936408,4179,1,00000244,0,0,0,1,0
797,797,0,0,0,09,60,0001871c,29410ede,04444444,000002ca,1,0,0,1,1,422354e8,0ade,"iSTATE2",1,265b7562,265b7562,fd1bd3e6,00000000,00000000,00000000,1,692129502,4180,1,00000245,0,0,0,1,0
798,798,0,0,0,09,60,0001871c,2953462e,04444444,000002ca,1,0,0,1,1,422354e8,0ade,"iSTATE2",1,266dacb2,266dacb2,fd1bd3e6,00000000,00000000,00000000,1,693323310,4181,1,00000246,0,0,0,1,0
799,799,0,0,0,09,60,0001871c,29657ab4,04444444,000002ca,1,0,0,1,1,422354e8,0ade,"iSTATE2",1,267fe138,267fe138,fd1bd3e6,00000000,00000000,00000000,1,694516404,4182,1,00000247,0,0,0,1,0
800,800,0,0,0,09,60,0001871c,2977af3a,04444444,000002ca,1,0,0,1,1,422354e8,0ade,"iSTATE2",1,269215be,269215be,fd1bd3e6,00000000,00000000,00000000,1,695709498,4183,1,00000248,0,0,0,1,0
801,801,0,0,0,09,60,0001871c,2989e68a,04444444,000002ca,1,0,0,1,1,422354e8,0ade,"iSTATE2",1,26a44d0e,26a44d0e,fd1bd3e6,00000000,00000000,00000000,1,696903306,4184,1,00000249,0,0,0,1,0
802,802,0,0,0,09,60,0001871c,299c1b10,04444444,000002ca,1,0,0,1,1,422354e8,0ade,"iSTATE2",1,26b68194,26b68194,fd1bd3e6,00000000,00000000,00000000,1,698096400,4185,1,0000024a,0,0,0,1,0
803,803,0,0,0,09,60,0001871c,29ae4f96,04444444,000002ca,1,0,0,1,1,422354e8,0ade,"iSTATE2",1,26c8b61a,26c8b61a,fd1bd3e6,00000000,00000000,00000000,1,699289494,4186,1,0000024b,0,0,0,1,0
804,804,0,0,0,09,60,0001871c,29c086e6,04444444,000002ca,1,0,0,1,1,422354e8,0ade,"iSTATE2",1,26daed6a,26daed6a,fd1bd3e6,00000000,00000000,00000000,1,700483302,4187,1,0000024c,0,0,0,1,0
805,805,0,0,0,09,60,0001871c,29d2bb6c,04444444,000002ca,1,0,0,1,1,422354e8,0ade,"iSTATE2",1,26ed21f0,26ed21f0,fd1bd3e6,00000000,00000000,00000000,1,701676396,4188,1,0000024d,0,0,0,1,0
806,806,0,0,0,09,60,0001871c,29e4eff2,04444444,000002ca,1,0,0,1,1,422354e8,0ade,"iSTATE2",1,26ff5676,26ff5676,fd1bd3e6,00000000,00000000,00000000,1,702869490,4189,1,0000024e,0,0,0,1,0
807,807,0,0,0,09,60,0001871c,29f72742,04444444,000002ca,1,0,0,1,1,422354e8,0ade,"iSTATE2",1,27118dc6,27118dc6,fd1bd3e6,00000000,00000000,00000000,1,704063298,4190,1,0000024f,0,0,0,1,0
808,808,0,0,0,09,60,0001871c,2a095bc8,04444444,000002ca,1,0,0,1,1,422354e8,0ade,"iSTATE2",1,2723c24c,2723c24c,fd1bd3e6,00000000,00000000,00000000,1,705256392,4191,1,00000250,0,0,0,1,0
809,809,0,0,0,09,60,0001871c,2a1b904e,04444444,000002ca,1,0,0,1,1,422354e8,0ade,"iSTATE2",1,2735f6d2,2735f6d2,fd1bd3e6,00000000,00000000,00000000,1,706449486,4192,1,00000251,0,0,0,1,0
810,810,0,0,0,09,60,0001871c,2a2dc4d4,04444444,000002ca,1,0,0,1,1,422354e8,0ade,"iSTATE2",1,27482b58,27482b58,fd1bd3e6,00000000,00000000,00000000,1,707642580,4193,1,00000252,0,0,0,1,0
811,811,0,0,0,09,60,0001871c,2a3ffc24,04444444,000002ca,1,0,0,1,1,422354e8,0ade,"iSTATE2",1,275a62a8,275a62a8,fd1bd3e6,00000000,00000000,00000000,1,708836388,4194,1,00000253,0,0,0,1,0
812,812,0,0,0,09,60,0001871c,2a5230aa,04444444,000002ca,1,0,0,1,1,422354e8,0ade,"iSTATE2",1,276c972e,276c972e,fd1bd3e6,00000000,00000000,00000000,1,710029482,4195,1,00000254,0,0,0,1,0
813,813,0,0,0,09,60,0001871c,2a646530,04444444,000002ca,1,0,0,1,1,422354e8,0ade,"iSTATE2",1,277ecbb4,277ecbb4,fd1bd3e6,00000000,00000000,00000000,1,711222576,4196,1,00000255,0,0,0,1,0
814,814,0,0,0,09,60,0001871c,2a769c80,04444444,000002ca,1,0,0,1,1,422354e8,0ade,"iSTATE2",1,27910304,27910304,fd1bd3e6,00000000,00000000,00000000,1,712416384,4197,1,00000256,0,0,0,1,0
815,815,0,0,0,09,60,0001871c,2a88d106,04444444,000002ca,1,0,0,1,1,422354e8,0ade,"iSTATE2",1,27a3378a,27a3378a,fd1bd3e6,00000000,00000000,00000000,1,713609478,4198,1,00000257,0,0,0,1,0
816,816,0,0,0,09,60,0001871c,2a9b058c,04444444,000002ca,1,0,0,1,1,422354e8,0ade,"iSTATE2",1,27b56c10,27b56c10,fd1bd3e6,00000000,00000000,00000000,1,714802572,4199,1,00000258,0,0,0,1,0
817,817,0,1,0,0a,60,0001871b,2aad3ce0,04444444,000002ca,1,0,0,1,1,422354e8,0ade,"iSTATE2",1,27c63338,27c63338,fd1a6684,00000000,00000000,00000000,1,715996384,4200,1,00000259,0,0,0,1,0
818,818,0,0,0,0a,60,0001871b,2abf7166,04444444,000002ca,1,0,0,1,1,422354e8,0ade,"iSTATE2",1,27d867be,27d867be,fd1a6684,00000000,00000000,00000000,1,717189478,4201,1,0000025a,0,0,0,1,0
819,819,0,0,0,0a,60,0001871b,2ad1a5ec,04444444,000002ca,1,0,0,1,1,422354e8,0ade,"iSTATE2",1,27ea9c44,27ea9c44,fd1a6684,00000000,00000000,00000000,1,718382572,4202,1,0000025b,0,0,0,1,0
820,820,0,0,0,0a,60,0001871b,2ae3dd3c,04444444,000002ca,1,0,0,1,1,422354e8,0ade,"iSTATE2",1,27fcd394,27fcd394,fd1a6684,00000000,00000000,00000000,1,719576380,4203,1,0000025c,0,0,0,1,0
821,821,0,0,0,0a,60,0001871b,2af611c2,04444444,000002ca,1,0,0,1,1,422354e8,0ade,"iSTATE2",1,280f081a,280f081a,fd1a6684,00000000,00000000,00000000,1,720769474,4204,1,0000025d,0,0,0,1,0
822,822,0,0,0,0a,60,0001871b,2b084648,04444444,000002ca,1,0,0,1,1,422354e8,0ade,"iSTATE2",1,28213ca0,28213ca0,fd1a6684,00000000,00000000,00000000,1,721962568,4205,1,0000025e,0,0,0,1,0
823,823,0,0,0,0a,60,0001871b,2b1a7d98,04444444,000002ca,1,0,0,1,1,422354e8,0ade,"iSTATE2",1,283373f0,283373f0,fd1a6684,00000000,00000000,00000000,1,723156376,4206,1,0000025f,0,0,0,1,0
824,824,0,0,0,0a,60,0001871b,2b2cb21e,04444444,000002ca,1,0,0,1,1,422354e8,0ade,"iSTATE2",1,2845a876,2845a876,fd1a6684,00000000,00000000,00000000,1,724349470,4207,1,00000260,0,0,0,1,0
825,825,0,0,0,0a,60,0001871b,2b3ee6a4,04444444,000002ca,1,0,0,1,1,422354e8,0ade,"iSTATE2",1,2857dcfc,2857dcfc,fd1a6684,00000000,00000000,00000000,1,725542564,4208,1,00000261,0,0,0,1,0
826,826,0,0,0,0a,60,0001871b,2b511df4,04444444,000002ca,1,0,0,1,1,422354e8,0ade,"iSTATE2",1,286a144c,286a144c,fd1a6684,00000000,00000000,00000000,1,726736372,4209,1,00000262,0,0,0,1,0
827,827,0,0,0,0a,60,0001871b,2b63527a,04444444,000002ca,1,0,0,1,1,422354e8,0ade,"iSTATE2",1,287c48d2,287c48d2,fd1a6684,00000000,00000000,00000000,1,727929466,4210,1,00000263,0,0,0,1,0
828,828,0,0,0,0a,60,0001871b,2b758700,04444444,000002ca,1,0,0,1,1,422354e8,0ade,"iSTATE2",1,288e7d58,288e7d58,fd1a6684,00000000,00000000,00000000,1,729122560,4211,1,00000264,0,0,0,1,0
829,829,0,0,0,0a,60,0001871b,2b87be50,04444444,000002ca,1,0,0,1,1,422354e8,0ade,"iSTATE2",1,28a0b4a8,28a0b4a8,fd1a6684,00000000,00000000,00000000,1,730316368,4212,1,00000265,0,0,0,1,0
830,830,0,0,0,0a,60,0001871b,2b99f2d6,04444444,000002ca,1,0,0,1,1,422354e8,0ade,"iSTATE2",1,28b2e92e,28b2e92e,fd1a6684,00000000,00000000,00000000,1,731509462,4213,1,00000266,0,0,0,1,0
831,831,0,0,0,0a,60,0001871b,2bac275c,04444444,000002ca,1,0,0,1,1,422354e8,0ade,"iSTATE2",1,28c51db4,28c51db4,fd1a6684,00000000,00000000,00000000,1,732702556,4214,1,00000267,0,0,0,1,0
832,832,0,0,0,0a,60,0001871b,2bbe5eac,04444444,000002ca,1,0,0,1,1,422354e8,0ade,"iSTATE2",1,28d75504,28d75504,fd1a6684,00000000,00000000,00000000,1,733896364,4215,1,00000268,0,0,0,1,0
833,833,0,0,0,0a,60,0001871b,2bd09332,04444444,000002ca,1,0,0,1,1,422354e8,0ade,"iSTATE2",1,28e9898a,28e9898a,fd1a6684,00000000,00000000,00000000,1,735089458,4216,1,00000269,0,0,0,1,0
834,834,0,0,0,0a,60,0001871b,2be2c7b8,04444444,000002ca,1,0,0,1,1,422354e8,0ade,"iSTATE2",1,28fbbe10,28fbbe10,fd1a6684,00000000,00000000,00000000,1,736282552,4217,1,0000026a,0,0,0,1,0
835,835,0,0,0,0a,60,0001871b,2bf4ff08,04444444,000002ca,1,0,0,1,1,422354e8,0ade,"iSTATE2",1,290df560,290df560,fd1a6684,00000000,00000000,00000000,1,737476360,4218,1,0000026b,0,0,0,1,0
836,836,0,0,0,0a,60,0001871b,2c07338e,04444444,000002ca,1,0,0,1,1,422354e8,0ade,"iSTATE2",1,292029e6,292029e6,fd1a6684,00000000,00000000,00000000,1,738669454,4219,1,0000026c,0,0,0,1,0
837,837,0,0,0,0a,60,0001871b,2c196814,04444444,000002ca,1,0,0,1,1,422354e8,0ade,"iSTATE2",1,29325e6c,29325e6c,fd1a6684,00000000,00000000,00000000,1,739862548,4220,1,0000026d,0,0,0,1,0
838,838,0,0,0,0a,60,0001871b,2c2b9c9a,04444444,000002ca,1,0,0,1,1,422354e8,0ade,"iSTATE2",1,294492f2,294492f2,fd1a6684,00000000,00000000,00000000,1,741055642,4221,1,0000026e,0,0,0,1,0
839,839,0,0,0,0a,60,0001871b,2c3dd3ea,04444444,000002ca,1,0,0,1,1,422354e8,0ade,"iSTATE2",1,2956ca42,2956ca42,fd1a6684,00000000,00000000,00000000,1,742249450,4222,1,0000026f,0,0,0,1,0
840,840,0,0,0,0a,60,0001871b,2c500870,04444444,000002ca,1,0,0,1,1,422354e8,0ade,"iSTATE2",1,2968fec8,2968fec8,fd1a6684,00000000,00000000,00000000,1,743442544,4223,1,00000270,0,0,0,1,0
841,841,0,0,0,0a,60,0001871b,2c623cf6,04444444,000002ca,1,0,0,1,1,422354e8,0ade,"iSTATE2",1,297b334e,297b334e,fd1a6684,00000000,00000000,00000000,1,744635638,4224,1,00000271,0,0,0,1,0
842,842,0,0,0,0a,60,0001871b,2c747446,04444444,000002ca,1,0,0,1,1,422354e8,0ade,"iSTATE2",1,298d6a9e,298d6a9e,fd1a6684,00000000,00000000,00000000,1,745829446,4225,1,00000272,0,0,0,1,0
843,843,0,0,0,0a,60,0001871b,2c86a8cc,04444444,000002ca,1,0,0,1,1,422354e8,0ade,"iSTATE2",1,299f9f24,299f9f24,fd1a6684,00000000,00000000,00000000,1,747022540,4226,1,00000273,0,0,0,1,0
844,844,0,0,0,0a,60,0001871b,2c98dd52,04444444,000002ca,1,0,0,1,1,422354e8,0ade,"iSTATE2",1,29b1d3aa,29b1d3aa,fd1a6684,00000000,00000000,00000000,1,748215634,4227,1,00000274,0,0,0,1,0
845,845,0,0,0,0a,60,0001871b,2cab14a2,04444444,000002ca,1,0,0,1,1,422354e8,0ade,"iSTATE2",1,29c40afa,29c40afa,fd1a6684,00000000,00000000,00000000,1,749409442,4228,1,00000275,0,0,0,1,0
846,846,0,0,0,0a,60,0001871b,2cbd4928,04444444,000002ca,1,0,0,1,1,422354e8,0ade,"iSTATE2",1,29d63f80,29d63f80,fd1a6684,00000000,00000000,00000000,1,750602536,4229,1,00000276,0,0,0,1,0
847,847,0,0,0,0a,60,0001871b,2ccf7dae,04444444,000002ca,1,0,0,1,1,422354e8,0ade,"iSTATE2",1,29e87406,29e87406,fd1a6684,00000000,00000000,00000000,1,751795630,4230,1,00000277,0,0,0,1,0
848,848,0,0,0,0a,60,0001871b,2ce1b4fe,04444444,000002ca,1,0,0,1,1,422354e8,0ade,"iSTATE2",1,29faab56,29faab56,fd1a6684,00000000,00000000,00000000,1,752989438,4231,1,00000278,0,0,0,1,0
849,849,0,0,0,0a,60,0001871b,2cf3e984,04444444,000002ca,1,0,0,1,1,422354e8,0ade,"iSTATE2",1,2a0cdfdc,2a0cdfdc,fd1a6684,00000000,00000000,00000000,1,754182532,4232,1,00000279,0,0,0,1,0
850,850,0,0,0,0a,60,0001871b,2d061e0a,04444444,000002ca,1,0,0,1,1,422354e8,0ade,"iSTATE2",1,2a1f1462,2a1f1462,fd1a6684,00000000,00000000,00000000,1,755375626,4233,1,0000027a,0,0,0,1,0
851,851,0,0,0,0a,60,0001871b,2d18555a,04444444,000002ca,1,0,0,1,1,422354e8,0ade,"iSTATE2",1,2a314bb2,2a314bb2,fd1a6684,00000000,00000000,00000000,1,756569434,4234,1,0000027b,0,0,0,1,0
852,852,0,0,0,0a,60,0001871b,2d2a89e0,04444444,000002ca,1,0,0,1,1,422354e8,0ade,"iSTATE2",1,2a438038,2a438038,fd1a6684,00000000,00000000,00000000,1,757762528,4235,1,0000027c,0,0,0,1,0
853,853,0,0,0,0a,60,0001871b,2d3cbe66,04444444,000002ca,1,0,0,1,1,422354e8,0ade,"iSTATE2",1,2a55b4be,2a55b4be,fd1a6684,00000000,00000000,00000000,1,758955622,4236,1,0000027d,0,0,0,1,0
854,854,0,0,0,0a,60,0001871b,2d4ef5b6,04444444,000002ca,1,0,0,1,1,422354e8,0ade,"iSTATE2",1,2a67ec0e,2a67ec0e,fd1a6684,00000000,00000000,00000000,1,760149430,4237,1,0000027e,0,0,0,1,0
855,855,0,0,0,0a,60,0001871b,2d612a3c,04444444,000002ca,1,0,0,1,1,422354e8,0ade,"iSTATE2",1,2a7a2094,2a7a2094,fd1a6684,00000000,00000000,00000000,1,761342524,4238,1,0000027f,0,0,0,1,0
856,856,0,0,0,0a,60,0001871b,2d735ec2,04444444,000002ca,1,0,0,1,1,422354e8,0ade,"iSTATE2",1,2a8c551a,2a8c551a,fd1a6684,00000000,00000000,00000000,1,762535618,4239,1,00000280,0,0,0,1,0
857,857,0,0,0,0a,60,0001871b,2d859612,04444444,000002ca,1,0,0,1,1,422354e8,0ade,"iSTATE2",1,2a9e8c6a,2a9e8c6a,fd1a6684,00000000,00000000,00000000,1,763729426,4240,1,00000281,0,0,0,1,0
858,858,0,0,0,0a,60,0001871b,2d97ca98,04444444,000002ca,1,0,0,1,1,422354e8,0ade,"iSTATE2",1,2ab0c0f0,2ab0c0f0,fd1a6684,00000000,00000000,00000000,1,764922520,4241,1,00000282,0,0,0,1,0
859,859,0,0,0,0a,60,0001871b,2da9ff1e,04444444,000002ca,1,0,0,1,1,422354e8,0ade,"iSTATE2",1,2ac2f576,2ac2f576,fd1a6684,00000000,00000000,00000000,1,766115614,4242,1,00000283,0,0,0,1,0
860,860,0,0,0,0a,60,0001871b,2dbc366e,04444444,000002ca,1,0,0,1,1,422354e8,0ade,"iSTATE2",1,2ad52cc6,2ad52cc6,fd1a6684,00000000,00000000,00000000,1,767309422,4243,1,00000284,0,0,0,1,0
861,861,0,0,0,0a,60,0001871b,2dce6af4,04444444,000002ca,1,0,0,1,1,422354e8,0ade,"iSTATE2",1,2ae7614c,2ae7614c,fd1a6684,00000000,00000000,00000000,1,768502516,4244,1,00000285,0,0,0,1,0
862,862,0,0,0,0a,60,0001871b,2de09f7a,04444444,000002ca,1,0,0,1,1,422354e8,0ade,"iSTATE2",1,2af995d2,2af995d2,fd1a6684,00000000,00000000,00000000,1,769695610,4245,1,00000286,0,0,0,1,0
863,863,0,0,0,0a,60,0001871b,2df2d6ca,04444444,000002ca,1,0,0,1,1,422354e8,0ade,"iSTATE2",1,2b0bcd22,2b0bcd22,fd1a6684,00000000,00000000,00000000,1,770889418,4246,1,00000287,0,0,0,1,0
864,864,0,0,0,0a,60,0001871b,2e050b50,04444444,000002ca,1,0,0,1,1,422354e8,0ade,"iSTATE2",1,2b1e01a8,2b1e01a8,fd1a6684,00000000,00000000,00000000,1,772082512,4247,1,00000288,0,0,0,1,0
865,865,0,0,0,0a,60,0001871b,2e173fd6,04444444,000002ca,1,0,0,1,1,422354e8,0ade,"iSTATE2",1,2b30362e,2b30362e,fd1a6684,00000000,00000000,00000000,1,773275606,4248,1,00000289,0,0,0,1,0
866,866,0,0,0,0a,60,0001871b,2e297726,04444444,000002ca,1,0,0,1,1,422354e8,0ade,"iSTATE2",1,2b426d7e,2b426d7e,fd1a6684,00000000,00000000,00000000,1,774469414,4249,1,0000028a,0,0,0,1,0
867,867,0,0,0,0a,60,0001871b,2e3babac,04444444,000002ca,1,0,0,1,1,422354e8,0ade,"iSTATE2",1,2b54a204,2b54a204,fd1a6684,00000000,00000000,00000000,1,775662508,4250,1,0000028b,0,0,0,1,0
868,868,0,0,0,0a,60,0001871b,2e4de032,04444444,000002ca,1,0,0,1,1,422354e8,0ade,"iSTATE2",1,2b66d68a,2b66d68a,fd1a6684,00000000,00000000,00000000,1,776855602,4251,1,0000028c,0,0,0,1,0
869,869,0,0,0,0a,60,0001871b,2e6014b8,04444444,000002ca,1,0,0,1,1,422354e8,0ade,"iSTATE2",1,2b790b10,2b790b10,fd1a6684,00000000,00000000,00000000,1,778048696,4252,1,0000028d,0,0,0,1,0
870,870,0,0,0,0a,60,0001871b,2e724c08,04444444,000002ca,1,0,0,1,1,422354e8,0ade,"iSTATE2",1,2b8b4260,2b8b4260,fd1a6684,00000000,00000000,00000000,1,779242504,4253,1,0000028e,0,0,0,1,0
871,871,0,0,0,0a,60,0001871b,2e84808e,04444444,000002ca,1,0,0,1,1,422354e8,0ade,"iSTATE2",1,2b9d76e6,2b9d76e6,fd1a6684,00000000,00000000,00000000,1,780435598,4254,1,0000028f,0,0,0,1,0
872,872,0,0,0,0a,60,0001871b,2e96b514,04444444,000002ca,1,0,0,1,1,422354e8,0ade,"iSTATE2",1,2bafab6c,2bafab6c,fd1a6684,00000000,00000000,00000000,1,781628692,4255,1,00000290,0,0,0,1,0
873,873,0,0,0,0a,60,0001871b,2ea8ec64,04444444,000002ca,1,0,0,1,1,422354e8,0ade,"iSTATE2",1,2bc1e2bc,2bc1e2bc,fd1a6684,00000000,00000000,00000000,1,782822500,4256,1,00000291,0,0,0,1,0
874,874,0,0,0,0a,60,0001871b,2ebb20ea,04444444,000002ca,1,0,0,1,1,422354e8,0ade,"iSTATE2",1,2bd41742,2bd41742,fd1a6684,00000000,00000000,00000000,1,784015594,4257,1,00000292,0,0,0,1,0
875,875,0,0,0,0a,60,0001871b,2ecd5570,04444444,000002ca,1,0,0,1,1,422354e8,0ade,"iSTATE2",1,2be64bc8,2be64bc8,fd1a6684,00000000,00000000,00000000,1,785208688,4258,1,00000293,0,0,0,1,0
876,876,0,0,0,0a,60,0001871b,2edf8cc0,04444444,000002ca,1,0,0,1,1,422354e8,0ade,"iSTATE2",1,2bf88318,2bf88318,fd1a6684,00000000,00000000,00000000,1,786402496,4259,1,00000294,0,0,0,1,0
877,877,0,1,0,0b,60,0001871c,2ef1c14a,04444444,000002ca,1,0,0,1,1,422354e8,0ade,"iSTATE2",1,2c094a40,2c094a40,fd18f658,00000000,00000000,00000000,1,787595594,4260,1,00000295,0,0,0,1,0
878,878,0,0,0,0b,60,0001871c,2f03f5d0,04444444,000002ca,1,0,0,1,1,422354e8,0ade,"iSTATE2",1,2c1b7ec6,2c1b7ec6,fd18f658,00000000,00000000,00000000,1,788788688,4261,1,00000296,0,0,0,1,0
879,879,0,0,0,0b,60,0001871c,2f162d20,04444444,000002ca,1,0,0,1,1,422354e8,0ade,"iSTATE2",1,2c2db616,2c2db616,fd18f658,00000000,00000000,00000000,1,789982496,4262,1,00000297,0,0,0,1,0
880,880,0,0,0,0b,60,0001871c,2f2861a6,04444444,000002ca,1,0,0,1,1,422354e8,0ade,"iSTATE2",1,2c3fea9c,2c3fea9c,fd18f658,00000000,00000000,00000000,1,791175590,4263,1,00000298,0,0,0,1,0
881,881,0,0,0,0b,60,0001871c,2f3a962c,04444444,000002ca,1,0,0,1,1,422354e8,0ade,"iSTATE2",1,2c521f22,2c521f22,fd18f658,00000000,00000000,00000000,1,792368684,4264,1,00000299,0,0,0,1,0
882,882,0,0,0,0b,60,0001871c,2f4ccd7c,04444444,000002ca,1,0,0,1,1,422354e8,0ade,"iSTATE2",1,2c645672,2c645672,fd18f658,00000000,00000000,00000000,1,793562492,4265,1,0000029a,0,0,0,1,0
883,883,0,0,0,0b,60,0001871c,2f5f0202,04444444,000002ca,1,0,0,1,1,422354e8,0ade,"iSTATE2",1,2c768af8,2c768af8,fd18f658,00000000,00000000,00000000,1,794755586,4266,1,0000029b,0,0,0,1,0
884,884,0,0,0,0b,60,0001871c,2f713688,04444444,000002ca,1,0,0,1,1,422354e8,0ade,"iSTATE2",1,2c88bf7e,2c88bf7e,fd18f658,00000000,00000000,00000000,1,795948680,4267,1,0000029c,0,0,0,1,0
885,885,0,0,0,0b,60,0001871c,2f836dd8,04444444,000002ca,1,0,0,1,1,422354e8,0ade,"iSTATE2",1,2c9af6ce,2c9af6ce,fd18f658,00000000,00000000,00000000,1,797142488,4268,1,0000029d,0,0,0,1,0
886,886,0,0,0,0b,60,0001871c,2f95a25e,04444444,000002ca,1,0,0,1,1,422354e8,0ade,"iSTATE2",1,2cad2b54,2cad2b54,fd18f658,00000000,00000000,00000000,1,798335582,4269,1,0000029e,0,0,0,1,0
887,887,0,0,0,0b,60,0001871c,2fa7d6e4,04444444,000002ca,1,0,0,1,1,422354e8,0ade,"iSTATE2",1,2cbf5fda,2cbf5fda,fd18f658,00000000,00000000,00000000,1,799528676,4270,1,0000029f,0,0,0,1,0
888,888,0,0,0,0b,60,0001871c,2fba0e34,04444444,000002ca,1,0,0,1,1,422354e8,0ade,"iSTATE2",1,2cd1972a,2cd1972a,fd18f658,00000000,00000000,00000000,1,800722484,4271,1,000002a0,0,0,0,1,0
889,889,0,0,0,0b,60,0001871c,2fcc42ba,04444444,000002ca,1,0,0,1,1,422354e8,0ade,"iSTATE2",1,2ce3cbb0,2ce3cbb0,fd18f658,00000000,00000000,00000000,1,801915578,4272,1,000002a1,0,0,0,1,0
890,890,0,0,0,0b,60,0001871c,2fde7740,04444444,000002ca,1,0,0,1,1,422354e8,0ade,"iSTATE2",1,2cf60036,2cf60036,fd18f658,00000000,00000000,00000000,1,803108672,4273,1,000002a2,0,0,0,1,0
891,891,0,0,0,0b,60,0001871c,2ff0ae90,04444444,000002ca,1,0,0,1,1,422354e8,0ade,"iSTATE2",1,2d083786,2d083786,fd18f658,00000000,00000000,00000000,1,804302480,4274,1,000002a3,0,0,0,1,0
892,892,0,0,0,0b,60,0001871c,3002e316,04444444,000002ca,1,0,0,1,1,422354e8,0ade,"iSTATE2",1,2d1a6c0c,2d1a6c0c,fd18f658,00000000,00000000,00000000,1,805495574,4275,1,000002a4,0,0,0,1,0
893,893,0,0,0,0b,60,0001871c,3015179c,04444444,000002ca,1,0,0,1,1,422354e8,0ade,"iSTATE2",1,2d2ca092,2d2ca092,fd18f658,00000000,00000000,00000000,1,806688668,4276,1,000002a5,0,0,0,1,0
894,894,0,0,0,0b,60,0001871c,30274eec,04444444,000002ca,1,0,0,1,1,422354e8,0ade,"iSTATE2",1,2d3ed7e2,2d3ed7e2,fd18f658,00000000,00000000,00000000,1,807882476,4277,1,000002a6,0,0,0,1,0
895,895,0,0,0,0b,60,0001871c,30398372,04444444,000002ca,1,0,0,1,1,422354e8,0ade,"iSTATE2",1,2d510c68,2d510c68,fd18f658,00000000,00000000,00000000,1,809075570,4278,1,000002a7,0,0,0,1,0
896,896,0,0,0,0b,60,0001871c,304bb7f8,04444444,000002ca,1,0,0,1,1,422354e8,0ade,"iSTATE2",1,2d6340ee,2d6340ee,fd18f658,00000000,00000000,00000000,1,810268664,4279,1,000002a8,0,0,0,1,0
897,897,0,0,0,0b,60,0001871c,305dec7e,04444444,000002ca,1,0,0,1,1,422354e8,0ade,"iSTATE2",1,2d757574,2d757574,fd18f658,00000000,00000000,00000000,1,811461758,4280,1,000002a9,0,0,0,1,0
898,898,0,0,0,0b,60,0001871c,307023ce,04444444,000002ca,1,0,0,1,1,422354e8,0ade,"iSTATE2",1,2d87acc4,2d87acc4,fd18f658,00000000,00000000,00000000,1,812655566,4281,1,000002aa,0,0,0,1,0
899,899,0,0,0,0b,60,0001871c,30825854,04444444,000002ca,1,0,0,1,1,422354e8,0ade,"iSTATE2",1,2d99e14a,2d99e14a,fd18f658,00000000,00000000,00000000,1,813848660,4282,1,000002ab,0,0,0,1,0
900,900,0,0,0,0b,60,0001871c,30948cda,04444444,000002ca,1,0,0,1,1,422354e8,0ade,"iSTATE2",1,2dac15d0,2dac15d0,fd18f658,00000000,00000000,00000000,1,815041754,4283,1,000002ac,0,0,0,1,0
901,901,0,0,0,0b,60,0001871c,30a6c42a,04444444,000002ca,1,0,0,1,1,422354e8,0ade,"iSTATE2",1,2dbe4d20,2dbe4d20,fd18f658,00000000,00000000,00000000,1,816235562,4284,1,000002ad,0,0,0,1,0
902,902,0,0,0,0b,60,0001871c,30b8f8b0,04444444,000002ca,1,0,0,1,1,422354e8,0ade,"iSTATE2",1,2dd081a6,2dd081a6,fd18f658,00000000,00000000,00000000,1,817428656,4285,1,000002ae,0,0,0,1,0
903,903,0,0,0,0b,60,0001871c,30cb2d36,04444444,000002ca,1,0,0,1,1,422354e8,0ade,"iSTATE2",1,2de2b62c,2de2b62c,fd18f658,00000000,00000000,00000000,1,818621750,4286,1,000002af,0,0,0,1,0
904,904,0,0,0,0b,60,0001871c,30dd6486,04444444,000002ca,1,0,0,1,1,422354e8,0ade,"iSTATE2",1,2df4ed7c,2df4ed7c,fd18f658,00000000,00000000,00000000,1,819815558,4287,1,000002b0,0,0,0,1,0
905,905,0,0,0,0b,60,0001871c,30ef990c,04444444,000002ca,1,0,0,1,1,422354e8,0ade,"iSTATE2",1,2e072202,2e072202,fd18f658,00000000,00000000,00000000,1,821008652,4288,1,000002b1,0,0,0,1,0
906,906,0,0,0,0b,60,0001871c,3101cd92,04444444,000002ca,1,0,0,1,1,422354e8,0ade,"iSTATE2",1,2e195688,2e195688,fd18f658,00000000,00000000,00000000,1,822201746,4289,1,000002b2,0,0,0,1,0
907,907,0,0,0,0b,60,0001871c,311404e2,04444444,000002ca,1,0,0,1,1,422354e8,0ade,"iSTATE2",1,2e2b8dd8,2e2b8dd8,fd18f658,00000000,00000000,00000000,1,823395554,4290,1,000002b3,0,0,0,1,0
908,908,0,0,0,0b,60,0001871c,31263968,04444444,000002ca,1,0,0,1,1,422354e8,0ade,"iSTATE2",1,2e3dc25e,2e3dc25e,fd18f658,00000000,00000000,00000000,1,824588648,4291,1,000002b4,0,0,0,1,0
909,909,0,0,0,0b,60,0001871c,31386dee,04444444,000002ca,1,0,0,1,1,422354e8,0ade,"iSTATE2",1,2e4ff6e4,2e4ff6e4,fd18f658,00000000,00000000,00000000,1,825781742,4292,1,000002b5,0,0,0,1,0
910,910,0,0,0,0b,60,0001871c,314aa53e,04444444,000002ca,1,0,0,1,1,422354e8,0ade,"iSTATE2",1,2e622e34,2e622e34,fd18f658,00000000,00000000,00000000,1,826975550,4293,1,000002b6,0,0,0,1,0
911,911,0,0,0,0b,60,0001871c,315cd9c4,04444444,000002ca,1,0,0,1,1,422354e8,0ade,"iSTATE2",1,2e7462ba,2e7462ba,fd18f658,00000000,00000000,00000000,1,828168644,4294,1,000002b7,0,0,0,1,0
912,912,0,0,0,0b,60,0001871c,316f0e4a,04444444,000002ca,1,0,0,1,1,422354e8,0ade,"iSTATE2",1,2e869740,2e869740,fd18f658,00000000,00000000,00000000,1,829361738,4295,1,000002b8,0,0,0,1,0
913,913,0,0,0,0b,60,0001871c,3181459a,04444444,000002ca,1,0,0,1,1,422354e8,0ade,"iSTATE2",1,2e98ce90,2e98ce90,fd18f658,00000000,00000000,00000000,1,830555546,4296,1,000002b9,0,0,0,1,0
914,914,0,0,0,0b,60,0001871c,31937a20,04444444,000002ca,1,0,0,1,1,422354e8,0ade,"iSTATE2",1,2eab0316,2eab0316,fd18f658,00000000,00000000,00000000,1,831748640,4297,1,000002ba,0,0,0,1,0
915,915,0,0,0,0b,60,0001871c,31a5aea6,04444444,000002ca,1,0,0,1,1,422354e8,0ade,"iSTATE2",1,2ebd379c,2ebd379c,fd18f658,00000000,00000000,00000000,1,832941734,4298,1,000002bb,0,0,0,1,0
916,916,0,0,0,0b,60,0001871c,31b7e5f6,04444444,000002ca,1,0,0,1,1,422354e8,0ade,"iSTATE2",1,2ecf6eec,2ecf6eec,fd18f658,00000000,00000000,00000000,1,834135542,4299,1,000002bc,0,0,0,1,0
917,917,0,0,0,0b,60,0001871c,31ca1a7c,04444444,000002ca,1,0,0,1,1,422354e8,0ade,"iSTATE2",1,2ee1a372,2ee1a372,fd18f658,00000000,00000000,00000000,1,835328636,4300,1,000002bd,0,0,0,1,0
918,918,0,0,0,0b,60,0001871c,31dc4f02,04444444,000002ca,1,0,0,1,1,422354e8,0ade,"iSTATE2",1,2ef3d7f8,2ef3d7f8,fd18f658,00000000,00000000,00000000,1,836521730,4301,1,000002be,0,0,0,1,0
919,919,0,0,0,0b,60,0001871c,31ee8652,04444444,000002ca,1,0,0,1,1,422354e8,0ade,"iSTATE2",1,2f060f48,2f060f48,fd18f658,00000000,00000000,00000000,1,837715538,4302,1,000002bf,0,0,0,1,0
920,920,0,0,0,0b,60,0001871c,3200bad8,04444444,000002ca,1,0,0,1,1,422354e8,0ade,"iSTATE2",1,2f1843ce,2f1843ce,fd18f658,00000000,00000000,00000000,1,838908632,4303,1,000002c0,0,0,0,1,0
921,921,0,0,0,0b,60,0001871c,3212ef5e,04444444,000002ca,1,0,0,1,1,422354e8,0ade,"iSTATE2",1,2f2a7854,2f2a7854,fd18f658,00000000,00000000,00000000,1,840101726,4304,1,000002c1,0,0,0,1,0
922,922,0,0,0,0b,60,0001871c,322526ae,04444444,000002ca,1,0,0,1,1,422354e8,0ade,"iSTATE2",1,2f3cafa4,2f3cafa4,fd18f658,00000000,00000000,00000000,1,841295534,4305,1,000002c2,0,0,0,1,0
923,923,0,0,0,0b,60,0001871c,32375b34,04444444,000002ca,1,0,0,1,1,422354e8,0ade,"iSTATE2",1,2f4ee42a,2f4ee42a,fd18f658,00000000,00000000,00000000,1,842488628,4306,1,000002c3,0,0,0,1,0
924,924,0,0,0,0b,60,0001871c,32498fba,04444444,000002ca,1,0,0,1,1,422354e8,0ade,"iSTATE2",1,2f6118b0,2f6118b0,fd18f658,00000000,00000000,00000000,1,843681722,4307,1,000002c4,0,0,0,1,0
925,925,0,0,0,0b,60,0001871c,325bc70a,04444444,000002ca,1,0,0,1,1,422354e8,0ade,"iSTATE2",1,2f735000,2f735000,fd18f658,00000000,00000000,00000000,1,844875530,4308,1,000002c5,0,0,0,1,0
926,926,0,0,0,0b,60,0001871c,326dfb90,04444444,000002ca,1,0,0,1,1,422354e8,0ade,"iSTATE2",1,2f858486,2f858486,fd18f658,00000000,00000000,00000000,1,846068624,4309,1,000002c6,0,0,0,1,0
927,927,0,0,0,0b,60,0001871c,32803016,04444444,000002ca,1,0,0,1,1,422354e8,0ade,"iSTATE2",1,2f97b90c,2f97b90c,fd18f658,00000000,00000000,00000000,1,847261718,4310,1,000002c7,0,0,0,1,0
928,928,0,0,0,0b,60,0001871c,3292649c,04444444,000002ca,1,0,0,1,1,422354e8,0ade,"iSTATE2",1,2fa9ed92,2fa9ed92,fd18f658,00000000,00000000,00000000,1,848454812,4311,1,000002c8,0,0,0,1,0
929,929,0,0,0,0b,60,0001871c,32a49bec,04444444,000002ca,1,0,0,1,1,422354e8,0ade,"iSTATE2",1,2fbc24e2,2fbc24e2,fd18f658,00000000,00000000,00000000,1,849648620,4312,1,000002c9,0,0,0,1,0
930,930,0,0,0,0b,60,0001871c,32b6d072,04444444,000002ca,1,0,0,1,1,422354e8,0ade,"iSTATE2",1,2fce5968,2fce5968,fd18f658,00000000,00000000,00000000,1,850841714,4313,1,000002ca,0,0,0,1,0
931,931,0,0,0,0b,60,0001871c,32c904f8,04444444,000002ca,1,0,0,1,1,422354e8,0ade,"iSTATE2",1,2fe08dee,2fe08dee,fd18f658,00000000,00000000,00000000,1,852034808,4314,1,000002cb,0,0,0,1,0
932,932,0,0,0,0b,60,0001871c,32db3c48,04444444,000002ca,1,0,0,1,1,422354e8,0ade,"iSTATE2",1,2ff2c53e,2ff2c53e,fd18f658,00000000,00000000,00000000,1,853228616,4315,1,000002cc,0,0,0,1,0
933,933,0,0,0,0b,60,0001871c,32ed70ce,04444444,000002ca,1,0,0,1,1,422354e8,0ade,"iSTATE2",1,3004f9c4,3004f9c4,fd18f658,00000000,00000000,00000000,1,854421710,4316,1,000002cd,0,0,0,1,0
934,934,0,0,0,0b,60,0001871c,32ffa554,04444444,000002ca,1,0,0,1,1,422354e8,0ade,"iSTATE2",1,30172e4a,30172e4a,fd18f658,00000000,00000000,00000000,1,855614804,4317,1,000002ce,0,0,0,1,0
935,935,0,0,0,0b,60,0001871c,3311dca4,04444444,000002ca,1,0,0,1,1,422354e8,0ade,"iSTATE2",1,3029659a,3029659a,fd18f658,00000000,00000000,00000000,1,856808612,4318,1,000002cf,0,0,0,1,0
936,936,0,0,0,0b,60,0001871c,3324112a,04444444,000002ca,1,0,0,1,1,422354e8,0ade,"iSTATE2",1,303b9a20,303b9a20,fd18f658,00000000,00000000,00000000,1,858001706,4319,1,000002d0,0,0,0,1,0
937,937,0,1,0,0c,60,0001871c,333645b4,04444444,000002ca,1,0,0,1,1,422354e8,0ade,"iSTATE2",1,304c26b6,304c26b6,fd1788f6,00000000,00000000,00000000,1,859194804,4320,1,000002d1,0,0,0,1,0
938,938,0,0,0,0c,60,0001871c,33487d04,04444444,000002ca,1,0,0,1,1,422354e8,0ade,"iSTATE2",1,305e5e06,305e5e06,fd1788f6,00000000,00000000,00000000,1,860388612,4321,1,000002d2,0,0,0,1,0
939,939,0,0,0,0c,60,0001871c,335ab18a,04444444,000002ca,1,0,0,1,1,422354e8,0ade,"iSTATE2",1,3070928c,3070928c,fd1788f6,00000000,00000000,00000000,1,861581706,4322,1,000002d3,0,0,0,1,0
940,940,0,0,0,0c,60,0001871c,336ce610,04444444,000002ca,1,0,0,1,1,422354e8,0ade,"iSTATE2",1,3082c712,3082c712,fd1788f6,00000000,00000000,00000000,1,862774800,4323,1,000002d4,0,0,0,1,0
941,941,0,0,0,0c,60,0001871c,337f1d60,04444444,000002ca,1,0,0,1,1,422354e8,0ade,"iSTATE2",1,3094fe62,3094fe62,fd1788f6,00000000,00000000,00000000,1,863968608,4324,1,000002d5,0,0,0,1,0
942,942,0,0,0,0c,60,0001871c,339151e6,04444444,000002ca,1,0,0,1,1,422354e8,0ade,"iSTATE2",1,30a732e8,30a732e8,fd1788f6,00000000,00000000,00000000,1,865161702,4325,1,000002d6,0,0,0,1,0
943,943,0,0,0,0c,60,0001871c,33a3866c,04444444,000002ca,1,0,0,1,1,422354e8,0ade,"iSTATE2",1,30b9676e,30b9676e,fd1788f6,00000000,00000000,00000000,1,866354796,4326,1,000002d7,0,0,0,1,0
944,944,0,0,0,0c,60,0001871c,33b5bdbc,04444444,000002ca,1,0,0,1,1,422354e8,0ade,"iSTATE2",1,30cb9ebe,30cb9ebe,fd1788f6,00000000,00000000,00000000,1,867548604,4327,1,000002d8,0,0,0,1,0
945,945,0,0,0,0c,60,0001871c,33c7f242,04444444,000002ca,1,0,0,1,1,422354e8,0ade,"iSTATE2",1,30ddd344,30ddd344,fd1788f6,00000000,00000000,00000000,1,868741698,4328,1,000002d9,0,0,0,1,0
946,946,0,0,0,0c,60,0001871c,33da26c8,04444444,000002ca,1,0,0,1,1,422354e8,0ade,"iSTATE2",1,30f007ca,30f007ca,fd1788f6,00000000,00000000,00000000,1,869934792,4329,1,000002da,0,0,0,1,0
947,947,0,0,0,0c,60,0001871c,33ec5e18,04444444,000002ca,1,0,0,1,1,422354e8,0ade,"iSTATE2",1,31023f1a,31023f1a,fd1788f6,00000000,00000000,00000000,1,871128600,4330,1,000002db,0,0,0,1,0
948,948,0,0,0,0c,60,0001871c,33fe929e,04444444,000002ca,1,0,0,1,1,422354e8,0ade,"iSTATE2",1,311473a0,311473a0,fd1788f6,00000000,00000000,00000000,1,872321694,4331,1,000002dc,0,0,0,1,0
949,949,0,0,0,0c,60,0001871c,3410c724,04444444,000002ca,1,0,0,1,1,422354e8,0ade,"iSTATE2",1,3126a826,3126a826,fd1788f6,00000000,00000000,00000000,1,873514788,4332,1,000002dd,0,0,0,1,0
950,950,0,0,0,0c,60,0001871c,3422fe74,04444444,000002ca,1,0,0,1,1,422354e8,0ade,"iSTATE2",1,3138df76,3138df76,fd1788f6,00000000,00000000,00000000,1,874708596,4333,1,000002de,0,0,0,1,0
951,951,0,0,0,0c,60,0001871c,343532fa,04444444,000002ca,1,0,0,1,1,422354e8,0ade,"iSTATE2",1,314b13fc,314b13fc,fd1788f6,00000000,00000000,00000000,1,875901690,4334,1,000002df,0,0,0,1,0
952,952,0,0,0,0c,60,0001871c,34476780,04444444,000002ca,1,0,0,1,1,422354e8,0ade,"iSTATE2",1,315d4882,315d4882,fd1788f6,00000000,00000000,00000000,1,877094784,4335,1,000002e0,0,0,0,1,0
953,953,0,0,0,0c,60,0001871c,34599ed0,04444444,000002ca,1,0,0,1,1,422354e8,0ade,"iSTATE2",1,316f7fd2,316f7fd2,fd1788f6,00000000,00000000,00000000,1,878288592,4336,1,000002e1,0,0,0,1,0
954,954,0,0,0,0c,60,0001871c,346bd356,04444444,000002ca,1,0,0,1,1,422354e8,0ade,"iSTATE2",1,3181b458,3181b458,fd1788f6,00000000,00000000,00000000,1,879481686,4337,1,000002e2,0,0,0,1,0
955,955,0,0,0,0c,60,0001871c,347e07dc,04444444,000002ca,1,0,0,1,1,422354e8,0ade,"iSTATE2",1,3193e8de,3193e8de,fd1788f6,00000000,00000000,00000000,1,880674780,4338,1,000002e3,0,0,0,1,0
956,956,0,0,0,0c,60,0001871c,34903c62,04444444,000002ca,1,0,0,1,1,422354e8,0ade,"iSTATE2",1,31a61d64,31a61d64,fd1788f6,00000000,00000000,00000000,1,881867874,4339,1,000002e4,0,0,0,1,0
957,957,0,0,0,0c,60,0001871c,34a273b2,04444444,000002ca,1,0,0,1,1,422354e8,0ade,"iSTATE2",1,31b854b4,31b854b4,fd1788f6,00000000,00000000,00000000,1,883061682,4340,1,000002e5,0,0,0,1,0
958,958,0,0,0,0c,60,0001871c,34b4a838,04444444,000002ca,1,0,0,1,1,422354e8,0ade,"iSTATE2",1,31ca893a,31ca893a,fd1788f6,00000000,00000000,00000000,1,884254776,4341,1,000002e6,0,0,0,1,0
959,959,0,0,0,0c,60,0001871c,34c6dcbe,04444444,000002ca,1,0,0,1,1,422354e8,0ade,"iSTATE2",1,31dcbdc0,31dcbdc0,fd1788f6,00000000,00000000,00000000,1,885447870,4342,1,000002e7,0,0,0,1,0
960,960,0,0,0,0c,60,0001871c,34d9140e,04444444,000002ca,1,0,0,1,1,422354e8,0ade,"iSTATE2",1,31eef510,31eef510,fd1788f6,00000000,00000000,00000000,1,886641678,4343,1,000002e8,0,0,0,1,0
961,961,0,0,0,0c,60,0001871c,34eb4894,04444444,000002ca,1,0,0,1,1,422354e8,0ade,"iSTATE2",1,32012996,32012996,fd1788f6,00000000,00000000,00000000,1,887834772,4344,1,000002e9,0,0,0,1,0
962,962,0,0,0,0c,60,0001871c,34fd7d1a,04444444,000002ca,1,0,0,1,1,422354e8,0ade,"iSTATE2",1,32135e1c,32135e1c,fd1788f6,00000000,00000000,00000000,1,889027866,4345,1,000002ea,0,0,0,1,0
963,963,0,0,0,0c,60,0001871c,350fb46a,04444444,000002ca,1,0,0,1,1,422354e8,0ade,"iSTATE2",1,3225956c,3225956c,fd1788f6,00000000,00000000,00000000,1,890221674,4346,1,000002eb,0,0,0,1,0
964,964,0,0,0,0c,60,0001871c,3521e8f0,04444444,000002ca,1,0,0,1,1,422354e8,0ade,"iSTATE2",1,3237c9f2,3237c9f2,fd1788f6,00000000,00000000,00000000,1,891414768,4347,1,000002ec,0,0,0,1,0
965,965,0,0,0,0c,60,0001871c,35341d76,04444444,000002ca,1,0,0,1,1,422354e8,0ade,"iSTATE2",1,3249fe78,3249fe78,fd1788f6,00000000,00000000,00000000,1,892607862,4348,1,000002ed,0,0,0,1,0
966,966,0,0,0,0c,60,0001871c,354654c6,04444444,000002ca,1,0,0,1,1,422354e8,0ade,"iSTATE2",1,325c35c8,325c35c8,fd1788f6,00000000,00000000,00000000,1,893801670,4349,1,000002ee,0,0,0,1,0
967,967,0,0,0,0c,60,0001871c,3558894c,04444444,000002ca,1,0,0,1,1,422354e8,0ade,"iSTATE2",1,326e6a4e,326e6a4e,fd1788f6,00000000,00000000,00000000,1,894994764,4350,1,000002ef,0,0,0,1,0
968,968,0,0,0,0c,60,0001871c,356abdd2,04444444,000002ca,1,0,0,1,1,422354e8,0ade,"iSTATE2",1,32809ed4,32809ed4,fd1788f6,00000000,00000000,00000000,1,896187858,4351,1,000002f0,0,0,0,1,0
969,969,0,0,0,0c,60,0001871c,357cf522,04444444,000002ca,1,0,0,1,1,422354e8,0ade,"iSTATE2",1,3292d624,3292d624,fd1788f6,00000000,00000000,00000000,1,897381666,4352,1,000002f1,0,0,0,1,0
970,970,0,0,0,0c,60,0001871c,358f29a8,04444444,000002ca,1,0,0,1,1,422354e8,0ade,"iSTATE2",1,32a50aaa,32a50aaa,fd1788f6,00000000,00000000,00000000,1,898574760,4353,1,000002f2,0,0,0,1,0
971,971,0,0,0,0c,60,0001871c,35a15e2e,04444444,000002ca,1,0,0,1,1,422354e8,0ade,"iSTATE2",1,32b73f30,32b73f30,fd1788f6,00000000,00000000,00000000,1,899767854,4354,1,000002f3,0,0,0,1,0
972,972,0,0,0,0c,60,0001871c,35b3957e,04444444,000002ca,1,0,0,1,1,422354e8,0ade,"iSTATE2",1,32c97680,32c97680,fd1788f6,00000000,00000000,00000000,1,900961662,4355,1,000002f4,0,0,0,1,0
973,973,0,0,0,0c,60,0001871c,35c5ca04,04444444,000002ca,1,0,0,1,1,422354e8,0ade,"iSTATE2",1,32dbab06,32dbab06,fd1788f6,00000000,00000000,00000000,1,902154756,4356,1,000002f5,0,0,0,1,0
974,974,0,0,0,0c,60,0001871c,35d7fe8a,04444444,000002ca,1,0,0,1,1,422354e8,0ade,"iSTATE2",1,32eddf8c,32eddf8c,fd1788f6,00000000,00000000,00000000,1,903347850,4357,1,000002f6,0,0,0,1,0
975,975,0,0,0,0c,60,0001871c,35ea35da,04444444,000002ca,1,0,0,1,1,422354e8,0ade,"iSTATE2",1,330016dc,330016dc,fd1788f6,00000000,00000000,00000000,1,904541658,4358,1,000002f7,0,0,0,1,0
976,976,0,0,0,0c,60,0001871c,35fc6a60,04444444,000002ca,1,0,0,1,1,422354e8,0ade,"iSTATE2",1,33124b62,33124b62,fd1788f6,00000000,00000000,00000000,1,905734752,4359,1,000002f8,0,0,0,1,0
977,977,0,0,0,0c,60,0001871c,360e9ee6,04444444,000002ca,1,0,0,1,1,422354e8,0ade,"iSTATE2",1,33247fe8,33247fe8,fd1788f6,00000000,00000000,00000000,1,906927846,4360,1,000002f9,0,0,0,1,0
978,978,0,0,0,0c,60,0001871c,3620d636,04444444,000002ca,1,0,0,1,1,422354e8,0ade,"iSTATE2",1,3336b738,3336b738,fd1788f6,00000000,00000000,00000000,1,908121654,4361,1,000002fa,0,0,0,1,0
979,979,0,0,0,0c,60,0001871c,36330abc,04444444,000002ca,1,0,0,1,1,422354e8,0ade,"iSTATE2",1,3348ebbe,3348ebbe,fd1788f6,00000000,00000000,00000000,1,909314748,4362,1,000002fb,0,0,0,1,0
980,980,0,0,0,0c,60,0001871c,36453f42,04444444,000002ca,1,0,0,1,1,422354e8,0ade,"iSTATE2",1,335b2044,335b2044,fd1788f6,00000000,00000000,00000000,1,910507842,4363,1,000002fc,0,0,0,1,0
981,981,0,0,0,0c,60,0001871c,36577692,04444444,000002ca,1,0,0,1,1,422354e8,0ade,"iSTATE2",1,336d5794,336d5794,fd1788f6,00000000,00000000,00000000,1,911701650,4364,1,000002fd,0,0,0,1,0
982,982,0,0,0,0c,60,0001871c,3669ab18,04444444,000002ca,1,0,0,1,1,422354e8,0ade,"iSTATE2",1,337f8c1a,337f8c1a,fd1788f6,00000000,00000000,00000000,1,912894744,4365,1,000002fe,0,0,0,1,0
983,983,0,0,0,0c,60,0001871c,367bdf9e,04444444,000002ca,1,0,0,1,1,422354e8,0ade,"iSTATE2",1,3391c0a0,3391c0a0,fd1788f6,00000000,00000000,00000000,1,914087838,4366,1,000002ff,0,0,0,1,0
984,984,0,0,0,0c,60,0001871c,368e16ee,04444444,000002ca,1,0,0,1,1,422354e8,0ade,"iSTATE2",1,33a3f7f0,33a3f7f0,fd1788f6,00000000,00000000,00000000,1,915281646,4367,1,00000300,0,0,0,1,0
985,985,0,0,0,0c,60,0001871c,36a04b74,04444444,000002ca,1,0,0,1,1,422354e8,0ade,"iSTATE2",1,33b62c76,33b62c76,fd1788f6,00000000,00000000,00000000,1,916474740,4368,1,00000301,0,0,0,1,0
986,986,0,0,0,0c,60,0001871c,36b27ffa,04444444,000002ca,1,0,0,1,1,422354e8,0ade,"iSTATE2",1,33c860fc,33c860fc,fd1788f6,00000000,00000000,00000000,1,917667834,4369,1,00000302,0,0,0,1,0
987,987,0,0,0,0c,60,0001871c,36c4b480,04444444,000002ca,1,0,0,1,1,422354e8,0ade,"iSTATE2",1,33da9582,33da9582,fd1788f6,00000000,00000000,00000000,1,918860928,4370,1,00000303,0,0,0,1,0
988,988,0,0,0,0c,60,0001871c,36d6ebd0,04444444,000002ca,1,0,0,1,1,422354e8,0ade,"iSTATE2",1,33ecccd2,33ecccd2,fd1788f6,00000000,00000000,00000000,1,920054736,4371,1,00000304,0,0,0,1,0
989,989,0,0,0,0c,60,0001871c,36e92056,04444444,000002ca,1,0,0,1,1,422354e8,0ade,"iSTATE2",1,33ff0158,33ff0158,fd1788f6,00000000,00000000,00000000,1,921247830,4372,1,00000305,0,0,0,1,0
990,990,0,0,0,0c,60,0001871c,36fb54dc,04444444,000002ca,1,0,0,1,1,422354e8,0ade,"iSTATE2",1,341135de,341135de,fd1788f6,00000000,00000000,00000000,1,922440924,4373,1,00000306,0,0,0,1,0
991,991,0,0,0,0c,60,0001871c,370d8c2c,04444444,000002ca,1,0,0,1,1,422354e8,0ade,"iSTATE2",1,34236d2e,34236d2e,fd1788f6,00000000,00000000,00000000,1,923634732,4374,1,00000307,0,0,0,1,0
992,992,0,0,0,0c,60,0001871c,371fc0b2,04444444,000002ca,1,0,0,1,1,422354e8,0ade,"iSTATE2",1,3435a1b4,3435a1b4,fd1788f6,00000000,00000000,00000000,1,924827826,4375,1,00000308,0,0,0,1,0
993,993,0,0,0,0c,60,0001871c,3731f538,04444444,000002ca,1,0,0,1,1,422354e8,0ade,"iSTATE2",1,3447d63a,3447d63a,fd1788f6,00000000,00000000,00000000,1,926020920,4376,1,00000309,0,0,0,1,0
994,994,0,0,0,0c,60,0001871c,37442c88,04444444,000002ca,1,0,0,1,1,422354e8,0ade,"iSTATE2",1,345a0d8a,345a0d8a,fd1788f6,00000000,00000000,00000000,1,927214728,4377,1,0000030a,0,0,0,1,0
995,995,0,0,0,0c,60,0001871c,3756610e,04444444,000002ca,1,0,0,1,1,422354e8,0ade,"iSTATE2",1,346c4210,346c4210,fd1788f6,00000000,00000000,00000000,1,928407822,4378,1,0000030b,0,0,0,1,0
996,996,0,0,0,0c,60,0001871c,37689594,04444444,000002ca,1,0,0,1,1,422354e8,0ade,"iSTATE2",1,347e7696,347e7696,fd1788f6,00000000,00000000,00000000,1,929600916,4379,1,0000030c,0,0,0,1,0
997,997,0,1,0,0d,60,0001871b,377acce8,04444444,000002ca,1,0,0,1,1,422354e8,0ade,"iSTATE2",1,348f7850,348f7850,fd15e102,00000000,00000000,00000000,1,930794728,4380,1,0000030d,0,0,0,1,0
998,998,0,0,0,0d,60,0001871b,378d016e,04444444,000002ca,1,0,0,1,1,422354e8,0ade,"iSTATE2",1,34a1acd6,34a1acd6,fd15e102,00000000,00000000,00000000,1,931987822,4381,1,0000030e,0,0,0,1,0
999,999,0,0,0,0d,60,0001871b,379f35f4,04444444,000002ca,1,0,0,1,1,422354e8,0ade,"iSTATE2",1,34b3e15c,34b3e15c,fd15e102,00000000,00000000,00000000,1,933180916,4382,1,0000030f,0,0,0,1,0
1000,1000,0,0,0,0d,60,0001871b,37b16d44,04444444,000002ca,1,0,0,1,1,422354e8,0ade,"iSTATE2",1,34c618ac,34c618ac,fd15e102,00000000,00000000,00000000,1,934374724,4383,1,00000310,0,0,0,1,0
1001,1001,0,0,0,0d,60,0001871b,37c3a1ca,04444444,000002ca,1,0,0,1,1,422354e8,0ade,"iSTATE2",1,34d84d32,34d84d32,fd15e102,00000000,00000000,00000000,1,935567818,4384,1,00000311,0,0,0,1,0
1002,1002,0,0,0,0d,60,0001871b,37d5d650,04444444,000002ca,1,0,0,1,1,422354e8,0ade,"iSTATE2",1,34ea81b8,34ea81b8,fd15e102,00000000,00000000,00000000,1,936760912,4385,1,00000312,0,0,0,1,0
1003,1003,0,0,0,0d,60,0001871b,37e80da0,04444444,000002ca,1,0,0,1,1,422354e8,0ade,"iSTATE2",1,34fcb908,34fcb908,fd15e102,00000000,00000000,00000000,1,937954720,4386,1,00000313,0,0,0,1,0
1004,1004,0,0,0,0d,60,0001871b,37fa4226,04444444,000002ca,1,0,0,1,1,422354e8,0ade,"iSTATE2",1,350eed8e,350eed8e,fd15e102,00000000,00000000,00000000,1,939147814,4387,1,00000314,0,0,0,1,0
1005,1005,0,0,0,0d,60,0001871b,380c76ac,04444444,000002ca,1,0,0,1,1,422354e8,0ade,"iSTATE2",1,35212214,35212214,fd15e102,00000000,00000000,00000000,1,940340908,4388,1,00000315,0,0,0,1,0
1006,1006,0,0,0,0d,60,0001871b,381eadfc,04444444,000002ca,1,0,0,1,1,422354e8,0ade,"iSTATE2",1,35335964,35335964,fd15e102,00000000,00000000,00000000,1,941534716,4389,1,00000316,0,0,0,1,0
1007,1007,0,0,0,0d,60,0001871b,3830e282,04444444,000002ca,1,0,0,1,1,422354e8,0ade,"iSTATE2",1,35458dea,35458dea,fd15e102,00000000,00000000,00000000,1,942727810,4390,1,00000317,0,0,0,1,0
1008,1008,0,0,0,0d,60,0001871b,38431708,04444444,000002ca,1,0,0,1,1,422354e8,0ade,"iSTATE2",1,3557c270,3557c270,fd15e102,00000000,00000000,00000000,1,943920904,4391,1,00000318,0,0,0,1,0
1009,1009,0,0,0,0d,60,0001871b,38554e58,04444444,000002ca,1,0,0,1,1,422354e8,0ade,"iSTATE2",1,3569f9c0,3569f9c0,fd15e102,00000000,00000000,00000000,1,945114712,4392,1,00000319,0,0,0,1,0
1010,1010,0,0,0,0d,60,0001871b,386782de,04444444,000002ca,1,0,0,1,1,422354e8,0ade,"iSTATE2",1,357c2e46,357c2e46,fd15e102,00000000,00000000,00000000,1,946307806,4393,1,0000031a,0,0,0,1,0
1011,1011,0,0,0,0d,60,0001871b,3879b764,04444444,000002ca,1,0,0,1,1,422354e8,0ade,"iSTATE2",1,358e62cc,358e62cc,fd15e102,00000000,00000000,00000000,1,947500900,4394,1,0000031b,0,0,0,1,0
1012,1012,0,0,0,0d,60,0001871b,388beeb4,04444444,000002ca,1,0,0,1,1,422354e8,0ade,"iSTATE2",1,35a09a1c,35a09a1c,fd15e102,00000000,00000000,00000000,1,948694708,4395,1,0000031c,0,0,0,1,0
1013,1013,0,0,0,0d,60,0001871b,389e233a,04444444,000002ca,1,0,0,1,1,422354e8,0ade,"iSTATE2",1,35b2cea2,35b2cea2,fd15e102,00000000,00000000,00000000,1,949887802,4396,1,0000031d,0,0,0,1,0
1014,1014,0,0,0,0d,60,0001871b,38b057c0,04444444,000002ca,1,0,0,1,1,422354e8,0ade,"iSTATE2",1,35c50328,35c50328,fd15e102,00000000,00000000,00000000,1,951080896,4397,1,0000031e,0,0,0,1,0
1015,1015,0,0,0,0d,60,0001871b,38c28c46,04444444,000002ca,1,0,0,1,1,422354e8,0ade,"iSTATE2",1,35d737ae,35d737ae,fd15e102,00000000,00000000,00000000,1,952273990,4398,1,0000031f,0,0,0,1,0
1016,1016,0,0,0,0d,60,0001871b,38d4c396,04444444,000002ca,1,0,0,1,1,422354e8,0ade,"iSTATE2",1,35e96efe,35e96efe,fd15e102,00000000,00000000,00000000,1,953467798,4399,1,00000320,0,0,0,1,0
1017,1017,0,0,0,0d,60,0001871b,38e6f81c,04444444,000002ca,1,0,0,1,1,422354e8,0ade,"iSTATE2",1,35fba384,35fba384,fd15e102,00000000,00000000,00000000,1,954660892,4400,1,00000321,0,0,0,1,0
1018,1018,0,0,0,0d,60,0001871b,38f92ca2,04444444,000002ca,1,0,0,1,1,422354e8,0ade,"iSTATE2",1,360dd80a,360dd80a,fd15e102,00000000,00000000,00000000,1,955853986,4401,1,00000322,0,0,0,1,0
1019,1019,0,0,0,0d,60,0001871b,390b63f2,04444444,000002ca,1,0,0,1,1,422354e8,0ade,"iSTATE2",1,36200f5a,36200f5a,fd15e102,00000000,00000000,00000000,1,957047794,4402,1,00000323,0,0,0,1,0
1020,1020,0,0,0,0d,60,0001871b,391d9878,04444444,000002ca,1,0,0,1,1,422354e8,0ade,"iSTATE2",1,363243e0,363243e0,fd15e102,00000000,00000000,00000000,1,958240888,4403,1,00000324,0,0,0,1,0
1021,1021,0,0,0,0d,60,0001871b,392fccfe,04444444,000002ca,1,0,0,1,1,422354e8,0ade,"iSTATE2",1,36447866,36447866,fd15e102,00000000,00000000,00000000,1,959433982,4404,1,00000325,0,0,0,1,0
1022,1022,0,0,0,0d,60,0001871b,3942044e,04444444,000002ca,1,0,0,1,1,422354e8,0ade,"iSTATE2",1,3656afb6,3656afb6,fd15e102,00000000,00000000,00000000,1,960627790,4405,1,00000326,0,0,0,1,0
1023,1023,0,0,0,0d,60,0001871b,395438d4,04444444,000002ca,1,0,0,1,1,422354e8,0ade,"iSTATE2",1,3668e43c,3668e43c,fd15e102,00000000,00000000,00000000,1,961820884,4406,1,00000327,0,0,0,1,0
1024,1024,0,0,0,0d,60,0001871b,39666d5a,04444444,000002ca,1,0,0,1,1,422354e8,0ade,"iSTATE2",1,367b18c2,367b18c2,fd15e102,00000000,00000000,00000000,1,963013978,4407,1,00000328,0,0,0,1,0
1025,1025,0,0,0,0d,60,0001871b,3978a4aa,04444444,000002ca,1,0,0,1,1,422354e8,0ade,"iSTATE2",1,368d5012,368d5012,fd15e102,00000000,00000000,00000000,1,964207786,4408,1,00000329,0,0,0,1,0
1026,1026,0,0,0,0d,60,0001871b,398ad930,04444444,000002ca,1,0,0,1,1,422354e8,0ade,"iSTATE2",1,369f8498,369f8498,fd15e102,00000000,00000000,00000000,1,965400880,4409,1,0000032a,0,0,0,1,0
1027,1027,0,0,0,0d,60,0001871b,399d0db6,04444444,000002ca,1,0,0,1,1,422354e8,0ade,"iSTATE2",1,36b1b91e,36b1b91e,fd15e102,00000000,00000000,00000000,1,966593974,4410,1,0000032b,0,0,0,1,0
1028,1028,0,0,0,0d,60,0001871b,39af4506,04444444,000002ca,1,0,0,1,1,422354e8,0ade,"iSTATE2",1,36c3f06e,36c3f06e,fd15e102,00000000,00000000,00000000,1,967787782,4411,1,0000032c,0,0,0,1,0
1029,1029,0,0,0,0d,60,0001871b,39c1798c,04444444,000002ca,1,0,0,1,1,422354e8,0ade,"iSTATE2",1,36d624f4,36d624f4,fd15e102,00000000,00000000,00000000,1,968980876,4412,1,0000032d,0,0,0,1,0
1030,1030,0,0,0,0d,60,0001871b,39d3ae12,04444444,000002ca,1,0,0,1,1,422354e8,0ade,"iSTATE2",1,36e8597a,36e8597a,fd15e102,00000000,00000000,00000000,1,970173970,4413,1,0000032e,0,0,0,1,0
1031,1031,0,0,0,0d,60,0001871b,39e5e562,04444444,000002ca,1,0,0,1,1,422354e8,0ade,"iSTATE2",1,36fa90ca,36fa90ca,fd15e102,00000000,00000000,00000000,1,971367778,4414,1,0000032f,0,0,0,1,0
1032,1032,0,0,0,0d,60,0001871b,39f819e8,04444444,000002ca,1,0,0,1,1,422354e8,0ade,"iSTATE2",1,370cc550,370cc550,fd15e102,00000000,00000000,00000000,1,972560872,4415,1,00000330,0,0,0,1,0
1033,1033,0,0,0,0d,60,0001871b,3a0a4e6e,04444444,000002ca,1,0,0,1,1,422354e8,0ade,"iSTATE2",1,371ef9d6,371ef9d6,fd15e102,00000000,00000000,00000000,1,973753966,4416,1,00000331,0,0,0,1,0
1034,1034,0,0,0,0d,60,0001871b,3a1c85be,04444444,000002ca,1,0,0,1,1,422354e8,0ade,"iSTATE2",1,37313126,37313126,fd15e102,00000000,00000000,00000000,1,974947774,4417,1,00000332,0,0,0,1,0
1035,1035,0,0,0,0d,60,0001871b,3a2eba44,04444444,000002ca,1,0,0,1,1,422354e8,0ade,"iSTATE2",1,374365ac,374365ac,fd15e102,00000000,00000000,00000000,1,976140868,4418,1,00000333,0,0,0,1,0
1036,1036,0,0,0,0d,60,0001871b,3a40eeca,04444444,000002ca,1,0,0,1,1,422354e8,0ade,"iSTATE2",1,37559a32,37559a32,fd15e102,00000000,00000000,00000000,1,977333962,4419,1,00000334,0,0,0,1,0
1037,1037,0,0,0,0d,60,0001871b,3a53261a,04444444,000002ca,1,0,0,1,1,422354e8,0ade,"iSTATE2",1,3767d182,3767d182,fd15e102,00000000,00000000,00000000,1,978527770,4420,1,00000335,0,0,0,1,0
1038,1038,0,0,0,0d,60,0001871b,3a655aa0,04444444,000002ca,1,0,0,1,1,422354e8,0ade,"iSTATE2",1,377a0608,377a0608,fd15e102,00000000,00000000,00000000,1,979720864,4421,1,00000336,0,0,0,1,0
1039,1039,0,0,0,0d,60,0001871b,3a778f26,04444444,000002ca,1,0,0,1,1,422354e8,0ade,"iSTATE2",1,378c3a8e,378c3a8e,fd15e102,00000000,00000000,00000000,1,980913958,4422,1,00000337,0,0,0,1,0
1040,1040,0,0,0,0d,60,0001871b,3a89c676,04444444,000002ca,1,0,0,1,1,422354e8,0ade,"iSTATE2",1,379e71de,379e71de,fd15e102,00000000,00000000,00000000,1,982107766,4423,1,00000338,0,0,0,1,0
1041,1041,0,0,0,0d,60,0001871b,3a9bfafc,04444444,000002ca,1,0,0,1,1,422354e8,0ade,"iSTATE2",1,37b0a664,37b0a664,fd15e102,00000000,00000000,00000000,1,983300860,4424,1,00000339,0,0,0,1,0
1042,1042,0,0,0,0d,60,0001871b,3aae2f82,04444444,000002ca,1,0,0,1,1,422354e8,0ade,"iSTATE2",1,37c2daea,37c2daea,fd15e102,00000000,00000000,00000000,1,984493954,4425,1,0000033a,0,0,0,1,0
1043,1043,0,0,0,0d,60,0001871b,3ac066d2,04444444,000002ca,1,0,0,1,1,422354e8,0ade,"iSTATE2",1,37d5123a,37d5123a,fd15e102,00000000,00000000,00000000,1,985687762,4426,1,0000033b,0,0,0,1,0
1044,1044,0,0,0,0d,60,0001871b,3ad29b58,04444444,000002ca,1,0,0,1,1,422354e8,0ade,"iSTATE2",1,37e746c0,37e746c0,fd15e102,00000000,00000000,00000000,1,986880856,4427,1,0000033c,0,0,0,1,0
1045,1045,0,0,0,0d,60,0001871b,3ae4cfde,04444444,000002ca,1,0,0,1,1,422354e8,0ade,"iSTATE2",1,37f97b46,37f97b46,fd15e102,00000000,00000000,00000000,1,988073950,4428,1,0000033d,0,0,0,1,0
1046,1046,0,0,0,0d,60,0001871b,3af70464,04444444,000002ca,1,0,0,1,1,422354e8,0ade,"iSTATE2",1,380bafcc,380bafcc,fd15e102,00000000,00000000,00000000,1,989267044,4429,1,0000033e,0,0,0,1,0
1047,1047,0,0,0,0d,60,0001871b,3b093bb4,04444444,000002ca,1,0,0,1,1,422354e8,0ade,"iSTATE2",1,381de71c,381de71c,fd15e102,00000000,00000000,00000000,1,990460852,4430,1,0000033f,0,0,0,1,0
1048,1048,0,0,0,0d,60,0001871b,3b1b703a,04444444,000002ca,1,0,0,1,1,422354e8,0ade,"iSTATE2",1,38301ba2,38301ba2,fd15e102,00000000,00000000,00000000,1,991653946,4431,1,00000340,0,0,0,1,0
1049,1049,0,0,0,0d,60,0001871b,3b2da4c0,04444444,000002ca,1,0,0,1,1,422354e8,0ade,"iSTATE2",1,38425028,38425028,fd15e102,00000000,00000000,00000000,1,992847040,4432,1,00000341,0,0,0,1,0
1050,1050,0,0,0,0d,60,0001871b,3b3fdc10,04444444,000002ca,1,0,0,1,1,422354e8,0ade,"iSTATE2",1,38548778,38548778,fd15e102,00000000,00000000,00000000,1,994040848,4433,1,00000342,0,0,0,1,0
1051,1051,0,0,0,0d,60,0001871b,3b521096,04444444,000002ca,1,0,0,1,1,422354e8,0ade,"iSTATE2",1,3866bbfe,3866bbfe,fd15e102,00000000,00000000,00000000,1,995233942,4434,1,00000343,0,0,0,1,0
1052,1052,0,0,0,0d,60,0001871b,3b64451c,04444444,000002ca,1,0,0,1,1,422354e8,0ade,"iSTATE2",1,3878f084,3878f084,fd15e102,00000000,00000000,00000000,1,996427036,4435,1,00000344,0,0,0,1,0
1053,1053,0,0,0,0d,60,0001871b,3b767c6c,04444444,000002ca,1,0,0,1,1,422354e8,0ade,"iSTATE2",1,388b27d4,388b27d4,fd15e102,00000000,00000000,00000000,1,997620844,4436,1,00000345,0,0,0,1,0
1054,1054,0,0,0,0d,60,0001871b,3b88b0f2,04444444,000002ca,1,0,0,1,1,422354e8,0ade,"iSTATE2",1,389d5c5a,389d5c5a,fd15e102,00000000,00000000,00000000,1,998813938,4437,1,00000346,0,0,0,1,0
1055,1055,0,0,0,0d,60,0001871b,3b9ae578,04444444,000002ca,1,0,0,1,1,422354e8,0ade,"iSTATE2",1,38af90e0,38af90e0,fd15e102,00000000,00000000,00000000,1,1000007032,4438,1,00000347,0,0,0,1,0
1056,1056,0,0,0,0d,60,0001871b,3bad1cc8,04444444,000002ca,1,0,0,1,1,422354e8,0ade,"iSTATE2",1,38c1c830,38c1c830,fd15e102,00000000,00000000,00000000,1,1001200840,4439,1,00000348,0,0,0,1,0
1057,1057,0,1,0,0e,60,0001871c,3bbf5152,04444444,000002ca,1,0,0,1,1,422354e8,0ade,"iSTATE2",1,38d28f58,38d28f58,fd14ab68,00000000,00000000,00000000,1,1002393938,4440,1,00000349,0,0,0,1,0
1058,1058,0,0,0,0e,60,0001871c,3bd185d8,04444444,000002ca,1,0,0,1,1,422354e8,0ade,"iSTATE2",1,38e4c3de,38e4c3de,fd14ab68,00000000,00000000,00000000,1,1003587032,4441,1,0000034a,0,0,0,1,0
1059,1059,0,0,0,0e,60,0001871c,3be3bd28,04444444,000002ca,1,0,0,1,1,422354e8,0ade,"iSTATE2",1,38f6fb2e,38f6fb2e,fd14ab68,00000000,00000000,00000000,1,1004780840,4442,1,0000034b,0,0,0,1,0
1060,1060,0,0,0,0e,60,0001871c,3bf5f1ae,04444444,000002ca,1,0,0,1,1,422354e8,0ade,"iSTATE2",1,39092fb4,39092fb4,fd14ab68,00000000,00000000,00000000,1,1005973934,4443,1,0000034c,0,0,0,1,0
1061,1061,0,0,0,0e,60,0001871c,3c082634,04444444,000002ca,1,0,0,1,1,422354e8,0ade,"iSTATE2",1,391b643a,391b643a,fd14ab68,00000000,00000000,00000000,1,1007167028,4444,1,0000034d,0,0,0,1,0
1062,1062,0,0,0,0e,60,0001871c,3c1a5d84,04444444,000002ca,1,0,0,1,1,422354e8,0ade,"iSTATE2",1,392d9b8a,392d9b8a,fd14ab68,00000000,00000000,00000000,1,1008360836,4445,1,0000034e,0,0,0,1,0
1063,1063,0,0,0,0e,60,0001871c,3c2c920a,04444444,000002ca,1,0,0,1,1,422354e8,0ade,"iSTATE2",1,393fd010,393fd010,fd14ab68,00000000,00000000,00000000,1,1009553930,4446,1,0000034f,0,0,0,1,0
1064,1064,0,0,0,0e,60,0001871c,3c3ec690,04444444,000002ca,1,0,0,1,1,422354e8,0ade,"iSTATE2",1,39520496,39520496,fd14ab68,00000000,00000000,00000000,1,1010747024,4447,1,00000350,0,0,0,1,0
1065,1065,0,0,0,0e,60,0001871c,3c50fde0,04444444,000002ca,1,0,0,1,1,422354e8,0ade,"iSTATE2",1,39643be6,39643be6,fd14ab68,00000000,00000000,00000000,1,1011940832,4448,1,00000351,0,0,0,1,0
1066,1066,0,0,0,0e,60,0001871c,3c633266,04444444,000002ca,1,0,0,1,1,422354e8,0ade,"iSTATE2",1,3976706c,3976706c,fd14ab68,00000000,00000000,00000000,1,1013133926,4449,1,00000352,0,0,0,1,0
1067,1067,0,0,0,0e,60,0001871c,3c7566ec,04444444,000002ca,1,0,0,1,1,422354e8,0ade,"iSTATE2",1,3988a4f2,3988a4f2,fd14ab68,00000000,00000000,00000000,1,1014327020,4450,1,00000353,0,0,0,1,0
1068,1068,0,0,0,0e,60,0001871c,3c879e3c,04444444,000002ca,1,0,0,1,1,422354e8,0ade,"iSTATE2",1,399adc42,399adc42,fd14ab68,00000000,00000000,00000000,1,1015520828,4451,1,00000354,0,0,0,1,0
1069,1069,0,0,0,0e,60,0001871c,3c99d2c2,04444444,000002ca,1,0,0,1,1,422354e8,0ade,"iSTATE2",1,39ad10c8,39ad10c8,fd14ab68,00000000,00000000,00000000,1,1016713922,4452,1,00000355,0,0,0,1,0
1070,1070,0,0,0,0e,60,0001871c,3cac0748,04444444,000002ca,1,0,0,1,1,422354e8,0ade,"iSTATE2",1,39bf454e,39bf454e,fd14ab68,00000000,00000000,00000000,1,1017907016,4453,1,00000356,0,0,0,1,0
1071,1071,0,0,0,0e,60,0001871c,3cbe3e98,04444444,000002ca,1,0,0,1,1,422354e8,0ade,"iSTATE2",1,39d17c9e,39d17c9e,fd14ab68,00000000,00000000,00000000,1,1019100824,4454,1,00000357,0,0,0,1,0
1072,1072,0,0,0,0e,60,0001871c,3cd0731e,04444444,000002ca,1,0,0,1,1,422354e8,0ade,"iSTATE2",1,39e3b124,39e3b124,fd14ab68,00000000,00000000,00000000,1,1020293918,4455,1,00000358,0,0,0,1,0
1073,1073,0,0,0,0e,60,0001871c,3ce2a7a4,04444444,000002ca,1,0,0,1,1,422354e8,0ade,"iSTATE2",1,39f5e5aa,39f5e5aa,fd14ab68,00000000,00000000,00000000,1,1021487012,4456,1,00000359,0,0,0,1,0
1074,1074,0,0,0,0e,60,0001871c,3cf4dc2a,04444444,000002ca,1,0,0,1,1,422354e8,0ade,"iSTATE2",1,3a081a30,3a081a30,fd14ab68,00000000,00000000,00000000,1,1022680106,4457,1,0000035a,0,0,0,1,0
1075,1075,0,0,0,0e,60,0001871c,3d07137a,04444444,000002ca,1,0,0,1,1,422354e8,0ade,"iSTATE2",1,3a1a5180,3a1a5180,fd14ab68,00000000,00000000,00000000,1,1023873914,4458,1,0000035b,0,0,0,1,0
1076,1076,0,0,0,0e,60,0001871c,3d194800,04444444,000002ca,1,0,0,1,1,422354e8,0ade,"iSTATE2",1,3a2c8606,3a2c8606,fd14ab68,00000000,00000000,00000000,1,1025067008,4459,1,0000035c,0,0,0,1,0
1077,1077,0,0,0,0e,60,0001871c,3d2b7c86,04444444,000002ca,1,0,0,1,1,422354e8,0ade,"iSTATE2",1,3a3eba8c,3a3eba8c,fd14ab68,00000000,00000000,00000000,1,1026260102,4460,1,0000035d,0,0,0,1,0
1078,1078,0,0,0,0e,60,0001871c,3d3db3d6,04444444,000002ca,1,0,0,1,1,422354e8,0ade,"iSTATE2",1,3a50f1dc,3a50f1dc,fd14ab68,00000000,00000000,00000000,1,1027453910,4461,1,0000035e,0,0,0,1,0
1079,1079,0,0,0,0e,60,0001871c,3d4fe85c,04444444,000002ca,1,0,0,1,1,422354e8,0ade,"iSTATE2",1,3a632662,3a632662,fd14ab68,00000000,00000000,00000000,1,1028647004,4462,1,0000035f,0,0,0,1,0
1080,1080,0,0,0,0e,60,0001871c,3d621ce2,04444444,000002ca,1,0,0,1,1,422354e8,0ade,"iSTATE2",1,3a755ae8,3a755ae8,fd14ab68,00000000,00000000,00000000,1,1029840098,4463,1,00000360,0,0,0,1,0
1081,1081,0,0,0,0e,60,0001871c,3d745432,04444444,000002ca,1,0,0,1,1,422354e8,0ade,"iSTATE2",1,3a879238,3a879238,fd14ab68,00000000,00000000,00000000,1,1031033906,4464,1,00000361,0,0,0,1,0
1082,1082,0,0,0,0e,60,0001871c,3d8688b8,04444444,000002ca,1,0,0,1,1,422354e8,0ade,"iSTATE2",1,3a99c6be,3a99c6be,fd14ab68,00000000,00000000,00000000,1,1032227000,4465,1,00000362,0,0,0,1,0
1083,1083,0,0,0,0e,60,0001871c,3d98bd3e,04444444,000002ca,1,0,0,1,1,422354e8,0ade,"iSTATE2",1,3aabfb44,3aabfb44,fd14ab68,00000000,00000000,00000000,1,1033420094,4466,1,00000363,0,0,0,1,0
1084,1084,0,0,0,0e,60,0001871c,3daaf48e,04444444,000002ca,1,0,0,1,1,422354e8,0ade,"iSTATE2",1,3abe3294,3abe3294,fd14ab68,00000000,00000000,00000000,1,1034613902,4467,1,00000364,0,0,0,1,0
1085,1085,0,0,0,0e,60,0001871c,3dbd2914,04444444,000002ca,1,0,0,1,1,422354e8,0ade,"iSTATE2",1,3ad0671a,3ad0671a,fd14ab68,00000000,00000000,00000000,1,1035806996,4468,1,00000365,0,0,0,1,0
1086,1086,0,0,0,0e,60,0001871c,3dcf5d9a,04444444,000002ca,1,0,0,1,1,422354e8,0ade,"iSTATE2",1,3ae29ba0,3ae29ba0,fd14ab68,00000000,00000000,00000000,1,1037000090,4469,1,00000366,0,0,0,1,0
1087,1087,0,0,0,0e,60,0001871c,3de194ea,04444444,000002ca,1,0,0,1,1,422354e8,0ade,"iSTATE2",1,3af4d2f0,3af4d2f0,fd14ab68,00000000,00000000,00000000,1,1038193898,4470,1,00000367,0,0,0,1,0
1088,1088,0,0,0,0e,60,0001871c,3df3c970,04444444,000002ca,1,0,0,1,1,422354e8,0ade,"iSTATE2",1,3b070776,3b070776,fd14ab68,00000000,00000000,00000000,1,1039386992,4471,1,00000368,0,0,0,1,0
1089,1089,0,0,0,0e,60,0001871c,3e05fdf6,04444444,000002ca,1,0,0,1,1,422354e8,0ade,"iSTATE2",1,3b193bfc,3b193bfc,fd14ab68,00000000,00000000,00000000,1,1040580086,4472,1,00000369,0,0,0,1,0
1090,1090,0,0,0,0e,60,0001871c,3e183546,04444444,000002ca,1,0,0,1,1,422354e8,0ade,"iSTATE2",1,3b2b734c,3b2b734c,fd14ab68,00000000,00000000,00000000,1,1041773894,4473,1,0000036a,0,0,0,1,0
1091,1091,0,0,0,0e,60,0001871c,3e2a69cc,04444444,000002ca,1,0,0,1,1,422354e8,0ade,"iSTATE2",1,3b3da7d2,3b3da7d2,fd14ab68,00000000,00000000,00000000,1,1042966988,4474,1,0000036b,0,0,0,1,0
1092,1092,0,0,0,0e,60,0001871c,3e3c9e52,04444444,000002ca,1,0,0,1,1,422354e8,0ade,"iSTATE2",1,3b4fdc58,3b4fdc58,fd14ab68,00000000,00000000,00000000,1,1044160082,4475,1,0000036c,0,0,0,1,0
1093,1093,0,0,0,0e,60,0001871c,3e4ed5a2,04444444,000002ca,1,0,0,1,1,422354e8,0ade,"iSTATE2",1,3b6213a8,3b6213a8,fd14ab68,00000000,00000000,00000000,1,1045353890,4476,1,0000036d,0,0,0,1,0
1094,1094,0,0,0,0e,60,0001871c,3e610a28,04444444,000002ca,1,0,0,1,1,422354e8,0ade,"iSTATE2",1,3b74482e,3b74482e,fd14ab68,00000000,00000000,00000000,1,1046546984,4477,1,0000036e,0,0,0,1,0
1095,1095,0,0,0,0e,60,0001871c,3e733eae,04444444,000002ca,1,0,0,1,1,422354e8,0ade,"iSTATE2",1,3b867cb4,3b867cb4,fd14ab68,00000000,00000000,00000000,1,1047740078,4478,1,0000036f,0,0,0,1,0
1096,1096,0,0,0,0e,60,0001871c,3e8575fe,04444444,000002ca,1,0,0,1,1,422354e8,0ade,"iSTATE2",1,3b98b404,3b98b404,fd14ab68,00000000,00000000,00000000,1,1048933886,4479,1,00000370,0,0,0,1,0
1097,1097,0,0,0,0e,60,0001871c,3e97aa84,04444444,000002ca,1,0,0,1,1,422354e8,0ade,"iSTATE2",1,3baae88a,3baae88a,fd14ab68,00000000,00000000,00000000,1,1050126980,4480,1,00000371,0,0,0,1,0
1098,1098,0,0,0,0e,60,0001871c,3ea9df0a,04444444,000002ca,1,0,0,1,1,422354e8,0ade,"iSTATE2",1,3bbd1d10,3bbd1d10,fd14ab68,00000000,00000000,00000000,1,1051320074,4481,1,00000372,0,0,0,1,0
1099,1099,0,0,0,0e,60,0001871c,3ebc165a,04444444,000002ca,1,0,0,1,1,422354e8,0ade,"iSTATE2",1,3bcf5460,3bcf5460,fd14ab68,00000000,00000000,00000000,1,1052513882,4482,1,00000373,0,0,0,1,0
1100,1100,0,0,0,0e,60,0001871c,3ece4ae0,04444444,000002ca,1,0,0,1,1,422354e8,0ade,"iSTATE2",1,3be188e6,3be188e6,fd14ab68,00000000,00000000,00000000,1,1053706976,4483,1,00000374,0,0,0,1,0
1101,1101,0,0,0,0e,60,0001871c,3ee07f66,04444444,000002ca,1,0,0,1,1,422354e8,0ade,"iSTATE2",1,3bf3bd6c,3bf3bd6c,fd14ab68,00000000,00000000,00000000,1,1054900070,4484,1,00000375,0,0,0,1,0
1102,1102,0,0,0,0e,60,0001871c,3ef2b6b6,04444444,000002ca,1,0,0,1,1,422354e8,0ade,"iSTATE2",1,3c05f4bc,3c05f4bc,fd14ab68,00000000,00000000,00000000,1,1056093878,4485,1,00000376,0,0,0,1,0
1103,1103,0,0,0,0e,60,0001871c,3f04eb3c,04444444,000002ca,1,0,0,1,1,422354e8,0ade,"iSTATE2",1,3c182942,3c182942,fd14ab68,00000000,00000000,00000000,1,1057286972,4486,1,00000377,0,0,0,1,0
1104,1104,0,0,0,0e,60,0001871c,3f171fc2,04444444,000002ca,1,0,0,1,1,422354e8,0ade,"iSTATE2",1,3c2a5dc8,3c2a5dc8,fd14ab68,00000000,00000000,00000000,1,1058480066,4487,1,00000378,0,0,0,1,0
1105,1105,0,0,0,0e,60,0001871c,3f295448,04444444,000002ca,1,0,0,1,1,422354e8,0ade,"iSTATE2",1,3c3c924e,3c3c924e,fd14ab68,00000000,00000000,00000000,1,1059673160,4488,1,00000379,0,0,0,1,0
1106,1106,0,0,0,0e,60,0001871c,3f3b8b98,04444444,000002ca,1,0,0,1,1,422354e8,0ade,"iSTATE2",1,3c4ec99e,3c4ec99e,fd14ab68,00000000,00000000,00000000,1,1060866968,4489,1,0000037a,0,0,0,1,0
1107,1107,0,0,0,0e,60,0001871c,3f4dc01e,04444444,000002ca,1,0,0,1,1,422354e8,0ade,"iSTATE2",1,3c60fe24,3c60fe24,fd14ab68,00000000,00000000,00000000,1,1062060062,4490,1,0000037b,0,0,0,1,0
1108,1108,0,0,0,0e,60,0001871c,3f5ff4a4,04444444,000002ca,1,0,0,1,1,422354e8,0ade,"iSTATE2",1,3c7332aa,3c7332aa,fd14ab68,00000000,00000000,00000000,1,1063253156,4491,1,0000037c,0,0,0,1,0
1109,1109,0,0,0,0e,60,0001871c,3f722bf4,04444444,000002ca,1,0,0,1,1,422354e8,0ade,"iSTATE2",1,3c8569fa,3c8569fa,fd14ab68,00000000,00000000,00000000,1,1064446964,4492,1,0000037d,0,0,0,1,0
1110,1110,0,0,0,0e,60,0001871c,3f84607a,04444444,000002ca,1,0,0,1,1,422354e8,0ade,"iSTATE2",1,3c979e80,3c979e80,fd14ab68,00000000,00000000,00000000,1,1065640058,4493,1,0000037e,0,0,0,1,0
1111,1111,0,0,0,0e,60,0001871c,3f969500,04444444,000002ca,1,0,0,1,1,422354e8,0ade,"iSTATE2",1,3ca9d306,3ca9d306,fd14ab68,00000000,00000000,00000000,1,1066833152,4494,1,0000037f,0,0,0,1,0
1112,1112,0,0,0,0e,60,0001871c,3fa8cc50,04444444,000002ca,1,0,0,1,1,422354e8,0ade,"iSTATE2",1,3cbc0a56,3cbc0a56,fd14ab68,00000000,00000000,00000000,1,1068026960,4495,1,00000380,0,0,0,1,0
1113,1113,0,0,0,0e,60,0001871c,3fbb00d6,04444444,000002ca,1,0,0,1,1,422354e8,0ade,"iSTATE2",1,3cce3edc,3cce3edc,fd14ab68,00000000,00000000,00000000,1,1069220054,4496,1,00000381,0,0,0,1,0
1114,1114,0,0,0,0e,60,0001871c,3fcd355c,04444444,000002ca,1,0,0,1,1,422354e8,0ade,"iSTATE2",1,3ce07362,3ce07362,fd14ab68,00000000,00000000,00000000,1,1070413148,4497,1,00000382,0,0,0,1,0
1115,1115,0,0,0,0e,60,0001871c,3fdf6cac,04444444,000002ca,1,0,0,1,1,422354e8,0ade,"iSTATE2",1,3cf2aab2,3cf2aab2,fd14ab68,00000000,00000000,00000000,1,1071606956,4498,1,00000383,0,0,0,1,0
1116,1116,0,0,0,0e,60,0001871c,3ff1a132,04444444,000002ca,1,0,0,1,1,422354e8,0ade,"iSTATE2",1,3d04df38,3d04df38,fd14ab68,00000000,00000000,00000000,1,1072800050,4499,1,00000384,0,0,0,1,0
1117,1117,0,1,0,0f,60,0001871b,4003d5bc,04444444,000002ca,1,0,0,1,1,422354e8,0ade,"iSTATE2",1,3d15a396,3d15a396,fd133e06,00000000,00000000,00000000,1,1073993148,4500,1,00000385,0,0,0,1,0
1118,1118,0,0,0,0f,60,0001871b,40160d0c,04444444,000002ca,1,0,0,1,1,422354e8,0ade,"iSTATE2",1,3d27dae6,3d27dae6,fd133e06,00000000,00000000,00000000,1,1075186956,4501,1,00000386,0,0,0,1,0
1119,1119,0,0,0,0f,60,0001871b,40284192,04444444,000002ca,1,0,0,1,1,422354e8,0ade,"iSTATE2",1,3d3a0f6c,3d3a0f6c,fd133e06,00000000,00000000,00000000,1,1076380050,4502,1,00000387,0,0,0,1,0
1120,1120,0,0,0,0f,60,0001871b,403a7618,04444444,000002ca,1,0,0,1,1,422354e8,0ade,"iSTATE2",1,3d4c43f2,3d4c43f2,fd133e06,00000000,00000000,00000000,1,1077573144,4503,1,00000388,0,0,0,1,0
1121,1121,0,0,0,0f,60,0001871b,404cad68,04444444,000002ca,1,0,0,1,1,422354e8,0ade,"iSTATE2",1,3d5e7b42,3d5e7b42,fd133e06,00000000,00000000,00000000,1,1078766952,4504,1,00000389,0,0,0,1,0
1122,1122,0,0,0,0f,60,0001871b,405ee1ee,04444444,000002ca,1,0,0,1,1,422354e8,0ade,"iSTATE2",1,3d70afc8,3d70afc8,fd133e06,00000000,00000000,00000000,1,1079960046,4505,1,0000038a,0,0,0,1,0
1123,1123,0,0,0,0f,60,0001871b,40711674,04444444,000002ca,1,0,0,1,1,422354e8,0ade,"iSTATE2",1,3d82e44e,3d82e44e,fd133e06,00000000,00000000,00000000,1,1081153140,4506,1,0000038b,0,0,0,1,0
1124,1124,0,0,0,0f,60,0001871b,40834dc4,04444444,000002ca,1,0,0,1,1,422354e8,0ade,"iSTATE2",1,3d951b9e,3d951b9e,fd133e06,00000000,00000000,00000000,1,1082346948,4507,1,0000038c,0,0,0,1,0
1125,1125,0,0,0,0f,60,0001871b,4095824a,04444444,000002ca,1,0,0,1,1,422354e8,0ade,"iSTATE2",1,3da75024,3da75024,fd133e06,00000000,00000000,00000000,1,1083540042,4508,1,0000038d,0,0,0,1,0
1126,1126,0,0,0,0f,60,0001871b,40a7b6d0,04444444,000002ca,1,0,0,1,1,422354e8,0ade,"iSTATE2",1,3db984aa,3db984aa,fd133e06,00000000,00000000,00000000,1,1084733136,4509,1,0000038e,0,0,0,1,0
1127,1127,0,0,0,0f,60,0001871b,40b9ee20,04444444,000002ca,1,0,0,1,1,422354e8,0ade,"iSTATE2",1,3dcbbbfa,3dcbbbfa,fd133e06,00000000,00000000,00000000,1,1085926944,4510,1,0000038f,0,0,0,1,0
1128,1128,0,0,0,0f,60,0001871b,40cc22a6,04444444,000002ca,1,0,0,1,1,422354e8,0ade,"iSTATE2",1,3dddf080,3dddf080,fd133e06,00000000,00000000,00000000,1,1087120038,4511,1,00000390,0,0,0,1,0
1129,1129,0,0,0,0f,60,0001871b,40de572c,04444444,000002ca,1,0,0,1,1,422354e8,0ade,"iSTATE2",1,3df02506,3df02506,fd133e06,00000000,00000000,00000000,1,1088313132,4512,1,00000391,0,0,0,1,0
1130,1130,0,0,0,0f,60,0001871b,40f08e7c,04444444,000002ca,1,0,0,1,1,422354e8,0ade,"iSTATE2",1,3e025c56,3e025c56,fd133e06,00000000,00000000,00000000,1,1089506940,4513,1,00000392,0,0,0,1,0
1131,1131,0,0,0,0f,60,0001871b,4102c302,04444444,000002ca,1,0,0,1,1,422354e8,0ade,"iSTATE2",1,3e1490dc,3e1490dc,fd133e06,00000000,00000000,00000000,1,1090700034,4514,1,00000393,0,0,0,1,0
1132,1132,0,0,0,0f,60,0001871b,4114f788,04444444,000002ca,1,0,0,1,1,422354e8,0ade,"iSTATE2",1,3e26c562,3e26c562,fd133e06,00000000,00000000,00000000,1,1091893128,4515,1,00000394,0,0,0,1,0
1133,1133,0,0,0,0f,60,0001871b,41272c0e,04444444,000002ca,1,0,0,1,1,422354e8,0ade,"iSTATE2",1,3e38f9e8,3e38f9e8,fd133e06,00000000,00000000,00000000,1,1093086222,4516,1,00000395,0,0,0,1,0
1134,1134,0,0,0,0f,60,0001871b,4139635e,04444444,000002ca,1,0,0,1,1,422354e8,0ade,"iSTATE2",1,3e4b3138,3e4b3138,fd133e06,00000000,00000000,00000000,1,1094280030,4517,1,00000396,0,0,0,1,0
1135,1135,0,0,0,0f,60,0001871b,414b97e4,04444444,000002ca,1,0,0,1,1,422354e8,0ade,"iSTATE2",1,3e5d65be,3e5d65be,fd133e06,00000000,00000000,00000000,1,1095473124,4518,1,00000397,0,0,0,1,0
1136,1136,0,0,0,0f,60,0001871b,415dcc6a,04444444,000002ca,1,0,0,1,1,422354e8,0ade,"iSTATE2",1,3e6f9a44,3e6f9a44,fd133e06,00000000,00000000,00000000,1,1096666218,4519,1,00000398,0,0,0,1,0
1137,1137,0,0,0,0f,60,0001871b,417003ba,04444444,000002ca,1,0,0,1,1,422354e8,0ade,"iSTATE2",1,3e81d194,3e81d194,fd133e06,00000000,00000000,00000000,1,1097860026,4520,1,00000399,0,0,0,1,0
1138,1138,0,0,0,0f,60,0001871b,41823840,04444444,000002ca,1,0,0,1,1,422354e8,0ade,"iSTATE2",1,3e94061a,3e94061a,fd133e06,00000000,00000000,00000000,1,1099053120,4521,1,0000039a,0,0,0,1,0
1139,1139,0,0,0,0f,60,0001871b,41946cc6,04444444,000002ca,1,0,0,1,1,422354e8,0ade,"iSTATE2",1,3ea63aa0,3ea63aa0,fd133e06,00000000,00000000,00000000,1,1100246214,4522,1,0000039b,0,0,0,1,0
1140,1140,0,0,0,0f,60,0001871b,41a6a416,04444444,000002ca,1,0,0,1,1,422354e8,0ade,"iSTATE2",1,3eb871f0,3eb871f0,fd133e06,00000000,00000000,00000000,1,1101440022,4523,1,0000039c,0,0,0,1,0
1141,1141,0,0,0,0f,60,0001871b,41b8d89c,04444444,000002ca,1,0,0,1,1,422354e8,0ade,"iSTATE2",1,3ecaa676,3ecaa676,fd133e06,00000000,00000000,00000000,1,1102633116,4524,1,0000039d,0,0,0,1,0
1142,1142,0,0,0,0f,60,0001871b,41cb0d22,04444444,000002ca,1,0,0,1,1,422354e8,0ade,"iSTATE2",1,3edcdafc,3edcdafc,fd133e06,00000000,00000000,00000000,1,1103826210,4525,1,0000039e,0,0,0,1,0
1143,1143,0,0,0,0f,60,0001871b,41dd4472,04444444,000002ca,1,0,0,1,1,422354e8,0ade,"iSTATE2",1,3eef124c,3eef124c,fd133e06,00000000,00000000,00000000,1,1105020018,4526,1,0000039f,0,0,0,1,0
1144,1144,0,0,0,0f,60,0001871b,41ef78f8,04444444,000002ca,1,0,0,1,1,422354e8,0ade,"iSTATE2",1,3f0146d2,3f0146d2,fd133e06,00000000,00000000,00000000,1,1106213112,4527,1,000003a0,0,0,0,1,0
1145,1145,0,0,0,0f,60,0001871b,4201ad7e,04444444,000002ca,1,0,0,1,1,422354e8,0ade,"iSTATE2",1,3f137b58,3f137b58,fd133e06,00000000,00000000,00000000,1,1107406206,4528,1,000003a1,0,0,0,1,0
1146,1146,0,0,0,0f,60,0001871b,4213e4ce,04444444,000002ca,1,0,0,1,1,422354e8,0ade,"iSTATE2",1,3f25b2a8,3f25b2a8,fd133e06,00000000,00000000,00000000,1,1108600014,4529,1,000003a2,0,0,0,1,0
1147,1147,0,0,0,0f,60,0001871b,42261954,04444444,000002ca,1,0,0,1,1,422354e8,0ade,"iSTATE2",1,3f37e72e,3f37e72e,fd133e06,00000000,00000000,00000000,1,1109793108,4530,1,000003a3,0,0,0,1,0
1148,1148,0,0,0,0f,60,0001871b,42384dda,04444444,000002ca,1,0,0,1,1,422354e8,0ade,"iSTATE2",1,3f4a1bb4,3f4a1bb4,fd133e06,00000000,00000000,00000000,1,1110986202,4531,1,000003a4,0,0,0,1,0
1149,1149,0,0,0,0f,60,0001871b,424a852a,04444444,000002ca,1,0,0,1,1,422354e8,0ade,"iSTATE2",1,3f5c5304,3f5c5304,fd133e06,00000000,00000000,00000000,1,1112180010,4532,1,000003a5,0,0,0,1,0
1150,1150,0,0,0,0f,60,0001871b,425cb9b0,04444444,000002ca,1,0,0,1,1,422354e8,0ade,"iSTATE2",1,3f6e878a,3f6e878a,fd133e06,00000000,00000000,00000000,1,1113373104,4533,1,000003a6,0,0,0,1,0
1151,1151,0,0,0,0f,60,0001871b,426eee36,04444444,000002ca,1,0,0,1,1,422354e8,0ade,"iSTATE2",1,3f80bc10,3f80bc10,fd133e06,00000000,00000000,00000000,1,1114566198,4534,1,000003a7,0,0,0,1,0
1152,1152,0,0,0,0f,60,0001871b,42812586,04444444,000002ca,1,0,0,1,1,422354e8,0ade,"iSTATE2",1,3f92f360,3f92f360,fd133e06,00000000,00000000,00000000,1,1115760006,4535,1,000003a8,0,0,0,1,0
1153,1153,0,0,0,0f,60,0001871b,42935a0c,04444444,000002ca,1,0,0,1,1,422354e8,0ade,"iSTATE2",1,3fa527e6,3fa527e6,fd133e06,00000000,00000000,00000000,1,1116953100,4536,1,000003a9,0,0,0,1,0
1154,1154,0,0,0,0f,60,0001871b,42a58e92,04444444,000002ca,1,0,0,1,1,422354e8,0ade,"iSTATE2",1,3fb75c6c,3fb75c6c,fd133e06,00000000,00000000,00000000,1,1118146194,4537,1,000003aa,0,0,0,1,0
1155,1155,0,0,0,0f,60,0001871b,42b7c5e2,04444444,000002ca,1,0,0,1,1,422354e8,0ade,"iSTATE2",1,3fc993bc,3fc993bc,fd133e06,00000000,00000000,00000000,1,1119340002,4538,1,000003ab,0,0,0,1,0
1156,1156,0,0,0,0f,60,0001871b,42c9fa68,04444444,000002ca,1,0,0,1,1,422354e8,0ade,"iSTATE2",1,3fdbc842,3fdbc842,fd133e06,00000000,00000000,00000000,1,1120533096,4539,1,000003ac,0,0,0,1,0
1157,1157,0,0,0,0f,60,0001871b,42dc2eee,04444444,000002ca,1,0,0,1,1,422354e8,0ade,"iSTATE2",1,3fedfcc8,3fedfcc8,fd133e06,00000000,00000000,00000000,1,1121726190,4540,1,000003ad,0,0,0,1,0
1158,1158,0,0,0,0f,60,0001871b,42ee663e,04444444,000002ca,1,0,0,1,1,422354e8,0ade,"iSTATE2",1,40003418,40003418,fd133e06,00000000,00000000,00000000,1,1122919998,4541,1,000003ae,0,0,0,1,0
1159,1159,0,0,0,0f,60,0001871b,43009ac4,04444444,000002ca,1,0,0,1,1,422354e8,0ade,"iSTATE2",1,4012689e,4012689e,fd133e06,00000000,00000000,00000000,1,1124113092,4542,1,000003af,0,0,0,1,0
1160,1160,0,0,0,0f,60,0001871b,4312cf4a,04444444,000002ca,1,0,0,1,1,422354e8,0ade,"iSTATE2",1,40249d24,40249d24,fd133e06,00000000,00000000,00000000,1,1125306186,4543,1,000003b0,0,0,0,1,0
1161,1161,0,0,0,0f,60,0001871b,4325069a,04444444,000002ca,1,0,0,1,1,422354e8,0ade,"iSTATE2",1,4036d474,4036d474,fd133e06,00000000,00000000,00000000,1,1126499994,4544,1,000003b1,0,0,0,1,0
1162,1162,0,0,0,0f,60,0001871b,43373b20,04444444,000002ca,1,0,0,1,1,422354e8,0ade,"iSTATE2",1,404908fa,404908fa,fd133e06,00000000,00000000,00000000,1,1127693088,4545,1,000003b2,0,0,0,1,0
1163,1163,0,0,0,0f,60,0001871b,43496fa6,04444444,000002ca,1,0,0,1,1,422354e8,0ade,"iSTATE2",1,405b3d80,405b3d80,fd133e06,00000000,00000000,00000000,1,1128886182,4546,1,000003b3,0,0,0,1,0
1164,1164,0,0,0,0f,60,0001871b,435ba42c,04444444,000002ca,1,0,0,1,1,422354e8,0ade,"iSTATE2",1,406d7206,406d7206,fd133e06,00000000,00000000,00000000,1,1130079276,4547,1,000003b4,0,0,0,1,0
1165,1165,0,0,0,0f,60,0001871b,436ddb7c,04444444,000002ca,1,0,0,1,1,422354e8,0ade,"iSTATE2",1,407fa956,407fa956,fd133e06,00000000,00000000,00000000,1,1131273084,4548,1,000003b5,0,0,0,1,0
1166,1166,0,0,0,0f,60,0001871b,43801002,04444444,000002ca,1,0,0,1,1,422354e8,0ade,"iSTATE2",1,4091dddc,4091dddc,fd133e06,00000000,00000000,00000000,1,1132466178,4549,1,000003b6,0,0,0,1,0
1167,1167,0,0,0,0f,60,0001871b,43924488,04444444,000002ca,1,0,0,1,1,422354e8,0ade,"iSTATE2",1,40a41262,40a41262,fd133e06,00000000,00000000,00000000,1,1133659272,4550,1,000003b7,0,0,0,1,0
1168,1168,0,0,0,0f,60,0001871b,43a47bd8,04444444,000002ca,1,0,0,1,1,422354e8,0ade,"iSTATE2",1,40b649b2,40b649b2,fd133e06,00000000,00000000,00000000,1,1134853080,4551,1,000003b8,0,0,0,1,0
1169,1169,0,0,0,0f,60,0001871b,43b6b05e,04444444,000002ca,1,0,0,1,1,422354e8,0ade,"iSTATE2",1,40c87e38,40c87e38,fd133e06,00000000,00000000,00000000,1,1136046174,4552,1,000003b9,0,0,0,1,0
1170,1170,0,0,0,0f,60,0001871b,43c8e4e4,04444444,000002ca,1,0,0,1,1,422354e8,0ade,"iSTATE2",1,40dab2be,40dab2be,fd133e06,00000000,00000000,00000000,1,1137239268,4553,1,000003ba,0,0,0,1,0
1171,1171,0,0,0,0f,60,0001871b,43db1c34,04444444,000002ca,1,0,0,1,1,422354e8,0ade,"iSTATE2",1,40ecea0e,40ecea0e,fd133e06,00000000,00000000,00000000,1,1138433076,4554,1,000003bb,0,0,0,1,0
1172,1172,0,0,0,0f,60,0001871b,43ed50ba,04444444,000002ca,1,0,0,1,1,422354e8,0ade,"iSTATE2",1,40ff1e94,40ff1e94,fd133e06,00000000,00000000,00000000,1,1139626170,4555,1,000003bc,0,0,0,1,0
1173,1173,0,0,0,0f,60,0001871b,43ff8540,04444444,000002ca,1,0,0,1,1,422354e8,0ade,"iSTATE2",1,4111531a,4111531a,fd133e06,00000000,00000000,00000000,1,1140819264,4556,1,000003bd,0,0,0,1,0
1174,1174,0,0,0,0f,60,0001871b,4411bc90,04444444,000002ca,1,0,0,1,1,422354e8,0ade,"iSTATE2",1,41238a6a,41238a6a,fd133e06,00000000,00000000,00000000,1,1142013072,4557,1,000003be,0,0,0,1,0
1175,1175,0,0,0,0f,60,0001871b,4423f116,04444444,000002ca,1,0,0,1,1,422354e8,0ade,"iSTATE2",1,4135bef0,4135bef0,fd133e06,00000000,00000000,00000000,1,1143206166,4558,1,000003bf,0,0,0,1,0
1176,1176,0,0,0,0f,60,0001871b,4436259c,04444444,000002ca,1,0,0,1,1,422354e8,0ade,"iSTATE2",1,4147f376,4147f376,fd133e06,00000000,00000000,00000000,1,1144399260,4559,1,000003c0,0,0,0,1,0
1177,1177,0,1,0,10,60,0001871c,44485cf0,04444444,000002ca,1,0,0,1,1,422354e8,0ade,"iSTATE2",1,4158bd68,4158bd68,fd11cdda,00000000,00000000,00000000,1,1145593072,4560,1,000003c1,0,0,0,1,0
1178,1178,0,0,0,10,60,0001871c,445a9176,04444444,000002ca,1,0,0,1,1,422354e8,0ade,"iSTATE2",1,416af1ee,416af1ee,fd11cdda,00000000,00000000,00000000,1,1146786166,4561,1,000003c2,0,0,0,1,0
1179,1179,0,0,0,10,60,0001871c,446cc5fc,04444444,000002ca,1,0,0,1,1,422354e8,0ade,"iSTATE2",1,417d2674,417d2674,fd11cdda,00000000,00000000,00000000,1,1147979260,4562,1,000003c3,0,0,0,1,0
1180,1180,0,0,0,10,60,0001871c,447efd4c,04444444,000002ca,1,0,0,1,1,422354e8,0ade,"iSTATE2",1,418f5dc4,418f5dc4,fd11cdda,00000000,00000000,00000000,1,1149173068,4563,1,000003c4,0,0,0,1,0
1181,1181,0,0,0,10,60,0001871c,449131d2,04444444,000002ca,1,0,0,1,1,422354e8,0ade,"iSTATE2",1,41a1924a,41a1924a,fd11cdda,00000000,00000000,00000000,1,1150366162,4564,1,000003c5,0,0,0,1,0
1182,1182,0,0,0,10,60,0001871c,44a36658,04444444,000002ca,1,0,0,1,1,422354e8,0ade,"iSTATE2",1,41b3c6d0,41b3c6d0,fd11cdda,00000000,00000000,00000000,1,1151559256,4565,1,000003c6,0,0,0,1,0
1183,1183,0,0,0,10,60,0001871c,44b59da8,04444444,000002ca,1,0,0,1,1,422354e8,0ade,"iSTATE2",1,41c5fe20,41c5fe20,fd11cdda,00000000,00000000,00000000,1,1152753064,4566,1,000003c7,0,0,0,1,0
1184,1184,0,0,0,10,60,0001871c,44c7d22e,04444444,000002ca,1,0,0,1,1,422354e8,0ade,"iSTATE2",1,41d832a6,41d832a6,fd11cdda,00000000,00000000,00000000,1,1153946158,4567,1,000003c8,0,0,0,1,0
1185,1185,0,0,0,10,60,0001871c,44da06b4,04444444,000002ca,1,0,0,1,1,422354e8,0ade,"iSTATE2",1,41ea672c,41ea672c,fd11cdda,00000000,00000000,00000000,1,1155139252,4568,1,000003c9,0,0,0,1,0
1186,1186,0,0,0,10,60,0001871c,44ec3e04,04444444,000002ca,1,0,0,1,1,422354e8,0ade,"iSTATE2",1,41fc9e7c,41fc9e7c,fd11cdda,00000000,00000000,00000000,1,1156333060,4569,1,000003ca,0,0,0,1,0
1187,1187,0,0,0,10,60,0001871c,44fe728a,04444444,000002ca,1,0,0,1,1,422354e8,0ade,"iSTATE2",1,420ed302,420ed302,fd11cdda,00000000,00000000,00000000,1,1157526154,4570,1,000003cb,0,0,0,1,0
1188,1188,0,0,0,10,60,0001871c,4510a710,04444444,000002ca,1,0,0,1,1,422354e8,0ade,"iSTATE2",1,42210788,42210788,fd11cdda,00000000,00000000,00000000,1,1158719248,4571,1,000003cc,0,0,0,1,0
1189,1189,0,0,0,10,60,0001871c,4522de60,04444444,000002ca,1,0,0,1,1,422354e8,0ade,"iSTATE2",1,42333ed8,42333ed8,fd11cdda,00000000,00000000,00000000,1,1159913056,4572,1,000003cd,0,0,0,1,0
1190,1190,0,0,0,10,60,0001871c,453512e6,04444444,000002ca,1,0,0,1,1,422354e8,0ade,"iSTATE2",1,4245735e,4245735e,fd11cdda,00000000,00000000,00000000,1,1161106150,4573,1,000003ce,0,0,0,1,0
1191,1191,0,0,0,10,60,0001871c,4547476c,04444444,000002ca,1,0,0,1,1,422354e8,0ade,"iSTATE2",1,4257a7e4,4257a7e4,fd11cdda,00000000,00000000,00000000,1,1162299244,4574,1,000003cf,0,0,0,1,0
1192,1192,0,0,0,10,60,0001871c,45597bf2,04444444,000002ca,1,0,0,1,1,422354e8,0ade,"iSTATE2",1,4269dc6a,4269dc6a,fd11cdda,00000000,00000000,00000000,1,1163492338,4575,1,000003d0,0,0,0,1,0
1193,1193,0,0,0,10,60,0001871c,456bb342,04444444,000002ca,1,0,0,1,1,422354e8,0ade,"iSTATE2",1,427c13ba,427c13ba,fd11cdda,00000000,00000000,00000000,1,1164686146,4576,1,000003d1,0,0,0,1,0
1194,1194,0,0,0,10,60,0001871c,457de7c8,04444444,000002ca,1,0,0,1,1,422354e8,0ade,"iSTATE2",1,428e4840,428e4840,fd11cdda,00000000,00000000,00000000,1,1165879240,4577,1,000003d2,0,0,0,1,0
1195,1195,0,0,0,10,60,0001871c,45901c4e,04444444,000002ca,1,0,0,1,1,422354e8,0ade,"iSTATE2",1,42a07cc6,42a07cc6,fd11cdda,00000000,00000000,00000000,1,1167072334,4578,1,000003d3,0,0,0,1,0
1196,1196,0,0,0,10,60,0001871c,45a2539e,04444444,000002ca,1,0,0,1,1,422354e8,0ade,"iSTATE2",1,42b2b416,42b2b416,fd11cdda,00000000,00000000,00000000,1,1168266142,4579,1,000003d4,0,0,0,1,0
1197,1197,0,0,0,10,60,0001871c,45b48824,04444444,000002ca,1,0,0,1,1,422354e8,0ade,"iSTATE2",1,42c4e89c,42c4e89c,fd11cdda,00000000,00000000,00000000,1,1169459236,4580,1,000003d5,0,0,0,1,0
1198,1198,0,0,0,10,60,0001871c,45c6bcaa,04444444,000002ca,1,0,0,1,1,422354e8,0ade,"iSTATE2",1,42d71d22,42d71d22,fd11cdda,00000000,00000000,00000000,1,1170652330,4581,1,000003d6,0,0,0,1,0
1199,1199,0,0,0,10,60,0001871c,45d8f3fa,04444444,000002ca,1,0,0,1,1,422354e8,0ade,"iSTATE2",1,42e95472,42e95472,fd11cdda,00000000,00000000,00000000,1,1171846138,4582,1,000003d7,0,0,0,1,0
1200,1200,0,0,0,10,60,0001871c,45eb2880,04444444,000002ca,1,0,0,1,1,422354e8,0ade,"iSTATE2",1,42fb88f8,42fb88f8,fd11cdda,00000000,00000000,00000000,1,1173039232,4583,1,000003d8,0,0,0,1,0
1201,1201,0,0,0,10,60,0001871c,45fd5d06,04444444,000002ca,1,0,0,1,1,422354e8,0ade,"iSTATE2",1,430dbd7e,430dbd7e,fd11cdda,00000000,00000000,00000000,1,1174232326,4584,1,000003d9,0,0,0,1,0
1202,1202,0,0,0,10,60,0001871c,460f9456,04444444,000002ca,1,0,0,1,1,422354e8,0ade,"iSTATE2",1,431ff4ce,431ff4ce,fd11cdda,00000000,00000000,00000000,1,1175426134,4585,1,000003da,0,0,0,1,0
1203,1203,0,0,0,10,60,0001871c,4621c8dc,04444444,000002ca,1,0,0,1,1,422354e8,0ade,"iSTATE2",1,43322954,43322954,fd11cdda,00000000,00000000,00000000,1,1176619228,4586,1,000003db,0,0,0,1,0
1204,1204,0,0,0,10,60,0001871c,4633fd62,04444444,000002ca,1,0,0,1,1,422354e8,0ade,"iSTATE2",1,43445dda,43445dda,fd11cdda,00000000,00000000,00000000,1,1177812322,4587,1,000003dc,0,0,0,1,0
1205,1205,0,0,0,10,60,0001871c,464634b2,04444444,000002ca,1,0,0,1,1,422354e8,0ade,"iSTATE2",1,4356952a,4356952a,fd11cdda,00000000,00000000,00000000,1,1179006130,4588,1,000003dd,0,0,0,1,0
1206,1206,0,0,0,10,60,0001871c,46586938,04444444,000002ca,1,0,0,1,1,422354e8,0ade,"iSTATE2",1,4368c9b0,4368c9b0,fd11cdda,00000000,00000000,00000000,1,1180199224,4589,1,000003de,0,0,0,1,0
1207,1207,0,0,0,10,60,0001871c,466a9dbe,04444444,000002ca,1,0,0,1,1,422354e8,0ade,"iSTATE2",1,437afe36,437afe36,fd11cdda,00000000,00000000,00000000,1,1181392318,4590,1,000003df,0,0,0,1,0
1208,1208,0,0,0,10,60,0001871c,467cd50e,04444444,000002ca,1,0,0,1,1,422354e8,0ade,"iSTATE2",1,438d3586,438d3586,fd11cdda,00000000,00000000,00000000,1,1182586126,4591,1,000003e0,0,0,0,1,0
1209,1209,0,0,0,10,60,0001871c,468f0994,04444444,000002ca,1,0,0,1,1,422354e8,0ade,"iSTATE2",1,439f6a0c,439f6a0c,fd11cdda,00000000,00000000,00000000,1,1183779220,4592,1,000003e1,0,0,0,1,0
1210,1210,0,0,0,10,60,0001871c,46a13e1a,04444444,000002ca,1,0,0,1,1,422354e8,0ade,"iSTATE2",1,43b19e92,43b19e92,fd11cdda,00000000,00000000,00000000,1,1184972314,4593,1,000003e2,0,0,0,1,0
1211,1211,0,0,0,10,60,0001871c,46b3756a,04444444,000002ca,1,0,0,1,1,422354e8,0ade,"iSTATE2",1,43c3d5e2,43c3d5e2,fd11cdda,00000000,00000000,00000000,1,1186166122,4594,1,000003e3,0,0,0,1,0
1212,1212,0,0,0,10,60,0001871c,46c5a9f0,04444444,000002ca,1,0,0,1,1,422354e8,0ade,"iSTATE2",1,43d60a68,43d60a68,fd11cdda,00000000,00000000,00000000,1,1187359216,4595,1,000003e4,0,0,0,1,0
1213,1213,0,0,0,10,60,0001871c,46d7de76,04444444,000002ca,1,0,0,1,1,422354e8,0ade,"iSTATE2",1,43e83eee,43e83eee,fd11cdda,00000000,00000000,00000000,1,1188552310,4596,1,000003e5,0,0,0,1,0
1214,1214,0,0,0,10,60,0001871c,46ea15c6,04444444,000002ca,1,0,0,1,1,422354e8,0ade,"iSTATE2",1,43fa763e,43fa763e,fd11cdda,00000000,00000000,00000000,1,1189746118,4597,1,000003e6,0,0,0,1,0
1215,1215,0,0,0,10,60,0001871c,46fc4a4c,04444444,000002ca,1,0,0,1,1,422354e8,0ade,"iSTATE2",1,440caac4,440caac4,fd11cdda,00000000,00000000,00000000,1,1190939212,4598,1,000003e7,0,0,0,1,0
1216,1216,0,0,0,10,60,0001871c,470e7ed2,04444444,000002ca,1,0,0,1,1,422354e8,0ade,"iSTATE2",1,441edf4a,441edf4a,fd11cdda,00000000,00000000,00000000,1,1192132306,4599,1,000003e8,0,0,0,1,0
1217,1217,0,0,0,10,60,0001871c,4720b622,04444444,000002ca,1,0,0,1,1,422354e8,0ade,"iSTATE2",1,4431169a,4431169a,fd11cdda,00000000,00000000,00000000,1,1193326114,4600,1,000003e9,0,0,0,1,0
1218,1218,0,0,0,10,60,0001871c,4732eaa8,04444444,000002ca,1,0,0,1,1,422354e8,0ade,"iSTATE2",1,44434b20,44434b20,fd11cdda,00000000,00000000,00000000,1,1194519208,4601,1,000003ea,0,0,0,1,0
1219,1219,0,0,0,10,60,0001871c,47451f2e,04444444,000002ca,1,0,0,1,1,422354e8,0ade,"iSTATE2",1,44557fa6,44557fa6,fd11cdda,00000000,00000000,00000000,1,1195712302,4602,1,000003eb,0,0,0,1,0
1220,1220,0,0,0,10,60,0001871c,4757567e,04444444,000002ca,1,0,0,1,1,422354e8,0ade,"iSTATE2",1,4467b6f6,4467b6f6,fd11cdda,00000000,00000000,00000000,1,1196906110,4603,1,000003ec,0,0,0,1,0
1221,1221,0,0,0,10,60,0001871c,47698b04,04444444,000002ca,1,0,0,1,1,422354e8,0ade,"iSTATE2",1,4479eb7c,4479eb7c,fd11cdda,00000000,00000000,00000000,1,1198099204,4604,1,000003ed,0,0,0,1,0
1222,1222,0,0,0,10,60,0001871c,477bbf8a,04444444,000002ca,1,0,0,1,1,422354e8,0ade,"iSTATE2",1,448c2002,448c2002,fd11cdda,00000000,00000000,00000000,1,1199292298,4605,1,000003ee,0,0,0,1,0
1223,1223,0,0,0,10,60,0001871c,478df410,04444444,000002ca,1,0,0,1,1,422354e8,0ade,"iSTATE2",1,449e5488,449e5488,fd11cdda,00000000,00000000,00000000,1,1200485392,4606,1,000003ef,0,0,0,1,0
1224,1224,0,0,0,10,60,0001871c,47a02b60,04444444,000002ca,1,0,0,1,1,422354e8,0ade,"iSTATE2",1,44b08bd8,44b08bd8,fd11cdda,00000000,00000000,00000000,1,1201679200,4607,1,000003f0,0,0,0,1,0
1225,1225,0,0,0,10,60,0001871c,47b25fe6,04444444,000002ca,1,0,0,1,1,422354e8,0ade,"iSTATE2",1,44c2c05e,44c2c05e,fd11cdda,00000000,00000000,00000000,1,1202872294,4608,1,000003f1,0,0,0,1,0
1226,1226,0,0,0,10,60,0001871c,47c4946c,04444444,000002ca,1,0,0,1,1,422354e8,0ade,"iSTATE2",1,44d4f4e4,44d4f4e4,fd11cdda,00000000,00000000,00000000,1,1204065388,4609,1,000003f2,0,0,0,1,0
1227,1227,0,0,0,10,60,0001871c,47d6cbbc,04444444,000002ca,1,0,0,1,1,422354e8,0ade,"iSTATE2",1,44e72c34,44e72c34,fd11cdda,00000000,00000000,00000000,1,1205259196,4610,1,000003f3,0,0,0,1,0
1228,1228,0,0,0,10,60,0001871c,47e90042,04444444,000002ca,1,0,0,1,1,422354e8,0ade,"iSTATE2",1,44f960ba,44f960ba,fd11cdda,00000000,00000000,00000000,1,1206452290,4611,1,000003f4,0,0,0,1,0
1229,1229,0,0,0,10,60,0001871c,47fb34c8,04444444,000002ca,1,0,0,1,1,422354e8,0ade,"iSTATE2",1,450b9540,450b9540,fd11cdda,00000000,00000000,00000000,1,1207645384,4612,1,000003f5,0,0,0,1,0
1230,1230,0,0,0,10,60,0001871c,480d6c18,04444444,000002ca,1,0,0,1,1,422354e8,0ade,"iSTATE2",1,451dcc90,451dcc90,fd11cdda,00000000,00000000,00000000,1,1208839192,4613,1,000003f6,0,0,0,1,0
1231,1231,0,0,0,10,60,0001871c,481fa09e,04444444,000002ca,1,0,0,1,1,422354e8,0ade,"iSTATE2",1,45300116,45300116,fd11cdda,00000000,00000000,00000000,1,1210032286,4614,1,000003f7,0,0,0,1,0
1232,1232,0,0,0,10,60,0001871c,4831d524,04444444,000002ca,1,0,0,1,1,422354e8,0ade,"iSTATE2",1,4542359c,4542359c,fd11cdda,00000000,00000000,00000000,1,1211225380,4615,1,000003f8,0,0,0,1,0
1233,1233,0,0,0,10,60,0001871c,48440c74,04444444,000002ca,1,0,0,1,1,422354e8,0ade,"iSTATE2",1,45546cec,45546cec,fd11cdda,00000000,00000000,00000000,1,1212419188,4616,1,000003f9,0,0,0,1,0
1234,1234,0,0,0,10,60,0001871c,485640fa,04444444,000002ca,1,0,0,1,1,422354e8,0ade,"iSTATE2",1,4566a172,4566a172,fd11cdda,00000000,00000000,00000000,1,1213612282,4617,1,000003fa,0,0,0,1,0
1235,1235,0,0,0,10,60,0001871c,48687580,04444444,000002ca,1,0,0,1,1,422354e8,0ade,"iSTATE2",1,4578d5f8,4578d5f8,fd11cdda,00000000,00000000,00000000,1,1214805376,4618,1,000003fb,0,0,0,1,0
1236,1236,0,0,0,10,60,0001871c,487aacd0,04444444,000002ca,1,0,0,1,1,422354e8,0ade,"iSTATE2",1,458b0d48,458b0d48,fd11cdda,00000000,00000000,00000000,1,1215999184,4619,1,000003fc,0,0,0,1,0
1237,1237,0,1,0,11,60,0001871c,488ce15a,04444444,000002ca,1,0,0,1,1,422354e8,0ade,"iSTATE2",1,459b99de,459b99de,fd106078,00000000,00000000,00000000,1,1217192282,4620,1,000003fd,0,0,0,1,0
1238,1238,0,0,0,11,60,0001871c,489f15e0,04444444,000002ca,1,0,0,1,1,422354e8,0ade,"iSTATE2",1,45adce64,45adce64,fd106078,00000000,00000000,00000000,1,1218385376,4621,1,000003fe,0,0,0,1,0
1239,1239,0,0,0,11,60,0001871c,48b14d30,04444444,000002ca,1,0,0,1,1,422354e8,0ade,"iSTATE2",1,45c005b4,45c005b4,fd106078,00000000,00000000,00000000,1,1219579184,4622,1,000003ff,0,0,0,1,0
1240,1240,0,0,0,11,60,0001871c,48c381b6,04444444,000002ca,1,0,0,1,1,422354e8,0ade,"iSTATE2",1,45d23a3a,45d23a3a,fd106078,00000000,00000000,00000000,1,1220772278,4623,1,00000400,0,0,0,1,0
1241,1241,0,0,0,11,60,0001871c,48d5b63c,04444444,000002ca,1,0,0,1,1,422354e8,0ade,"iSTATE2",1,45e46ec0,45e46ec0,fd106078,00000000,00000000,00000000,1,1221965372,4624,1,00000401,0,0,0,1,0
1242,1242,0,0,0,11,60,0001871c,48e7ed8c,04444444,000002ca,1,0,0,1,1,422354e8,0ade,"iSTATE2",1,45f6a610,45f6a610,fd106078,00000000,00000000,00000000,1,1223159180,4625,1,00000402,0,0,0,1,0
1243,1243,0,0,0,11,60,0001871c,48fa2212,04444444,000002ca,1,0,0,1,1,422354e8,0ade,"iSTATE2",1,4608da96,4608da96,fd106078,00000000,00000000,00000000,1,1224352274,4626,1,00000403,0,0,0,1,0
1244,1244,0,0,0,11,60,0001871c,490c5698,04444444,000002ca,1,0,0,1,1,422354e8,0ade,"iSTATE2",1,461b0f1c,461b0f1c,fd106078,00000000,00000000,00000000,1,1225545368,4627,1,00000404,0,0,0,1,0
1245,1245,0,0,0,11,60,0001871c,491e8de8,04444444,000002ca,1,0,0,1,1,422354e8,0ade,"iSTATE2",1,462d466c,462d466c,fd106078,00000000,00000000,00000000,1,1226739176,4628,1,00000405,0,0,0,1,0
1246,1246,0,0,0,11,60,0001871c,4930c26e,04444444,000002ca,1,0,0,1,1,422354e8,0ade,"iSTATE2",1,463f7af2,463f7af2,fd106078,00000000,00000000,00000000,1,1227932270,4629,1,00000406,0,0,0,1,0
1247,1247,0,0,0,11,60,0001871c,4942f6f4,04444444,000002ca,1,0,0,1,1,422354e8,0ade,"iSTATE2",1,4651af78,4651af78,fd106078,00000000,00000000,00000000,1,1229125364,4630,1,00000407,0,0,0,1,0
1248,1248,0,0,0,11,60,0001871c,49552e44,04444444,000002ca,1,0,0,1,1,422354e8,0ade,"iSTATE2",1,4663e6c8,4663e6c8,fd106078,00000000,00000000,00000000,1,1230319172,4631,1,00000408,0,0,0,1,0
1249,1249,0,0,0,11,60,0001871c,496762ca,04444444,000002ca,1,0,0,1,1,422354e8,0ade,"iSTATE2",1,46761b4e,46761b4e,fd106078,00000000,00000000,00000000,1,1231512266,4632,1,00000409,0,0,0,1,0
1250,1250,0,0,0,11,60,0001871c,49799750,04444444,000002ca,1,0,0,1,1,422354e8,0ade,"iSTATE2",1,46884fd4,46884fd4,fd106078,00000000,00000000,00000000,1,1232705360,4633,1,0000040a,0,0,0,1,0
1251,1251,0,0,0,11,60,0001871c,498bcbd6,04444444,000002ca,1,0,0,1,1,422354e8,0ade,"iSTATE2",1,469a845a,469a845a,fd106078,00000000,00000000,00000000,1,1233898454,4634,1,0000040b,0,0,0,1,0
1252,1252,0,0,0,11,60,0001871c,499e0326,04444444,000002ca,1,0,0,1,1,422354e8,0ade,"iSTATE2",1,46acbbaa,46acbbaa,fd106078,00000000,00000000,00000000,1,1235092262,4635,1,0000040c,0,0,0,1,0
1253,1253,0,0,0,11,60,0001871c,49b037ac,04444444,000002ca,1,0,0,1,1,422354e8,0ade,"iSTATE2",1,46bef030,46bef030,fd106078,00000000,00000000,00000000,1,1236285356,4636,1,0000040d,0,0,0,1,0
1254,1254,0,0,0,11,60,0001871c,49c26c32,04444444,000002ca,1,0,0,1,1,422354e8,0ade,"iSTATE2",1,46d124b6,46d124b6,fd106078,00000000,00000000,00000000,1,1237478450,4637,1,0000040e,0,0,0,1,0
1255,1255,0,0,0,11,60,0001871c,49d4a382,04444444,000002ca,1,0,0,1,1,422354e8,0ade,"iSTATE2",1,46e35c06,46e35c06,fd106078,00000000,00000000,00000000,1,1238672258,4638,1,0000040f,0,0,0,1,0
1256,1256,0,0,0,11,60,0001871c,49e6d808,04444444,000002ca,1,0,0,1,1,422354e8,0ade,"iSTATE2",1,46f5908c,46f5908c,fd106078,00000000,00000000,00000000,1,1239865352,4639,1,00000410,0,0,0,1,0
1257,1257,0,0,0,11,60,0001871c,49f90c8e,04444444,000002ca,1,0,0,1,1,422354e8,0ade,"iSTATE2",1,4707c512,4707c512,fd106078,00000000,00000000,00000000,1,1241058446,4640,1,00000411,0,0,0,1,0
1258,1258,0,0,0,11,60,0001871c,4a0b43de,04444444,000002ca,1,0,0,1,1,422354e8,0ade,"iSTATE2",1,4719fc62,4719fc62,fd106078,00000000,00000000,00000000,1,1242252254,4641,1,00000412,0,0,0,1,0
1259,1259,0,0,0,11,60,0001871c,4a1d7864,04444444,000002ca,1,0,0,1,1,422354e8,0ade,"iSTATE2",1,472c30e8,472c30e8,fd106078,00000000,00000000,00000000,1,1243445348,4642,1,00000413,0,0,0,1,0
1260,1260,0,0,0,11,60,0001871c,4a2facea,04444444,000002ca,1,0,0,1,1,422354e8,0ade,"iSTATE2",1,473e656e,473e656e,fd106078,00000000,00000000,00000000,1,1244638442,4643,1,00000414,0,0,0,1,0
1261,1261,0,0,0,11,60,0001871c,4a41e43a,04444444,000002ca,1,0,0,1,1,422354e8,0ade,"iSTATE2",1,47509cbe,47509cbe,fd106078,00000000,00000000,00000000,1,1245832250,4644,1,00000415,0,0,0,1,0
1262,1262,0,0,0,11,60,0001871c,4a5418c0,04444444,000002ca,1,0,0,1,1,422354e8,0ade,"iSTATE2",1,4762d144,4762d144,fd106078,00000000,00000000,00000000,1,1247025344,4645,1,00000416,0,0,0,1,0
1263,1263,0,0,0,11,60,0001871c,4a664d46,04444444,000002ca,1,0,0,1,1,422354e8,0ade,"iSTATE2",1,477505ca,477505ca,fd106078,00000000,00000000,00000000,1,1248218438,4646,1,00000417,0,0,0,1,0
1264,1264,0,0,0,11,60,0001871c,4a788496,04444444,000002ca,1,0,0,1,1,422354e8,0ade,"iSTATE2",1,47873d1a,47873d1a,fd106078,00000000,00000000,00000000,1,1249412246,4647,1,00000418,0,0,0,1,0
1265,1265,0,0,0,11,60,0001871c,4a8ab91c,04444444,000002ca,1,0,0,1,1,422354e8,0ade,"iSTATE2",1,479971a0,479971a0,fd106078,00000000,00000000,00000000,1,1250605340,4648,1,00000419,0,0,0,1,0
1266,1266,0,0,0,11,60,0001871c,4a9ceda2,04444444,000002ca,1,0,0,1,1,422354e8,0ade,"iSTATE2",1,47aba626,47aba626,fd106078,00000000,00000000,00000000,1,1251798434,4649,1,0000041a,0,0,0,1,0
1267,1267,0,0,0,11,60,0001871c,4aaf24f2,04444444,000002ca,1,0,0,1,1,422354e8,0ade,"iSTATE2",1,47bddd76,47bddd76,fd106078,00000000,00000000,00000000,1,1252992242,4650,1,0000041b,0,0,0,1,0
1268,1268,0,0,0,11,60,0001871c,4ac15978,04444444,000002ca,1,0,0,1,1,422354e8,0ade,"iSTATE2",1,47d011fc,47d011fc,fd106078,00000000,00000000,00000000,1,1254185336,4651,1,0000041c,0,0,0,1,0
1269,1269,0,0,0,11,60,0001871c,4ad38dfe,04444444,000002ca,1,0,0,1,1,422354e8,0ade,"iSTATE2",1,47e24682,47e24682,fd106078,00000000,00000000,00000000,1,1255378430,4652,1,0000041d,0,0,0,1,0
1270,1270,0,0,0,11,60,0001871c,4ae5c54e,04444444,000002ca,1,0,0,1,1,422354e8,0ade,"iSTATE2",1,47f47dd2,47f47dd2,fd106078,00000000,00000000,00000000,1,1256572238,4653,1,0000041e,0,0,0,1,0
1271,1271,0,0,0,11,60,0001871c,4af7f9d4,04444444,000002ca,1,0,0,1,1,422354e8,0ade,"iSTATE2",1,4806b258,4806b258,fd106078,00000000,00000000,00000000,1,1257765332,4654,1,0000041f,0,0,0,1,0
1272,1272,0,0,0,11,60,0001871c,4b0a2e5a,04444444,000002ca,1,0,0,1,1,422354e8,0ade,"iSTATE2",1,4818e6de,4818e6de,fd106078,00000000,00000000,00000000,1,1258958426,4655,1,00000420,0,0,0,1,0
1273,1273,0,0,0,11,60,0001871c,4b1c65aa,04444444,000002ca,1,0,0,1,1,422354e8,0ade,"iSTATE2",1,482b1e2e,482b1e2e,fd106078,00000000,00000000,00000000,1,1260152234,4656,1,00000421,0,0,0,1,0
1274,1274,0,0,0,11,60,0001871c,4b2e9a30,04444444,000002ca,1,0,0,1,1,422354e8,0ade,"iSTATE2",1,483d52b4,483d52b4,fd106078,00000000,00000000,00000000,1,1261345328,4657,1,00000422,0,0,0,1,0
1275,1275,0,0,0,11,60,0001871c,4b40ceb6,04444444,000002ca,1,0,0,1,1,422354e8,0ade,"iSTATE2",1,484f873a,484f873a,fd106078,00000000,00000000,00000000,1,1262538422,4658,1,00000423,0,0,0,1,0
1276,1276,0,0,0,11,60,0001871c,4b530606,04444444,000002ca,1,0,0,1,1,422354e8,0ade,"iSTATE2",1,4861be8a,4861be8a,fd106078,00000000,00000000,00000000,1,1263732230,4659,1,00000424,0,0,0,1,0
1277,1277,0,0,0,11,60,0001871c,4b653a8c,04444444,000002ca,1,0,0,1,1,422354e8,0ade,"iSTATE2",1,4873f310,4873f310,fd106078,00000000,00000000,00000000,1,1264925324,4660,1,00000425,0,0,0,1,0
1278,1278,0,0,0,11,60,0001871c,4b776f12,04444444,000002ca,1,0,0,1,1,422354e8,0ade,"iSTATE2",1,48862796,48862796,fd106078,00000000,00000000,00000000,1,1266118418,4661,1,00000426,0,0,0,1,0
1279,1279,0,0,0,11,60,0001871c,4b89a662,04444444,000002ca,1,0,0,1,1,422354e8,0ade,"iSTATE2",1,48985ee6,48985ee6,fd106078,00000000,00000000,00000000,1,1267312226,4662,1,00000427,0,0,0,1,0
1280,1280,0,0,0,11,60,0001871c,4b9bdae8,04444444,000002ca,1,0,0,1,1,422354e8,0ade,"iSTATE2",1,48aa936c,48aa936c,fd106078,00000000,00000000,00000000,1,1268505320,4663,1,00000428,0,0,0,1,0
1281,1281,0,0,0,11,60,0001871c,4bae0f6e,04444444,000002ca,1,0,0,1,1,422354e8,0ade,"iSTATE2",1,48bcc7f2,48bcc7f2,fd106078,00000000,00000000,00000000,1,1269698414,4664,1,00000429,0,0,0,1,0
1282,1282,0,0,0,11,60,0001871c,4bc043f4,04444444,000002ca,1,0,0,1,1,422354e8,0ade,"iSTATE2",1,48cefc78,48cefc78,fd106078,00000000,00000000,00000000,1,1270891508,4665,1,0000042a,0,0,0,1,0
1283,1283,0,0,0,11,60,0001871c,4bd27b44,04444444,000002ca,1,0,0,1,1,422354e8,0ade,"iSTATE2",1,48e133c8,48e133c8,fd106078,00000000,00000000,00000000,1,1272085316,4666,1,0000042b,0,0,0,1,0
1284,1284,0,0,0,11,60,0001871c,4be4afca,04444444,000002ca,1,0,0,1,1,422354e8,0ade,"iSTATE2",1,48f3684e,48f3684e,fd106078,00000000,00000000,00000000,1,1273278410,4667,1,0000042c,0,0,0,1,0
1285,1285,0,0,0,11,60,0001871c,4bf6e450,04444444,000002ca,1,0,0,1,1,422354e8,0ade,"iSTATE2",1,49059cd4,49059cd4,fd106078,00000000,00000000,00000000,1,1274471504,4668,1,0000042d,0,0,0,1,0
1286,1286,0,0,0,11,60,0001871c,4c091ba0,04444444,000002ca,1,0,0,1,1,422354e8,0ade,"iSTATE2",1,4917d424,4917d424,fd106078,00000000,00000000,00000000,1,1275665312,4669,1,0000042e,0,0,0,1,0
1287,1287,0,0,0,11,60,0001871c,4c1b5026,04444444,000002ca,1,0,0,1,1,422354e8,0ade,"iSTATE2",1,492a08aa,492a08aa,fd106078,00000000,00000000,00000000,1,1276858406,4670,1,0000042f,0,0,0,1,0
1288,1288,0,0,0,11,60,0001871c,4c2d84ac,04444444,000002ca,1,0,0,1,1,422354e8,0ade,"iSTATE2",1,493c3d30,493c3d30,fd106078,00000000,00000000,00000000,1,1278051500,4671,1,00000430,0,0,0,1,0
1289,1289,0,0,0,11,60,0001871c,4c3fbbfc,04444444,000002ca,1,0,0,1,1,422354e8,0ade,"iSTATE2",1,494e7480,494e7480,fd106078,00000000,00000000,00000000,1,1279245308,4672,1,00000431,0,0,0,1,0
1290,1290,0,0,0,11,60,0001871c,4c51f082,04444444,000002ca,1,0,0,1,1,422354e8,0ade,"iSTATE2",1,4960a906,4960a906,fd106078,00000000,00000000,00000000,1,1280438402,4673,1,00000432,0,0,0,1,0
1291,1291,0,0,0,11,60,0001871c,4c642508,04444444,000002ca,1,0,0,1,1,422354e8,0ade,"iSTATE2",1,4972dd8c,4972dd8c,fd106078,00000000,00000000,00000000,1,1281631496,4674,1,00000433,0,0,0,1,0
1292,1292,0,0,0,11,60,0001871c,4c765c58,04444444,000002ca,1,0,0,1,1,422354e8,0ade,"iSTATE2",1,498514dc,498514dc,fd106078,00000000,00000000,00000000,1,1282825304,4675,1,00000434,0,0,0,1,0
1293,1293,0,0,0,11,60,0001871c,4c8890de,04444444,000002ca,1,0,0,1,1,422354e8,0ade,"iSTATE2",1,49974962,49974962,fd106078,00000000,00000000,00000000,1,1284018398,4676,1,00000435,0,0,0,1,0
1294,1294,0,0,0,11,60,0001871c,4c9ac564,04444444,000002ca,1,0,0,1,1,422354e8,0ade,"iSTATE2",1,49a97de8,49a97de8,fd106078,00000000,00000000,00000000,1,1285211492,4677,1,00000436,0,0,0,1,0
1295,1295,0,0,0,11,60,0001871c,4cacfcb4,04444444,000002ca,1,0,0,1,1,422354e8,0ade,"iSTATE2",1,49bbb538,49bbb538,fd106078,00000000,00000000,00000000,1,1286405300,4678,1,00000437,0,0,0,1,0
1296,1296,0,0,0,11,60,0001871c,4cbf313a,04444444,000002ca,1,0,0,1,1,422354e8,0ade,"iSTATE2",1,49cde9be,49cde9be,fd106078,00000000,00000000,00000000,1,1287598394,4679,1,00000438,0,0,0,1,0
1297,1297,0,1,0,12,60,0001871b,4cd165c4,04444444,000002ca,1,0,0,1,1,422354e8,0ade,"iSTATE2",1,49dee8ae,49dee8ae,fd0eb884,00000000,00000000,00000000,1,1288791492,4680,1,00000439,0,0,0,1,0
1298,1298,0,0,0,12,60,0001871b,4ce39d14,04444444,000002ca,1,0,0,1,1,422354e8,0ade,"iSTATE2",1,49f11ffe,49f11ffe,fd0eb884,00000000,00000000,00000000,1,1289985300,4681,1,0000043a,0,0,0,1,0
1299,1299,0,0,0,12,60,0001871b,4cf5d19a,04444444,000002ca,1,0,0,1,1,422354e8,0ade,"iSTATE2",1,4a035484,4a035484,fd0eb884,00000000,00000000,00000000,1,1291178394,4682,1,0000043b,0,0,0,1,0
1300,1300,0,0,0,12,60,0001871b,4d080620,04444444,000002ca,1,0,0,1,1,422354e8,0ade,"iSTATE2",1,4a15890a,4a15890a,fd0eb884,00000000,00000000,00000000,1,1292371488,4683,1,0000043c,0,0,0,1,0
1301,1301,0,0,0,12,60,0001871b,4d1a3d70,04444444,000002ca,1,0,0,1,1,422354e8,0ade,"iSTATE2",1,4a27c05a,4a27c05a,fd0eb884,00000000,00000000,00000000,1,1293565296,4684,1,0000043d,0,0,0,1,0
1302,1302,0,0,0,12,60,0001871b,4d2c71f6,04444444,000002ca,1,0,0,1,1,422354e8,0ade,"iSTATE2",1,4a39f4e0,4a39f4e0,fd0eb884,00000000,00000000,00000000,1,1294758390,4685,1,0000043e,0,0,0,1,0
1303,1303,0,0,0,12,60,0001871b,4d3ea67c,04444444,000002ca,1,0,0,1,1,422354e8,0ade,"iSTATE2",1,4a4c2966,4a4c2966,fd0eb884,00000000,00000000,00000000,1,1295951484,4686,1,0000043f,0,0,0,1,0
1304,1304,0,0,0,12,60,0001871b,4d50ddcc,04444444,000002ca,1,0,0,1,1,422354e8,0ade,"iSTATE2",1,4a5e60b6,4a5e60b6,fd0eb884,00000000,00000000,00000000,1,1297145292,4687,1,00000440,0,0,0,1,0
1305,1305,0,0,0,12,60,0001871b,4d631252,04444444,000002ca,1,0,0,1,1,422354e8,0ade,"iSTATE2",1,4a70953c,4a70953c,fd0eb884,00000000,00000000,00000000,1,1298338386,4688,1,00000441,0,0,0,1,0
1306,1306,0,0,0,12,60,0001871b,4d7546d8,04444444,000002ca,1,0,0,1,1,422354e8,0ade,"iSTATE2",1,4a82c9c2,4a82c9c2,fd0eb884,00000000,00000000,00000000,1,1299531480,4689,1,00000442,0,0,0,1,0
1307,1307,0,0,0,12,60,0001871b,4d877e28,04444444,000002ca,1,0,0,1,1,422354e8,0ade,"iSTATE2",1,4a950112,4a950112,fd0eb884,00000000,00000000,00000000,1,1300725288,4690,1,00000443,0,0,0,1,0
1308,1308,0,0,0,12,60,0001871b,4d99b2ae,04444444,000002ca,1,0,0,1,1,422354e8,0ade,"iSTATE2",1,4aa73598,4aa73598,fd0eb884,00000000,00000000,00000000,1,1301918382,4691,1,00000444,0,0,0,1,0
1309,1309,0,0,0,12,60,0001871b,4dabe734,04444444,000002ca,1,0,0,1,1,422354e8,0ade,"iSTATE2",1,4ab96a1e,4ab96a1e,fd0eb884,00000000,00000000,00000000,1,1303111476,4692,1,00000445,0,0,0,1,0
1310,1310,0,0,0,12,60,0001871b,4dbe1bba,04444444,000002ca,1,0,0,1,1,422354e8,0ade,"iSTATE2",1,4acb9ea4,4acb9ea4,fd0eb884,00000000,00000000,00000000,1,1304304570,4693,1,00000446,0,0,0,1,0
1311,1311,0,0,0,12,60,0001871b,4dd0530a,04444444,000002ca,1,0,0,1,1,422354e8,0ade,"iSTATE2",1,4addd5f4,4addd5f4,fd0eb884,00000000,00000000,00000000,1,1305498378,4694,1,00000447,0,0,0,1,0
1312,1312,0,0,0,12,60,0001871b,4de28790,04444444,000002ca,1,0,0,1,1,422354e8,0ade,"iSTATE2",1,4af00a7a,4af00a7a,fd0eb884,00000000,00000000,00000000,1,1306691472,4695,1,00000448,0,0,0,1,0
1313,1313,0,0,0,12,60,0001871b,4df4bc16,04444444,000002ca,1,0,0,1,1,422354e8,0ade,"iSTATE2",1,4b023f00,4b023f00,fd0eb884,00000000,00000000,00000000,1,1307884566,4696,1,00000449,0,0,0,1,0
1314,1314,0,0,0,12,60,0001871b,4e06f366,04444444,000002ca,1,0,0,1,1,422354e8,0ade,"iSTATE2",1,4b147650,4b147650,fd0eb884,00000000,00000000,00000000,1,1309078374,4697,1,0000044a,0,0,0,1,0
1315,1315,0,0,0,12,60,0001871b,4e1927ec,04444444,000002ca,1,0,0,1,1,422354e8,0ade,"iSTATE2",1,4b26aad6,4b26aad6,fd0eb884,00000000,00000000,00000000,1,1310271468,4698,1,0000044b,0,0,0,1,0
1316,1316,0,0,0,12,60,0001871b,4e2b5c72,04444444,000002ca,1,0,0,1,1,422354e8,0ade,"iSTATE2",1,4b38df5c,4b38df5c,fd0eb884,00000000,00000000,00000000,1,1311464562,4699,1,0000044c,0,0,0,1,0
1317,1317,0,0,0,12,60,0001871b,4e3d93c2,04444444,000002ca,1,0,0,1,1,422354e8,0ade,"iSTATE2",1,4b4b16ac,4b4b16ac,fd0eb884,00000000,00000000,00000000,1,1312658370,4700,1,0000044d,0,0,0,1,0
1318,1318,0,0,0,12,60,0001871b,4e4fc848,04444444,000002ca,1,0,0,1,1,422354e8,0ade,"iSTATE2",1,4b5d4b32,4b5d4b32,fd0eb884,00000000,00000000,00000000,1,1313851464,4701,1,0000044e,0,0,0,1,0
1319,1319,0,0,0,12,60,0001871b,4e61fcce,04444444,000002ca,1,0,0,1,1,422354e8,0ade,"iSTATE2",1,4b6f7fb8,4b6f7fb8,fd0eb884,00000000,00000000,00000000,1,1315044558,4702,1,0000044f,0,0,0,1,0
1320,1320,0,0,0,12,60,0001871b,4e74341e,04444444,000002ca,1,0,0,1,1,422354e8,0ade,"iSTATE2",1,4b81b708,4b81b708,fd0eb884,00000000,00000000,00000000,1,1316238366,4703,1,00000450,0,0,0,1,0
1321,1321,0,0,0,12,60,0001871b,4e8668a4,04444444,000002ca,1,0,0,1,1,422354e8,0ade,"iSTATE2",1,4b93eb8e,4b93eb8e,fd0eb884,00000000,00000000,00000000,1,1317431460,4704,1,00000451,0,0,0,1,0
1322,1322,0,0,0,12,60,0001871b,4e989d2a,04444444,000002ca,1,0,0,1,1,422354e8,0ade,"iSTATE2",1,4ba62014,4ba62014,fd0eb884,00000000,00000000,00000000,1,1318624554,4705,1,00000452,0,0,0,1,0
1323,1323,0,0,0,12,60,0001871b,4eaad47a,04444444,000002ca,1,0,0,1,1,422354e8,0ade,"iSTATE2",1,4bb85764,4bb85764,fd0eb884,00000000,00000000,00000000,1,1319818362,4706,1,00000453,0,0,0,1,0
1324,1324,0,0,0,12,60,0001871b,4ebd0900,04444444,000002ca,1,0,0,1,1,422354e8,0ade,"iSTATE2",1,4bca8bea,4bca8bea,fd0eb884,00000000,00000000,00000000,1,1321011456,4707,1,00000454,0,0,0,1,0
1325,1325,0,0,0,12,60,0001871b,4ecf3d86,04444444,000002ca,1,0,0,1,1,422354e8,0ade,"iSTATE2",1,4bdcc070,4bdcc070,fd0eb884,00000000,00000000,00000000,1,1322204550,4708,1,00000455,0,0,0,1,0
1326,1326,0,0,0,12,60,0001871b,4ee174d6,04444444,000002ca,1,0,0,1,1,422354e8,0ade,"iSTATE2",1,4beef7c0,4beef7c0,fd0eb884,00000000,00000000,00000000,1,1323398358,4709,1,00000456,0,0,0,1,0
1327,1327,0,0,0,12,60,0001871b,4ef3a95c,04444444,000002ca,1,0,0,1,1,422354e8,0ade,"iSTATE2",1,4c012c46,4c012c46,fd0eb884,00000000,00000000,00000000,1,1324591452,4710,1,00000457,0,0,0,1,0
1328,1328,0,0,0,12,60,0001871b,4f05dde2,04444444,000002ca,1,0,0,1,1,422354e8,0ade,"iSTATE2",1,4c1360cc,4c1360cc,fd0eb884,00000000,00000000,00000000,1,1325784546,4711,1,00000458,0,0,0,1,0
1329,1329,0,0,0,12,60,0001871b,4f181532,04444444,000002ca,1,0,0,1,1,422354e8,0ade,"iSTATE2",1,4c25981c,4c25981c,fd0eb884,00000000,00000000,00000000,1,1326978354,4712,1,00000459,0,0,0,1,0
1330,1330,0,0,0,12,60,0001871b,4f2a49b8,04444444,000002ca,1,0,0,1,1,422354e8,0ade,"iSTATE2",1,4c37cca2,4c37cca2,fd0eb884,00000000,00000000,00000000,1,1328171448,4713,1,0000045a,0,0,0,1,0
1331,1331,0,0,0,12,60,0001871b,4f3c7e3e,04444444,000002ca,1,0,0,1,1,422354e8,0ade,"iSTATE2",1,4c4a0128,4c4a0128,fd0eb884,00000000,00000000,00000000,1,1329364542,4714,1,0000045b,0,0,0,1,0
1332,1332,0,0,0,12,60,0001871b,4f4eb58e,04444444,000002ca,1,0,0,1,1,422354e8,0ade,"iSTATE2",1,4c5c3878,4c5c3878,fd0eb884,00000000,00000000,00000000,1,1330558350,4715,1,0000045c,0,0,0,1,0
1333,1333,0,0,0,12,60,0001871b,4f60ea14,04444444,000002ca,1,0,0,1,1,422354e8,0ade,"iSTATE2",1,4c6e6cfe,4c6e6cfe,fd0eb884,00000000,00000000,00000000,1,1331751444,4716,1,0000045d,0,0,0,1,0
1334,1334,0,0,0,12,60,0001871b,4f731e9a,04444444,000002ca,1,0,0,1,1,422354e8,0ade,"iSTATE2",1,4c80a184,4c80a184,fd0eb884,00000000,00000000,00000000,1,1332944538,4717,1,0000045e,0,0,0,1,0
1335,1335,0,0,0,12,60,0001871b,4f8555ea,04444444,000002ca,1,0,0,1,1,422354e8,0ade,"iSTATE2",1,4c92d8d4,4c92d8d4,fd0eb884,00000000,00000000,00000000,1,1334138346,4718,1,0000045f,0,0,0,1,0
1336,1336,0,0,0,12,60,0001871b,4f978a70,04444444,000002ca,1,0,0,1,1,422354e8,0ade,"iSTATE2",1,4ca50d5a,4ca50d5a,fd0eb884,00000000,00000000,00000000,1,1335331440,4719,1,00000460,0,0,0,1,0
1337,1337,0,0,0,12,60,0001871b,4fa9bef6,04444444,000002ca,1,0,0,1,1,422354e8,0ade,"iSTATE2",1,4cb741e0,4cb741e0,fd0eb884,00000000,00000000,00000000,1,1336524534,4720,1,00000461,0,0,0,1,0
1338,1338,0,0,0,12,60,0001871b,4fbbf646,04444444,000002ca,1,0,0,1,1,422354e8,0ade,"iSTATE2",1,4cc97930,4cc97930,fd0eb884,00000000,00000000,00000000,1,1337718342,4721,1,00000462,0,0,0,1,0
1339,1339,0,0,0,12,60,0001871b,4fce2acc,04444444,000002ca,1,0,0,1,1,422354e8,0ade,"iSTATE2",1,4cdbadb6,4cdbadb6,fd0eb884,00000000,00000000,00000000,1,1338911436,4722,1,00000463,0,0,0,1,0
1340,1340,0,0,0,12,60,0001871b,4fe05f52,04444444,000002ca,1,0,0,1,1,422354e8,0ade,"iSTATE2",1,4cede23c,4cede23c,fd0eb884,00000000,00000000,00000000,1,1340104530,4723,1,00000464,0,0,0,1,0
1341,1341,0,0,0,12,60,0001871b,4ff293d8,04444444,000002ca,1,0,0,1,1,422354e8,0ade,"iSTATE2",1,4d0016c2,4d0016c2,fd0eb884,00000000,00000000,00000000,1,1341297624,4724,1,00000465,0,0,0,1,0
1342,1342,0,0,0,12,60,0001871b,5004cb28,04444444,000002ca,1,0,0,1,1,422354e8,0ade,"iSTATE2",1,4d124e12,4d124e12,fd0eb884,00000000,00000000,00000000,1,1342491432,4725,1,00000466,0,0,0,1,0
1343,1343,0,0,0,12,60,0001871b,5016ffae,04444444,000002ca,1,0,0,1,1,422354e8,0ade,"iSTATE2",1,4d248298,4d248298,fd0eb884,00000000,00000000,00000000,1,1343684526,4726,1,00000467,0,0,0,1,0
1344,1344,0,0,0,12,60,0001871b,50293434,04444444,000002ca,1,0,0,1,1,422354e8,0ade,"iSTATE2",1,4d36b71e,4d36b71e,fd0eb884,00000000,00000000,00000000,1,1344877620,4727,1,00000468,0,0,0,1,0
1345,1345,0,0,0,12,60,0001871b,503b6b84,04444444,000002ca,1,0,0,1,1,422354e8,0ade,"iSTATE2",1,4d48ee6e,4d48ee6e,fd0eb884,00000000,00000000,00000000,1,1346071428,4728,1,00000469,0,0,0,1,0
1346,1346,0,0,0,12,60,0001871b,504da00a,04444444,000002ca,1,0,0,1,1,422354e8,0ade,"iSTATE2",1,4d5b22f4,4d5b22f4,fd0eb884,00000000,00000000,00000000,1,1347264522,4729,1,0000046a,0,0,0,1,0
1347,1347,0,0,0,12,60,0001871b,505fd490,04444444,000002ca,1,0,0,1,1,422354e8,0ade,"iSTATE2",1,4d6d577a,4d6d577a,fd0eb884,00000000,00000000,00000000,1,1348457616,4730,1,0000046b,0,0,0,1,0
1348,1348,0,0,0,12,60,0001871b,50720be0,04444444,000002ca,1,0,0,1,1,422354e8,0ade,"iSTATE2",1,4d7f8eca,4d7f8eca,fd0eb884,00000000,00000000,00000000,1,1349651424,4731,1,0000046c,0,0,0,1,0
1349,1349,0,0,0,12,60,0001871b,50844066,04444444,000002ca,1,0,0,1,1,422354e8,0ade,"iSTATE2",1,4d91c350,4d91c350,fd0eb884,00000000,00000000,00000000,1,1350844518,4732,1,0000046d,0,0,0,1,0
1350,1350,0,0,0,12,60,0001871b,509674ec,04444444,000002ca,1,0,0,1,1,422354e8,0ade,"iSTATE2",1,4da3f7d6,4da3f7d6,fd0eb884,00000000,00000000,00000000,1,1352037612,4733,1,0000046e,0,0,0,1,0
1351,1351,0,0,0,12,60,0001871b,50a8ac3c,04444444,000002ca,1,0,0,1,1,422354e8,0ade,"iSTATE2",1,4db62f26,4db62f26,fd0eb884,00000000,00000000,00000000,1,1353231420,4734,1,0000046f,0,0,0,1,0
1352,1352,0,0,0,12,60,0001871b,50bae0c2,04444444,000002ca,1,0,0,1,1,422354e8,0ade,"iSTATE2",1,4dc863ac,4dc863ac,fd0eb884,00000000,00000000,00000000,1,1354424514,4735,1,00000470,0,0,0,1,0
1353,1353,0,0,0,12,60,0001871b,50cd1548,04444444,000002ca,1,0,0,1,1,422354e8,0ade,"iSTATE2",1,4dda9832,4dda9832,fd0eb884,00000000,00000000,00000000,1,1355617608,4736,1,00000471,0,0,0,1,0
1354,1354,0,0,0,12,60,0001871b,50df4c98,04444444,000002ca,1,0,0,1,1,422354e8,0ade,"iSTATE2",1,4deccf82,4deccf82,fd0eb884,00000000,00000000,00000000,1,1356811416,4737,1,00000472,0,0,0,1,0
1355,1355,0,0,0,12,60,0001871b,50f1811e,04444444,000002ca,1,0,0,1,1,422354e8,0ade,"iSTATE2",1,4dff0408,4dff0408,fd0eb884,00000000,00000000,00000000,1,1358004510,4738,1,00000473,0,0,0,1,0
1356,1356,0,0,0,12,60,0001871b,5103b5a4,04444444,000002ca,1,0,0,1,1,422354e8,0ade,"iSTATE2",1,4e11388e,4e11388e,fd0eb884,00000000,00000000,00000000,1,1359197604,4739,1,00000474,0,0,0,1,0
1357,1357,0,1,0,13,60,0001871c,5115ecf8,04444444,000002ca,1,0,0,1,1,422354e8,0ade,"iSTATE2",1,4e220280,4e220280,fd0d82ea,00000000,00000000,00000000,1,1360391416,4740,1,00000475,0,0,0,1,0
1358,1358,0,0,0,13,60,0001871c,5128217e,04444444,000002ca,1,0,0,1,1,422354e8,0ade,"iSTATE2",1,4e343706,4e343706,fd0d82ea,00000000,00000000,00000000,1,1361584510,4741,1,00000476,0,0,0,1,0
1359,1359,0,0,0,13,60,0001871c,513a5604,04444444,000002ca,1,0,0,1,1,422354e8,0ade,"iSTATE2",1,4e466b8c,4e466b8c,fd0d82ea,00000000,00000000,00000000,1,1362777604,4742,1,00000477,0,0,0,1,0
1360,1360,0,0,0,13,60,0001871c,514c8d54,04444444,000002ca,1,0,0,1,1,422354e8,0ade,"iSTATE2",1,4e58a2dc,4e58a2dc,fd0d82ea,00000000,00000000,00000000,1,1363971412,4743,1,00000478,0,0,0,1,0
1361,1361,0,0,0,13,60,0001871c,515ec1da,04444444,000002ca,1,0,0,1,1,422354e8,0ade,"iSTATE2",1,4e6ad762,4e6ad762,fd0d82ea,00000000,00000000,00000000,1,1365164506,4744,1,00000479,0,0,0,1,0
1362,1362,0,0,0,13,60,0001871c,5170f660,04444444,000002ca,1,0,0,1,1,422354e8,0ade,"iSTATE2",1,4e7d0be8,4e7d0be8,fd0d82ea,00000000,00000000,00000000,1,1366357600,4745,1,0000047a,0,0,0,1,0
1363,1363,0,0,0,13,60,0001871c,51832db0,04444444,000002ca,1,0,0,1,1,422354e8,0ade,"iSTATE2",1,4e8f4338,4e8f4338,fd0d82ea,00000000,00000000,00000000,1,1367551408,4746,1,0000047b,0,0,0,1,0
1364,1364,0,0,0,13,60,0001871c,51956236,04444444,000002ca,1,0,0,1,1,422354e8,0ade,"iSTATE2",1,4ea177be,4ea177be,fd0d82ea,00000000,00000000,00000000,1,1368744502,4747,1,0000047c,0,0,0,1,0
1365,1365,0,0,0,13,60,0001871c,51a796bc,04444444,000002ca,1,0,0,1,1,422354e8,0ade,"iSTATE2",1,4eb3ac44,4eb3ac44,fd0d82ea,00000000,00000000,00000000,1,1369937596,4748,1,0000047d,0,0,0,1,0
1366,1366,0,0,0,13,60,0001871c,51b9ce0c,04444444,000002ca,1,0,0,1,1,422354e8,0ade,"iSTATE2",1,4ec5e394,4ec5e394,fd0d82ea,00000000,00000000,00000000,1,1371131404,4749,1,0000047e,0,0,0,1,0
1367,1367,0,0,0,13,60,0001871c,51cc0292,04444444,000002ca,1,0,0,1,1,422354e8,0ade,"iSTATE2",1,4ed8181a,4ed8181a,fd0d82ea,00000000,00000000,00000000,1,1372324498,4750,1,0000047f,0,0,0,1,0
1368,1368,0,0,0,13,60,0001871c,51de3718,04444444,000002ca,1,0,0,1,1,422354e8,0ade,"iSTATE2",1,4eea4ca0,4eea4ca0,fd0d82ea,00000000,00000000,00000000,1,1373517592,4751,1,00000480,0,0,0,1,0
1369,1369,0,0,0,13,60,0001871c,51f06b9e,04444444,000002ca,1,0,0,1,1,422354e8,0ade,"iSTATE2",1,4efc8126,4efc8126,fd0d82ea,00000000,00000000,00000000,1,1374710686,4752,1,00000481,0,0,0,1,0
1370,1370,0,0,0,13,60,0001871c,5202a2ee,04444444,000002ca,1,0,0,1,1,422354e8,0ade,"iSTATE2",1,4f0eb876,4f0eb876,fd0d82ea,00000000,00000000,00000000,1,1375904494,4753,1,00000482,0,0,0,1,0
1371,1371,0,0,0,13,60,0001871c,5214d774,04444444,000002ca,1,0,0,1,1,422354e8,0ade,"iSTATE2",1,4f20ecfc,4f20ecfc,fd0d82ea,00000000,00000000,00000000,1,1377097588,4754,1,00000483,0,0,0,1,0
1372,1372,0,0,0,13,60,0001871c,52270bfa,04444444,000002ca,1,0,0,1,1,422354e8,0ade,"iSTATE2",1,4f332182,4f332182,fd0d82ea,00000000,00000000,00000000,1,1378290682,4755,1,00000484,0,0,0,1,0
1373,1373,0,0,0,13,60,0001871c,5239434a,04444444,000002ca,1,0,0,1,1,422354e8,0ade,"iSTATE2",1,4f4558d2,4f4558d2,fd0d82ea,00000000,00000000,00000000,1,1379484490,4756,1,00000485,0,0,0,1,0
1374,1374,0,0,0,13,60,0001871c,524b77d0,04444444,000002ca,1,0,0,1,1,422354e8,0ade,"iSTATE2",1,4f578d58,4f578d58,fd0d82ea,00000000,00000000,00000000,1,1380677584,4757,1,00000486,0,0,0,1,0
1375,1375,0,0,0,13,60,0001871c,525dac56,04444444,000002ca,1,0,0,1,1,422354e8,0ade,"iSTATE2",1,4f69c1de,4f69c1de,fd0d82ea,00000000,00000000,00000000,1,1381870678,4758,1,00000487,0,0,0,1,0
1376,1376,0,0,0,13,60,0001871c,526fe3a6,04444444,000002ca,1,0,0,1,1,422354e8,0ade,"iSTATE2",1,4f7bf92e,4f7bf92e,fd0d82ea,00000000,00000000,00000000,1,1383064486,4759,1,00000488,0,0,0,1,0
1377,1377,0,0,0,13,60,0001871c,5282182c,04444444,000002ca,1,0,0,1,1,422354e8,0ade,"iSTATE2",1,4f8e2db4,4f8e2db4,fd0d82ea,00000000,00000000,00000000,1,1384257580,4760,1,00000489,0,0,0,1,0
1378,1378,0,0,0,13,60,0001871c,52944cb2,04444444,000002ca,1,0,0,1,1,422354e8,0ade,"iSTATE2",1,4fa0623a,4fa0623a,fd0d82ea,00000000,00000000,00000000,1,1385450674,4761,1,0000048a,0,0,0,1,0
1379,1379,0,0,0,13,60,0001871c,52a68402,04444444,000002ca,1,0,0,1,1,422354e8,0ade,"iSTATE2",1,4fb2998a,4fb2998a,fd0d82ea,00000000,00000000,00000000,1,1386644482,4762,1,0000048b,0,0,0,1,0
1380,1380,0,0,0,13,60,0001871c,52b8b888,04444444,000002ca,1,0,0,1,1,422354e8,0ade,"iSTATE2",1,4fc4ce10,4fc4ce10,fd0d82ea,00000000,00000000,00000000,1,1387837576,4763,1,0000048c,0,0,0,1,0
1381,1381,0,0,0,13,60,0001871c,52caed0e,04444444,000002ca,1,0,0,1,1,422354e8,0ade,"iSTATE2",1,4fd70296,4fd70296,fd0d82ea,00000000,00000000,00000000,1,1389030670,4764,1,0000048d,0,0,0,1,0
1382,1382,0,0,0,13,60,0001871c,52dd245e,04444444,000002ca,1,0,0,1,1,422354e8,0ade,"iSTATE2",1,4fe939e6,4fe939e6,fd0d82ea,00000000,00000000,00000000,1,1390224478,4765,1,0000048e,0,0,0,1,0
1383,1383,0,0,0,13,60,0001871c,52ef58e4,04444444,000002ca,1,0,0,1,1,422354e8,0ade,"iSTATE2",1,4ffb6e6c,4ffb6e6c,fd0d82ea,00000000,00000000,00000000,1,1391417572,4766,1,0000048f,0,0,0,1,0
1384,1384,0,0,0,13,60,0001871c,53018d6a,04444444,000002ca,1,0,0,1,1,422354e8,0ade,"iSTATE2",1,500da2f2,500da2f2,fd0d82ea,00000000,00000000,00000000,1,1392610666,4767,1,00000490,0,0,0,1,0
1385,1385,0,0,0,13,60,0001871c,5313c4ba,04444444,000002ca,1,0,0,1,1,422354e8,0ade,"iSTATE2",1,501fda42,501fda42,fd0d82ea,00000000,00000000,00000000,1,1393804474,4768,1,00000491,0,0,0,1,0
1386,1386,0,0,0,13,60,0001871c,5325f940,04444444,000002ca,1,0,0,1,1,422354e8,0ade,"iSTATE2",1,50320ec8,50320ec8,fd0d82ea,00000000,00000000,00000000,1,1394997568,4769,1,00000492,0,0,0,1,0
1387,1387,0,0,0,13,60,0001871c,53382dc6,04444444,000002ca,1,0,0,1,1,422354e8,0ade,"iSTATE2",1,5044434e,5044434e,fd0d82ea,00000000,00000000,00000000,1,1396190662,4770,1,00000493,0,0,0,1,0
1388,1388,0,0,0,13,60,0001871c,534a6516,04444444,000002ca,1,0,0,1,1,422354e8,0ade,"iSTATE2",1,50567a9e,50567a9e,fd0d82ea,00000000,00000000,00000000,1,1397384470,4771,1,00000494,0,0,0,1,0
1389,1389,0,0,0,13,60,0001871c,535c999c,04444444,000002ca,1,0,0,1,1,422354e8,0ade,"iSTATE2",1,5068af24,5068af24,fd0d82ea,00000000,00000000,00000000,1,1398577564,4772,1,00000495,0,0,0,1,0
1390,1390,0,0,0,13,60,0001871c,536ece22,04444444,000002ca,1,0,0,1,1,422354e8,0ade,"iSTATE2",1,507ae3aa,507ae3aa,fd0d82ea,00000000,00000000,00000000,1,1399770658,4773,1,00000496,0,0,0,1,0
1391,1391,0,0,0,13,60,0001871c,53810572,04444444,000002ca,1,0,0,1,1,422354e8,0ade,"iSTATE2",1,508d1afa,508d1afa,fd0d82ea,00000000,00000000,00000000,1,1400964466,4774,1,00000497,0,0,0,1,0
1392,1392,0,0,0,13,60,0001871c,539339f8,04444444,000002ca,1,0,0,1,1,422354e8,0ade,"iSTATE2",1,509f4f80,509f4f80,fd0d82ea,00000000,00000000,00000000,1,1402157560,4775,1,00000498,0,0,0,1,0
1393,1393,0,0,0,13,60,0001871c,53a56e7e,04444444,000002ca,1,0,0,1,1,422354e8,0ade,"iSTATE2",1,50b18406,50b18406,fd0d82ea,00000000,00000000,00000000,1,1403350654,4776,1,00000499,0,0,0,1,0
1394,1394,0,0,0,13,60,0001871c,53b7a5ce,04444444,000002ca,1,0,0,1,1,422354e8,0ade,"iSTATE2",1,50c3bb56,50c3bb56,fd0d82ea,00000000,00000000,00000000,1,1404544462,4777,1,0000049a,0,0,0,1,0
1395,1395,0,0,0,13,60,0001871c,53c9da54,04444444,000002ca,1,0,0,1,1,422354e8,0ade,"iSTATE2",1,50d5efdc,50d5efdc,fd0d82ea,00000000,00000000,00000000,1,1405737556,4778,1,0000049b,0,0,0,1,0
1396,1396,0,0,0,13,60,0001871c,53dc0eda,04444444,000002ca,1,0,0,1,1,422354e8,0ade,"iSTATE2",1,50e82462,50e82462,fd0d82ea,00000000,00000000,00000000,1,1406930650,4779,1,0000049c,0,0,0,1,0
1397,1397,0,0,0,13,60,0001871c,53ee462a,04444444,000002ca,1,0,0,1,1,422354e8,0ade,"iSTATE2",1,50fa5bb2,50fa5bb2,fd0d82ea,00000000,00000000,00000000,1,1408124458,4780,1,0000049d,0,0,0,1,0
1398,1398,0,0,0,13,60,0001871c,54007ab0,04444444,000002ca,1,0,0,1,1,422354e8,0ade,"iSTATE2",1,510c9038,510c9038,fd0d82ea,00000000,00000000,00000000,1,1409317552,4781,1,0000049e,0,0,0,1,0
1399,1399,0,0,0,13,60,0001871c,5412af36,04444444,000002ca,1,0,0,1,1,422354e8,0ade,"iSTATE2",1,511ec4be,511ec4be,fd0d82ea,00000000,00000000,00000000,1,1410510646,4782,1,0000049f,0,0,0,1,0
1400,1400,0,0,0,13,60,0001871c,5424e3bc,04444444,000002ca,1,0,0,1,1,422354e8,0ade,"iSTATE2",1,5130f944,5130f944,fd0d82ea,00000000,00000000,00000000,1,1411703740,4783,1,000004a0,0,0,0,1,0
1401,1401,0,0,0,13,60,0001871c,54371b0c,04444444,000002ca,1,0,0,1,1,422354e8,0ade,"iSTATE2",1,51433094,51433094,fd0d82ea,00000000,00000000,00000000,1,1412897548,4784,1,000004a1,0,0,0,1,0
1402,1402,0,0,0,13,60,0001871c,54494f92,04444444,000002ca,1,0,0,1,1,422354e8,0ade,"iSTATE2",1,5155651a,5155651a,fd0d82ea,00000000,00000000,00000000,1,1414090642,4785,1,000004a2,0,0,0,1,0
1403,1403,0,0,0,13,60,0001871c,545b8418,04444444,000002ca,1,0,0,1,1,422354e8,0ade,"iSTATE2",1,516799a0,516799a0,fd0d82ea,00000000,00000000,00000000,1,1415283736,4786,1,000004a3,0,0,0,1,0
1404,1404,0,0,0,13,60,0001871c,546dbb68,04444444,000002ca,1,0,0,1,1,422354e8,0ade,"iSTATE2",1,5179d0f0,5179d0f0,fd0d82ea,00000000,00000000,00000000,1,1416477544,4787,1,000004a4,0,0,0,1,0
1405,1405,0,0,0,13,60,0001871c,547fefee,04444444,000002ca,1,0,0,1,1,422354e8,0ade,"iSTATE2",1,518c0576,518c0576,fd0d82ea,00000000,00000000,00000000,1,1417670638,4788,1,000004a5,0,0,0,1,0
1406,1406,0,0,0,13,60,0001871c,54922474,04444444,000002ca,1,0,0,1,1,422354e8,0ade,"iSTATE2",1,519e39fc,519e39fc,fd0d82ea,00000000,00000000,00000000,1,1418863732,4789,1,000004a6,0,0,0,1,0
1407,1407,0,0,0,13,60,0001871c,54a45bc4,04444444,000002ca,1,0,0,1,1,422354e8,0ade,"iSTATE2",1,51b0714c,51b0714c,fd0d82ea,00000000,00000000,00000000,1,1420057540,4790,1,000004a7,0,0,0,1,0
1408,1408,0,0,0,13,60,0001871c,54b6904a,04444444,000002ca,1,0,0,1,1,422354e8,0ade,"iSTATE2",1,51c2a5d2,51c2a5d2,fd0d82ea,00000000,00000000,00000000,1,1421250634,4791,1,000004a8,0,0,0,1,0
1409,1409,0,0,0,13,60,0001871c,54c8c4d0,04444444,000002ca,1,0,0,1,1,422354e8,0ade,"iSTATE2",1,51d4da58,51d4da58,fd0d82ea,00000000,00000000,00000000,1,1422443728,4792,1,000004a9,0,0,0,1,0
1410,1410,0,0,0,13,60,0001871c,54dafc20,04444444,000002ca,1,0,0,1,1,422354e8,0ade,"iSTATE2",1,51e711a8,51e711a8,fd0d82ea,00000000,00000000,00000000,1,1423637536,4793,1,000004aa,0,0,0,1,0
1411,1411,0,0,0,13,60,0001871c,54ed30a6,04444444,000002ca,1,0,0,1,1,422354e8,0ade,"iSTATE2",1,51f9462e,51f9462e,fd0d82ea,00000000,00000000,00000000,1,1424830630,4794,1,000004ab,0,0,0,1,0
1412,1412,0,0,0,13,60,0001871c,54ff652c,04444444,000002ca,1,0,0,1,1,422354e8,0ade,"iSTATE2",1,520b7ab4,520b7ab4,fd0d82ea,00000000,00000000,00000000,1,1426023724,4795,1,000004ac,0,0,0,1,0
1413,1413,0,0,0,13,60,0001871c,55119c7c,04444444,000002ca,1,0,0,1,1,422354e8,0ade,"iSTATE2",1,521db204,521db204,fd0d82ea,00000000,00000000,00000000,1,1427217532,4796,1,000004ad,0,0,0,1,0
1414,1414,0,0,0,13,60,0001871c,5523d102,04444444,000002ca,1,0,0,1,1,422354e8,0ade,"iSTATE2",1,522fe68a,522fe68a,fd0d82ea,00000000,00000000,00000000,1,1428410626,4797,1,000004ae,0,0,0,1,0
1415,1415,0,0,0,13,60,0001871c,55360588,04444444,000002ca,1,0,0,1,1,422354e8,0ade,"iSTATE2",1,52421b10,52421b10,fd0d82ea,00000000,00000000,00000000,1,1429603720,4798,1,000004af,0,0,0,1,0
1416,1416,0,0,0,13,60,0001871c,55483cd8,04444444,000002ca,1,0,0,1,1,422354e8,0ade,"iSTATE2",1,52545260,52545260,fd0d82ea,00000000,00000000,00000000,1,1430797528,4799,1,000004b0,0,0,0,1,0
1417,1417,0,1,0,14,60,0001871b,555a7162,04444444,000002ca,1,0,0,1,1,422354e8,0ade,"iSTATE2",1,526516be,526516be,fd0c1588,00000000,00000000,00000000,1,1431990626,4800,1,000004b1,0,0,0,1,0
1418,1418,0,0,0,14,60,0001871b,556ca5e8,04444444,000002ca,1,0,0,1,1,422354e8,0ade,"iSTATE2",1,52774b44,52774b44,fd0c1588,00000000,00000000,00000000,1,1433183720,4801,1,000004b2,0,0,0,1,0
1419,1419,0,0,0,14,60,0001871b,557edd38,04444444,000002ca,1,0,0,1,1,422354e8,0ade,"iSTATE2",1,52898294,52898294,fd0c1588,00000000,00000000,00000000,1,1434377528,4802,1,000004b3,0,0,0,1,0
1420,1420,0,0,0,14,60,0001871b,559111be,04444444,000002ca,1,0,0,1,1,422354e8,0ade,"iSTATE2",1,529bb71a,529bb71a,fd0c1588,00000000,00000000,00000000,1,1435570622,4803,1,000004b4,0,0,0,1,0
1421,1421,0,0,0,14,60,0001871b,55a34644,04444444,000002ca,1,0,0,1,1,422354e8,0ade,"iSTATE2",1,52adeba0,52adeba0,fd0c1588,00000000,00000000,00000000,1,1436763716,4804,1,000004b5,0,0,0,1,0
1422,1422,0,0,0,14,60,0001871b,55b57d94,04444444,000002ca,1,0,0,1,1,422354e8,0ade,"iSTATE2",1,52c022f0,52c022f0,fd0c1588,00000000,00000000,00000000,1,1437957524,4805,1,000004b6,0,0,0,1,0
1423,1423,0,0,0,14,60,0001871b,55c7b21a,04444444,000002ca,1,0,0,1,1,422354e8,0ade,"iSTATE2",1,52d25776,52d25776,fd0c1588,00000000,00000000,00000000,1,1439150618,4806,1,000004b7,0,0,0,1,0
1424,1424,0,0,0,14,60,0001871b,55d9e6a0,04444444,000002ca,1,0,0,1,1,422354e8,0ade,"iSTATE2",1,52e48bfc,52e48bfc,fd0c1588,00000000,00000000,00000000,1,1440343712,4807,1,000004b8,0,0,0,1,0
1425,1425,0,0,0,14,60,0001871b,55ec1df0,04444444,000002ca,1,0,0,1,1,422354e8,0ade,"iSTATE2",1,52f6c34c,52f6c34c,fd0c1588,00000000,00000000,00000000,1,1441537520,4808,1,000004b9,0,0,0,1,0
1426,1426,0,0,0,14,60,0001871b,55fe5276,04444444,000002ca,1,0,0,1,1,422354e8,0ade,"iSTATE2",1,5308f7d2,5308f7d2,fd0c1588,00000000,00000000,00000000,1,1442730614,4809,1,000004ba,0,0,0,1,0
1427,1427,0,0,0,14,60,0001871b,561086fc,04444444,000002ca,1,0,0,1,1,422354e8,0ade,"iSTATE2",1,531b2c58,531b2c58,fd0c1588,00000000,00000000,00000000,1,1443923708,4810,1,000004bb,0,0,0,1,0
1428,1428,0,0,0,14,60,0001871b,5622bb82,04444444,000002ca,1,0,0,1,1,422354e8,0ade,"iSTATE2",1,532d60de,532d60de,fd0c1588,00000000,00000000,00000000,1,1445116802,4811,1,000004bc,0,0,0,1,0
1429,1429,0,0,0,14,60,0001871b,5634f2d2,04444444,000002ca,1,0,0,1,1,422354e8,0ade,"iSTATE2",1,533f982e,533f982e,fd0c1588,00000000,00000000,00000000,1,1446310610,4812,1,000004bd,0,0,0,1,0
1430,1430,0,0,0,14,60,0001871b,56472758,04444444,000002ca,1,0,0,1,1,422354e8,0ade,"iSTATE2",1,5351ccb4,5351ccb4,fd0c1588,00000000,00000000,00000000,1,1447503704,4813,1,000004be,0,0,0,1,0
1431,1431,0,0,0,14,60,0001871b,56595bde,04444444,000002ca,1,0,0,1,1,422354e8,0ade,"iSTATE2",1,5364013a,5364013a,fd0c1588,00000000,00000000,00000000,1,1448696798,4814,1,000004bf,0,0,0,1,0
1432,1432,0,0,0,14,60,0001871b,566b932e,04444444,000002ca,1,0,0,1,1,422354e8,0ade,"iSTATE2",1,5376388a,5376388a,fd0c1588,00000000,00000000,00000000,1,1449890606,4815,1,000004c0,0,0,0,1,0
1433,1433,0,0,0,14,60,0001871b,567dc7b4,04444444,000002ca,1,0,0,1,1,422354e8,0ade,"iSTATE2",1,53886d10,53886d10,fd0c1588,00000000,00000000,00000000,1,1451083700,4816,1,000004c1,0,0,0,1,0
1434,1434,0,0,0,14,60,0001871b,568ffc3a,04444444,000002ca,1,0,0,1,1,422354e8,0ade,"iSTATE2",1,539aa196,539aa196,fd0c1588,00000000,00000000,00000000,1,1452276794,4817,1,000004c2,0,0,0,1,0
1435,1435,0,0,0,14,60,0001871b,56a2338a,04444444,000002ca,1,0,0,1,1,422354e8,0ade,"iSTATE2",1,53acd8e6,53acd8e6,fd0c1588,00000000,00000000,00000000,1,1453470602,4818,1,000004c3,0,0,0,1,0
1436,1436,0,0,0,14,60,0001871b,56b46810,04444444,000002ca,1,0,0,1,1,422354e8,0ade,"iSTATE2",1,53bf0d6c,53bf0d6c,fd0c1588,00000000,00000000,00000000,1,1454663696,4819,1,000004c4,0,0,0,1,0
1437,1437,0,0,0,14,60,0001871b,56c69c96,04444444,000002ca,1,0,0,1,1,422354e8,0ade,"iSTATE2",1,53d141f2,53d141f2,fd0c1588,00000000,00000000,00000000,1,1455856790,4820,1,000004c5,0,0,0,1,0
1438,1438,0,0,0,14,60,0001871b,56d8d3e6,04444444,000002ca,1,0,0,1,1,422354e8,0ade,"iSTATE2",1,53e37942,53e37942,fd0c1588,00000000,00000000,00000000,1,1457050598,4821,1,000004c6,0,0,0,1,0
1439,1439,0,0,0,14,60,0001871b,56eb086c,04444444,000002ca,1,0,0,1,1,422354e8,0ade,"iSTATE2",1,53f5adc8,53f5adc8,fd0c1588,00000000,00000000,00000000,1,1458243692,4822,1,000004c7,0,0,0,1,0
1440,1440,0,0,0,14,60,0001871b,56fd3cf2,04444444,000002ca,1,0,0,1,1,422354e8,0ade,"iSTATE2",1,5407e24e,5407e24e,fd0c1588,00000000,00000000,00000000,1,1459436786,4823,1,000004c8,0,0,0,1,0
1441,1441,0,0,0,14,60,0001871b,570f7442,04444444,000002ca,1,0,0,1,1,422354e8,0ade,"iSTATE2",1,541a199e,541a199e,fd0c1588,00000000,00000000,00000000,1,1460630594,4824,1,000004c9,0,0,0,1,0
1442,1442,0,0,0,14,60,0001871b,5721a8c8,04444444,000002ca,1,0,0,1,1,422354e8,0ade,"iSTATE2",1,542c4e24,542c4e24,fd0c1588,00000000,00000000,00000000,1,1461823688,4825,1,000004ca,0,0,0,1,0
1443,1443,0,0,0,14,60,0001871b,5733dd4e,04444444,000002ca,1,0,0,1,1,422354e8,0ade,"iSTATE2",1,543e82aa,543e82aa,fd0c1588,00000000,00000000,00000000,1,1463016782,4826,1,000004cb,0,0,0,1,0
1444,1444,0,0,0,14,60,0001871b,5746149e,04444444,000002ca,1,0,0,1,1,422354e8,0ade,"iSTATE2",1,5450b9fa,5450b9fa,fd0c1588,00000000,00000000,00000000,1,1464210590,4827,1,000004cc,0,0,0,1,0
1445,1445,0,0,0,14,60,0001871b,57584924,04444444,000002ca,1,0,0,1,1,422354e8,0ade,"iSTATE2",1,5462ee80,5462ee80,fd0c1588,00000000,00000000,00000000,1,1465403684,4828,1,000004cd,0,0,0,1,0
1446,1446,0,0,0,14,60,0001871b,576a7daa,04444444,000002ca,1,0,0,1,1,422354e8,0ade,"iSTATE2",1,54752306,54752306,fd0c1588,00000000,00000000,00000000,1,1466596778,4829,1,000004ce,0,0,0,1,0
1447,1447,0,0,0,14,60,0001871b,577cb4fa,04444444,000002ca,1,0,0,1,1,422354e8,0ade,"iSTATE2",1,54875a56,54875a56,fd0c1588,00000000,00000000,00000000,1,1467790586,4830,1,000004cf,0,0,0,1,0
1448,1448,0,0,0,14,60,0001871b,578ee980,04444444,000002ca,1,0,0,1,1,422354e8,0ade,"iSTATE2",1,54998edc,54998edc,fd0c1588,00000000,00000000,00000000,1,1468983680,4831,1,000004d0,0,0,0,1,0
1449,1449,0,0,0,14,60,0001871b,57a11e06,04444444,000002ca,1,0,0,1,1,422354e8,0ade,"iSTATE2",1,54abc362,54abc362,fd0c1588,00000000,00000000,00000000,1,1470176774,4832,1,000004d1,0,0,0,1,0
1450,1450,0,0,0,14,60,0001871b,57b35556,04444444,000002ca,1,0,0,1,1,422354e8,0ade,"iSTATE2",1,54bdfab2,54bdfab2,fd0c1588,00000000,00000000,00000000,1,1471370582,4833,1,000004d2,0,0,0,1,0
1451,1451,0,0,0,14,60,0001871b,57c589dc,04444444,000002ca,1,0,0,1,1,422354e8,0ade,"iSTATE2",1,54d02f38,54d02f38,fd0c1588,00000000,00000000,00000000,1,1472563676,4834,1,000004d3,0,0,0,1,0
1452,1452,0,0,0,14,60,0001871b,57d7be62,04444444,000002ca,1,0,0,1,1,422354e8,0ade,"iSTATE2",1,54e263be,54e263be,fd0c1588,00000000,00000000,00000000,1,1473756770,4835,1,000004d4,0,0,0,1,0
1453,1453,0,0,0,14,60,0001871b,57e9f5b2,04444444,000002ca,1,0,0,1,1,422354e8,0ade,"iSTATE2",1,54f49b0e,54f49b0e,fd0c1588,00000000,00000000,00000000,1,1474950578,4836,1,000004d5,0,0,0,1,0
1454,1454,0,0,0,14,60,0001871b,57fc2a38,04444444,000002ca,1,0,0,1,1,422354e8,0ade,"iSTATE2",1,5506cf94,5506cf94,fd0c1588,00000000,00000000,00000000,1,1476143672,4837,1,000004d6,0,0,0,1,0
1455,1455,0,0,0,14,60,0001871b,580e5ebe,04444444,000002ca,1,0,0,1,1,422354e8,0ade,"iSTATE2",1,5519041a,5519041a,fd0c1588,00000000,00000000,00000000,1,1477336766,4838,1,000004d7,0,0,0,1,0
1456,1456,0,0,0,14,60,0001871b,5820960e,04444444,000002ca,1,0,0,1,1,422354e8,0ade,"iSTATE2",1,552b3b6a,552b3b6a,fd0c1588,00000000,00000000,00000000,1,1478530574,4839,1,000004d8,0,0,0,1,0
1457,1457,0,0,0,14,60,0001871b,5832ca94,04444444,000002ca,1,0,0,1,1,422354e8,0ade,"iSTATE2",1,553d6ff0,553d6ff0,fd0c1588,00000000,00000000,00000000,1,1479723668,4840,1,000004d9,0,0,0,1,0
1458,1458,0,0,0,14,60,0001871b,5844ff1a,04444444,000002ca,1,0,0,1,1,422354e8,0ade,"iSTATE2",1,554fa476,554fa476,fd0c1588,00000000,00000000,00000000,1,1480916762,4841,1,000004da,0,0,0,1,0
1459,1459,0,0,0,14,60,0001871b,585733a0,04444444,000002ca,1,0,0,1,1,422354e8,0ade,"iSTATE2",1,5561d8fc,5561d8fc,fd0c1588,00000000,00000000,00000000,1,1482109856,4842,1,000004db,0,0,0,1,0
1460,1460,0,0,0,14,60,0001871b,58696af0,04444444,000002ca,1,0,0,1,1,422354e8,0ade,"iSTATE2",1,5574104c,5574104c,fd0c1588,00000000,00000000,00000000,1,1483303664,4843,1,000004dc,0,0,0,1,0
1461,1461,0,0,0,14,60,0001871b,587b9f76,04444444,000002ca,1,0,0,1,1,422354e8,0ade,"iSTATE2",1,558644d2,558644d2,fd0c1588,00000000,00000000,00000000,1,1484496758,4844,1,000004dd,0,0,0,1,0
1462,1462,0,0,0,14,60,0001871b,588dd3fc,04444444,000002ca,1,0,0,1,1,422354e8,0ade,"iSTATE2",1,55987958,55987958,fd0c1588,00000000,00000000,00000000,1,1485689852,4845,1,000004de,0,0,0,1,0
1463,1463,0,0,0,14,60,0001871b,58a00b4c,04444444,000002ca,1,0,0,1,1,422354e8,0ade,"iSTATE2",1,55aab0a8,55aab0a8,fd0c1588,00000000,00000000,00000000,1,1486883660,4846,1,000004df,0,0,0,1,0
1464,1464,0,0,0,14,60,0001871b,58b23fd2,04444444,000002ca,1,0,0,1,1,422354e8,0ade,"iSTATE2",1,55bce52e,55bce52e,fd0c1588,00000000,00000000,00000000,1,1488076754,4847,1,000004e0,0,0,0,1,0
1465,1465,0,0,0,14,60,0001871b,58c47458,04444444,000002ca,1,0,0,1,1,422354e8,0ade,"iSTATE2",1,55cf19b4,55cf19b4,fd0c1588,00000000,00000000,00000000,1,1489269848,4848,1,000004e1,0,0,0,1,0
1466,1466,0,0,0,14,60,0001871b,58d6aba8,04444444,000002ca,1,0,0,1,1,422354e8,0ade,"iSTATE2",1,55e15104,55e15104,fd0c1588,00000000,00000000,00000000,1,1490463656,4849,1,000004e2,0,0,0,1,0
1467,1467,0,0,0,14,60,0001871b,58e8e02e,04444444,000002ca,1,0,0,1,1,422354e8,0ade,"iSTATE2",1,55f3858a,55f3858a,fd0c1588,00000000,00000000,00000000,1,1491656750,4850,1,000004e3,0,0,0,1,0
1468,1468,0,0,0,14,60,0001871b,58fb14b4,04444444,000002ca,1,0,0,1,1,422354e8,0ade,"iSTATE2",1,5605ba10,5605ba10,fd0c1588,00000000,00000000,00000000,1,1492849844,4851,1,000004e4,0,0,0,1,0
1469,1469,0,0,0,14,60,0001871b,590d4c04,04444444,000002ca,1,0,0,1,1,422354e8,0ade,"iSTATE2",1,5617f160,5617f160,fd0c1588,00000000,00000000,00000000,1,1494043652,4852,1,000004e5,0,0,0,1,0
1470,1470,0,0,0,14,60,0001871b,591f808a,04444444,000002ca,1,0,0,1,1,422354e8,0ade,"iSTATE2",1,562a25e6,562a25e6,fd0c1588,00000000,00000000,00000000,1,1495236746,4853,1,000004e6,0,0,0,1,0
1471,1471,0,0,0,14,60,0001871b,5931b510,04444444,000002ca,1,0,0,1,1,422354e8,0ade,"iSTATE2",1,563c5a6c,563c5a6c,fd0c1588,00000000,00000000,00000000,1,1496429840,4854,1,000004e7,0,0,0,1,0
1472,1472,0,0,0,14,60,0001871b,5943ec60,04444444,000002ca,1,0,0,1,1,422354e8,0ade,"iSTATE2",1,564e91bc,564e91bc,fd0c1588,00000000,00000000,00000000,1,1497623648,4855,1,000004e8,0,0,0,1,0
1473,1473,0,0,0,14,60,0001871b,595620e6,04444444,000002ca,1,0,0,1,1,422354e8,0ade,"iSTATE2",1,5660c642,5660c642,fd0c1588,00000000,00000000,00000000,1,1498816742,4856,1,000004e9,0,0,0,1,0
1474,1474,0,0,0,14,60,0001871b,5968556c,04444444,000002ca,1,0,0,1,1,422354e8,0ade,"iSTATE2",1,5672fac8,5672fac8,fd0c1588,00000000,00000000,00000000,1,1500009836,4857,1,000004ea,0,0,0,1,0
1475,1475,0,0,0,14,60,0001871b,597a8cbc,04444444,000002ca,1,0,0,1,1,422354e8,0ade,"iSTATE2",1,56853218,56853218,fd0c1588,00000000,00000000,00000000,1,1501203644,4858,1,000004eb,0,0,0,1,0
1476,1476,0,0,0,14,60,0001871b,598cc142,04444444,000002ca,1,0,0,1,1,422354e8,0ade,"iSTATE2",1,5697669e,5697669e,fd0c1588,00000000,00000000,00000000,1,1502396738,4859,1,000004ec,0,0,0,1,0
1477,1477,0,1,0,15,60,0001871c,599ef5cc,04444444,000002ca,1,0,0,1,1,422354e8,0ade,"iSTATE2",1,56a82dc6,56a82dc6,fd0aa55c,00000000,00000000,00000000,1,1503589836,4860,1,000004ed,0,0,0,1,0
1478,1478,0,0,0,15,60,0001871c,59b12d1c,04444444,000002ca,1,0,0,1,1,422354e8,0ade,"iSTATE2",1,56ba6516,56ba6516,fd0aa55c,00000000,00000000,00000000,1,1504783644,4861,1,000004ee,0,0,0,1,0
1479,1479,0,0,0,15,60,0001871c,59c361a2,04444444,000002ca,1,0,0,1,1,422354e8,0ade,"iSTATE2",1,56cc999c,56cc999c,fd0aa55c,00000000,00000000,00000000,1,1505976738,4862,1,000004ef,0,0,0,1,0
1480,1480,0,0,0,15,60,0001871c,59d59628,04444444,000002ca,1,0,0,1,1,422354e8,0ade,"iSTATE2",1,56dece22,56dece22,fd0aa55c,00000000,00000000,00000000,1,1507169832,4863,1,000004f0,0,0,0,1,0
1481,1481,0,0,0,15,60,0001871c,59e7cd78,04444444,000002ca,1,0,0,1,1,422354e8,0ade,"iSTATE2",1,56f10572,56f10572,fd0aa55c,00000000,00000000,00000000,1,1508363640,4864,1,000004f1,0,0,0,1,0
1482,1482,0,0,0,15,60,0001871c,59fa01fe,04444444,000002ca,1,0,0,1,1,422354e8,0ade,"iSTATE2",1,570339f8,570339f8,fd0aa55c,00000000,00000000,00000000,1,1509556734,4865,1,000004f2,0,0,0,1,0
1483,1483,0,0,0,15,60,0001871c,5a0c3684,04444444,000002ca,1,0,0,1,1,422354e8,0ade,"iSTATE2",1,57156e7e,57156e7e,fd0aa55c,00000000,00000000,00000000,1,1510749828,4866,1,000004f3,0,0,0,1,0
1484,1484,0,0,0,15,60,0001871c,5a1e6dd4,04444444,000002ca,1,0,0,1,1,422354e8,0ade,"iSTATE2",1,5727a5ce,5727a5ce,fd0aa55c,00000000,00000000,00000000,1,1511943636,4867,1,000004f4,0,0,0,1,0
1485,1485,0,0,0,15,60,0001871c,5a30a25a,04444444,000002ca,1,0,0,1,1,422354e8,0ade,"iSTATE2",1,5739da54,5739da54,fd0aa55c,00000000,00000000,00000000,1,1513136730,4868,1,000004f5,0,0,0,1,0
1486,1486,0,0,0,15,60,0001871c,5a42d6e0,04444444,000002ca,1,0,0,1,1,422354e8,0ade,"iSTATE2",1,574c0eda,574c0eda,fd0aa55c,00000000,00000000,00000000,1,1514329824,4869,1,000004f6,0,0,0,1,0
1487,1487,0,0,0,15,60,0001871c,5a550b66,04444444,000002ca,1,0,0,1,1,422354e8,0ade,"iSTATE2",1,575e4360,575e4360,fd0aa55c,00000000,00000000,00000000,1,1515522918,4870,1,000004f7,0,0,0,1,0
1488,1488,0,0,0,15,60,0001871c,5a6742b6,04444444,000002ca,1,0,0,1,1,422354e8,0ade,"iSTATE2",1,57707ab0,57707ab0,fd0aa55c,00000000,00000000,00000000,1,1516716726,4871,1,000004f8,0,0,0,1,0
1489,1489,0,0,0,15,60,0001871c,5a79773c,04444444,000002ca,1,0,0,1,1,422354e8,0ade,"iSTATE2",1,5782af36,5782af36,fd0aa55c,00000000,00000000,00000000,1,1517909820,4872,1,000004f9,0,0,0,1,0
1490,1490,0,0,0,15,60,0001871c,5a8babc2,04444444,000002ca,1,0,0,1,1,422354e8,0ade,"iSTATE2",1,5794e3bc,5794e3bc,fd0aa55c,00000000,00000000,00000000,1,1519102914,4873,1,000004fa,0,0,0,1,0
1491,1491,0,0,0,15,60,0001871c,5a9de312,04444444,000002ca,1,0,0,1,1,422354e8,0ade,"iSTATE2",1,57a71b0c,57a71b0c,fd0aa55c,00000000,00000000,00000000,1,1520296722,4874,1,000004fb,0,0,0,1,0
1492,1492,0,0,0,15,60,0001871c,5ab01798,04444444,000002ca,1,0,0,1,1,422354e8,0ade,"iSTATE2",1,57b94f92,57b94f92,fd0aa55c,00000000,00000000,00000000,1,1521489816,4875,1,000004fc,0,0,0,1,0
1493,1493,0,0,0,15,60,0001871c,5ac24c1e,04444444,000002ca,1,0,0,1,1,422354e8,0ade,"iSTATE2",1,57cb8418,57cb8418,fd0aa55c,00000000,00000000,00000000,1,1522682910,4876,1,000004fd,0,0,0,1,0
1494,1494,0,0,0,15,60,0001871c,5ad4836e,04444444,000002ca,1,0,0,1,1,422354e8,0ade,"iSTATE2",1,57ddbb68,57ddbb68,fd0aa55c,00000000,00000000,00000000,1,1523876718,4877,1,000004fe,0,0,0,1,0
1495,1495,0,0,0,15,60,0001871c,5ae6b7f4,04444444,000002ca,1,0,0,1,1,422354e8,0ade,"iSTATE2",1,57efefee,57efefee,fd0aa55c,00000000,00000000,00000000,1,1525069812,4878,1,000004ff,0,0,0,1,0
1496,1496,0,0,0,15,60,0001871c,5af8ec7a,04444444,000002ca,1,0,0,1,1,422354e8,0ade,"iSTATE2",1,58022474,58022474,fd0aa55c,00000000,00000000,00000000,1,1526262906,4879,1,00000500,0,0,0,1,0
1497,1497,0,0,0,15,60,0001871c,5b0b23ca,04444444,000002ca,1,0,0,1,1,422354e8,0ade,"iSTATE2",1,58145bc4,58145bc4,fd0aa55c,00000000,00000000,00000000,1,1527456714,4880,1,00000501,0,0,0,1,0
1498,1498,0,0,0,15,60,0001871c,5b1d5850,04444444,000002ca,1,0,0,1,1,422354e8,0ade,"iSTATE2",1,5826904a,5826904a,fd0aa55c,00000000,00000000,00000000,1,1528649808,4881,1,00000502,0,0,0,1,0
1499,1499,0,0,0,15,60,0001871c,5b2f8cd6,04444444,000002ca,1,0,0,1,1,422354e8,0ade,"iSTATE2",1,5838c4d0,5838c4d0,fd0aa55c,00000000,00000000,00000000,1,1529842902,4882,1,00000503,0,0,0,1,0
1500,1500,0,0,0,15,60,0001871c,5b41c426,04444444,000002ca,1,0,0,1,1,422354e8,0ade,"iSTATE2",1,584afc20,584afc20,fd0aa55c,00000000,00000000,00000000,1,1531036710,4883,1,00000504,0,0,0,1,0
1501,1501,0,0,0,15,60,0001871c,5b53f8ac,04444444,000002ca,1,0,0,1,1,422354e8,0ade,"iSTATE2",1,585d30a6,585d30a6,fd0aa55c,00000000,00000000,00000000,1,1532229804,4884,1,00000505,0,0,0,1,0
1502,1502,0,0,0,15,60,0001871c,5b662d32,04444444,000002ca,1,0,0,1,1,422354e8,0ade,"iSTATE2",1,586f652c,586f652c,fd0aa55c,00000000,00000000,00000000,1,1533422898,4885,1,00000506,0,0,0,1,0
1503,1503,0,0,0,15,60,0001871c,5b786482,04444444,000002ca,1,0,0,1,1,422354e8,0ade,"iSTATE2",1,58819c7c,58819c7c,fd0aa55c,00000000,00000000,00000000,1,1534616706,4886,1,00000507,0,0,0,1,0
1504,1504,0,0,0,15,60,0001871c,5b8a9908,04444444,000002ca,1,0,0,1,1,422354e8,0ade,"iSTATE2",1,5893d102,5893d102,fd0aa55c,00000000,00000000,00000000,1,1535809800,4887,1,00000508,0,0,0,1,0
1505,1505,0,0,0,15,60,0001871c,5b9ccd8e,04444444,000002ca,1,0,0,1,1,422354e8,0ade,"iSTATE2",1,58a60588,58a60588,fd0aa55c,00000000,00000000,00000000,1,1537002894,4888,1,00000509,0,0,0,1,0
1506,1506,0,0,0,15,60,0001871c,5baf04de,04444444,000002ca,1,0,0,1,1,422354e8,0ade,"iSTATE2",1,58b83cd8,58b83cd8,fd0aa55c,00000000,00000000,00000000,1,1538196702,4889,1,0000050a,0,0,0,1,0
1507,1507,0,0,0,15,60,0001871c,5bc13964,04444444,000002ca,1,0,0,1,1,422354e8,0ade,"iSTATE2",1,58ca715e,58ca715e,fd0aa55c,00000000,00000000,00000000,1,1539389796,4890,1,0000050b,0,0,0,1,0
1508,1508,0,0,0,15,60,0001871c,5bd36dea,04444444,000002ca,1,0,0,1,1,422354e8,0ade,"iSTATE2",1,58dca5e4,58dca5e4,fd0aa55c,00000000,00000000,00000000,1,1540582890,4891,1,0000050c,0,0,0,1,0
1509,1509,0,0,0,15,60,0001871c,5be5a53a,04444444,000002ca,1,0,0,1,1,422354e8,0ade,"iSTATE2",1,58eedd34,58eedd34,fd0aa55c,00000000,00000000,00000000,1,1541776698,4892,1,0000050d,0,0,0,1,0
1510,1510,0,0,0,15,60,0001871c,5bf7d9c0,04444444,000002ca,1,0,0,1,1,422354e8,0ade,"iSTATE2",1,590111ba,590111ba,fd0aa55c,00000000,00000000,00000000,1,1542969792,4893,1,0000050e,0,0,0,1,0
1511,1511,0,0,0,15,60,0001871c,5c0a0e46,04444444,000002ca,1,0,0,1,1,422354e8,0ade,"iSTATE2",1,59134640,59134640,fd0aa55c,00000000,00000000,00000000,1,1544162886,4894,1,0000050f,0,0,0,1,0
1512,1512,0,0,0,15,60,0001871c,5c1c4596,04444444,000002ca,1,0,0,1,1,422354e8,0ade,"iSTATE2",1,59257d90,59257d90,fd0aa55c,00000000,00000000,00000000,1,1545356694,4895,1,00000510,0,0,0,1,0
1513,1513,0,0,0,15,60,0001871c,5c2e7a1c,04444444,000002ca,1,0,0,1,1,422354e8,0ade,"iSTATE2",1,5937b216,5937b216,fd0aa55c,00000000,00000000,00000000,1,1546549788,4896,1,00000511,0,0,0,1,0
1514,1514,0,0,0,15,60,0001871c,5c40aea2,04444444,000002ca,1,0,0,1,1,422354e8,0ade,"iSTATE2",1,5949e69c,5949e69c,fd0aa55c,00000000,00000000,00000000,1,1547742882,4897,1,00000512,0,0,0,1,0
1515,1515,0,0,0,15,60,0001871c,5c52e5f2,04444444,000002ca,1,0,0,1,1,422354e8,0ade,"iSTATE2",1,595c1dec,595c1dec,fd0aa55c,00000000,00000000,00000000,1,1548936690,4898,1,00000513,0,0,0,1,0
1516,1516,0,0,0,15,60,0001871c,5c651a78,04444444,000002ca,1,0,0,1,1,422354e8,0ade,"iSTATE2",1,596e5272,596e5272,fd0aa55c,00000000,00000000,00000000,1,1550129784,4899,1,00000514,0,0,0,1,0
1517,1517,0,0,0,15,60,0001871c,5c774efe,04444444,000002ca,1,0,0,1,1,422354e8,0ade,"iSTATE2",1,598086f8,598086f8,fd0aa55c,00000000,00000000,00000000,1,1551322878,4900,1,00000515,0,0,0,1,0
1518,1518,0,0,0,15,60,0001871c,5c898384,04444444,000002ca,1,0,0,1,1,422354e8,0ade,"iSTATE2",1,5992bb7e,5992bb7e,fd0aa55c,00000000,00000000,00000000,1,1552515972,4901,1,00000516,0,0,0,1,0
1519,1519,0,0,0,15,60,0001871c,5c9bbad4,04444444,000002ca,1,0,0,1,1,422354e8,0ade,"iSTATE2",1,59a4f2ce,59a4f2ce,fd0aa55c,00000000,00000000,00000000,1,1553709780,4902,1,00000517,0,0,0,1,0
1520,1520,0,0,0,15,60,0001871c,5cadef5a,04444444,000002ca,1,0,0,1,1,422354e8,0ade,"iSTATE2",1,59b72754,59b72754,fd0aa55c,00000000,00000000,00000000,1,1554902874,4903,1,00000518,0,0,0,1,0
1521,1521,0,0,0,15,60,0001871c,5cc023e0,04444444,000002ca,1,0,0,1,1,422354e8,0ade,"iSTATE2",1,59c95bda,59c95bda,fd0aa55c,00000000,00000000,00000000,1,1556095968,4904,1,00000519,0,0,0,1,0
1522,1522,0,0,0,15,60,0001871c,5cd25b30,04444444,000002ca,1,0,0,1,1,422354e8,0ade,"iSTATE2",1,59db932a,59db932a,fd0aa55c,00000000,00000000,00000000,1,1557289776,4905,1,0000051a,0,0,0,1,0
1523,1523,0,0,0,15,60,0001871c,5ce48fb6,04444444,000002ca,1,0,0,1,1,422354e8,0ade,"iSTATE2",1,59edc7b0,59edc7b0,fd0aa55c,00000000,00000000,00000000,1,1558482870,4906,1,0000051b,0,0,0,1,0
1524,1524,0,0,0,15,60,0001871c,5cf6c43c,04444444,000002ca,1,0,0,1,1,422354e8,0ade,"iSTATE2",1,59fffc36,59fffc36,fd0aa55c,00000000,00000000,00000000,1,1559675964,4907,1,0000051c,0,0,0,1,0
1525,1525,0,0,0,15,60,0001871c,5d08fb8c,04444444,000002ca,1,0,0,1,1,422354e8,0ade,"iSTATE2",1,5a123386,5a123386,fd0aa55c,00000000,00000000,00000000,1,1560869772,4908,1,0000051d,0,0,0,1,0
1526,1526,0,0,0,15,60,0001871c,5d1b3012,04444444,000002ca,1,0,0,1,1,422354e8,0ade,"iSTATE2",1,5a24680c,5a24680c,fd0aa55c,00000000,00000000,00000000,1,1562062866,4909,1,0000051e,0,0,0,1,0
1527,1527,0,0,0,15,60,0001871c,5d2d6498,04444444,000002ca,1,0,0,1,1,422354e8,0ade,"iSTATE2",1,5a369c92,5a369c92,fd0aa55c,00000000,00000000,00000000,1,1563255960,4910,1,0000051f,0,0,0,1,0
1528,1528,0,0,0,15,60,0001871c,5d3f9be8,04444444,000002ca,1,0,0,1,1,422354e8,0ade,"iSTATE2",1,5a48d3e2,5a48d3e2,fd0aa55c,00000000,00000000,00000000,1,1564449768,4911,1,00000520,0,0,0,1,0
1529,1529,0,0,0,15,60,0001871c,5d51d06e,04444444,000002ca,1,0,0,1,1,422354e8,0ade,"iSTATE2",1,5a5b0868,5a5b0868,fd0aa55c,00000000,00000000,00000000,1,1565642862,4912,1,00000521,0,0,0,1,0
1530,1530,0,0,0,15,60,0001871c,5d6404f4,04444444,000002ca,1,0,0,1,1,422354e8,0ade,"iSTATE2",1,5a6d3cee,5a6d3cee,fd0aa55c,00000000,00000000,00000000,1,1566835956,4913,1,00000522,0,0,0,1,0
1531,1531,0,0,0,15,60,0001871c,5d763c44,04444444,000002ca,1,0,0,1,1,422354e8,0ade,"iSTATE2",1,5a7f743e,5a7f743e,fd0aa55c,00000000,00000000,00000000,1,1568029764,4914,1,00000523,0,0,0,1,0
1532,1532,0,0,0,15,60,0001871c,5d8870ca,04444444,000002ca,1,0,0,1,1,422354e8,0ade,"iSTATE2",1,5a91a8c4,5a91a8c4,fd0aa55c,00000000,00000000,00000000,1,1569222858,4915,1,00000524,0,0,0,1,0
1533,1533,0,0,0,15,60,0001871c,5d9aa550,04444444,000002ca,1,0,0,1,1,422354e8,0ade,"iSTATE2",1,5aa3dd4a,5aa3dd4a,fd0aa55c,00000000,00000000,00000000,1,1570415952,4916,1,00000525,0,0,0,1,0
1534,1534,0,0,0,15,60,0001871c,5dacdca0,04444444,000002ca,1,0,0,1,1,422354e8,0ade,"iSTATE2",1,5ab6149a,5ab6149a,fd0aa55c,00000000,00000000,00000000,1,1571609760,4917,1,00000526,0,0,0,1,0
1535,1535,0,0,0,15,60,0001871c,5dbf1126,04444444,000002ca,1,0,0,1,1,422354e8,0ade,"iSTATE2",1,5ac84920,5ac84920,fd0aa55c,00000000,00000000,00000000,1,1572802854,4918,1,00000527,0,0,0,1,0
1536,1536,0,0,0,15,60,0001871c,5dd145ac,04444444,000002ca,1,0,0,1,1,422354e8,0ade,"iSTATE2",1,5ada7da6,5ada7da6,fd0aa55c,00000000,00000000,00000000,1,1573995948,4919,1,00000528,0,0,0,1,0
1537,1537,0,1,0,16,60,0001871c,5de37d00,04444444,000002ca,1,0,0,1,1,422354e8,0ade,"iSTATE2",1,5aeb0d06,5aeb0d06,fd0937fa,00000000,00000000,00000000,1,1575189760,4920,1,00000529,0,0,0,1,0
1538,1538,0,0,0,16,60,0001871c,5df5b186,04444444,000002ca,1,0,0,1,1,422354e8,0ade,"iSTATE2",1,5afd418c,5afd418c,fd0937fa,00000000,00000000,00000000,1,1576382854,4921,1,0000052a,0,0,0,1,0
1539,1539,0,0,0,16,60,0001871c,5e07e60c,04444444,000002ca,1,0,0,1,1,422354e8,0ade,"iSTATE2",1,5b0f7612,5b0f7612,fd0937fa,00000000,00000000,00000000,1,1577575948,4922,1,0000052b,0,0,0,1,0
1540,1540,0,0,0,16,60,0001871c,5e1a1d5c,04444444,000002ca,1,0,0,1,1,422354e8,0ade,"iSTATE2",1,5b21ad62,5b21ad62,fd0937fa,00000000,00000000,00000000,1,1578769756,4923,1,0000052c,0,0,0,1,0
1541,1541,0,0,0,16,60,0001871c,5e2c51e2,04444444,000002ca,1,0,0,1,1,422354e8,0ade,"iSTATE2",1,5b33e1e8,5b33e1e8,fd0937fa,00000000,00000000,00000000,1,1579962850,4924,1,0000052d,0,0,0,1,0
1542,1542,0,0,0,16,60,0001871c,5e3e8668,04444444,000002ca,1,0,0,1,1,422354e8,0ade,"iSTATE2",1,5b46166e,5b46166e,fd0937fa,00000000,00000000,00000000,1,1581155944,4925,1,0000052e,0,0,0,1,0
1543,1543,0,0,0,16,60,0001871c,5e50bdb8,04444444,000002ca,1,0,0,1,1,422354e8,0ade,"iSTATE2",1,5b584dbe,5b584dbe,fd0937fa,00000000,00000000,00000000,1,1582349752,4926,1,0000052f,0,0,0,1,0
1544,1544,0,0,0,16,60,0001871c,5e62f23e,04444444,000002ca,1,0,0,1,1,422354e8,0ade,"iSTATE2",1,5b6a8244,5b6a8244,fd0937fa,00000000,00000000,00000000,1,1583542846,4927,1,00000530,0,0,0,1,0
1545,1545,0,0,0,16,60,0001871c,5e7526c4,04444444,000002ca,1,0,0,1,1,422354e8,0ade,"iSTATE2",1,5b7cb6ca,5b7cb6ca,fd0937fa,00000000,00000000,00000000,1,1584735940,4928,1,00000531,0,0,0,1,0
1546,1546,0,0,0,16,60,0001871c,5e875b4a,04444444,000002ca,1,0,0,1,1,422354e8,0ade,"iSTATE2",1,5b8eeb50,5b8eeb50,fd0937fa,00000000,00000000,00000000,1,1585929034,4929,1,00000532,0,0,0,1,0
1547,1547,0,0,0,16,60,0001871c,5e99929a,04444444,000002ca,1,0,0,1,1,422354e8,0ade,"iSTATE2",1,5ba122a0,5ba122a0,fd0937fa,00000000,00000000,00000000,1,1587122842,4930,1,00000533,0,0,0,1,0
1548,1548,0,0,0,16,60,0001871c,5eabc720,04444444,000002ca,1,0,0,1,1,422354e8,0ade,"iSTATE2",1,5bb35726,5bb35726,fd0937fa,00000000,00000000,00000000,1,1588315936,4931,1,00000534,0,0,0,1,0
1549,1549,0,0,0,16,60,0001871c,5ebdfba6,04444444,000002ca,1,0,0,1,1,422354e8,0ade,"iSTATE2",1,5bc58bac,5bc58bac,fd0937fa,00000000,00000000,00000000,1,1589509030,4932,1,00000535,0,0,0,1,0
1550,1550,0,0,0,16,60,0001871c,5ed032f6,04444444,000002ca,1,0,0,1,1,422354e8,0ade,"iSTATE2",1,5bd7c2fc,5bd7c2fc,fd0937fa,00000000,00000000,00000000,1,1590702838,4933,1,00000536,0,0,0,1,0
1551,1551,0,0,0,16,60,0001871c,5ee2677c,04444444,000002ca,1,0,0,1,1,422354e8,0ade,"iSTATE2",1,5be9f782,5be9f782,fd0937fa,00000000,00000000,00000000,1,1591895932,4934,1,00000537,0,0,0,1,0
1552,1552,0,0,0,16,60,0001871c,5ef49c02,04444444,000002ca,1,0,0,1,1,422354e8,0ade,"iSTATE2",1,5bfc2c08,5bfc2c08,fd0937fa,00000000,00000000,00000000,1,1593089026,4935,1,00000538,0,0,0,1,0
1553,1553,0,0,0,16,60,0001871c,5f06d352,04444444,000002ca,1,0,0,1,1,422354e8,0ade,"iSTATE2",1,5c0e6358,5c0e6358,fd0937fa,00000000,00000000,00000000,1,1594282834,4936,1,00000539,0,0,0,1,0
1554,1554,0,0,0,16,60,0001871c,5f1907d8,04444444,000002ca,1,0,0,1,1,422354e8,0ade,"iSTATE2",1,5c2097de,5c2097de,fd0937fa,00000000,00000000,00000000,1,1595475928,4937,1,0000053a,0,0,0,1,0
1555,1555,0,0,0,16,60,0001871c,5f2b3c5e,04444444,000002ca,1,0,0,1,1,422354e8,0ade,"iSTATE2",1,5c32cc64,5c32cc64,fd0937fa,00000000,00000000,00000000,1,1596669022,4938,1,0000053b,0,0,0,1,0
1556,1556,0,0,0,16,60,0001871c,5f3d73ae,04444444,000002ca,1,0,0,1,1,422354e8,0ade,"iSTATE2",1,5c4503b4,5c4503b4,fd0937fa,00000000,00000000,00000000,1,1597862830,4939,1,0000053c,0,0,0,1,0
1557,1557,0,0,0,16,60,0001871c,5f4fa834,04444444,000002ca,1,0,0,1,1,422354e8,0ade,"iSTATE2",1,5c57383a,5c57383a,fd0937fa,00000000,00000000,00000000,1,1599055924,4940,1,0000053d,0,0,0,1,0
1558,1558,0,0,0,16,60,0001871c,5f61dcba,04444444,000002ca,1,0,0,1,1,422354e8,0ade,"iSTATE2",1,5c696cc0,5c696cc0,fd0937fa,00000000,00000000,00000000,1,1600249018,4941,1,0000053e,0,0,0,1,0
1559,1559,0,0,0,16,60,0001871c,5f74140a,04444444,000002ca,1,0,0,1,1,422354e8,0ade,"iSTATE2",1,5c7ba410,5c7ba410,fd0937fa,00000000,00000000,00000000,1,1601442826,4942,1,0000053f,0,0,0,1,0
1560,1560,0,0,0,16,60,0001871c,5f864890,04444444,000002ca,1,0,0,1,1,422354e8,0ade,"iSTATE2",1,5c8dd896,5c8dd896,fd0937fa,00000000,00000000,00000000,1,1602635920,4943,1,00000540,0,0,0,1,0
1561,1561,0,0,0,16,60,0001871c,5f987d16,04444444,000002ca,1,0,0,1,1,422354e8,0ade,"iSTATE2",1,5ca00d1c,5ca00d1c,fd0937fa,00000000,00000000,00000000,1,1603829014,4944,1,00000541,0,0,0,1,0
1562,1562,0,0,0,16,60,0001871c,5faab466,04444444,000002ca,1,0,0,1,1,422354e8,0ade,"iSTATE2",1,5cb2446c,5cb2446c,fd0937fa,00000000,00000000,00000000,1,1605022822,4945,1,00000542,0,0,0,1,0
1563,1563,0,0,0,16,60,0001871c,5fbce8ec,04444444,000002ca,1,0,0,1,1,422354e8,0ade,"iSTATE2",1,5cc478f2,5cc478f2,fd0937fa,00000000,00000000,00000000,1,1606215916,4946,1,00000543,0,0,0,1,0
1564,1564,0,0,0,16,60,0001871c,5fcf1d72,04444444,000002ca,1,0,0,1,1,422354e8,0ade,"iSTATE2",1,5cd6ad78,5cd6ad78,fd0937fa,00000000,00000000,00000000,1,1607409010,4947,1,00000544,0,0,0,1,0
1565,1565,0,0,0,16,60,0001871c,5fe154c2,04444444,000002ca,1,0,0,1,1,422354e8,0ade,"iSTATE2",1,5ce8e4c8,5ce8e4c8,fd0937fa,00000000,00000000,00000000,1,1608602818,4948,1,00000545,0,0,0,1,0
1566,1566,0,0,0,16,60,0001871c,5ff38948,04444444,000002ca,1,0,0,1,1,422354e8,0ade,"iSTATE2",1,5cfb194e,5cfb194e,fd0937fa,00000000,00000000,00000000,1,1609795912,4949,1,00000546,0,0,0,1,0
1567,1567,0,0,0,16,60,0001871c,6005bdce,04444444,000002ca,1,0,0,1,1,422354e8,0ade,"iSTATE2",1,5d0d4dd4,5d0d4dd4,fd0937fa,00000000,00000000,00000000,1,1610989006,4950,1,00000547,0,0,0,1,0
1568,1568,0,0,0,16,60,0001871c,6017f51e,04444444,000002ca,1,0,0,1,1,422354e8,0ade,"iSTATE2",1,5d1f8524,5d1f8524,fd0937fa,00000000,00000000,00000000,1,1612182814,4951,1,00000548,0,0,0,1,0
1569,1569,0,0,0,16,60,0001871c,602a29a4,04444444,000002ca,1,0,0,1,1,422354e8,0ade,"iSTATE2",1,5d31b9aa,5d31b9aa,fd0937fa,00000000,00000000,00000000,1,1613375908,4952,1,00000549,0,0,0,1,0
1570,1570,0,0,0,16,60,0001871c,603c5e2a,04444444,000002ca,1,0,0,1,1,422354e8,0ade,"iSTATE2",1,5d43ee30,5d43ee30,fd0937fa,00000000,00000000,00000000,1,1614569002,4953,1,0000054a,0,0,0,1,0
1571,1571,0,0,0,16,60,0001871c,604e957a,04444444,000002ca,1,0,0,1,1,422354e8,0ade,"iSTATE2",1,5d562580,5d562580,fd0937fa,00000000,00000000,00000000,1,1615762810,4954,1,0000054b,0,0,0,1,0
1572,1572,0,0,0,16,60,0001871c,6060ca00,04444444,000002ca,1,0,0,1,1,422354e8,0ade,"iSTATE2",1,5d685a06,5d685a06,fd0937fa,00000000,00000000,00000000,1,1616955904,4955,1,0000054c,0,0,0,1,0
1573,1573,0,0,0,16,60,0001871c,6072fe86,04444444,000002ca,1,0,0,1,1,422354e8,0ade,"iSTATE2",1,5d7a8e8c,5d7a8e8c,fd0937fa,00000000,00000000,00000000,1,1618148998,4956,1,0000054d,0,0,0,1,0
1574,1574,0,0,0,16,60,0001871c,608535d6,04444444,000002ca,1,0,0,1,1,422354e8,0ade,"iSTATE2",1,5d8cc5dc,5d8cc5dc,fd0937fa,00000000,00000000,00000000,1,1619342806,4957,1,0000054e,0,0,0,1,0
1575,1575,0,0,0,16,60,0001871c,60976a5c,04444444,000002ca,1,0,0,1,1,422354e8,0ade,"iSTATE2",1,5d9efa62,5d9efa62,fd0937fa,00000000,00000000,00000000,1,1620535900,4958,1,0000054f,0,0,0,1,0
1576,1576,0,0,0,16,60,0001871c,60a99ee2,04444444,000002ca,1,0,0,1,1,422354e8,0ade,"iSTATE2",1,5db12ee8,5db12ee8,fd0937fa,00000000,00000000,00000000,1,1621728994,4959,1,00000550,0,0,0,1,0
1577,1577,0,0,0,16,60,0001871c,60bbd368,04444444,000002ca,1,0,0,1,1,422354e8,0ade,"iSTATE2",1,5dc3636e,5dc3636e,fd0937fa,00000000,00000000,00000000,1,1622922088,4960,1,00000551,0,0,0,1,0
1578,1578,0,0,0,16,60,0001871c,60ce0ab8,04444444,000002ca,1,0,0,1,1,422354e8,0ade,"iSTATE2",1,5dd59abe,5dd59abe,fd0937fa,00000000,00000000,00000000,1,1624115896,4961,1,00000552,0,0,0,1,0
1579,1579,0,0,0,16,60,0001871c,60e03f3e,04444444,000002ca,1,0,0,1,1,422354e8,0ade,"iSTATE2",1,5de7cf44,5de7cf44,fd0937fa,00000000,00000000,00000000,1,1625308990,4962,1,00000553,0,0,0,1,0
1580,1580,0,0,0,16,60,0001871c,60f273c4,04444444,000002ca,1,0,0,1,1,422354e8,0ade,"iSTATE2",1,5dfa03ca,5dfa03ca,fd0937fa,00000000,00000000,00000000,1,1626502084,4963,1,00000554,0,0,0,1,0
1581,1581,0,0,0,16,60,0001871c,6104ab14,04444444,000002ca,1,0,0,1,1,422354e8,0ade,"iSTATE2",1,5e0c3b1a,5e0c3b1a,fd0937fa,00000000,00000000,00000000,1,1627695892,4964,1,00000555,0,0,0,1,0
1582,1582,0,0,0,16,60,0001871c,6116df9a,04444444,000002ca,1,0,0,1,1,422354e8,0ade,"iSTATE2",1,5e1e6fa0,5e1e6fa0,fd0937fa,00000000,00000000,00000000,1,1628888986,4965,1,00000556,0,0,0,1,0
1583,1583,0,0,0,16,60,0001871c,61291420,04444444,000002ca,1,0,0,1,1,422354e8,0ade,"iSTATE2",1,5e30a426,5e30a426,fd0937fa,00000000,00000000,00000000,1,1630082080,4966,1,00000557,0,0,0,1,0
1584,1584,0,0,0,16,60,0001871c,613b4b70,04444444,000002ca,1,0,0,1,1,422354e8,0ade,"iSTATE2",1,5e42db76,5e42db76,fd0937fa,00000000,00000000,00000000,1,1631275888,4967,1,00000558,0,0,0,1,0
1585,1585,0,0,0,16,60,0001871c,614d7ff6,04444444,000002ca,1,0,0,1,1,422354e8,0ade,"iSTATE2",1,5e550ffc,5e550ffc,fd0937fa,00000000,00000000,00000000,1,1632468982,4968,1,00000559,0,0,0,1,0
1586,1586,0,0,0,16,60,0001871c,615fb47c,04444444,000002ca,1,0,0,1,1,422354e8,0ade,"iSTATE2",1,5e674482,5e674482,fd0937fa,00000000,00000000,00000000,1,1633662076,4969,1,0000055a,0,0,0,1,0
1587,1587,0,0,0,16,60,0001871c,6171ebcc,04444444,000002ca,1,0,0,1,1,422354e8,0ade,"iSTATE2",1,5e797bd2,5e797bd2,fd0937fa,00000000,00000000,00000000,1,1634855884,4970,1,0000055b,0,0,0,1,0
1588,1588,0,0,0,16,60,0001871c,61842052,04444444,000002ca,1,0,0,1,1,422354e8,0ade,"iSTATE2",1,5e8bb058,5e8bb058,fd0937fa,00000000,00000000,00000000,1,1636048978,4971,1,0000055c,0,0,0,1,0
1589,1589,0,0,0,16,60,0001871c,619654d8,04444444,000002ca,1,0,0,1,1,422354e8,0ade,"iSTATE2",1,5e9de4de,5e9de4de,fd0937fa,00000000,00000000,00000000,1,1637242072,4972,1,0000055d,0,0,0,1,0
1590,1590,0,0,0,16,60,0001871c,61a88c28,04444444,000002ca,1,0,0,1,1,422354e8,0ade,"iSTATE2",1,5eb01c2e,5eb01c2e,fd0937fa,00000000,00000000,00000000,1,1638435880,4973,1,0000055e,0,0,0,1,0
1591,1591,0,0,0,16,60,0001871c,61bac0ae,04444444,000002ca,1,0,0,1,1,422354e8,0ade,"iSTATE2",1,5ec250b4,5ec250b4,fd0937fa,00000000,00000000,00000000,1,1639628974,4974,1,0000055f,0,0,0,1,0
1592,1592,0,0,0,16,60,0001871c,61ccf534,04444444,000002ca,1,0,0,1,1,422354e8,0ade,"iSTATE2",1,5ed4853a,5ed4853a,fd0937fa,00000000,00000000,00000000,1,1640822068,4975,1,00000560,0,0,0,1,0
1593,1593,0,0,0,16,60,0001871c,61df2c84,04444444,000002ca,1,0,0,1,1,422354e8,0ade,"iSTATE2",1,5ee6bc8a,5ee6bc8a,fd0937fa,00000000,00000000,00000000,1,1642015876,4976,1,00000561,0,0,0,1,0
1594,1594,0,0,0,16,60,0001871c,61f1610a,04444444,000002ca,1,0,0,1,1,422354e8,0ade,"iSTATE2",1,5ef8f110,5ef8f110,fd0937fa,00000000,00000000,00000000,1,1643208970,4977,1,00000562,0,0,0,1,0
1595,1595,0,0,0,16,60,0001871c,62039590,04444444,000002ca,1,0,0,1,1,422354e8,0ade,"iSTATE2",1,5f0b2596,5f0b2596,fd0937fa,00000000,00000000,00000000,1,1644402064,4978,1,00000563,0,0,0,1,0
1596,1596,0,0,0,16,60,0001871c,6215cce0,04444444,000002ca,1,0,0,1,1,422354e8,0ade,"iSTATE2",1,5f1d5ce6,5f1d5ce6,fd0937fa,00000000,00000000,00000000,1,1645595872,4979,1,00000564,0,0,0,1,0
1597,1597,0,1,0,17,60,0001871b,6228016a,04444444,000002ca,1,0,0,1,1,422354e8,0ade,"iSTATE2",1,5f2e5bd6,5f2e5bd6,fd079006,00000000,00000000,00000000,1,1646788970,4980,1,00000565,0,0,0,1,0
1598,1598,0,0,0,17,60,0001871b,623a35f0,04444444,000002ca,1,0,0,1,1,422354e8,0ade,"iSTATE2",1,5f40905c,5f40905c,fd079006,00000000,00000000,00000000,1,1647982064,4981,1,00000566,0,0,0,1,0
1599,1599,0,0,0,17,60,0001871b,624c6d40,04444444,000002ca,1,0,0,1,1,422354e8,0ade,"iSTATE2",1,5f52c7ac,5f52c7ac,fd079006,00000000,00000000,00000000,1,1649175872,4982,1,00000567,0,0,0,1,0
1600,1600,0,0,0,17,60,0001871b,625ea1c6,04444444,000002ca,1,0,0,1,1,422354e8,0ade,"iSTATE2",1,5f64fc32,5f64fc32,fd079006,00000000,00000000,00000000,1,1650368966,4983,1,00000568,0,0,0,1,0
1601,1601,0,0,0,17,60,0001871b,6270d64c,04444444,000002ca,1,0,0,1,1,422354e8,0ade,"iSTATE2",1,5f7730b8,5f7730b8,fd079006,00000000,00000000,00000000,1,1651562060,4984,1,00000569,0,0,0,1,0
1602,1602,0,0,0,17,60,0001871b,62830d9c,04444444,000002ca,1,0,0,1,1,422354e8,0ade,"iSTATE2",1,5f896808,5f896808,fd079006,00000000,00000000,00000000,1,1652755868,4985,1,0000056a,0,0,0,1,0
1603,1603,0,0,0,17,60,0001871b,62954222,04444444,000002ca,1,0,0,1,1,422354e8,0ade,"iSTATE2",1,5f9b9c8e,5f9b9c8e,fd079006,00000000,00000000,00000000,1,1653948962,4986,1,0000056b,0,0,0,1,0
1604,1604,0,0,0,17,60,0001871b,62a776a8,04444444,000002ca,1,0,0,1,1,422354e8,0ade,"iSTATE2",1,5fadd114,5fadd114,fd079006,00000000,00000000,00000000,1,1655142056,4987,1,0000056c,0,0,0,1,0
1605,1605,0,0,0,17,60,0001871b,62b9ab2e,04444444,000002ca,1,0,0,1,1,422354e8,0ade,"iSTATE2",1,5fc0059a,5fc0059a,fd079006,00000000,00000000,00000000,1,1656335150,4988,1,0000056d,0,0,0,1,0
1606,1606,0,0,0,17,60,0001871b,62cbe27e,04444444,000002ca,1,0,0,1,1,422354e8,0ade,"iSTATE2",1,5fd23cea,5fd23cea,fd079006,00000000,00000000,00000000,1,1657528958,4989,1,0000056e,0,0,0,1,0
1607,1607,0,0,0,17,60,0001871b,62de1704,04444444,000002ca,1,0,0,1,1,422354e8,0ade,"iSTATE2",1,5fe47170,5fe47170,fd079006,00000000,00000000,00000000,1,1658722052,4990,1,0000056f,0,0,0,1,0
1608,1608,0,0,0,17,60,0001871b,62f04b8a,04444444,000002ca,1,0,0,1,1,422354e8,0ade,"iSTATE2",1,5ff6a5f6,5ff6a5f6,fd079006,00000000,00000000,00000000,1,1659915146,4991,1,00000570,0,0,0,1,0
1609,1609,0,0,0,17,60,0001871b,630282da,04444444,000002ca,1,0,0,1,1,422354e8,0ade,"iSTATE2",1,6008dd46,6008dd46,fd079006,00000000,00000000,00000000,1,1661108954,4992,1,00000571,0,0,0,1,0
1610,1610,0,0,0,17,60,0001871b,6314b760,04444444,000002ca,1,0,0,1,1,422354e8,0ade,"iSTATE2",1,601b11cc,601b11cc,fd079006,00000000,00000000,00000000,1,1662302048,4993,1,00000572,0,0,0,1,0
1611,1611,0,0,0,17,60,0001871b,6326ebe6,04444444,000002ca,1,0,0,1,1,422354e8,0ade,"iSTATE2",1,602d4652,602d4652,fd079006,00000000,00000000,00000000,1,1663495142,4994,1,00000573,0,0,0,1,0
1612,1612,0,0,0,17,60,0001871b,63392336,04444444,000002ca,1,0,0,1,1,422354e8,0ade,"iSTATE2",1,603f7da2,603f7da2,fd079006,00000000,00000000,00000000,1,1664688950,4995,1,00000574,0,0,0,1,0
1613,1613,0,0,0,17,60,0001871b,634b57bc,04444444,000002ca,1,0,0,1,1,422354e8,0ade,"iSTATE2",1,6051b228,6051b228,fd079006,00000000,00000000,00000000,1,1665882044,4996,1,00000575,0,0,0,1,0
1614,1614,0,0,0,17,60,0001871b,635d8c42,04444444,000002ca,1,0,0,1,1,422354e8,0ade,"iSTATE2",1,6063e6ae,6063e6ae,fd079006,00000000,00000000,00000000,1,1667075138,4997,1,00000576,0,0,0,1,0
1615,1615,0,0,0,17,60,0001871b,636fc392,04444444,000002ca,1,0,0,1,1,422354e8,0ade,"iSTATE2",1,60761dfe,60761dfe,fd079006,00000000,00000000,00000000,1,1668268946,4998,1,00000577,0,0,0,1,0
1616,1616,0,0,0,17,60,0001871b,6381f818,04444444,000002ca,1,0,0,1,1,422354e8,0ade,"iSTATE2",1,60885284,60885284,fd079006,00000000,00000000,00000000,1,1669462040,4999,1,00000578,0,0,0,1,0
1617,1617,0,0,0,17,60,0001871b,63942c9e,04444444,000002ca,1,0,0,1,1,422354e8,0ade,"iSTATE2",1,609a870a,609a870a,fd079006,00000000,00000000,00000000,1,1670655134,5000,1,00000579,0,0,0,1,0
1618,1618,0,0,0,17,60,0001871b,63a663ee,04444444,000002ca,1,0,0,1,1,422354e8,0ade,"iSTATE2",1,60acbe5a,60acbe5a,fd079006,00000000,00000000,00000000,1,1671848942,5001,1,0000057a,0,0,0,1,0
1619,1619,0,0,0,17,60,0001871b,63b89874,04444444,000002ca,1,0,0,1,1,422354e8,0ade,"iSTATE2",1,60bef2e0,60bef2e0,fd079006,00000000,00000000,00000000,1,1673042036,5002,1,0000057b,0,0,0,1,0
1620,1620,0,0,0,17,60,0001871b,63caccfa,04444444,000002ca,1,0,0,1,1,422354e8,0ade,"iSTATE2",1,60d12766,60d12766,fd079006,00000000,00000000,00000000,1,1674235130,5003,1,0000057c,0,0,0,1,0
1621,1621,0,0,0,17,60,0001871b,63dd044a,04444444,000002ca,1,0,0,1,1,422354e8,0ade,"iSTATE2",1,60e35eb6,60e35eb6,fd079006,00000000,00000000,00000000,1,1675428938,5004,1,0000057d,0,0,0,1,0
1622,1622,0,0,0,17,60,0001871b,63ef38d0,04444444,000002ca,1,0,0,1,1,422354e8,0ade,"iSTATE2",1,60f5933c,60f5933c,fd079006,00000000,00000000,00000000,1,1676622032,5005,1,0000057e,0,0,0,1,0
1623,1623,0,0,0,17,60,0001871b,64016d56,04444444,000002ca,1,0,0,1,1,422354e8,0ade,"iSTATE2",1,6107c7c2,6107c7c2,fd079006,00000000,00000000,00000000,1,1677815126,5006,1,0000057f,0,0,0,1,0
1624,1624,0,0,0,17,60,0001871b,6413a4a6,04444444,000002ca,1,0,0,1,1,422354e8,0ade,"iSTATE2",1,6119ff12,6119ff12,fd079006,00000000,00000000,00000000,1,1679008934,5007,1,00000580,0,0,0,1,0
1625,1625,0,0,0,17,60,0001871b,6425d92c,04444444,000002ca,1,0,0,1,1,422354e8,0ade,"iSTATE2",1,612c3398,612c3398,fd079006,00000000,00000000,00000000,1,1680202028,5008,1,00000581,0,0,0,1,0
1626,1626,0,0,0,17,60,0001871b,64380db2,04444444,000002ca,1,0,0,1,1,422354e8,0ade,"iSTATE2",1,613e681e,613e681e,fd079006,00000000,00000000,00000000,1,1681395122,5009,1,00000582,0,0,0,1,0
1627,1627,0,0,0,17,60,0001871b,644a4502,04444444,000002ca,1,0,0,1,1,422354e8,0ade,"iSTATE2",1,61509f6e,61509f6e,fd079006,00000000,00000000,00000000,1,1682588930,5010,1,00000583,0,0,0,1,0
1628,1628,0,0,0,17,60,0001871b,645c7988,04444444,000002ca,1,0,0,1,1,422354e8,0ade,"iSTATE2",1,6162d3f4,6162d3f4,fd079006,00000000,00000000,00000000,1,1683782024,5011,1,00000584,0,0,0,1,0
1629,1629,0,0,0,17,60,0001871b,646eae0e,04444444,000002ca,1,0,0,1,1,422354e8,0ade,"iSTATE2",1,6175087a,6175087a,fd079006,00000000,00000000,00000000,1,1684975118,5012,1,00000585,0,0,0,1,0
1630,1630,0,0,0,17,60,0001871b,6480e55e,04444444,000002ca,1,0,0,1,1,422354e8,0ade,"iSTATE2",1,61873fca,61873fca,fd079006,00000000,00000000,00000000,1,1686168926,5013,1,00000586,0,0,0,1,0
1631,1631,0,0,0,17,60,0001871b,649319e4,04444444,000002ca,1,0,0,1,1,422354e8,0ade,"iSTATE2",1,61997450,61997450,fd079006,00000000,00000000,00000000,1,1687362020,5014,1,00000587,0,0,0,1,0
1632,1632,0,0,0,17,60,0001871b,64a54e6a,04444444,000002ca,1,0,0,1,1,422354e8,0ade,"iSTATE2",1,61aba8d6,61aba8d6,fd079006,00000000,00000000,00000000,1,1688555114,5015,1,00000588,0,0,0,1,0
1633,1633,0,0,0,17,60,0001871b,64b785ba,04444444,000002ca,1,0,0,1,1,422354e8,0ade,"iSTATE2",1,61bde026,61bde026,fd079006,00000000,00000000,00000000,1,1689748922,5016,1,00000589,0,0,0,1,0
1634,1634,0,0,0,17,60,0001871b,64c9ba40,04444444,000002ca,1,0,0,1,1,422354e8,0ade,"iSTATE2",1,61d014ac,61d014ac,fd079006,00000000,00000000,00000000,1,1690942016,5017,1,0000058a,0,0,0,1,0
1635,1635,0,0,0,17,60,0001871b,64dbeec6,04444444,000002ca,1,0,0,1,1,422354e8,0ade,"iSTATE2",1,61e24932,61e24932,fd079006,00000000,00000000,00000000,1,1692135110,5018,1,0000058b,0,0,0,1,0
1636,1636,0,0,0,17,60,0001871b,64ee234c,04444444,000002ca,1,0,0,1,1,422354e8,0ade,"iSTATE2",1,61f47db8,61f47db8,fd079006,00000000,00000000,00000000,1,1693328204,5019,1,0000058c,0,0,0,1,0
1637,1637,0,0,0,17,60,0001871b,65005a9c,04444444,000002ca,1,0,0,1,1,422354e8,0ade,"iSTATE2",1,6206b508,6206b508,fd079006,00000000,00000000,00000000,1,1694522012,5020,1,0000058d,0,0,0,1,0
1638,1638,0,0,0,17,60,0001871b,65128f22,04444444,000002ca,1,0,0,1,1,422354e8,0ade,"iSTATE2",1,6218e98e,6218e98e,fd079006,00000000,00000000,00000000,1,1695715106,5021,1,0000058e,0,0,0,1,0
1639,1639,0,0,0,17,60,0001871b,6524c3a8,04444444,000002ca,1,0,0,1,1,422354e8,0ade,"iSTATE2",1,622b1e14,622b1e14,fd079006,00000000,00000000,00000000,1,1696908200,5022,1,0000058f,0,0,0,1,0
1640,1640,0,0,0,17,60,0001871b,6536faf8,04444444,000002ca,1,0,0,1,1,422354e8,0ade,"iSTATE2",1,623d5564,623d5564,fd079006,00000000,00000000,00000000,1,1698102008,5023,1,00000590,0,0,0,1,0
1641,1641,0,0,0,17,60,0001871b,65492f7e,04444444,000002ca,1,0,0,1,1,422354e8,0ade,"iSTATE2",1,624f89ea,624f89ea,fd079006,00000000,00000000,00000000,1,1699295102,5024,1,00000591,0,0,0,1,0
1642,1642,0,0,0,17,60,0001871b,655b6404,04444444,000002ca,1,0,0,1,1,422354e8,0ade,"iSTATE2",1,6261be70,6261be70,fd079006,00000000,00000000,00000000,1,1700488196,5025,1,00000592,0,0,0,1,0
1643,1643,0,0,0,17,60,0001871b,656d9b54,04444444,000002ca,1,0,0,1,1,422354e8,0ade,"iSTATE2",1,6273f5c0,6273f5c0,fd079006,00000000,00000000,00000000,1,1701682004,5026,1,00000593,0,0,0,1,0
1644,1644,0,0,0,17,60,0001871b,657fcfda,04444444,000002ca,1,0,0,1,1,422354e8,0ade,"iSTATE2",1,62862a46,62862a46,fd079006,00000000,00000000,00000000,1,1702875098,5027,1,00000594,0,0,0,1,0
1645,1645,0,0,0,17,60,0001871b,65920460,04444444,000002ca,1,0,0,1,1,422354e8,0ade,"iSTATE2",1,62985ecc,62985ecc,fd079006,00000000,00000000,00000000,1,1704068192,5028,1,00000595,0,0,0,1,0
1646,1646,0,0,0,17,60,0001871b,65a43bb0,04444444,000002ca,1,0,0,1,1,422354e8,0ade,"iSTATE2",1,62aa961c,62aa961c,fd079006,00000000,00000000,00000000,1,1705262000,5029,1,00000596,0,0,0,1,0
1647,1647,0,0,0,17,60,0001871b,65b67036,04444444,000002ca,1,0,0,1,1,422354e8,0ade,"iSTATE2",1,62bccaa2,62bccaa2,fd079006,00000000,00000000,00000000,1,1706455094,5030,1,00000597,0,0,0,1,0
1648,1648,0,0,0,17,60,0001871b,65c8a4bc,04444444,000002ca,1,0,0,1,1,422354e8,0ade,"iSTATE2",1,62ceff28,62ceff28,fd079006,00000000,00000000,00000000,1,1707648188,5031,1,00000598,0,0,0,1,0
1649,1649,0,0,0,17,60,0001871b,65dadc0c,04444444,000002ca,1,0,0,1,1,422354e8,0ade,"iSTATE2",1,62e13678,62e13678,fd079006,00000000,00000000,00000000,1,1708841996,5032,1,00000599,0,0,0,1,0
1650,1650,0,0,0,17,60,0001871b,65ed1092,04444444,000002ca,1,0,0,1,1,422354e8,0ade,"iSTATE2",1,62f36afe,62f36afe,fd079006,00000000,00000000,00000000,1,1710035090,5033,1,0000059a,0,0,0,1,0
1651,1651,0,0,0,17,60,0001871b,65ff4518,04444444,000002ca,1,0,0,1,1,422354e8,0ade,"iSTATE2",1,63059f84,63059f84,fd079006,00000000,00000000,00000000,1,1711228184,5034,1,0000059b,0,0,0,1,0
1652,1652,0,0,0,17,60,0001871b,66117c68,04444444,000002ca,1,0,0,1,1,422354e8,0ade,"iSTATE2",1,6317d6d4,6317d6d4,fd079006,00000000,00000000,00000000,1,1712421992,5035,1,0000059c,0,0,0,1,0
1653,1653,0,0,0,17,60,0001871b,6623b0ee,04444444,000002ca,1,0,0,1,1,422354e8,0ade,"iSTATE2",1,632a0b5a,632a0b5a,fd079006,00000000,00000000,00000000,1,1713615086,5036,1,0000059d,0,0,0,1,0
1654,1654,0,0,0,17,60,0001871b,6635e574,04444444,000002ca,1,0,0,1,1,422354e8,0ade,"iSTATE2",1,633c3fe0,633c3fe0,fd079006,00000000,00000000,00000000,1,1714808180,5037,1,0000059e,0,0,0,1,0
1655,1655,0,0,0,17,60,0001871b,66481cc4,04444444,000002ca,1,0,0,1,1,422354e8,0ade,"iSTATE2",1,634e7730,634e7730,fd079006,00000000,00000000,00000000,1,1716001988,5038,1,0000059f,0,0,0,1,0
1656,1656,0,0,0,17,60,0001871b,665a514a,04444444,000002ca,1,0,0,1,1,422354e8,0ade,"iSTATE2",1,6360abb6,6360abb6,fd079006,00000000,00000000,00000000,1,1717195082,5039,1,000005a0,0,0,0,1,0
1657,1657,0,1,0,18,60,0001871c,666c85d4,04444444,000002ca,1,0,0,1,1,422354e8,0ade,"iSTATE2",1,637172de,637172de,fd065a6c,00000000,00000000,00000000,1,1718388180,5040,1,000005a1,0,0,0,1,0
1658,1658,0,0,0,18,60,0001871c,667ebd24,04444444,000002ca,1,0,0,1,1,422354e8,0ade,"iSTATE2",1,6383aa2e,6383aa2e,fd065a6c,00000000,00000000,00000000,1,1719581988,5041,1,000005a2,0,0,0,1,0
1659,1659,0,0,0,18,60,0001871c,6690f1aa,04444444,000002ca,1,0,0,1,1,422354e8,0ade,"iSTATE2",1,6395deb4,6395deb4,fd065a6c,00000000,00000000,00000000,1,1720775082,5042,1,000005a3,0,0,0,1,0
1660,1660,0,0,0,18,60,0001871c,66a32630,04444444,000002ca,1,0,0,1,1,422354e8,0ade,"iSTATE2",1,63a8133a,63a8133a,fd065a6c,00000000,00000000,00000000,1,1721968176,5043,1,000005a4,0,0,0,1,0
1661,1661,0,0,0,18,60,0001871c,66b55d80,04444444,000002ca,1,0,0,1,1,422354e8,0ade,"iSTATE2",1,63ba4a8a,63ba4a8a,fd065a6c,00000000,00000000,00000000,1,1723161984,5044,1,000005a5,0,0,0,1,0
1662,1662,0,0,0,18,60,0001871c,66c79206,04444444,000002ca,1,0,0,1,1,422354e8,0ade,"iSTATE2",1,63cc7f10,63cc7f10,fd065a6c,00000000,00000000,00000000,1,1724355078,5045,1,000005a6,0,0,0,1,0
1663,1663,0,0,0,18,60,0001871c,66d9c68c,04444444,000002ca,1,0,0,1,1,422354e8,0ade,"iSTATE2",1,63deb396,63deb396,fd065a6c,00000000,00000000,00000000,1,1725548172,5046,1,000005a7,0,0,0,1,0
1664,1664,0,0,0,18,60,0001871c,66ebfb12,04444444,000002ca,1,0,0,1,1,422354e8,0ade,"iSTATE2",1,63f0e81c,63f0e81c,fd065a6c,00000000,00000000,00000000,1,1726741266,5047,1,000005a8,0,0,0,1,0
1665,1665,0,0,0,18,60,0001871c,66fe3262,04444444,000002ca,1,0,0,1,1,422354e8,0ade,"iSTATE2",1,64031f6c,64031f6c,fd065a6c,00000000,00000000,00000000,1,1727935074,5048,1,000005a9,0,0,0,1,0
1666,1666,0,0,0,18,60,0001871c,671066e8,04444444,000002ca,1,0,0,1,1,422354e8,0ade,"iSTATE2",1,641553f2,641553f2,fd065a6c,00000000,00000000,00000000,1,1729128168,5049,1,000005aa,0,0,0,1,0
1667,1667,0,0,0,18,60,0001871c,67229b6e,04444444,000002ca,1,0,0,1,1,422354e8,0ade,"iSTATE2",1,64278878,64278878,fd065a6c,00000000,00000000,00000000,1,1730321262,5050,1,000005ab,0,0,0,1,0
1668,1668,0,0,0,18,60,0001871c,6734d2be,04444444,000002ca,1,0,0,1,1,422354e8,0ade,"iSTATE2",1,6439bfc8,6439bfc8,fd065a6c,00000000,00000000,00000000,1,1731515070,5051,1,000005ac,0,0,0,1,0
1669,1669,0,0,0,18,60,0001871c,67470744,04444444,000002ca,1,0,0,1,1,422354e8,0ade,"iSTATE2",1,644bf44e,644bf44e,fd065a6c,00000000,00000000,00000000,1,1732708164,5052,1,000005ad,0,0,0,1,0
1670,1670,0,0,0,18,60,0001871c,67593bca,04444444,000002ca,1,0,0,1,1,422354e8,0ade,"iSTATE2",1,645e28d4,645e28d4,fd065a6c,00000000,00000000,00000000,1,1733901258,5053,1,000005ae,0,0,0,1,0
1671,1671,0,0,0,18,60,0001871c,676b731a,04444444,000002ca,1,0,0,1,1,422354e8,0ade,"iSTATE2",1,64706024,64706024,fd065a6c,00000000,00000000,00000000,1,1735095066,5054,1,000005af,0,0,0,1,0
1672,1672,0,0,0,18,60,0001871c,677da7a0,04444444,000002ca,1,0,0,1,1,422354e8,0ade,"iSTATE2",1,648294aa,648294aa,fd065a6c,00000000,00000000,00000000,1,1736288160,5055,1,000005b0,0,0,0,1,0
1673,1673,0,0,0,18,60,0001871c,678fdc26,04444444,000002ca,1,0,0,1,1,422354e8,0ade,"iSTATE2",1,6494c930,6494c930,fd065a6c,00000000,00000000,00000000,1,1737481254,5056,1,000005b1,0,0,0,1,0
1674,1674,0,0,0,18,60,0001871c,67a21376,04444444,000002ca,1,0,0,1,1,422354e8,0ade,"iSTATE2",1,64a70080,64a70080,fd065a6c,00000000,00000000,00000000,1,1738675062,5057,1,000005b2,0,0,0,1,0
1675,1675,0,0,0,18,60,0001871c,67b447fc,04444444,000002ca,1,0,0,1,1,422354e8,0ade,"iSTATE2",1,64b93506,64b93506,fd065a6c,00000000,00000000,00000000,1,1739868156,5058,1,000005b3,0,0,0,1,0
1676,1676,0,0,0,18,60,0001871c,67c67c82,04444444,000002ca,1,0,0,1,1,422354e8,0ade,"iSTATE2",1,64cb698c,64cb698c,fd065a6c,00000000,00000000,00000000,1,1741061250,5059,1,000005b4,0,0,0,1,0
1677,1677,0,0,0,18,60,0001871c,67d8b3d2,04444444,000002ca,1,0,0,1,1,422354e8,0ade,"iSTATE2",1,64dda0dc,64dda0dc,fd065a6c,00000000,00000000,00000000,1,1742255058,5060,1,000005b5,0,0,0,1,0
1678,1678,0,0,0,18,60,0001871c,67eae858,04444444,000002ca,1,0,0,1,1,422354e8,0ade,"iSTATE2",1,64efd562,64efd562,fd065a6c,00000000,00000000,00000000,1,1743448152,5061,1,000005b6,0,0,0,1,0
1679,1679,0,0,0,18,60,0001871c,67fd1cde,04444444,000002ca,1,0,0,1,1,422354e8,0ade,"iSTATE2",1,650209e8,650209e8,fd065a6c,00000000,00000000,00000000,1,1744641246,5062,1,000005b7,0,0,0,1,0
1680,1680,0,0,0,18,60,0001871c,680f542e,04444444,000002ca,1,0,0,1,1,422354e8,0ade,"iSTATE2",1,65144138,65144138,fd065a6c,00000000,00000000,00000000,1,1745835054,5063,1,000005b8,0,0,0,1,0
1681,1681,0,0,0,18,60,0001871c,682188b4,04444444,000002ca,1,0,0,1,1,422354e8,0ade,"iSTATE2",1,652675be,652675be,fd065a6c,00000000,00000000,00000000,1,1747028148,5064,1,000005b9,0,0,0,1,0
1682,1682,0,0,0,18,60,0001871c,6833bd3a,04444444,000002ca,1,0,0,1,1,422354e8,0ade,"iSTATE2",1,6538aa44,6538aa44,fd065a6c,00000000,00000000,00000000,1,1748221242,5065,1,000005ba,0,0,0,1,0
1683,1683,0,0,0,18,60,0001871c,6845f48a,04444444,000002ca,1,0,0,1,1,422354e8,0ade,"iSTATE2",1,654ae194,654ae194,fd065a6c,00000000,00000000,00000000,1,1749415050,5066,1,000005bb,0,0,0,1,0
1684,1684,0,0,0,18,60,0001871c,68582910,04444444,000002ca,1,0,0,1,1,422354e8,0ade,"iSTATE2",1,655d161a,655d161a,fd065a6c,00000000,00000000,00000000,1,1750608144,5067,1,000005bc,0,0,0,1,0
1685,1685,0,0,0,18,60,0001871c,686a5d96,04444444,000002ca,1,0,0,1,1,422354e8,0ade,"iSTATE2",1,656f4aa0,656f4aa0,fd065a6c,00000000,00000000,00000000,1,1751801238,5068,1,000005bd,0,0,0,1,0
1686,1686,0,0,0,18,60,0001871c,687c94e6,04444444,000002ca,1,0,0,1,1,422354e8,0ade,"iSTATE2",1,658181f0,658181f0,fd065a6c,00000000,00000000,00000000,1,1752995046,5069,1,000005be,0,0,0,1,0
1687,1687,0,0,0,18,60,0001871c,688ec96c,04444444,000002ca,1,0,0,1,1,422354e8,0ade,"iSTATE2",1,6593b676,6593b676,fd065a6c,00000000,00000000,00000000,1,1754188140,5070,1,000005bf,0,0,0,1,0
1688,1688,0,0,0,18,60,0001871c,68a0fdf2,04444444,000002ca,1,0,0,1,1,422354e8,0ade,"iSTATE2",1,65a5eafc,65a5eafc,fd065a6c,00000000,00000000,00000000,1,1755381234,5071,1,000005c0,0,0,0,1,0
1689,1689,0,0,0,18,60,0001871c,68b33542,04444444,000002ca,1,0,0,1,1,422354e8,0ade,"iSTATE2",1,65b8224c,65b8224c,fd065a6c,00000000,00000000,00000000,1,1756575042,5072,1,000005c1,0,0,0,1,0
1690,1690,0,0,0,18,60,0001871c,68c569c8,04444444,000002ca,1,0,0,1,1,422354e8,0ade,"iSTATE2",1,65ca56d2,65ca56d2,fd065a6c,00000000,00000000,00000000,1,1757768136,5073,1,000005c2,0,0,0,1,0
1691,1691,0,0,0,18,60,0001871c,68d79e4e,04444444,000002ca,1,0,0,1,1,422354e8,0ade,"iSTATE2",1,65dc8b58,65dc8b58,fd065a6c,00000000,00000000,00000000,1,1758961230,5074,1,000005c3,0,0,0,1,0
1692,1692,0,0,0,18,60,0001871c,68e9d59e,04444444,000002ca,1,0,0,1,1,422354e8,0ade,"iSTATE2",1,65eec2a8,65eec2a8,fd065a6c,00000000,00000000,00000000,1,1760155038,5075,1,000005c4,0,0,0,1,0
1693,1693,0,0,0,18,60,0001871c,68fc0a24,04444444,000002ca,1,0,0,1,1,422354e8,0ade,"iSTATE2",1,6600f72e,6600f72e,fd065a6c,00000000,00000000,00000000,1,1761348132,5076,1,000005c5,0,0,0,1,0
1694,1694,0,0,0,18,60,0001871c,690e3eaa,04444444,000002ca,1,0,0,1,1,422354e8,0ade,"iSTATE2",1,66132bb4,66132bb4,fd065a6c,00000000,00000000,00000000,1,1762541226,5077,1,000005c6,0,0,0,1,0
1695,1695,0,0,0,18,60,0001871c,69207330,04444444,000002ca,1,0,0,1,1,422354e8,0ade,"iSTATE2",1,6625603a,6625603a,fd065a6c,00000000,00000000,00000000,1,1763734320,5078,1,000005c7,0,0,0,1,0
1696,1696,0,0,0,18,60,0001871c,6932aa80,04444444,000002ca,1,0,0,1,1,422354e8,0ade,"iSTATE2",1,6637978a,6637978a,fd065a6c,00000000,00000000,00000000,1,1764928128,5079,1,000005c8,0,0,0,1,0
1697,1697,0,0,0,18,60,0001871c,6944df06,04444444,000002ca,1,0,0,1,1,422354e8,0ade,"iSTATE2",1,6649cc10,6649cc10,fd065a6c,00000000,00000000,00000000,1,1766121222,5080,1,000005c9,0,0,0,1,0
1698,1698,0,0,0,18,60,0001871c,6957138c,04444444,000002ca,1,0,0,1,1,422354e8,0ade,"iSTATE2",1,665c0096,665c0096,fd065a6c,00000000,00000000,00000000,1,1767314316,5081,1,000005ca,0,0,0,1,0
1699,1699,0,0,0,18,60,0001871c,69694adc,04444444,000002ca,1,0,0,1,1,422354e8,0ade,"iSTATE2",1,666e37e6,666e37e6,fd065a6c,00000000,00000000,00000000,1,1768508124,5082,1,000005cb,0,0,0,1,0
1700,1700,0,0,0,18,60,0001871c,697b7f62,04444444,000002ca,1,0,0,1,1,422354e8,0ade,"iSTATE2",1,66806c6c,66806c6c,fd065a6c,00000000,00000000,00000000,1,1769701218,5083,1,000005cc,0,0,0,1,0
1701,1701,0,0,0,18,60,0001871c,698db3e8,04444444,000002ca,1,0,0,1,1,422354e8,0ade,"iSTATE2",1,6692a0f2,6692a0f2,fd065a6c,00000000,00000000,00000000,1,1770894312,5084,1,000005cd,0,0,0,1,0
1702,1702,0,0,0,18,60,0001871c,699feb38,04444444,000002ca,1,0,0,1,1,422354e8,0ade,"iSTATE2",1,66a4d842,66a4d842,fd065a6c,00000000,00000000,00000000,1,1772088120,5085,1,000005ce,0,0,0,1,0
1703,1703,0,0,0,18,60,0001871c,69b21fbe,04444444,000002ca,1,0,0,1,1,422354e8,0ade,"iSTATE2",1,66b70cc8,66b70cc8,fd065a6c,00000000,00000000,00000000,1,1773281214,5086,1,000005cf,0,0,0,1,0
1704,1704,0,0,0,18,60,0001871c,69c45444,04444444,000002ca,1,0,0,1,1,422354e8,0ade,"iSTATE2",1,66c9414e,66c9414e,fd065a6c,00000000,00000000,00000000,1,1774474308,5087,1,000005d0,0,0,0,1,0
1705,1705,0,0,0,18,60,0001871c,69d68b94,04444444,000002ca,1,0,0,1,1,422354e8,0ade,"iSTATE2",1,66db789e,66db789e,fd065a6c,00000000,00000000,00000000,1,1775668116,5088,1,000005d1,0,0,0,1,0
1706,1706,0,0,0,18,60,0001871c,69e8c01a,04444444,000002ca,1,0,0,1,1,422354e8,0ade,"iSTATE2",1,66edad24,66edad24,fd065a6c,00000000,00000000,00000000,1,1776861210,5089,1,000005d2,0,0,0,1,0
1707,1707,0,0,0,18,60,0001871c,69faf4a0,04444444,000002ca,1,0,0,1,1,422354e8,0ade,"iSTATE2",1,66ffe1aa,66ffe1aa,fd065a6c,00000000,00000000,00000000,1,1778054304,5090,1,000005d3,0,0,0,1,0
1708,1708,0,0,0,18,60,0001871c,6a0d2bf0,04444444,000002ca,1,0,0,1,1,422354e8,0ade,"iSTATE2",1,671218fa,671218fa,fd065a6c,00000000,00000000,00000000,1,1779248112,5091,1,000005d4,0,0,0,1,0
1709,1709,0,0,0,18,60,0001871c,6a1f6076,04444444,000002ca,1,0,0,1,1,422354e8,0ade,"iSTATE2",1,67244d80,67244d80,fd065a6c,00000000,00000000,00000000,1,1780441206,5092,1,000005d5,0,0,0,1,0
1710,1710,0,0,0,18,60,0001871c,6a3194fc,04444444,000002ca,1,0,0,1,1,422354e8,0ade,"iSTATE2",1,67368206,67368206,fd065a6c,00000000,00000000,00000000,1,1781634300,5093,1,000005d6,0,0,0,1,0
1711,1711,0,0,0,18,60,0001871c,6a43cc4c,04444444,000002ca,1,0,0,1,1,422354e8,0ade,"iSTATE2",1,6748b956,6748b956,fd065a6c,00000000,00000000,00000000,1,1782828108,5094,1,000005d7,0,0,0,1,0
1712,1712,0,0,0,18,60,0001871c,6a5600d2,04444444,000002ca,1,0,0,1,1,422354e8,0ade,"iSTATE2",1,675aeddc,675aeddc,fd065a6c,00000000,00000000,00000000,1,1784021202,5095,1,000005d8,0,0,0,1,0
1713,1713,0,0,0,18,60,0001871c,6a683558,04444444,000002ca,1,0,0,1,1,422354e8,0ade,"iSTATE2",1,676d2262,676d2262,fd065a6c,00000000,00000000,00000000,1,1785214296,5096,1,000005d9,0,0,0,1,0
1714,1714,0,0,0,18,60,0001871c,6a7a6ca8,04444444,000002ca,1,0,0,1,1,422354e8,0ade,"iSTATE2",1,677f59b2,677f59b2,fd065a6c,00000000,00000000,00000000,1,1786408104,5097,1,000005da,0,0,0,1,0
1715,1715,0,0,0,18,60,0001871c,6a8ca12e,04444444,000002ca,1,0,0,1,1,422354e8,0ade,"iSTATE2",1,67918e38,67918e38,fd065a6c,00000000,00000000,00000000,1,1787601198,5098,1,000005db,0,0,0,1,0
1716,1716,0,0,0,18,60,0001871c,6a9ed5b4,04444444,000002ca,1,0,0,1,1,422354e8,0ade,"iSTATE2",1,67a3c2be,67a3c2be,fd065a6c,00000000,00000000,00000000,1,1788794292,5099,1,000005dc,0,0,0,1,0
1717,1717,0,1,0,19,60,0001871b,6ab10d08,04444444,000002ca,1,0,0,1,1,422354e8,0ade,"iSTATE2",1,67b489e6,67b489e6,fd04ed0a,00000000,00000000,00000000,1,1789988104,5100,1,000005dd,0,0,0,1,0
1718,1718,0,0,0,19,60,0001871b,6ac3418e,04444444,000002ca,1,0,0,1,1,422354e8,0ade,"iSTATE2",1,67c6be6c,67c6be6c,fd04ed0a,00000000,00000000,00000000,1,1791181198,5101,1,000005de,0,0,0,1,0
1719,1719,0,0,0,19,60,0001871b,6ad57614,04444444,000002ca,1,0,0,1,1,422354e8,0ade,"iSTATE2",1,67d8f2f2,67d8f2f2,fd04ed0a,00000000,00000000,00000000,1,1792374292,5102,1,000005df,0,0,0,1,0
1720,1720,0,0,0,19,60,0001871b,6ae7ad64,04444444,000002ca,1,0,0,1,1,422354e8,0ade,"iSTATE2",1,67eb2a42,67eb2a42,fd04ed0a,00000000,00000000,00000000,1,1793568100,5103,1,000005e0,0,0,0,1,0
1721,1721,0,0,0,19,60,0001871b,6af9e1ea,04444444,000002ca,1,0,0,1,1,422354e8,0ade,"iSTATE2",1,67fd5ec8,67fd5ec8,fd04ed0a,00000000,00000000,00000000,1,1794761194,5104,1,000005e1,0,0,0,1,0
1722,1722,0,0,0,19,60,0001871b,6b0c1670,04444444,000002ca,1,0,0,1,1,422354e8,0ade,"iSTATE2",1,680f934e,680f934e,fd04ed0a,00000000,00000000,00000000,1,1795954288,5105,1,000005e2,0,0,0,1,0
1723,1723,0,0,0,19,60,0001871b,6b1e4af6,04444444,000002ca,1,0,0,1,1,422354e8,0ade,"iSTATE2",1,6821c7d4,6821c7d4,fd04ed0a,00000000,00000000,00000000,1,1797147382,5106,1,000005e3,0,0,0,1,0
1724,1724,0,0,0,19,60,0001871b,6b308246,04444444,000002ca,1,0,0,1,1,422354e8,0ade,"iSTATE2",1,6833ff24,6833ff24,fd04ed0a,00000000,00000000,00000000,1,1798341190,5107,1,000005e4,0,0,0,1,0
1725,1725,0,0,0,19,60,0001871b,6b42b6cc,04444444,000002ca,1,0,0,1,1,422354e8,0ade,"iSTATE2",1,684633aa,684633aa,fd04ed0a,00000000,00000000,00000000,1,1799534284,5108,1,000005e5,0,0,0,1,0
1726,1726,0,0,0,19,60,0001871b,6b54eb52,04444444,000002ca,1,0,0,1,1,422354e8,0ade,"iSTATE2",1,68586830,68586830,fd04ed0a,00000000,00000000,00000000,1,1800727378,5109,1,000005e6,0,0,0,1,0
1727,1727,0,0,0,19,60,0001871b,6b6722a2,04444444,000002ca,1,0,0,1,1,422354e8,0ade,"iSTATE2",1,686a9f80,686a9f80,fd04ed0a,00000000,00000000,00000000,1,1801921186,5110,1,000005e7,0,0,0,1,0
1728,1728,0,0,0,19,60,0001871b,6b795728,04444444,000002ca,1,0,0,1,1,422354e8,0ade,"iSTATE2",1,687cd406,687cd406,fd04ed0a,00000000,00000000,00000000,1,1803114280,5111,1,000005e8,0,0,0,1,0
1729,1729,0,0,0,19,60,0001871b,6b8b8bae,04444444,000002ca,1,0,0,1,1,422354e8,0ade,"iSTATE2",1,688f088c,688f088c,fd04ed0a,00000000,00000000,00000000,1,1804307374,5112,1,000005e9,0,0,0,1,0
1730,1730,0,0,0,19,60,0001871b,6b9dc2fe,04444444,000002ca,1,0,0,1,1,422354e8,0ade,"iSTATE2",1,68a13fdc,68a13fdc,fd04ed0a,00000000,00000000,00000000,1,1805501182,5113,1,000005ea,0,0,0,1,0
1731,1731,0,0,0,19,60,0001871b,6baff784,04444444,000002ca,1,0,0,1,1,422354e8,0ade,"iSTATE2",1,68b37462,68b37462,fd04ed0a,00000000,00000000,00000000,1,1806694276,5114,1,000005eb,0,0,0,1,0
1732,1732,0,0,0,19,60,0001871b,6bc22c0a,04444444,000002ca,1,0,0,1,1,422354e8,0ade,"iSTATE2",1,68c5a8e8,68c5a8e8,fd04ed0a,00000000,00000000,00000000,1,1807887370,5115,1,000005ec,0,0,0,1,0
1733,1733,0,0,0,19,60,0001871b,6bd4635a,04444444,000002ca,1,0,0,1,1,422354e8,0ade,"iSTATE2",1,68d7e038,68d7e038,fd04ed0a,00000000,00000000,00000000,1,1809081178,5116,1,000005ed,0,0,0,1,0
1734,1734,0,0,0,19,60,0001871b,6be697e0,04444444,000002ca,1,0,0,1,1,422354e8,0ade,"iSTATE2",1,68ea14be,68ea14be,fd04ed0a,00000000,00000000,00000000,1,1810274272,5117,1,000005ee,0,0,0,1,0
1735,1735,0,0,0,19,60,0001871b,6bf8cc66,04444444,000002ca,1,0,0,1,1,422354e8,0ade,"iSTATE2",1,68fc4944,68fc4944,fd04ed0a,00000000,00000000,00000000,1,1811467366,5118,1,000005ef,0,0,0,1,0
1736,1736,0,0,0,19,60,0001871b,6c0b03b6,04444444,000002ca,1,0,0,1,1,422354e8,0ade,"iSTATE2",1,690e8094,690e8094,fd04ed0a,00000000,00000000,00000000,1,1812661174,5119,1,000005f0,0,0,0,1,0
1737,1737,0,0,0,19,60,0001871b,6c1d383c,04444444,000002ca,1,0,0,1,1,422354e8,0ade,"iSTATE2",1,6920b51a,6920b51a,fd04ed0a,00000000,00000000,00000000,1,1813854268,5120,1,000005f1,0,0,0,1,0
1738,1738,0,0,0,19,60,0001871b,6c2f6cc2,04444444,000002ca,1,0,0,1,1,422354e8,0ade,"iSTATE2",1,6932e9a0,6932e9a0,fd04ed0a,00000000,00000000,00000000,1,1815047362,5121,1,000005f2,0,0,0,1,0
1739,1739,0,0,0,19,60,0001871b,6c41a412,04444444,000002ca,1,0,0,1,1,422354e8,0ade,"iSTATE2",1,694520f0,694520f0,fd04ed0a,00000000,00000000,00000000,1,1816241170,5122,1,000005f3,0,0,0,1,0
1740,1740,0,0,0,19,60,0001871b,6c53d898,04444444,000002ca,1,0,0,1,1,422354e8,0ade,"iSTATE2",1,69575576,69575576,fd04ed0a,00000000,00000000,00000000,1,1817434264,5123,1,000005f4,0,0,0,1,0
1741,1741,0,0,0,19,60,0001871b,6c660d1e,04444444,000002ca,1,0,0,1,1,422354e8,0ade,"iSTATE2",1,696989fc,696989fc,fd04ed0a,00000000,00000000,00000000,1,1818627358,5124,1,000005f5,0,0,0,1,0
1742,1742,0,0,0,19,60,0001871b,6c78446e,04444444,000002ca,1,0,0,1,1,422354e8,0ade,"iSTATE2",1,697bc14c,697bc14c,fd04ed0a,00000000,00000000,00000000,1,1819821166,5125,1,000005f6,0,0,0,1,0
1743,1743,0,0,0,19,60,0001871b,6c8a78f4,04444444,000002ca,1,0,0,1,1,422354e8,0ade,"iSTATE2",1,698df5d2,698df5d2,fd04ed0a,00000000,00000000,00000000,1,1821014260,5126,1,000005f7,0,0,0,1,0
1744,1744,0,0,0,19,60,0001871b,6c9cad7a,04444444,000002ca,1,0,0,1,1,422354e8,0ade,"iSTATE2",1,69a02a58,69a02a58,fd04ed0a,00000000,00000000,00000000,1,1822207354,5127,1,000005f8,0,0,0,1,0
1745,1745,0,0,0,19,60,0001871b,6caee4ca,04444444,000002ca,1,0,0,1,1,422354e8,0ade,"iSTATE2",1,69b261a8,69b261a8,fd04ed0a,00000000,00000000,00000000,1,1823401162,5128,1,000005f9,0,0,0,1,0
1746,1746,0,0,0,19,60,0001871b,6cc11950,04444444,000002ca,1,0,0,1,1,422354e8,0ade,"iSTATE2",1,69c4962e,69c4962e,fd04ed0a,00000000,00000000,00000000,1,1824594256,5129,1,000005fa,0,0,0,1,0
1747,1747,0,0,0,19,60,0001871b,6cd34dd6,04444444,000002ca,1,0,0,1,1,422354e8,0ade,"iSTATE2",1,69d6cab4,69d6cab4,fd04ed0a,00000000,00000000,00000000,1,1825787350,5130,1,000005fb,0,0,0,1,0
1748,1748,0,0,0,19,60,0001871b,6ce58526,04444444,000002ca,1,0,0,1,1,422354e8,0ade,"iSTATE2",1,69e90204,69e90204,fd04ed0a,00000000,00000000,00000000,1,1826981158,5131,1,000005fc,0,0,0,1,0
1749,1749,0,0,0,19,60,0001871b,6cf7b9ac,04444444,000002ca,1,0,0,1,1,422354e8,0ade,"iSTATE2",1,69fb368a,69fb368a,fd04ed0a,00000000,00000000,00000000,1,1828174252,5132,1,000005fd,0,0,0,1,0
1750,1750,0,0,0,19,60,0001871b,6d09ee32,04444444,000002ca,1,0,0,1,1,422354e8,0ade,"iSTATE2",1,6a0d6b10,6a0d6b10,fd04ed0a,00000000,00000000,00000000,1,1829367346,5133,1,000005fe,0,0,0,1,0
1751,1751,0,0,0,19,60,0001871b,6d1c2582,04444444,000002ca,1,0,0,1,1,422354e8,0ade,"iSTATE2",1,6a1fa260,6a1fa260,fd04ed0a,00000000,00000000,00000000,1,1830561154,5134,1,000005ff,0,0,0,1,0
1752,1752,0,0,0,19,60,0001871b,6d2e5a08,04444444,000002ca,1,0,0,1,1,422354e8,0ade,"iSTATE2",1,6a31d6e6,6a31d6e6,fd04ed0a,00000000,00000000,00000000,1,1831754248,5135,1,00000600,0,0,0,1,0
1753,1753,0,0,0,19,60,0001871b,6d408e8e,04444444,000002ca,1,0,0,1,1,422354e8,0ade,"iSTATE2",1,6a440b6c,6a440b6c,fd04ed0a,00000000,00000000,00000000,1,1832947342,5136,1,00000601,0,0,0,1,0
1754,1754,0,0,0,19,60,0001871b,6d52c314,04444444,000002ca,1,0,0,1,1,422354e8,0ade,"iSTATE2",1,6a563ff2,6a563ff2,fd04ed0a,00000000,00000000,00000000,1,1834140436,5137,1,00000602,0,0,0,1,0
1755,1755,0,0,0,19,60,0001871b,6d64fa64,04444444,000002ca,1,0,0,1,1,422354e8,0ade,"iSTATE2",1,6a687742,6a687742,fd04ed0a,00000000,00000000,00000000,1,1835334244,5138,1,00000603,0,0,0,1,0
1756,1756,0,0,0,19,60,0001871b,6d772eea,04444444,000002ca,1,0,0,1,1,422354e8,0ade,"iSTATE2",1,6a7aabc8,6a7aabc8,fd04ed0a,00000000,00000000,00000000,1,1836527338,5139,1,00000604,0,0,0,1,0
1757,1757,0,0,0,19,60,0001871b,6d896370,04444444,000002ca,1,0,0,1,1,422354e8,0ade,"iSTATE2",1,6a8ce04e,6a8ce04e,fd04ed0a,00000000,00000000,00000000,1,1837720432,5140,1,00000605,0,0,0,1,0
1758,1758,0,0,0,19,60,0001871b,6d9b9ac0,04444444,000002ca,1,0,0,1,1,422354e8,0ade,"iSTATE2",1,6a9f179e,6a9f179e,fd04ed0a,00000000,00000000,00000000,1,1838914240,5141,1,00000606,0,0,0,1,0
1759,1759,0,0,0,19,60,0001871b,6dadcf46,04444444,000002ca,1,0,0,1,1,422354e8,0ade,"iSTATE2",1,6ab14c24,6ab14c24,fd04ed0a,00000000,00000000,00000000,1,1840107334,5142,1,00000607,0,0,0,1,0
1760,1760,0,0,0,19,60,0001871b,6dc003cc,04444444,000002ca,1,0,0,1,1,422354e8,0ade,"iSTATE2",1,6ac380aa,6ac380aa,fd04ed0a,00000000,00000000,00000000,1,1841300428,5143,1,00000608,0,0,0,1,0
1761,1761,0,0,0,19,60,0001871b,6dd23b1c,04444444,000002ca,1,0,0,1,1,422354e8,0ade,"iSTATE2",1,6ad5b7fa,6ad5b7fa,fd04ed0a,00000000,00000000,00000000,1,1842494236,5144,1,00000609,0,0,0,1,0
1762,1762,0,0,0,19,60,0001871b,6de46fa2,04444444,000002ca,1,0,0,1,1,422354e8,0ade,"iSTATE2",1,6ae7ec80,6ae7ec80,fd04ed0a,00000000,00000000,00000000,1,1843687330,5145,1,0000060a,0,0,0,1,0
1763,1763,0,0,0,19,60,0001871b,6df6a428,04444444,000002ca,1,0,0,1,1,422354e8,0ade,"iSTATE2",1,6afa2106,6afa2106,fd04ed0a,00000000,00000000,00000000,1,1844880424,5146,1,0000060b,0,0,0,1,0
1764,1764,0,0,0,19,60,0001871b,6e08db78,04444444,000002ca,1,0,0,1,1,422354e8,0ade,"iSTATE2",1,6b0c5856,6b0c5856,fd04ed0a,00000000,00000000,00000000,1,1846074232,5147,1,0000060c,0,0,0,1,0
1765,1765,0,0,0,19,60,0001871b,6e1b0ffe,04444444,000002ca,1,0,0,1,1,422354e8,0ade,"iSTATE2",1,6b1e8cdc,6b1e8cdc,fd04ed0a,00000000,00000000,00000000,1,1847267326,5148,1,0000060d,0,0,0,1,0
1766,1766,0,0,0,19,60,0001871b,6e2d4484,04444444,000002ca,1,0,0,1,1,422354e8,0ade,"iSTATE2",1,6b30c162,6b30c162,fd04ed0a,00000000,00000000,00000000,1,1848460420,5149,1,0000060e,0,0,0,1,0
1767,1767,0,0,0,19,60,0001871b,6e3f7bd4,04444444,000002ca,1,0,0,1,1,422354e8,0ade,"iSTATE2",1,6b42f8b2,6b42f8b2,fd04ed0a,00000000,00000000,00000000,1,1849654228,5150,1,0000060f,0,0,0,1,0
1768,1768,0,0,0,19,60,0001871b,6e51b05a,04444444,000002ca,1,0,0,1,1,422354e8,0ade,"iSTATE2",1,6b552d38,6b552d38,fd04ed0a,00000000,00000000,00000000,1,1850847322,5151,1,00000610,0,0,0,1,0
1769,1769,0,0,0,19,60,0001871b,6e63e4e0,04444444,000002ca,1,0,0,1,1,422354e8,0ade,"iSTATE2",1,6b6761be,6b6761be,fd04ed0a,00000000,00000000,00000000,1,1852040416,5152,1,00000611,0,0,0,1,0
1770,1770,0,0,0,19,60,0001871b,6e761c30,04444444,000002ca,1,0,0,1,1,422354e8,0ade,"iSTATE2",1,6b79990e,6b79990e,fd04ed0a,00000000,00000000,00000000,1,1853234224,5153,1,00000612,0,0,0,1,0
1771,1771,0,0,0,19,60,0001871b,6e8850b6,04444444,000002ca,1,0,0,1,1,422354e8,0ade,"iSTATE2",1,6b8bcd94,6b8bcd94,fd04ed0a,00000000,00000000,00000000,1,1854427318,5154,1,00000613,0,0,0,1,0
1772,1772,0,0,0,19,60,0001871b,6e9a853c,04444444,000002ca,1,0,0,1,1,422354e8,0ade,"iSTATE2",1,6b9e021a,6b9e021a,fd04ed0a,00000000,00000000,00000000,1,1855620412,5155,1,00000614,0,0,0,1,0
1773,1773,0,0,0,19,60,0001871b,6eacbc8c,04444444,000002ca,1,0,0,1,1,422354e8,0ade,"iSTATE2",1,6bb0396a,6bb0396a,fd04ed0a,00000000,00000000,00000000,1,1856814220,5156,1,00000615,0,0,0,1,0
1774,1774,0,0,0,19,60,0001871b,6ebef112,04444444,000002ca,1,0,0,1,1,422354e8,0ade,"iSTATE2",1,6bc26df0,6bc26df0,fd04ed0a,00000000,00000000,00000000,1,1858007314,5157,1,00000616,0,0,0,1,0
1775,1775,0,0,0,19,60,0001871b,6ed12598,04444444,000002ca,1,0,0,1,1,422354e8,0ade,"iSTATE2",1,6bd4a276,6bd4a276,fd04ed0a,00000000,00000000,00000000,1,1859200408,5158,1,00000617,0,0,0,1,0
1776,1776,0,0,0,19,60,0001871b,6ee35ce8,04444444,000002ca,1,0,0,1,1,422354e8,0ade,"iSTATE2",1,6be6d9c6,6be6d9c6,fd04ed0a,00000000,00000000,00000000,1,1860394216,5159,1,00000618,0,0,0,1,0
1777,1777,0,1,0,1a,60,0001871c,6ef59172,04444444,000002ca,1,0,0,1,1,422354e8,0ade,"iSTATE2",1,6bf7a0ee,6bf7a0ee,fd037cde,00000000,00000000,00000000,1,1861587314,5160,1,00000619,0,0,0,1,0
1778,1778,0,0,0,1a,60,0001871c,6f07c5f8,04444444,000002ca,1,0,0,1,1,422354e8,0ade,"iSTATE2",1,6c09d574,6c09d574,fd037cde,00000000,00000000,00000000,1,1862780408,5161,1,0000061a,0,0,0,1,0
1779,1779,0,0,0,1a,60,0001871c,6f19fd48,04444444,000002ca,1,0,0,1,1,422354e8,0ade,"iSTATE2",1,6c1c0cc4,6c1c0cc4,fd037cde,00000000,00000000,00000000,1,1863974216,5162,1,0000061b,0,0,0,1,0
1780,1780,0,0,0,1a,60,0001871c,6f2c31ce,04444444,000002ca,1,0,0,1,1,422354e8,0ade,"iSTATE2",1,6c2e414a,6c2e414a,fd037cde,00000000,00000000,00000000,1,1865167310,5163,1,0000061c,0,0,0,1,0
1781,1781,0,0,0,1a,60,0001871c,6f3e6654,04444444,000002ca,1,0,0,1,1,422354e8,0ade,"iSTATE2",1,6c4075d0,6c4075d0,fd037cde,00000000,00000000,00000000,1,1866360404,5164,1,0000061d,0,0,0,1,0
1782,1782,0,0,0,1a,60,0001871c,6f509ada,04444444,000002ca,1,0,0,1,1,422354e8,0ade,"iSTATE2",1,6c52aa56,6c52aa56,fd037cde,00000000,00000000,00000000,1,1867553498,5165,1,0000061e,0,0,0,1,0
1783,1783,0,0,0,1a,60,0001871c,6f62d22a,04444444,000002ca,1,0,0,1,1,422354e8,0ade,"iSTATE2",1,6c64e1a6,6c64e1a6,fd037cde,00000000,00000000,00000000,1,1868747306,5166,1,0000061f,0,0,0,1,0
1784,1784,0,0,0,1a,60,0001871c,6f7506b0,04444444,000002ca,1,0,0,1,1,422354e8,0ade,"iSTATE2",1,6c77162c,6c77162c,fd037cde,00000000,00000000,00000000,1,1869940400,5167,1,00000620,0,0,0,1,0
1785,1785,0,0,0,1a,60,0001871c,6f873b36,04444444,000002ca,1,0,0,1,1,422354e8,0ade,"iSTATE2",1,6c894ab2,6c894ab2,fd037cde,00000000,00000000,00000000,1,1871133494,5168,1,00000621,0,0,0,1,0
1786,1786,0,0,0,1a,60,0001871c,6f997286,04444444,000002ca,1,0,0,1,1,422354e8,0ade,"iSTATE2",1,6c9b8202,6c9b8202,fd037cde,00000000,00000000,00000000,1,1872327302,5169,1,00000622,0,0,0,1,0
1787,1787,0,0,0,1a,60,0001871c,6faba70c,04444444,000002ca,1,0,0,1,1,422354e8,0ade,"iSTATE2",1,6cadb688,6cadb688,fd037cde,00000000,00000000,00000000,1,1873520396,5170,1,00000623,0,0,0,1,0
1788,1788,0,0,0,1a,60,0001871c,6fbddb92,04444444,000002ca,1,0,0,1,1,422354e8,0ade,"iSTATE2",1,6cbfeb0e,6cbfeb0e,fd037cde,00000000,00000000,00000000,1,1874713490,5171,1,00000624,0,0,0,1,0
1789,1789,0,0,0,1a,60,0001871c,6fd012e2,04444444,000002ca,1,0,0,1,1,422354e8,0ade,"iSTATE2",1,6cd2225e,6cd2225e,fd037cde,00000000,00000000,00000000,1,1875907298,5172,1,00000625,0,0,0,1,0
1790,1790,0,0,0,1a,60,0001871c,6fe24768,04444444,000002ca,1,0,0,1,1,422354e8,0ade,"iSTATE2",1,6ce456e4,6ce456e4,fd037cde,00000000,00000000,00000000,1,1877100392,5173,1,00000626,0,0,0,1,0
1791,1791,0,0,0,1a,60,0001871c,6ff47bee,04444444,000002ca,1,0,0,1,1,422354e8,0ade,"iSTATE2",1,6cf68b6a,6cf68b6a,fd037cde,00000000,00000000,00000000,1,1878293486,5174,1,00000627,0,0,0,1,0
1792,1792,0,0,0,1a,60,0001871c,7006b33e,04444444,000002ca,1,0,0,1,1,422354e8,0ade,"iSTATE2",1,6d08c2ba,6d08c2ba,fd037cde,00000000,00000000,00000000,1,1879487294,5175,1,00000628,0,0,0,1,0
1793,1793,0,0,0,1a,60,0001871c,7018e7c4,04444444,000002ca,1,0,0,1,1,422354e8,0ade,"iSTATE2",1,6d1af740,6d1af740,fd037cde,00000000,00000000,00000000,1,1880680388,5176,1,00000629,0,0,0,1,0
1794,1794,0,0,0,1a,60,0001871c,702b1c4a,04444444,000002ca,1,0,0,1,1,422354e8,0ade,"iSTATE2",1,6d2d2bc6,6d2d2bc6,fd037cde,00000000,00000000,00000000,1,1881873482,5177,1,0000062a,0,0,0,1,0
1795,1795,0,0,0,1a,60,0001871c,703d539a,04444444,000002ca,1,0,0,1,1,422354e8,0ade,"iSTATE2",1,6d3f6316,6d3f6316,fd037cde,00000000,00000000,00000000,1,1883067290,5178,1,0000062b,0,0,0,1,0
1796,1796,0,0,0,1a,60,0001871c,704f8820,04444444,000002ca,1,0,0,1,1,422354e8,0ade,"iSTATE2",1,6d51979c,6d51979c,fd037cde,00000000,00000000,00000000,1,1884260384,5179,1,0000062c,0,0,0,1,0
1797,1797,0,0,0,1a,60,0001871c,7061bca6,04444444,000002ca,1,0,0,1,1,422354e8,0ade,"iSTATE2",1,6d63cc22,6d63cc22,fd037cde,00000000,00000000,00000000,1,1885453478,5180,1,0000062d,0,0,0,1,0
1798,1798,0,0,0,1a,60,0001871c,7073f3f6,04444444,000002ca,1,0,0,1,1,422354e8,0ade,"iSTATE2",1,6d760372,6d760372,fd037cde,00000000,00000000,00000000,1,1886647286,5181,1,0000062e,0,0,0,1,0
1799,1799,0,0,0,1a,60,0001871c,7086287c,04444444,000002ca,1,0,0,1,1,422354e8,0ade,"iSTATE2",1,6d8837f8,6d8837f8,fd037cde,00000000,00000000,00000000,1,1887840380,5182,1,0000062f,0,0,0,1,0
1800,1800,0,0,0,1a,60,0001871c,70985d02,04444444,000002ca,1,0,0,1,1,422354e8,0ade,"iSTATE2",1,6d9a6c7e,6d9a6c7e,fd037cde,00000000,00000000,00000000,1,1889033474,5183,1,00000630,0,0,0,1,0
1801,1801,0,0,0,1a,60,0001871c,70aa9452,04444444,000002ca,1,0,0,1,1,422354e8,0ade,"iSTATE2",1,6daca3ce,6daca3ce,fd037cde,00000000,00000000,00000000,1,1890227282,5184,1,00000631,0,0,0,1,0
1802,1802,0,0,0,1a,60,0001871c,70bcc8d8,04444444,000002ca,1,0,0,1,1,422354e8,0ade,"iSTATE2",1,6dbed854,6dbed854,fd037cde,00000000,00000000,00000000,1,1891420376,5185,1,00000632,0,0,0,1,0
1803,1803,0,0,0,1a,60,0001871c,70cefd5e,04444444,000002ca,1,0,0,1,1,422354e8,0ade,"iSTATE2",1,6dd10cda,6dd10cda,fd037cde,00000000,00000000,00000000,1,1892613470,5186,1,00000633,0,0,0,1,0
1804,1804,0,0,0,1a,60,0001871c,70e134ae,04444444,000002ca,1,0,0,1,1,422354e8,0ade,"iSTATE2",1,6de3442a,6de3442a,fd037cde,00000000,00000000,00000000,1,1893807278,5187,1,00000634,0,0,0,1,0
1805,1805,0,0,0,1a,60,0001871c,70f36934,04444444,000002ca,1,0,0,1,1,422354e8,0ade,"iSTATE2",1,6df578b0,6df578b0,fd037cde,00000000,00000000,00000000,1,1895000372,5188,1,00000635,0,0,0,1,0
1806,1806,0,0,0,1a,60,0001871c,71059dba,04444444,000002ca,1,0,0,1,1,422354e8,0ade,"iSTATE2",1,6e07ad36,6e07ad36,fd037cde,00000000,00000000,00000000,1,1896193466,5189,1,00000636,0,0,0,1,0
1807,1807,0,0,0,1a,60,0001871c,7117d50a,04444444,000002ca,1,0,0,1,1,422354e8,0ade,"iSTATE2",1,6e19e486,6e19e486,fd037cde,00000000,00000000,00000000,1,1897387274,5190,1,00000637,0,0,0,1,0
1808,1808,0,0,0,1a,60,0001871c,712a0990,04444444,000002ca,1,0,0,1,1,422354e8,0ade,"iSTATE2",1,6e2c190c,6e2c190c,fd037cde,00000000,00000000,00000000,1,1898580368,5191,1,00000638,0,0,0,1,0
1809,1809,0,0,0,1a,60,0001871c,713c3e16,04444444,000002ca,1,0,0,1,1,422354e8,0ade,"iSTATE2",1,6e3e4d92,6e3e4d92,fd037cde,00000000,00000000,00000000,1,1899773462,5192,1,00000639,0,0,0,1,0
1810,1810,0,0,0,1a,60,0001871c,714e7566,04444444,000002ca,1,0,0,1,1,422354e8,0ade,"iSTATE2",1,6e5084e2,6e5084e2,fd037cde,00000000,00000000,00000000,1,1900967270,5193,1,0000063a,0,0,0,1,0
1811,1811,0,0,0,1a,60,0001871c,7160a9ec,04444444,000002ca,1,0,0,1,1,422354e8,0ade,"iSTATE2",1,6e62b968,6e62b968,fd037cde,00000000,00000000,00000000,1,1902160364,5194,1,0000063b,0,0,0,1,0
1812,1812,0,0,0,1a,60,0001871c,7172de72,04444444,000002ca,1,0,0,1,1,422354e8,0ade,"iSTATE2",1,6e74edee,6e74edee,fd037cde,00000000,00000000,00000000,1,1903353458,5195,1,0000063c,0,0,0,1,0
1813,1813,0,0,0,1a,60,0001871c,718512f8,04444444,000002ca,1,0,0,1,1,422354e8,0ade,"iSTATE2",1,6e872274,6e872274,fd037cde,00000000,00000000,00000000,1,1904546552,5196,1,0000063d,0,0,0,1,0
1814,1814,0,0,0,1a,60,0001871c,71974a48,04444444,000002ca,1,0,0,1,1,422354e8,0ade,"iSTATE2",1,6e9959c4,6e9959c4,fd037cde,00000000,00000000,00000000,1,1905740360,5197,1,0000063e,0,0,0,1,0
1815,1815,0,0,0,1a,60,0001871c,71a97ece,04444444,000002ca,1,0,0,1,1,422354e8,0ade,"iSTATE2",1,6eab8e4a,6eab8e4a,fd037cde,00000000,00000000,00000000,1,1906933454,5198,1,0000063f,0,0,0,1,0
1816,1816,0,0,0,1a,60,0001871c,71bbb354,04444444,000002ca,1,0,0,1,1,422354e8,0ade,"iSTATE2",1,6ebdc2d0,6ebdc2d0,fd037cde,00000000,00000000,00000000,1,1908126548,5199,1,00000640,0,0,0,1,0
1817,1817,0,0,0,1a,60,0001871c,71cdeaa4,04444444,000002ca,1,0,0,1,1,422354e8,0ade,"iSTATE2",1,6ecffa20,6ecffa20,fd037cde,00000000,00000000,00000000,1,1909320356,5200,1,00000641,0,0,0,1,0
1818,1818,0,0,0,1a,60,0001871c,71e01f2a,04444444,000002ca,1,0,0,1,1,422354e8,0ade,"iSTATE2",1,6ee22ea6,6ee22ea6,fd037cde,00000000,00000000,00000000,1,1910513450,5201,1,00000642,0,0,0,1,0
1819,1819,0,0,0,1a,60,0001871c,71f253b0,04444444,000002ca,1,0,0,1,1,422354e8,0ade,"iSTATE2",1,6ef4632c,6ef4632c,fd037cde,00000000,00000000,00000000,1,1911706544,5202,1,00000643,0,0,0,1,0
1820,1820,0,0,0,1a,60,0001871c,72048b00,04444444,000002ca,1,0,0,1,1,422354e8,0ade,"iSTATE2",1,6f069a7c,6f069a7c,fd037cde,00000000,00000000,00000000,1,1912900352,5203,1,00000644,0,0,0,1,0
1821,1821,0,0,0,1a,60,0001871c,7216bf86,04444444,000002ca,1,0,0,1,1,422354e8,0ade,"iSTATE2",1,6f18cf02,6f18cf02,fd037cde,00000000,00000000,00000000,1,1914093446,5204,1,00000645,0,0,0,1,0
1822,1822,0,0,0,1a,60,0001871c,7228f40c,04444444,000002ca,1,0,0,1,1,422354e8,0ade,"iSTATE2",1,6f2b0388,6f2b0388,fd037cde,00000000,00000000,00000000,1,1915286540,5205,1,00000646,0,0,0,1,0
1823,1823,0,0,0,1a,60,0001871c,723b2b5c,04444444,000002ca,1,0,0,1,1,422354e8,0ade,"iSTATE2",1,6f3d3ad8,6f3d3ad8,fd037cde,00000000,00000000,00000000,1,1916480348,5206,1,00000647,0,0,0,1,0
1824,1824,0,0,0,1a,60,0001871c,724d5fe2,04444444,000002ca,1,0,0,1,1,422354e8,0ade,"iSTATE2",1,6f4f6f5e,6f4f6f5e,fd037cde,00000000,00000000,00000000,1,1917673442,5207,1,00000648,0,0,0,1,0
1825,1825,0,0,0,1a,60,0001871c,725f9468,04444444,000002ca,1,0,0,1,1,422354e8,0ade,"iSTATE2",1,6f61a3e4,6f61a3e4,fd037cde,00000000,00000000,00000000,1,1918866536,5208,1,00000649,0,0,0,1,0
1826,1826,0,0,0,1a,60,0001871c,7271cbb8,04444444,000002ca,1,0,0,1,1,422354e8,0ade,"iSTATE2",1,6f73db34,6f73db34,fd037cde,00000000,00000000,00000000,1,1920060344,5209,1,0000064a,0,0,0,1,0
1827,1827,0,0,0,1a,60,0001871c,7284003e,04444444,000002ca,1,0,0,1,1,422354e8,0ade,"iSTATE2",1,6f860fba,6f860fba,fd037cde,00000000,00000000,00000000,1,1921253438,5210,1,0000064b,0,0,0,1,0
1828,1828,0,0,0,1a,60,0001871c,729634c4,04444444,000002ca,1,0,0,1,1,422354e8,0ade,"iSTATE2",1,6f984440,6f984440,fd037cde,00000000,00000000,00000000,1,1922446532,5211,1,0000064c,0,0,0,1,0
1829,1829,0,0,0,1a,60,0001871c,72a86c14,04444444,000002ca,1,0,0,1,1,422354e8,0ade,"iSTATE2",1,6faa7b90,6faa7b90,fd037cde,00000000,00000000,00000000,1,1923640340,5212,1,0000064d,0,0,0,1,0
1830,1830,0,0,0,1a,60,0001871c,72baa09a,04444444,000002ca,1,0,0,1,1,422354e8,0ade,"iSTATE2",1,6fbcb016,6fbcb016,fd037cde,00000000,00000000,00000000,1,1924833434,5213,1,0000064e,0,0,0,1,0
1831,1831,0,0,0,1a,60,0001871c,72ccd520,04444444,000002ca,1,0,0,1,1,422354e8,0ade,"iSTATE2",1,6fcee49c,6fcee49c,fd037cde,00000000,00000000,00000000,1,1926026528,5214,1,0000064f,0,0,0,1,0
1832,1832,0,0,0,1a,60,0001871c,72df0c70,04444444,000002ca,1,0,0,1,1,422354e8,0ade,"iSTATE2",1,6fe11bec,6fe11bec,fd037cde,00000000,00000000,00000000,1,1927220336,5215,1,00000650,0,0,0,1,0
1833,1833,0,0,0,1a,60,0001871c,72f140f6,04444444,000002ca,1,0,0,1,1,422354e8,0ade,"iSTATE2",1,6ff35072,6ff35072,fd037cde,00000000,00000000,00000000,1,1928413430,5216,1,00000651,0,0,0,1,0
1834,1834,0,0,0,1a,60,0001871c,7303757c,04444444,000002ca,1,0,0,1,1,422354e8,0ade,"iSTATE2",1,700584f8,700584f8,fd037cde,00000000,00000000,00000000,1,1929606524,5217,1,00000652,0,0,0,1,0
1835,1835,0,0,0,1a,60,0001871c,7315accc,04444444,000002ca,1,0,0,1,1,422354e8,0ade,"iSTATE2",1,7017bc48,7017bc48,fd037cde,00000000,00000000,00000000,1,1930800332,5218,1,00000653,0,0,0,1,0
1836,1836,0,0,0,1a,60,0001871c,7327e152,04444444,000002ca,1,0,0,1,1,422354e8,0ade,"iSTATE2",1,7029f0ce,7029f0ce,fd037cde,00000000,00000000,00000000,1,1931993426,5219,1,00000654,0,0,0,1,0
1837,1837,0,1,0,1b,60,0001871c,733a15dc,04444444,000002ca,1,0,0,1,1,422354e8,0ade,"iSTATE2",1,703a7d64,703a7d64,fd020f7c,00000000,00000000,00000000,1,1933186524,5220,1,00000655,0,0,0,1,0
1838,1838,0,0,0,1b,60,0001871c,734c4d2c,04444444,000002ca,1,0,0,1,1,422354e8,0ade,"iSTATE2",1,704cb4b4,704cb4b4,fd020f7c,00000000,00000000,00000000,1,1934380332,5221,1,00000656,0,0,0,1,0
1839,1839,0,0,0,1b,60,0001871c,735e81b2,04444444,000002ca,1,0,0,1,1,422354e8,0ade,"iSTATE2",1,705ee93a,705ee93a,fd020f7c,00000000,00000000,00000000,1,1935573426,5222,1,00000657,0,0,0,1,0
1840,1840,0,0,0,1b,60,0001871c,7370b638,04444444,000002ca,1,0,0,1,1,422354e8,0ade,"iSTATE2",1,70711dc0,70711dc0,fd020f7c,00000000,00000000,00000000,1,1936766520,5223,1,00000658,0,0,0,1,0
1841,1841,0,0,0,1b,60,0001871c,7382eabe,04444444,000002ca,1,0,0,1,1,422354e8,0ade,"iSTATE2",1,70835246,70835246,fd020f7c,00000000,00000000,00000000,1,1937959614,5224,1,00000659,0,0,0,1,0
1842,1842,0,0,0,1b,60,0001871c,7395220e,04444444,000002ca,1,0,0,1,1,422354e8,0ade,"iSTATE2",1,70958996,70958996,fd020f7c,00000000,00000000,00000000,1,1939153422,5225,1,0000065a,0,0,0,1,0
1843,1843,0,0,0,1b,60,0001871c,73a75694,04444444,000002ca,1,0,0,1,1,422354e8,0ade,"iSTATE2",1,70a7be1c,70a7be1c,fd020f7c,00000000,00000000,00000000,1,1940346516,5226,1,0000065b,0,0,0,1,0
1844,1844,0,0,0,1b,60,0001871c,73b98b1a,04444444,000002ca,1,0,0,1,1,422354e8,0ade,"iSTATE2",1,70b9f2a2,70b9f2a2,fd020f7c,00000000,00000000,00000000,1,1941539610,5227,1,0000065c,0,0,0,1,0
1845,1845,0,0,0,1b,60,0001871c,73cbc26a,04444444,000002ca,1,0,0,1,1,422354e8,0ade,"iSTATE2",1,70cc29f2,70cc29f2,fd020f7c,00000000,00000000,00000000,1,1942733418,5228,1,0000065d,0,0,0,1,0
1846,1846,0,0,0,1b,60,0001871c,73ddf6f0,04444444,000002ca,1,0,0,1,1,422354e8,0ade,"iSTATE2",1,70de5e78,70de5e78,fd020f7c,00000000,00000000,00000000,1,1943926512,5229,1,0000065e,0,0,0,1,0
1847,1847,0,0,0,1b,60,0001871c,73f02b76,04444444,000002ca,1,0,0,1,1,422354e8,0ade,"iSTATE2",1,70f092fe,70f092fe,fd020f7c,00000000,00000000,00000000,1,1945119606,5230,1,0000065f,0,0,0,1,0
1848,1848,0,0,0,1b,60,0001871c,740262c6,04444444,000002ca,1,0,0,1,1,422354e8,0ade,"iSTATE2",1,7102ca4e,7102ca4e,fd020f7c,00000000,00000000,00000000,1,1946313414,5231,1,00000660,0,0,0,1,0
1849,1849,0,0,0,1b,60,0001871c,7414974c,04444444,000002ca,1,0,0,1,1,422354e8,0ade,"iSTATE2",1,7114fed4,7114fed4,fd020f7c,00000000,00000000,00000000,1,1947506508,5232,1,00000661,0,0,0,1,0
1850,1850,0,0,0,1b,60,0001871c,7426cbd2,04444444,000002ca,1,0,0,1,1,422354e8,0ade,"iSTATE2",1,7127335a,7127335a,fd020f7c,00000000,00000000,00000000,1,1948699602,5233,1,00000662,0,0,0,1,0
1851,1851,0,0,0,1b,60,0001871c,74390322,04444444,000002ca,1,0,0,1,1,422354e8,0ade,"iSTATE2",1,71396aaa,71396aaa,fd020f7c,00000000,00000000,00000000,1,1949893410,5234,1,00000663,0,0,0,1,0
1852,1852,0,0,0,1b,60,0001871c,744b37a8,04444444,000002ca,1,0,0,1,1,422354e8,0ade,"iSTATE2",1,714b9f30,714b9f30,fd020f7c,00000000,00000000,00000000,1,1951086504,5235,1,00000664,0,0,0,1,0
1853,1853,0,0,0,1b,60,0001871c,745d6c2e,04444444,000002ca,1,0,0,1,1,422354e8,0ade,"iSTATE2",1,715dd3b6,715dd3b6,fd020f7c,00000000,00000000,00000000,1,1952279598,5236,1,00000665,0,0,0,1,0
1854,1854,0,0,0,1b,60,0001871c,746fa37e,04444444,000002ca,1,0,0,1,1,422354e8,0ade,"iSTATE2",1,71700b06,71700b06,fd020f7c,00000000,00000000,00000000,1,1953473406,5237,1,00000666,0,0,0,1,0
1855,1855,0,0,0,1b,60,0001871c,7481d804,04444444,000002ca,1,0,0,1,1,422354e8,0ade,"iSTATE2",1,71823f8c,71823f8c,fd020f7c,00000000,00000000,00000000,1,1954666500,5238,1,00000667,0,0,0,1,0
1856,1856,0,0,0,1b,60,0001871c,74940c8a,04444444,000002ca,1,0,0,1,1,422354e8,0ade,"iSTATE2",1,71947412,71947412,fd020f7c,00000000,00000000,00000000,1,1955859594,5239,1,00000668,0,0,0,1,0
1857,1857,0,0,0,1b,60,0001871c,74a643da,04444444,000002ca,1,0,0,1,1,422354e8,0ade,"iSTATE2",1,71a6ab62,71a6ab62,fd020f7c,00000000,00000000,00000000,1,1957053402,5240,1,00000669,0,0,0,1,0
1858,1858,0,0,0,1b,60,0001871c,74b87860,04444444,000002ca,1,0,0,1,1,422354e8,0ade,"iSTATE2",1,71b8dfe8,71b8dfe8,fd020f7c,00000000,00000000,00000000,1,1958246496,5241,1,0000066a,0,0,0,1,0
1859,1859,0,0,0,1b,60,0001871c,74caace6,04444444,000002ca,1,0,0,1,1,422354e8,0ade,"iSTATE2",1,71cb146e,71cb146e,fd020f7c,00000000,00000000,00000000,1,1959439590,5242,1,0000066b,0,0,0,1,0
1860,1860,0,0,0,1b,60,0001871c,74dce436,04444444,000002ca,1,0,0,1,1,422354e8,0ade,"iSTATE2",1,71dd4bbe,71dd4bbe,fd020f7c,00000000,00000000,00000000,1,1960633398,5243,1,0000066c,0,0,0,1,0
1861,1861,0,0,0,1b,60,0001871c,74ef18bc,04444444,000002ca,1,0,0,1,1,422354e8,0ade,"iSTATE2",1,71ef8044,71ef8044,fd020f7c,00000000,00000000,00000000,1,1961826492,5244,1,0000066d,0,0,0,1,0
1862,1862,0,0,0,1b,60,0001871c,75014d42,04444444,000002ca,1,0,0,1,1,422354e8,0ade,"iSTATE2",1,7201b4ca,7201b4ca,fd020f7c,00000000,00000000,00000000,1,1963019586,5245,1,0000066e,0,0,0,1,0
1863,1863,0,0,0,1b,60,0001871c,75138492,04444444,000002ca,1,0,0,1,1,422354e8,0ade,"iSTATE2",1,7213ec1a,7213ec1a,fd020f7c,00000000,00000000,00000000,1,1964213394,5246,1,0000066f,0,0,0,1,0
1864,1864,0,0,0,1b,60,0001871c,7525b918,04444444,000002ca,1,0,0,1,1,422354e8,0ade,"iSTATE2",1,722620a0,722620a0,fd020f7c,00000000,00000000,00000000,1,1965406488,5247,1,00000670,0,0,0,1,0
1865,1865,0,0,0,1b,60,0001871c,7537ed9e,04444444,000002ca,1,0,0,1,1,422354e8,0ade,"iSTATE2",1,72385526,72385526,fd020f7c,00000000,00000000,00000000,1,1966599582,5248,1,00000671,0,0,0,1,0
1866,1866,0,0,0,1b,60,0001871c,754a24ee,04444444,000002ca,1,0,0,1,1,422354e8,0ade,"iSTATE2",1,724a8c76,724a8c76,fd020f7c,00000000,00000000,00000000,1,1967793390,5249,1,00000672,0,0,0,1,0
1867,1867,0,0,0,1b,60,0001871c,755c5974,04444444,000002ca,1,0,0,1,1,422354e8,0ade,"iSTATE2",1,725cc0fc,725cc0fc,fd020f7c,00000000,00000000,00000000,1,1968986484,5250,1,00000673,0,0,0,1,0
1868,1868,0,0,0,1b,60,0001871c,756e8dfa,04444444,000002ca,1,0,0,1,1,422354e8,0ade,"iSTATE2",1,726ef582,726ef582,fd020f7c,00000000,00000000,00000000,1,1970179578,5251,1,00000674,0,0,0,1,0
1869,1869,0,0,0,1b,60,0001871c,7580c54a,04444444,000002ca,1,0,0,1,1,422354e8,0ade,"iSTATE2",1,72812cd2,72812cd2,fd020f7c,00000000,00000000,00000000,1,1971373386,5252,1,00000675,0,0,0,1,0
1870,1870,0,0,0,1b,60,0001871c,7592f9d0,04444444,000002ca,1,0,0,1,1,422354e8,0ade,"iSTATE2",1,72936158,72936158,fd020f7c,00000000,00000000,00000000,1,1972566480,5253,1,00000676,0,0,0,1,0
1871,1871,0,0,0,1b,60,0001871c,75a52e56,04444444,000002ca,1,0,0,1,1,422354e8,0ade,"iSTATE2",1,72a595de,72a595de,fd020f7c,00000000,00000000,00000000,1,1973759574,5254,1,00000677,0,0,0,1,0
1872,1872,0,0,0,1b,60,0001871c,75b762dc,04444444,000002ca,1,0,0,1,1,422354e8,0ade,"iSTATE2",1,72b7ca64,72b7ca64,fd020f7c,00000000,00000000,00000000,1,1974952668,5255,1,00000678,0,0,0,1,0
1873,1873,0,0,0,1b,60,0001871c,75c99a2c,04444444,000002ca,1,0,0,1,1,422354e8,0ade,"iSTATE2",1,72ca01b4,72ca01b4,fd020f7c,00000000,00000000,00000000,1,1976146476,5256,1,00000679,0,0,0,1,0
1874,1874,0,0,0,1b,60,0001871c,75dbceb2,04444444,000002ca,1,0,0,1,1,422354e8,0ade,"iSTATE2",1,72dc363a,72dc363a,fd020f7c,00000000,00000000,00000000,1,1977339570,5257,1,0000067a,0,0,0,1,0
1875,1875,0,0,0,1b,60,0001871c,75ee0338,04444444,000002ca,1,0,0,1,1,422354e8,0ade,"iSTATE2",1,72ee6ac0,72ee6ac0,fd020f7c,00000000,00000000,00000000,1,1978532664,5258,1,0000067b,0,0,0,1,0
1876,1876,0,0,0,1b,60,0001871c,76003a88,04444444,000002ca,1,0,0,1,1,422354e8,0ade,"iSTATE2",1,7300a210,7300a210,fd020f7c,00000000,00000000,00000000,1,1979726472,5259,1,0000067c,0,0,0,1,0
1877,1877,0,0,0,1b,60,0001871c,76126f0e,04444444,000002ca,1,0,0,1,1,422354e8,0ade,"iSTATE2",1,7312d696,7312d696,fd020f7c,00000000,00000000,00000000,1,1980919566,5260,1,0000067d,0,0,0,1,0
1878,1878,0,0,0,1b,60,0001871c,7624a394,04444444,000002ca,1,0,0,1,1,422354e8,0ade,"iSTATE2",1,73250b1c,73250b1c,fd020f7c,00000000,00000000,00000000,1,1982112660,5261,1,0000067e,0,0,0,1,0
1879,1879,0,0,0,1b,60,0001871c,7636dae4,04444444,000002ca,1,0,0,1,1,422354e8,0ade,"iSTATE2",1,7337426c,7337426c,fd020f7c,00000000,00000000,00000000,1,1983306468,5262,1,0000067f,0,0,0,1,0
1880,1880,0,0,0,1b,60,0001871c,76490f6a,04444444,000002ca,1,0,0,1,1,422354e8,0ade,"iSTATE2",1,734976f2,734976f2,fd020f7c,00000000,00000000,00000000,1,1984499562,5263,1,00000680,0,0,0,1,0
1881,1881,0,0,0,1b,60,0001871c,765b43f0,04444444,000002ca,1,0,0,1,1,422354e8,0ade,"iSTATE2",1,735bab78,735bab78,fd020f7c,00000000,00000000,00000000,1,1985692656,5264,1,00000681,0,0,0,1,0
1882,1882,0,0,0,1b,60,0001871c,766d7b40,04444444,000002ca,1,0,0,1,1,422354e8,0ade,"iSTATE2",1,736de2c8,736de2c8,fd020f7c,00000000,00000000,00000000,1,1986886464,5265,1,00000682,0,0,0,1,0
1883,1883,0,0,0,1b,60,0001871c,767fafc6,04444444,000002ca,1,0,0,1,1,422354e8,0ade,"iSTATE2",1,7380174e,7380174e,fd020f7c,00000000,00000000,00000000,1,1988079558,5266,1,00000683,0,0,0,1,0
1884,1884,0,0,0,1b,60,0001871c,7691e44c,04444444,000002ca,1,0,0,1,1,422354e8,0ade,"iSTATE2",1,73924bd4,73924bd4,fd020f7c,00000000,00000000,00000000,1,1989272652,5267,1,00000684,0,0,0,1,0
1885,1885,0,0,0,1b,60,0001871c,76a41b9c,04444444,000002ca,1,0,0,1,1,422354e8,0ade,"iSTATE2",1,73a48324,73a48324,fd020f7c,00000000,00000000,00000000,1,1990466460,5268,1,00000685,0,0,0,1,0
1886,1886,0,0,0,1b,60,0001871c,76b65022,04444444,000002ca,1,0,0,1,1,422354e8,0ade,"iSTATE2",1,73b6b7aa,73b6b7aa,fd020f7c,00000000,00000000,00000000,1,1991659554,5269,1,00000686,0,0,0,1,0
1887,1887,0,0,0,1b,60,0001871c,76c884a8,04444444,000002ca,1,0,0,1,1,422354e8,0ade,"iSTATE2",1,73c8ec30,73c8ec30,fd020f7c,00000000,00000000,00000000,1,1992852648,5270,1,00000687,0,0,0,1,0
1888,1888,0,0,0,1b,60,0001871c,76dabbf8,04444444,000002ca,1,0,0,1,1,422354e8,0ade,"iSTATE2",1,73db2380,73db2380,fd020f7c,00000000,00000000,00000000,1,1994046456,5271,1,00000688,0,0,0,1,0
1889,1889,0,0,0,1b,60,0001871c,76ecf07e,04444444,000002ca,1,0,0,1,1,422354e8,0ade,"iSTATE2",1,73ed5806,73ed5806,fd020f7c,00000000,00000000,00000000,1,1995239550,5272,1,00000689,0,0,0,1,0
1890,1890,0,0,0,1b,60,0001871c,76ff2504,04444444,000002ca,1,0,0,1,1,422354e8,0ade,"iSTATE2",1,73ff8c8c,73ff8c8c,fd020f7c,00000000,00000000,00000000,1,1996432644,5273,1,0000068a,0,0,0,1,0
1891,1891,0,0,0,1b,60,0001871c,77115c54,04444444,000002ca,1,0,0,1,1,422354e8,0ade,"iSTATE2",1,7411c3dc,7411c3dc,fd020f7c,00000000,00000000,00000000,1,1997626452,5274,1,0000068b,0,0,0,1,0
1892,1892,0,0,0,1b,60,0001871c,772390da,04444444,000002ca,1,0,0,1,1,422354e8,0ade,"iSTATE2",1,7423f862,7423f862,fd020f7c,00000000,00000000,00000000,1,1998819546,5275,1,0000068c,0,0,0,1,0
1893,1893,0,0,0,1b,60,0001871c,7735c560,04444444,000002ca,1,0,0,1,1,422354e8,0ade,"iSTATE2",1,74362ce8,74362ce8,fd020f7c,00000000,00000000,00000000,1,2000012640,5276,1,0000068d,0,0,0,1,0
1894,1894,0,0,0,1b,60,0001871c,7747fcb0,04444444,000002ca,1,0,0,1,1,422354e8,0ade,"iSTATE2",1,74486438,74486438,fd020f7c,00000000,00000000,00000000,1,2001206448,5277,1,0000068e,0,0,0,1,0
1895,1895,0,0,0,1b,60,0001871c,775a3136,04444444,000002ca,1,0,0,1,1,422354e8,0ade,"iSTATE2",1,745a98be,745a98be,fd020f7c,00000000,00000000,00000000,1,2002399542,5278,1,0000068f,0,0,0,1,0
1896,1896,0,0,0,1b,60,0001871c,776c65bc,04444444,000002ca,1,0,0,1,1,422354e8,0ade,"iSTATE2",1,746ccd44,746ccd44,fd020f7c,00000000,00000000,00000000,1,2003592636,5279,1,00000690,0,0,0,1,0
1897,1897,0,1,0,1c,60,0001871b,777e9d10,04444444,000002ca,1,0,0,1,1,422354e8,0ade,"iSTATE2",1,747dcefe,747dcefe,fd006788,00000000,00000000,00000000,1,2004786448,5280,1,00000691,0,0,0,1,0
1898,1898,0,0,0,1c,60,0001871b,7790d196,04444444,000002ca,1,0,0,1,1,422354e8,0ade,"iSTATE2",1,74900384,74900384,fd006788,00000000,00000000,00000000,1,2005979542,5281,1,00000692,0,0,0,1,0
1899,1899,0,0,0,1c,60,0001871b,77a3061c,04444444,000002ca,1,0,0,1,1,422354e8,0ade,"iSTATE2",1,74a2380a,74a2380a,fd006788,00000000,00000000,00000000,1,2007172636,5282,1,00000693,0,0,0,1,0
1900,1900,0,0,0,1c,60,0001871b,77b53aa2,04444444,000002ca,1,0,0,1,1,422354e8,0ade,"iSTATE2",1,74b46c90,74b46c90,fd006788,00000000,00000000,00000000,1,2008365730,5283,1,00000694,0,0,0,1,0
1901,1901,0,0,0,1c,60,0001871b,77c771f2,04444444,000002ca,1,0,0,1,1,422354e8,0ade,"iSTATE2",1,74c6a3e0,74c6a3e0,fd006788,00000000,00000000,00000000,1,2009559538,5284,1,00000695,0,0,0,1,0
1902,1902,0,0,0,1c,60,0001871b,77d9a678,04444444,000002ca,1,0,0,1,1,422354e8,0ade,"iSTATE2",1,74d8d866,74d8d866,fd006788,00000000,00000000,00000000,1,2010752632,5285,1,00000696,0,0,0,1,0
1903,1903,0,0,0,1c,60,0001871b,77ebdafe,04444444,000002ca,1,0,0,1,1,422354e8,0ade,"iSTATE2",1,74eb0cec,74eb0cec,fd006788,00000000,00000000,00000000,1,2011945726,5286,1,00000697,0,0,0,1,0
1904,1904,0,0,0,1c,60,0001871b,77fe124e,04444444,000002ca,1,0,0,1,1,422354e8,0ade,"iSTATE2",1,74fd443c,74fd443c,fd006788,00000000,00000000,00000000,1,2013139534,5287,1,00000698,0,0,0,1,0
1905,1905,0,0,0,1c,60,0001871b,781046d4,04444444,000002ca,1,0,0,1,1,422354e8,0ade,"iSTATE2",1,750f78c2,750f78c2,fd006788,00000000,00000000,00000000,1,2014332628,5288,1,00000699,0,0,0,1,0
1906,1906,0,0,0,1c,60,0001871b,78227b5a,04444444,000002ca,1,0,0,1,1,422354e8,0ade,"iSTATE2",1,7521ad48,7521ad48,fd006788,00000000,00000000,00000000,1,2015525722,5289,1,0000069a,0,0,0,1,0
1907,1907,0,0,0,1c,60,0001871b,7834b2aa,04444444,000002ca,1,0,0,1,1,422354e8,0ade,"iSTATE2",1,7533e498,7533e498,fd006788,00000000,00000000,00000000,1,2016719530,5290,1,0000069b,0,0,0,1,0
1908,1908,0,0,0,1c,60,0001871b,7846e730,04444444,000002ca,1,0,0,1,1,422354e8,0ade,"iSTATE2",1,7546191e,7546191e,fd006788,00000000,00000000,00000000,1,2017912624,5291,1,0000069c,0,0,0,1,0
1909,1909,0,0,0,1c,60,0001871b,78591bb6,04444444,000002ca,1,0,0,1,1,422354e8,0ade,"iSTATE2",1,75584da4,75584da4,fd006788,00000000,00000000,00000000,1,2019105718,5292,1,0000069d,0,0,0,1,0
1910,1910,0,0,0,1c,60,0001871b,786b5306,04444444,000002ca,1,0,0,1,1,422354e8,0ade,"iSTATE2",1,756a84f4,756a84f4,fd006788,00000000,00000000,00000000,1,2020299526,5293,1,0000069e,0,0,0,1,0
1911,1911,0,0,0,1c,60,0001871b,787d878c,04444444,000002ca,1,0,0,1,1,422354e8,0ade,"iSTATE2",1,757cb97a,757cb97a,fd006788,00000000,00000000,00000000,1,2021492620,5294,1,0000069f,0,0,0,1,0
1912,1912,0,0,0,1c,60,0001871b,788fbc12,04444444,000002ca,1,0,0,1,1,422354e8,0ade,"iSTATE2",1,758eee00,758eee00,fd006788,00000000,00000000,00000000,1,2022685714,5295,1,000006a0,0,0,0,1,0
1913,1913,0,0,0,1c,60,0001871b,78a1f362,04444444,000002ca,1,0,0,1,1,422354e8,0ade,"iSTATE2",1,75a12550,75a12550,fd006788,00000000,00000000,00000000,1,2023879522,5296,1,000006a1,0,0,0,1,0
1914,1914,0,0,0,1c,60,0001871b,78b427e8,04444444,000002ca,1,0,0,1,1,422354e8,0ade,"iSTATE2",1,75b359d6,75b359d6,fd006788,00000000,00000000,00000000,1,2025072616,5297,1,000006a2,0,0,0,1,0
1915,1915,0,0,0,1c,60,0001871b,78c65c6e,04444444,000002ca,1,0,0,1,1,422354e8,0ade,"iSTATE2",1,75c58e5c,75c58e5c,fd006788,00000000,00000000,00000000,1,2026265710,5298,1,000006a3,0,0,0,1,0
1916,1916,0,0,0,1c,60,0001871b,78d893be,04444444,000002ca,1,0,0,1,1,422354e8,0ade,"iSTATE2",1,75d7c5ac,75d7c5ac,fd006788,00000000,00000000,00000000,1,2027459518,5299,1,000006a4,0,0,0,1,0
1917,1917,0,0,0,1c,60,0001871b,78eac844,04444444,000002ca,1,0,0,1,1,422354e8,0ade,"iSTATE2",1,75e9fa32,75e9fa32,fd006788,00000000,00000000,00000000,1,2028652612,5300,1,000006a5,0,0,0,1,0
1918,1918,0,0,0,1c,60,0001871b,78fcfcca,04444444,000002ca,1,0,0,1,1,422354e8,0ade,"iSTATE2",1,75fc2eb8,75fc2eb8,fd006788,00000000,00000000,00000000,1,2029845706,5301,1,000006a6,0,0,0,1,0
1919,1919,0,0,0,1c,60,0001871b,790f341a,04444444,000002ca,1,0,0,1,1,422354e8,0ade,"iSTATE2",1,760e6608,760e6608,fd006788,00000000,00000000,00000000,1,2031039514,5302,1,000006a7,0,0,0,1,0
1920,1920,0,0,0,1c,60,0001871b,792168a0,04444444,000002ca,1,0,0,1,1,422354e8,0ade,"iSTATE2",1,76209a8e,76209a8e,fd006788,00000000,00000000,00000000,1,2032232608,5303,1,000006a8,0,0,0,1,0
1921,1921,0,0,0,1c,60,0001871b,79339d26,04444444,000002ca,1,0,0,1,1,422354e8,0ade,"iSTATE2",1,7632cf14,7632cf14,fd006788,00000000,00000000,00000000,1,2033425702,5304,1,000006a9,0,0,0,1,0
1922,1922,0,0,0,1c,60,0001871b,7945d476,04444444,000002ca,1,0,0,1,1,422354e8,0ade,"iSTATE2",1,76450664,76450664,fd006788,00000000,00000000,00000000,1,2034619510,5305,1,000006aa,0,0,0,1,0
1923,1923,0,0,0,1c,60,0001871b,795808fc,04444444,000002ca,1,0,0,1,1,422354e8,0ade,"iSTATE2",1,76573aea,76573aea,fd006788,00000000,00000000,00000000,1,2035812604,5306,1,000006ab,0,0,0,1,0
1924,1924,0,0,0,1c,60,0001871b,796a3d82,04444444,000002ca,1,0,0,1,1,422354e8,0ade,"iSTATE2",1,76696f70,76696f70,fd006788,00000000,00000000,00000000,1,2037005698,5307,1,000006ac,0,0,0,1,0
1925,1925,0,0,0,1c,60,0001871b,797c74d2,04444444,000002ca,1,0,0,1,1,422354e8,0ade,"iSTATE2",1,767ba6c0,767ba6c0,fd006788,00000000,00000000,00000000,1,2038199506,5308,1,000006ad,0,0,0,1,0
1926,1926,0,0,0,1c,60,0001871b,798ea958,04444444,000002ca,1,0,0,1,1,422354e8,0ade,"iSTATE2",1,768ddb46,768ddb46,fd006788,00000000,00000000,00000000,1,2039392600,5309,1,000006ae,0,0,0,1,0
1927,1927,0,0,0,1c,60,0001871b,79a0ddde,04444444,000002ca,1,0,0,1,1,422354e8,0ade,"iSTATE2",1,76a00fcc,76a00fcc,fd006788,00000000,00000000,00000000,1,2040585694,5310,1,000006af,0,0,0,1,0
1928,1928,0,0,0,1c,60,0001871b,79b3152e,04444444,000002ca,1,0,0,1,1,422354e8,0ade,"iSTATE2",1,76b2471c,76b2471c,fd006788,00000000,00000000,00000000,1,2041779502,5311,1,000006b0,0,0,0,1,0
1929,1929,0,0,0,1c,60,0001871b,79c549b4,04444444,000002ca,1,0,0,1,1,422354e8,0ade,"iSTATE2",1,76c47ba2,76c47ba2,fd006788,00000000,00000000,00000000,1,2042972596,5312,1,000006b1,0,0,0,1,0
1930,1930,0,0,0,1c,60,0001871b,79d77e3a,04444444,000002ca,1,0,0,1,1,422354e8,0ade,"iSTATE2",1,76d6b028,76d6b028,fd006788,00000000,00000000,00000000,1,2044165690,5313,1,000006b2,0,0,0,1,0
1931,1931,0,0,0,1c,60,0001871b,79e9b2c0,04444444,000002ca,1,0,0,1,1,422354e8,0ade,"iSTATE2",1,76e8e4ae,76e8e4ae,fd006788,00000000,00000000,00000000,1,2045358784,5314,1,000006b3,0,0,0,1,0
1932,1932,0,0,0,1c,60,0001871b,79fbea10,04444444,000002ca,1,0,0,1,1,422354e8,0ade,"iSTATE2",1,76fb1bfe,76fb1bfe,fd006788,00000000,00000000,00000000,1,2046552592,5315,1,000006b4,0,0,0,1,0
1933,1933,0,0,0,1c,60,0001871b,7a0e1e96,04444444,000002ca,1,0,0,1,1,422354e8,0ade,"iSTATE2",1,770d5084,770d5084,fd006788,00000000,00000000,00000000,1,2047745686,5316,1,000006b5,0,0,0,1,0
1934,1934,0,0,0,1c,60,0001871b,7a20531c,04444444,000002ca,1,0,0,1,1,422354e8,0ade,"iSTATE2",1,771f850a,771f850a,fd006788,00000000,00000000,00000000,1,2048938780,5317,1,000006b6,0,0,0,1,0
1935,1935,0,0,0,1c,60,0001871b,7a328a6c,04444444,000002ca,1,0,0,1,1,422354e8,0ade,"iSTATE2",1,7731bc5a,7731bc5a,fd006788,00000000,00000000,00000000,1,2050132588,5318,1,000006b7,0,0,0,1,0
1936,1936,0,0,0,1c,60,0001871b,7a44bef2,04444444,000002ca,1,0,0,1,1,422354e8,0ade,"iSTATE2",1,7743f0e0,7743f0e0,fd006788,00000000,00000000,00000000,1,2051325682,5319,1,000006b8,0,0,0,1,0
1937,1937,0,0,0,1c,60,0001871b,7a56f378,04444444,000002ca,1,0,0,1,1,422354e8,0ade,"iSTATE2",1,77562566,77562566,fd006788,00000000,00000000,00000000,1,2052518776,5320,1,000006b9,0,0,0,1,0
1938,1938,0,0,0,1c,60,0001871b,7a692ac8,04444444,000002ca,1,0,0,1,1,422354e8,0ade,"iSTATE2",1,77685cb6,77685cb6,fd006788,00000000,00000000,00000000,1,2053712584,5321,1,000006ba,0,0,0,1,0
1939,1939,0,0,0,1c,60,0001871b,7a7b5f4e,04444444,000002ca,1,0,0,1,1,422354e8,0ade,"iSTATE2",1,777a913c,777a913c,fd006788,00000000,00000000,00000000,1,2054905678,5322,1,000006bb,0,0,0,1,0
1940,1940,0,0,0,1c,60,0001871b,7a8d93d4,04444444,000002ca,1,0,0,1,1,422354e8,0ade,"iSTATE2",1,778cc5c2,778cc5c2,fd006788,00000000,00000000,00000000,1,2056098772,5323,1,000006bc,0,0,0,1,0
1941,1941,0,0,0,1c,60,0001871b,7a9fcb24,04444444,000002ca,1,0,0,1,1,422354e8,0ade,"iSTATE2",1,779efd12,779efd12,fd006788,00000000,00000000,00000000,1,2057292580,5324,1,000006bd,0,0,0,1,0
1942,1942,0,0,0,1c,60,0001871b,7ab1ffaa,04444444,000002ca,1,0,0,1,1,422354e8,0ade,"iSTATE2",1,77b13198,77b13198,fd006788,00000000,00000000,00000000,1,2058485674,5325,1,000006be,0,0,0,1,0
1943,1943,0,0,0,1c,60,0001871b,7ac43430,04444444,000002ca,1,0,0,1,1,422354e8,0ade,"iSTATE2",1,77c3661e,77c3661e,fd006788,00000000,00000000,00000000,1,2059678768,5326,1,000006bf,0,0,0,1,0
1944,1944,0,0,0,1c,60,0001871b,7ad66b80,04444444,000002ca,1,0,0,1,1,422354e8,0ade,"iSTATE2",1,77d59d6e,77d59d6e,fd006788,00000000,00000000,00000000,1,2060872576,5327,1,000006c0,0,0,0,1,0
1945,1945,0,0,0,1c,60,0001871b,7ae8a006,04444444,000002ca,1,0,0,1,1,422354e8,0ade,"iSTATE2",1,77e7d1f4,77e7d1f4,fd006788,00000000,00000000,00000000,1,2062065670,5328,1,000006c1,0,0,0,1,0
1946,1946,0,0,0,1c,60,0001871b,7afad48c,04444444,000002ca,1,0,0,1,1,422354e8,0ade,"iSTATE2",1,77fa067a,77fa067a,fd006788,00000000,00000000,00000000,1,2063258764,5329,1,000006c2,0,0,0,1,0
1947,1947,0,0,0,1c,60,0001871b,7b0d0bdc,04444444,000002ca,1,0,0,1,1,422354e8,0ade,"iSTATE2",1,780c3dca,780c3dca,fd006788,00000000,00000000,00000000,1,2064452572,5330,1,000006c3,0,0,0,1,0
1948,1948,0,0,0,1c,60,0001871b,7b1f4062,04444444,000002ca,1,0,0,1,1,422354e8,0ade,"iSTATE2",1,781e7250,781e7250,fd006788,00000000,00000000,00000000,1,2065645666,5331,1,000006c4,0,0,0,1,0
1949,1949,0,0,0,1c,60,0001871b,7b3174e8,04444444,000002ca,1,0,0,1,1,422354e8,0ade,"iSTATE2",1,7830a6d6,7830a6d6,fd006788,00000000,00000000,00000000,1,2066838760,5332,1,000006c5,0,0,0,1,0
1950,1950,0,0,0,1c,60,0001871b,7b43ac38,04444444,000002ca,1,0,0,1,1,422354e8,0ade,"iSTATE2",1,7842de26,7842de26,fd006788,00000000,00000000,00000000,1,2068032568,5333,1,000006c6,0,0,0,1,0
1951,1951,0,0,0,1c,60,0001871b,7b55e0be,04444444,000002ca,1,0,0,1,1,422354e8,0ade,"iSTATE2",1,785512ac,785512ac,fd006788,00000000,00000000,00000000,1,2069225662,5334,1,000006c7,0,0,0,1,0
1952,1952,0,0,0,1c,60,0001871b,7b681544,04444444,000002ca,1,0,0,1,1,422354e8,0ade,"iSTATE2",1,78674732,78674732,fd006788,00000000,00000000,00000000,1,2070418756,5335,1,000006c8,0,0,0,1,0
1953,1953,0,0,0,1c,60,0001871b,7b7a4c94,04444444,000002ca,1,0,0,1,1,422354e8,0ade,"iSTATE2",1,78797e82,78797e82,fd006788,00000000,00000000,00000000,1,2071612564,5336,1,000006c9,0,0,0,1,0
1954,1954,0,0,0,1c,60,0001871b,7b8c811a,04444444,000002ca,1,0,0,1,1,422354e8,0ade,"iSTATE2",1,788bb308,788bb308,fd006788,00000000,00000000,00000000,1,2072805658,5337,1,000006ca,0,0,0,1,0
1955,1955,0,0,0,1c,60,0001871b,7b9eb5a0,04444444,000002ca,1,0,0,1,1,422354e8,0ade,"iSTATE2",1,789de78e,789de78e,fd006788,00000000,00000000,00000000,1,2073998752,5338,1,000006cb,0,0,0,1,0
1956,1956,0,0,0,1c,60,0001871b,7bb0ecf0,04444444,000002ca,1,0,0,1,1,422354e8,0ade,"iSTATE2",1,78b01ede,78b01ede,fd006788,00000000,00000000,00000000,1,2075192560,5339,1,000006cc,0,0,0,1,0
1957,1957,0,1,0,1d,60,0001871c,7bc3217a,04444444,000002ca,1,0,0,1,1,422354e8,0ade,"iSTATE2",1,78c0e606,78c0e606,fcff31ee,00000000,00000000,00000000,1,2076385658,5340,1,000006cd,0,0,0,1,0
1958,1958,0,0,0,1d,60,0001871c,7bd55600,04444444,000002ca,1,0,0,1,1,422354e8,0ade,"iSTATE2",1,78d31a8c,78d31a8c,fcff31ee,00000000,00000000,00000000,1,2077578752,5341,1,000006ce,0,0,0,1,0
1959,1959,0,0,0,1d,60,0001871c,7be78a86,04444444,000002ca,1,0,0,1,1,422354e8,0ade,"iSTATE2",1,78e54f12,78e54f12,fcff31ee,00000000,00000000,00000000,1,2078771846,5342,1,000006cf,0,0,0,1,0
1960,1960,0,0,0,1d,60,0001871c,7bf9c1d6,04444444,000002ca,1,0,0,1,1,422354e8,0ade,"iSTATE2",1,78f78662,78f78662,fcff31ee,00000000,00000000,00000000,1,2079965654,5343,1,000006d0,0,0,0,1,0
1961,1961,0,0,0,1d,60,0001871c,7c0bf65c,04444444,000002ca,1,0,0,1,1,422354e8,0ade,"iSTATE2",1,7909bae8,7909bae8,fcff31ee,00000000,00000000,00000000,1,2081158748,5344,1,000006d1,0,0,0,1,0
1962,1962,0,0,0,1d,60,0001871c,7c1e2ae2,04444444,000002ca,1,0,0,1,1,422354e8,0ade,"iSTATE2",1,791bef6e,791bef6e,fcff31ee,00000000,00000000,00000000,1,2082351842,5345,1,000006d2,0,0,0,1,0
1963,1963,0,0,0,1d,60,0001871c,7c306232,04444444,000002ca,1,0,0,1,1,422354e8,0ade,"iSTATE2",1,792e26be,792e26be,fcff31ee,00000000,00000000,00000000,1,2083545650,5346,1,000006d3,0,0,0,1,0
1964,1964,0,0,0,1d,60,0001871c,7c4296b8,04444444,000002ca,1,0,0,1,1,422354e8,0ade,"iSTATE2",1,79405b44,79405b44,fcff31ee,00000000,00000000,00000000,1,2084738744,5347,1,000006d4,0,0,0,1,0
1965,1965,0,0,0,1d,60,0001871c,7c54cb3e,04444444,000002ca,1,0,0,1,1,422354e8,0ade,"iSTATE2",1,79528fca,79528fca,fcff31ee,00000000,00000000,00000000,1,2085931838,5348,1,000006d5,0,0,0,1,0
1966,1966,0,0,0,1d,60,0001871c,7c67028e,04444444,000002ca,1,0,0,1,1,422354e8,0ade,"iSTATE2",1,7964c71a,7964c71a,fcff31ee,00000000,00000000,00000000,1,2087125646,5349,1,000006d6,0,0,0,1,0
1967,1967,0,0,0,1d,60,0001871c,7c793714,04444444,000002ca,1,0,0,1,1,422354e8,0ade,"iSTATE2",1,7976fba0,7976fba0,fcff31ee,00000000,00000000,00000000,1,2088318740,5350,1,000006d7,0,0,0,1,0
1968,1968,0,0,0,1d,60,0001871c,7c8b6b9a,04444444,000002ca,1,0,0,1,1,422354e8,0ade,"iSTATE2",1,79893026,79893026,fcff31ee,00000000,00000000,00000000,1,2089511834,5351,1,000006d8,0,0,0,1,0
1969,1969,0,0,0,1d,60,0001871c,7c9da2ea,04444444,000002ca,1,0,0,1,1,422354e8,0ade,"iSTATE2",1,799b6776,799b6776,fcff31ee,00000000,00000000,00000000,1,2090705642,5352,1,000006d9,0,0,0,1,0
1970,1970,0,0,0,1d,60,0001871c,7cafd770,04444444,000002ca,1,0,0,1,1,422354e8,0ade,"iSTATE2",1,79ad9bfc,79ad9bfc,fcff31ee,00000000,00000000,00000000,1,2091898736,5353,1,000006da,0,0,0,1,0
1971,1971,0,0,0,1d,60,0001871c,7cc20bf6,04444444,000002ca,1,0,0,1,1,422354e8,0ade,"iSTATE2",1,79bfd082,79bfd082,fcff31ee,00000000,00000000,00000000,1,2093091830,5354,1,000006db,0,0,0,1,0
1972,1972,0,0,0,1d,60,0001871c,7cd44346,04444444,000002ca,1,0,0,1,1,422354e8,0ade,"iSTATE2",1,79d207d2,79d207d2,fcff31ee,00000000,00000000,00000000,1,2094285638,5355,1,000006dc,0,0,0,1,0
1973,1973,0,0,0,1d,60,0001871c,7ce677cc,04444444,000002ca,1,0,0,1,1,422354e8,0ade,"iSTATE2",1,79e43c58,79e43c58,fcff31ee,00000000,00000000,00000000,1,2095478732,5356,1,000006dd,0,0,0,1,0
1974,1974,0,0,0,1d,60,0001871c,7cf8ac52,04444444,000002ca,1,0,0,1,1,422354e8,0ade,"iSTATE2",1,79f670de,79f670de,fcff31ee,00000000,00000000,00000000,1,2096671826,5357,1,000006de,0,0,0,1,0
1975,1975,0,0,0,1d,60,0001871c,7d0ae3a2,04444444,000002ca,1,0,0,1,1,422354e8,0ade,"iSTATE2",1,7a08a82e,7a08a82e,fcff31ee,00000000,00000000,00000000,1,2097865634,5358,1,000006df,0,0,0,1,0
1976,1976,0,0,0,1d,60,0001871c,7d1d1828,04444444,000002ca,1,0,0,1,1,422354e8,0ade,"iSTATE2",1,7a1adcb4,7a1adcb4,fcff31ee,00000000,00000000,00000000,1,2099058728,5359,1,000006e0,0,0,0,1,0
1977,1977,0,0,0,1d,60,0001871c,7d2f4cae,04444444,000002ca,1,0,0,1,1,422354e8,0ade,"iSTATE2",1,7a2d113a,7a2d113a,fcff31ee,00000000,00000000,00000000,1,2100251822,5360,1,000006e1,0,0,0,1,0
1978,1978,0,0,0,1d,60,0001871c,7d4183fe,04444444,000002ca,1,0,0,1,1,422354e8,0ade,"iSTATE2",1,7a3f488a,7a3f488a,fcff31ee,00000000,00000000,00000000,1,2101445630,5361,1,000006e2,0,0,0,1,0
1979,1979,0,0,0,1d,60,0001871c,7d53b884,04444444,000002ca,1,0,0,1,1,422354e8,0ade,"iSTATE2",1,7a517d10,7a517d10,fcff31ee,00000000,00000000,00000000,1,2102638724,5362,1,000006e3,0,0,0,1,0
1980,1980,0,0,0,1d,60,0001871c,7d65ed0a,04444444,000002ca,1,0,0,1,1,422354e8,0ade,"iSTATE2",1,7a63b196,7a63b196,fcff31ee,00000000,00000000,00000000,1,2103831818,5363,1,000006e4,0,0,0,1,0
1981,1981,0,0,0,1d,60,0001871c,7d78245a,04444444,000002ca,1,0,0,1,1,422354e8,0ade,"iSTATE2",1,7a75e8e6,7a75e8e6,fcff31ee,00000000,00000000,00000000,1,2105025626,5364,1,000006e5,0,0,0,1,0
1982,1982,0,0,0,1d,60,0001871c,7d8a58e0,04444444,000002ca,1,0,0,1,1,422354e8,0ade,"iSTATE2",1,7a881d6c,7a881d6c,fcff31ee,00000000,00000000,00000000,1,2106218720,5365,1,000006e6,0,0,0,1,0
1983,1983,0,0,0,1d,60,0001871c,7d9c8d66,04444444,000002ca,1,0,0,1,1,422354e8,0ade,"iSTATE2",1,7a9a51f2,7a9a51f2,fcff31ee,00000000,00000000,00000000,1,2107411814,5366,1,000006e7,0,0,0,1,0
1984,1984,0,0,0,1d,60,0001871c,7daec4b6,04444444,000002ca,1,0,0,1,1,422354e8,0ade,"iSTATE2",1,7aac8942,7aac8942,fcff31ee,00000000,00000000,00000000,1,2108605622,5367,1,000006e8,0,0,0,1,0
1985,1985,0,0,0,1d,60,0001871c,7dc0f93c,04444444,000002ca,1,0,0,1,1,422354e8,0ade,"iSTATE2",1,7abebdc8,7abebdc8,fcff31ee,00000000,00000000,00000000,1,2109798716,5368,1,000006e9,0,0,0,1,0
1986,1986,0,0,0,1d,60,0001871c,7dd32dc2,04444444,000002ca,1,0,0,1,1,422354e8,0ade,"iSTATE2",1,7ad0f24e,7ad0f24e,fcff31ee,00000000,00000000,00000000,1,2110991810,5369,1,000006ea,0,0,0,1,0
1987,1987,0,0,0,1d,60,0001871c,7de56512,04444444,000002ca,1,0,0,1,1,422354e8,0ade,"iSTATE2",1,7ae3299e,7ae3299e,fcff31ee,00000000,00000000,00000000,1,2112185618,5370,1,000006eb,0,0,0,1,0
1988,1988,0,0,0,1d,60,0001871c,7df79998,04444444,000002ca,1,0,0,1,1,422354e8,0ade,"iSTATE2",1,7af55e24,7af55e24,fcff31ee,00000000,00000000,00000000,1,2113378712,5371,1,000006ec,0,0,0,1,0
1989,1989,0,0,0,1d,60,0001871c,7e09ce1e,04444444,000002ca,1,0,0,1,1,422354e8,0ade,"iSTATE2",1,7b0792aa,7b0792aa,fcff31ee,00000000,00000000,00000000,1,2114571806,5372,1,000006ed,0,0,0,1,0
1990,1990,0,0,0,1d,60,0001871c,7e1c02a4,04444444,000002ca,1,0,0,1,1,422354e8,0ade,"iSTATE2",1,7b19c730,7b19c730,fcff31ee,00000000,00000000,00000000,1,2115764900,5373,1,000006ee,0,0,0,1,0
1991,1991,0,0,0,1d,60,0001871c,7e2e39f4,04444444,000002ca,1,0,0,1,1,422354e8,0ade,"iSTATE2",1,7b2bfe80,7b2bfe80,fcff31ee,00000000,00000000,00000000,1,2116958708,5374,1,000006ef,0,0,0,1,0
1992,1992,0,0,0,1d,60,0001871c,7e406e7a,04444444,000002ca,1,0,0,1,1,422354e8,0ade,"iSTATE2",1,7b3e3306,7b3e3306,fcff31ee,00000000,00000000,00000000,1,2118151802,5375,1,000006f0,0,0,0,1,0
1993,1993,0,0,0,1d,60,0001871c,7e52a300,04444444,000002ca,1,0,0,1,1,422354e8,0ade,"iSTATE2",1,7b50678c,7b50678c,fcff31ee,00000000,00000000,00000000,1,2119344896,5376,1,000006f1,0,0,0,1,0
1994,1994,0,0,0,1d,60,0001871c,7e64da50,04444444,000002ca,1,0,0,1,1,422354e8,0ade,"iSTATE2",1,7b629edc,7b629edc,fcff31ee,00000000,00000000,00000000,1,2120538704,5377,1,000006f2,0,0,0,1,0
1995,1995,0,0,0,1d,60,0001871c,7e770ed6,04444444,000002ca,1,0,0,1,1,422354e8,0ade,"iSTATE2",1,7b74d362,7b74d362,fcff31ee,00000000,00000000,00000000,1,2121731798,5378,1,000006f3,0,0,0,1,0
1996,1996,0,0,0,1d,60,0001871c,7e89435c,04444444,000002ca,1,0,0,1,1,422354e8,0ade,"iSTATE2",1,7b8707e8,7b8707e8,fcff31ee,00000000,00000000,00000000,1,2122924892,5379,1,000006f4,0,0,0,1,0
1997,1997,0,0,0,1d,60,0001871c,7e9b7aac,04444444,000002ca,1,0,0,1,1,422354e8,0ade,"iSTATE2",1,7b993f38,7b993f38,fcff31ee,00000000,00000000,00000000,1,2124118700,5380,1,000006f5,0,0,0,1,0
1998,1998,0,0,0,1d,60,0001871c,7eadaf32,04444444,000002ca,1,0,0,1,1,422354e8,0ade,"iSTATE2",1,7bab73be,7bab73be,fcff31ee,00000000,00000000,00000000,1,2125311794,5381,1,000006f6,0,0,0,1,0
1999,1999,0,0,0,1d,60,0001871c,7ebfe3b8,04444444,000002ca,1,0,0,1,1,422354e8,0ade,"iSTATE2",1,7bbda844,7bbda844,fcff31ee,00000000,00000000,00000000,1,2126504888,5382,1,000006f7,0,0,0,1,0
2000,2000,0,0,0,1d,60,0001871c,7ed21b08,04444444,000002ca,1,0,0,1,1,422354e8,0ade,"iSTATE2",1,7bcfdf94,7bcfdf94,fcff31ee,00000000,00000000,00000000,1,2127698696,5383,1,000006f8,0,0,0,1,0
2001,2001,0,0,0,1d,60,0001871c,7ee44f8e,04444444,000002ca,1,0,0,1,1,422354e8,0ade,"iSTATE2",1,7be2141a,7be2141a,fcff31ee,00000000,00000000,00000000,1,2128891790,5384,1,000006f9,0,0,0,1,0
2002,2002,0,0,0,1d,60,0001871c,7ef68414,04444444,000002ca,1,0,0,1,1,422354e8,0ade,"iSTATE2",1,7bf448a0,7bf448a0,fcff31ee,00000000,00000000,00000000,1,2130084884,5385,1,000006fa,0,0,0,1,0
2003,2003,0,0,0,1d,60,0001871c,7f08bb64,04444444,000002ca,1,0,0,1,1,422354e8,0ade,"iSTATE2",1,7c067ff0,7c067ff0,fcff31ee,00000000,00000000,00000000,1,2131278692,5386,1,000006fb,0,0,0,1,0
2004,2004,0,0,0,1d,60,0001871c,7f1aefea,04444444,000002ca,1,0,0,1,1,422354e8,0ade,"iSTATE2",1,7c18b476,7c18b476,fcff31ee,00000000,00000000,00000000,1,2132471786,5387,1,000006fc,0,0,0,1,0
2005,2005,0,0,0,1d,60,0001871c,7f2d2470,04444444,000002ca,1,0,0,1,1,422354e8,0ade,"iSTATE2",1,7c2ae8fc,7c2ae8fc,fcff31ee,00000000,00000000,00000000,1,2133664880,5388,1,000006fd,0,0,0,1,0
2006,2006,0,0,0,1d,60,0001871c,7f3f5bc0,04444444,000002ca,1,0,0,1,1,422354e8,0ade,"iSTATE2",1,7c3d204c,7c3d204c,fcff31ee,00000000,00000000,00000000,1,2134858688,5389,1,000006fe,0,0,0,1,0
2007,2007,0,0,0,1d,60,0001871c,7f519046,04444444,000002ca,1,0,0,1,1,422354e8,0ade,"iSTATE2",1,7c4f54d2,7c4f54d2,fcff31ee,00000000,00000000,00000000,1,2136051782,5390,1,000006ff,0,0,0,1,0
2008,2008,0,0,0,1d,60,0001871c,7f63c4cc,04444444,000002ca,1,0,0,1,1,422354e8,0ade,"iSTATE2",1,7c618958,7c618958,fcff31ee,00000000,00000000,00000000,1,2137244876,5391,1,00000700,0,0,0,1,0
2009,2009,0,0,0,1d,60,0001871c,7f75fc1c,04444444,000002ca,1,0,0,1,1,422354e8,0ade,"iSTATE2",1,7c73c0a8,7c73c0a8,fcff31ee,00000000,00000000,00000000,1,2138438684,5392,1,00000701,0,0,0,1,0
2010,2010,0,0,0,1d,60,0001871c,7f8830a2,04444444,000002ca,1,0,0,1,1,422354e8,0ade,"iSTATE2",1,7c85f52e,7c85f52e,fcff31ee,00000000,00000000,00000000,1,2139631778,5393,1,00000702,0,0,0,1,0
2011,2011,0,0,0,1d,60,0001871c,7f9a6528,04444444,000002ca,1,0,0,1,1,422354e8,0ade,"iSTATE2",1,7c9829b4,7c9829b4,fcff31ee,00000000,00000000,00000000,1,2140824872,5394,1,00000703,0,0,0,1,0
2012,2012,0,0,0,1d,60,0001871c,7fac9c78,04444444,000002ca,1,0,0,1,1,422354e8,0ade,"iSTATE2",1,7caa6104,7caa6104,fcff31ee,00000000,00000000,00000000,1,2142018680,5395,1,00000704,0,0,0,1,0
2013,2013,0,0,0,1d,60,0001871c,7fbed0fe,04444444,000002ca,1,0,0,1,1,422354e8,0ade,"iSTATE2",1,7cbc958a,7cbc958a,fcff31ee,00000000,00000000,00000000,1,2143211774,5396,1,00000705,0,0,0,1,0
2014,2014,0,0,0,1d,60,0001871c,7fd10584,04444444,000002ca,1,0,0,1,1,422354e8,0ade,"iSTATE2",1,7cceca10,7cceca10,fcff31ee,00000000,00000000,00000000,1,2144404868,5397,1,00000706,0,0,0,1,0
2015,2015,0,0,0,1d,60,0001871c,7fe33cd4,04444444,000002ca,1,0,0,1,1,422354e8,0ade,"iSTATE2",1,7ce10160,7ce10160,fcff31ee,00000000,00000000,00000000,1,2145598676,5398,1,00000707,0,0,0,1,0
2016,2016,0,0,0,1d,60,0001871c,7ff5715a,04444444,000002ca,1,0,0,1,1,422354e8,0ade,"iSTATE2",1,7cf335e6,7cf335e6,fcff31ee,00000000,00000000,00000000,1,2146791770,5399,1,00000708,0,0,0,1,0
2017,2017,0,1,0,1e,60,0001871b,8007a5e4,04444444,000002ca,1,0,0,1,1,422354e8,0ade,"iSTATE2",1,7d03fa44,7d03fa44,fcfdc48c,00000000,00000000,00000000,1,2147984868,5400,1,00000709,0,0,0,1,0
2018,2018,0,0,0,1e,60,0001871b,8019da6a,04444444,000002ca,1,0,0,1,1,422354e8,0ade,"iSTATE2",1,7d162eca,7d162eca,fcfdc48c,00000000,00000000,00000000,1,2149177962,5401,1,0000070a,0,0,0,1,0
2019,2019,0,0,0,1e,60,0001871b,802c11ba,04444444,000002ca,1,0,0,1,1,422354e8,0ade,"iSTATE2",1,7d28661a,7d28661a,fcfdc48c,00000000,00000000,00000000,1,2150371770,5402,1,0000070b,0,0,0,1,0
2020,2020,0,0,0,1e,60,0001871b,803e4640,04444444,000002ca,1,0,0,1,1,422354e8,0ade,"iSTATE2",1,7d3a9aa0,7d3a9aa0,fcfdc48c,00000000,00000000,00000000,1,2151564864,5403,1,0000070c,0,0,0,1,0
2021,2021,0,0,0,1e,60,0001871b,80507ac6,04444444,000002ca,1,0,0,1,1,422354e8,0ade,"iSTATE2",1,7d4ccf26,7d4ccf26,fcfdc48c,00000000,00000000,00000000,1,2152757958,5404,1,0000070d,0,0,0,1,0
2022,2022,0,0,0,1e,60,0001871b,8062b216,04444444,000002ca,1,0,0,1,1,422354e8,0ade,"iSTATE2",1,7d5f0676,7d5f0676,fcfdc48c,00000000,00000000,00000000,1,2153951766,5405,1,0000070e,0,0,0,1,0
2023,2023,0,0,0,1e,60,0001871b,8074e69c,04444444,000002ca,1,0,0,1,1,422354e8,0ade,"iSTATE2",1,7d713afc,7d713afc,fcfdc48c,00000000,00000000,00000000,1,2155144860,5406,1,0000070f,0,0,0,1,0
2024,2024,0,0,0,1e,60,0001871b,80871b22,04444444,000002ca,1,0,0,1,1,422354e8,0ade,"iSTATE2",1,7d836f82,7d836f82,fcfdc48c,00000000,00000000,00000000,1,2156337954,5407,1,00000710,0,0,0,1,0
2025,2025,0,0,0,1e,60,0001871b,80995272,04444444,000002ca,1,0,0,1,1,422354e8,0ade,"iSTATE2",1,7d95a6d2,7d95a6d2,fcfdc48c,00000000,00000000,00000000,1,2157531762,5408,1,00000711,0,0,0,1,0
2026,2026,0,0,0,1e,60,0001871b,80ab86f8,04444444,000002ca,1,0,0,1,1,422354e8,0ade,"iSTATE2",1,7da7db58,7da7db58,fcfdc48c,00000000,00000000,00000000,1,2158724856,5409,1,00000712,0,0,0,1,0
2027,2027,0,0,0,1e,60,0001871b,80bdbb7e,04444444,000002ca,1,0,0,1,1,422354e8,0ade,"iSTATE2",1,7dba0fde,7dba0fde,fcfdc48c,00000000,00000000,00000000,1,2159917950,5410,1,00000713,0,0,0,1,0
2028,2028,0,0,0,1e,60,0001871b,80cff2ce,04444444,000002ca,1,0,0,1,1,422354e8,0ade,"iSTATE2",1,7dcc472e,7dcc472e,fcfdc48c,00000000,00000000,00000000,1,2161111758,5411,1,00000714,0,0,0,1,0
2029,2029,0,0,0,1e,60,0001871b,80e22754,04444444,000002ca,1,0,0,1,1,422354e8,0ade,"iSTATE2",1,7dde7bb4,7dde7bb4,fcfdc48c,00000000,00000000,00000000,1,2162304852,5412,1,00000715,0,0,0,1,0
2030,2030,0,0,0,1e,60,0001871b,80f45bda,04444444,000002ca,1,0,0,1,1,422354e8,0ade,"iSTATE2",1,7df0b03a,7df0b03a,fcfdc48c,00000000,00000000,00000000,1,2163497946,5413,1,00000716,0,0,0,1,0
2031,2031,0,0,0,1e,60,0001871b,8106932a,04444444,000002ca,1,0,0,1,1,422354e8,0ade,"iSTATE2",1,7e02e78a,7e02e78a,fcfdc48c,00000000,00000000,00000000,1,2164691754,5414,1,00000717,0,0,0,1,0
2032,2032,0,0,0,1e,60,0001871b,8118c7b0,04444444,000002ca,1,0,0,1,1,422354e8,0ade,"iSTATE2",1,7e151c10,7e151c10,fcfdc48c,00000000,00000000,00000000,1,2165884848,5415,1,00000718,0,0,0,1,0
2033,2033,0,0,0,1e,60,0001871b,812afc36,04444444,000002ca,1,0,0,1,1,422354e8,0ade,"iSTATE2",1,7e275096,7e275096,fcfdc48c,00000000,00000000,00000000,1,2167077942,5416,1,00000719,0,0,0,1,0
2034,2034,0,0,0,1e,60,0001871b,813d3386,04444444,000002ca,1,0,0,1,1,422354e8,0ade,"iSTATE2",1,7e3987e6,7e3987e6,fcfdc48c,00000000,00000000,00000000,1,2168271750,5417,1,0000071a,0,0,0,1,0
2035,2035,0,0,0,1e,60,0001871b,814f680c,04444444,000002ca,1,0,0,1,1,422354e8,0ade,"iSTATE2",1,7e4bbc6c,7e4bbc6c,fcfdc48c,00000000,00000000,00000000,1,2169464844,5418,1,0000071b,0,0,0,1,0
2036,2036,0,0,0,1e,60,0001871b,81619c92,04444444,000002ca,1,0,0,1,1,422354e8,0ade,"iSTATE2",1,7e5df0f2,7e5df0f2,fcfdc48c,00000000,00000000,00000000,1,2170657938,5419,1,0000071c,0,0,0,1,0
2037,2037,0,0,0,1e,60,0001871b,8173d3e2,04444444,000002ca,1,0,0,1,1,422354e8,0ade,"iSTATE2",1,7e702842,7e702842,fcfdc48c,00000000,00000000,00000000,1,2171851746,5420,1,0000071d,0,0,0,1,0
2038,2038,0,0,0,1e,60,0001871b,81860868,04444444,000002ca,1,0,0,1,1,422354e8,0ade,"iSTATE2",1,7e825cc8,7e825cc8,fcfdc48c,00000000,00000000,00000000,1,2173044840,5421,1,0000071e,0,0,0,1,0
2039,2039,0,0,0,1e,60,0001871b,81983cee,04444444,000002ca,1,0,0,1,1,422354e8,0ade,"iSTATE2",1,7e94914e,7e94914e,fcfdc48c,00000000,00000000,00000000,1,2174237934,5422,1,0000071f,0,0,0,1,0
2040,2040,0,0,0,1e,60,0001871b,81aa743e,04444444,000002ca,1,0,0,1,1,422354e8,0ade,"iSTATE2",1,7ea6c89e,7ea6c89e,fcfdc48c,00000000,00000000,00000000,1,2175431742,5423,1,00000720,0,0,0,1,0
2041,2041,0,0,0,1e,60,0001871b,81bca8c4,04444444,000002ca,1,0,0,1,1,422354e8,0ade,"iSTATE2",1,7eb8fd24,7eb8fd24,fcfdc48c,00000000,00000000,00000000,1,2176624836,5424,1,00000721,0,0,0,1,0
2042,2042,0,0,0,1e,60,0001871b,81cedd4a,04444444,000002ca,1,0,0,1,1,422354e8,0ade,"iSTATE2",1,7ecb31aa,7ecb31aa,fcfdc48c,00000000,00000000,00000000,1,2177817930,5425,1,00000722,0,0,0,1,0
2043,2043,0,0,0,1e,60,0001871b,81e1149a,04444444,000002ca,1,0,0,1,1,422354e8,0ade,"iSTATE2",1,7edd68fa,7edd68fa,fcfdc48c,00000000,00000000,00000000,1,2179011738,5426,1,00000723,0,0,0,1,0
2044,2044,0,0,0,1e,60,0001871b,81f34920,04444444,000002ca,1,0,0,1,1,422354e8,0ade,"iSTATE2",1,7eef9d80,7eef9d80,fcfdc48c,00000000,00000000,00000000,1,2180204832,5427,1,00000724,0,0,0,1,0
2045,2045,0,0,0,1e,60,0001871b,82057da6,04444444,000002ca,1,0,0,1,1,422354e8,0ade,"iSTATE2",1,7f01d206,7f01d206,fcfdc48c,00000000,00000000,00000000,1,2181397926,5428,1,00000725,0,0,0,1,0
2046,2046,0,0,0,1e,60,0001871b,8217b4f6,04444444,000002ca,1,0,0,1,1,422354e8,0ade,"iSTATE2",1,7f140956,7f140956,fcfdc48c,00000000,00000000,00000000,1,2182591734,5429,1,00000726,0,0,0,1,0
2047,2047,0,0,0,1e,60,0001871b,8229e97c,04444444,000002ca,1,0,0,1,1,422354e8,0ade,"iSTATE2",1,7f263ddc,7f263ddc,fcfdc48c,00000000,00000000,00000000,1,2183784828,5430,1,00000727,0,0,0,1,0
2048,2048,0,0,0,1e,60,0001871b,823c1e02,04444444,000002ca,1,0,0,1,1,422354e8,0ade,"iSTATE2",1,7f387262,7f387262,fcfdc48c,00000000,00000000,00000000,1,2184977922,5431,1,00000728,0,0,0,1,0
2049,2049,0,0,0,1e,60,0001871b,824e5288,04444444,000002ca,1,0,0,1,1,422354e8,0ade,"iSTATE2",1,7f4aa6e8,7f4aa6e8,fcfdc48c,00000000,00000000,00000000,1,2186171016,5432,1,00000729,0,0,0,1,0
2050,2050,0,0,0,1e,60,0001871b,826089d8,04444444,000002ca,1,0,0,1,1,422354e8,0ade,"iSTATE2",1,7f5cde38,7f5cde38,fcfdc48c,00000000,00000000,00000000,1,2187364824,5433,1,0000072a,0,0,0,1,0
2051,2051,0,0,0,1e,60,0001871b,8272be5e,04444444,000002ca,1,0,0,1,1,422354e8,0ade,"iSTATE2",1,7f6f12be,7f6f12be,fcfdc48c,00000000,00000000,00000000,1,2188557918,5434,1,0000072b,0,0,0,1,0
2052,2052,0,0,0,1e,60,0001871b,8284f2e4,04444444,000002ca,1,0,0,1,1,422354e8,0ade,"iSTATE2",1,7f814744,7f814744,fcfdc48c,00000000,00000000,00000000,1,2189751012,5435,1,0000072c,0,0,0,1,0
2053,2053,0,0,0,1e,60,0001871b,82972a34,04444444,000002ca,1,0,0,1,1,422354e8,0ade,"iSTATE2",1,7f937e94,7f937e94,fcfdc48c,00000000,00000000,00000000,1,2190944820,5436,1,0000072d,0,0,0,1,0
2054,2054,0,0,0,1e,60,0001871b,82a95eba,04444444,000002ca,1,0,0,1,1,422354e8,0ade,"iSTATE2",1,7fa5b31a,7fa5b31a,fcfdc48c,00000000,00000000,00000000,1,2192137914,5437,1,0000072e,0,0,0,1,0
2055,2055,0,0,0,1e,60,0001871b,82bb9340,04444444,000002ca,1,0,0,1,1,422354e8,0ade,"iSTATE2",1,7fb7e7a0,7fb7e7a0,fcfdc48c,00000000,00000000,00000000,1,2193331008,5438,1,0000072f,0,0,0,1,0
2056,2056,0,0,0,1e,60,0001871b,82cdca90,04444444,000002ca,1,0,0,1,1,422354e8,0ade,"iSTATE2",1,7fca1ef0,7fca1ef0,fcfdc48c,00000000,00000000,00000000,1,2194524816,5439,1,00000730,0,0,0,1,0
2057,2057,0,0,0,1e,60,0001871b,82dfff16,04444444,000002ca,1,0,0,1,1,422354e8,0ade,"iSTATE2",1,7fdc5376,7fdc5376,fcfdc48c,00000000,00000000,00000000,1,2195717910,5440,1,00000731,0,0,0,1,0
2058,2058,0,0,0,1e,60,0001871b,82f2339c,04444444,000002ca,1,0,0,1,1,422354e8,0ade,"iSTATE2",1,7fee87fc,7fee87fc,fcfdc48c,00000000,00000000,00000000,1,2196911004,5441,1,00000732,0,0,0,1,0
2059,2059,0,0,0,1e,60,0001871b,83046aec,04444444,000002ca,1,0,0,1,1,422354e8,0ade,"iSTATE2",1,8000bf4c,8000bf4c,fcfdc48c,00000000,00000000,00000000,1,2198104812,5442,1,00000733,0,0,0,1,0
2060,2060,0,0,0,1e,60,0001871b,83169f72,04444444,000002ca,1,0,0,1,1,422354e8,0ade,"iSTATE2",1,8012f3d2,8012f3d2,fcfdc48c,00000000,00000000,00000000,1,2199297906,5443,1,00000734,0,0,0,1,0
2061,2061,0,0,0,1e,60,0001871b,8328d3f8,04444444,000002ca,1,0,0,1,1,422354e8,0ade,"iSTATE2",1,80252858,80252858,fcfdc48c,00000000,00000000,00000000,1,2200491000,5444,1,00000735,0,0,0,1,0
2062,2062,0,0,0,1e,60,0001871b,833b0b48,04444444,000002ca,1,0,0,1,1,422354e8,0ade,"iSTATE2",1,80375fa8,80375fa8,fcfdc48c,00000000,00000000,00000000,1,2201684808,5445,1,00000736,0,0,0,1,0
2063,2063,0,0,0,1e,60,0001871b,834d3fce,04444444,000002ca,1,0,0,1,1,422354e8,0ade,"iSTATE2",1,8049942e,8049942e,fcfdc48c,00000000,00000000,00000000,1,2202877902,5446,1,00000737,0,0,0,1,0
2064,2064,0,0,0,1e,60,0001871b,835f7454,04444444,000002ca,1,0,0,1,1,422354e8,0ade,"iSTATE2",1,805bc8b4,805bc8b4,fcfdc48c,00000000,00000000,00000000,1,2204070996,5447,1,00000738,0,0,0,1,0
2065,2065,0,0,0,1e,60,0001871b,8371aba4,04444444,000002ca,1,0,0,1,1,422354e8,0ade,"iSTATE2",1,806e0004,806e0004,fcfdc48c,00000000,00000000,00000000,1,2205264804,5448,1,00000739,0,0,0,1,0
2066,2066,0,0,0,1e,60,0001871b,8383e02a,04444444,000002ca,1,0,0,1,1,422354e8,0ade,"iSTATE2",1,8080348a,8080348a,fcfdc48c,00000000,00000000,00000000,1,2206457898,5449,1,0000073a,0,0,0,1,0
2067,2067,0,0,0,1e,60,0001871b,839614b0,04444444,000002ca,1,0,0,1,1,422354e8,0ade,"iSTATE2",1,80926910,80926910,fcfdc48c,00000000,00000000,00000000,1,2207650992,5450,1,0000073b,0,0,0,1,0
2068,2068,0,0,0,1e,60,0001871b,83a84c00,04444444,000002ca,1,0,0,1,1,422354e8,0ade,"iSTATE2",1,80a4a060,80a4a060,fcfdc48c,00000000,00000000,00000000,1,2208844800,5451,1,0000073c,0,0,0,1,0
2069,2069,0,0,0,1e,60,0001871b,83ba8086,04444444,000002ca,1,0,0,1,1,422354e8,0ade,"iSTATE2",1,80b6d4e6,80b6d4e6,fcfdc48c,00000000,00000000,00000000,1,2210037894,5452,1,0000073d,0,0,0,1,0
2070,2070,0,0,0,1e,60,0001871b,83ccb50c,04444444,000002ca,1,0,0,1,1,422354e8,0ade,"iSTATE2",1,80c9096c,80c9096c,fcfdc48c,00000000,00000000,00000000,1,2211230988,5453,1,0000073e,0,0,0,1,0
2071,2071,0,0,0,1e,60,0001871b,83deec5c,04444444,000002ca,1,0,0,1,1,422354e8,0ade,"iSTATE2",1,80db40bc,80db40bc,fcfdc48c,00000000,00000000,00000000,1,2212424796,5454,1,0000073f,0,0,0,1,0
2072,2072,0,0,0,1e,60,0001871b,83f120e2,04444444,000002ca,1,0,0,1,1,422354e8,0ade,"iSTATE2",1,80ed7542,80ed7542,fcfdc48c,00000000,00000000,00000000,1,2213617890,5455,1,00000740,0,0,0,1,0
2073,2073,0,0,0,1e,60,0001871b,84035568,04444444,000002ca,1,0,0,1,1,422354e8,0ade,"iSTATE2",1,80ffa9c8,80ffa9c8,fcfdc48c,00000000,00000000,00000000,1,2214810984,5456,1,00000741,0,0,0,1,0
2074,2074,0,0,0,1e,60,0001871b,84158cb8,04444444,000002ca,1,0,0,1,1,422354e8,0ade,"iSTATE2",1,8111e118,8111e118,fcfdc48c,00000000,00000000,00000000,1,2216004792,5457,1,00000742,0,0,0,1,0
2075,2075,0,0,0,1e,60,0001871b,8427c13e,04444444,000002ca,1,0,0,1,1,422354e8,0ade,"iSTATE2",1,8124159e,8124159e,fcfdc48c,00000000,00000000,00000000,1,2217197886,5458,1,00000743,0,0,0,1,0
2076,2076,0,0,0,1e,60,0001871b,8439f5c4,04444444,000002ca,1,0,0,1,1,422354e8,0ade,"iSTATE2",1,81364a24,81364a24,fcfdc48c,00000000,00000000,00000000,1,2218390980,5459,1,00000744,0,0,0,1,0
2077,2077,0,1,0,1f,60,0001871c,844c2a4e,04444444,000002ca,1,0,0,1,1,422354e8,0ade,"iSTATE2",1,8147114c,8147114c,fcfc5460,00000000,00000000,00000000,1,2219584078,5460,1,00000745,0,0,0,1,0
2078,2078,0,0,0,1f,60,0001871c,845e619e,04444444,000002ca,1,0,0,1,1,422354e8,0ade,"iSTATE2",1,8159489c,8159489c,fcfc5460,00000000,00000000,00000000,1,2220777886,5461,1,00000746,0,0,0,1,0
2079,2079,0,0,0,1f,60,0001871c,84709624,04444444,000002ca,1,0,0,1,1,422354e8,0ade,"iSTATE2",1,816b7d22,816b7d22,fcfc5460,00000000,00000000,00000000,1,2221970980,5462,1,00000747,0,0,0,1,0
2080,2080,0,0,0,1f,60,0001871c,8482caaa,04444444,000002ca,1,0,0,1,1,422354e8,0ade,"iSTATE2",1,817db1a8,817db1a8,fcfc5460,00000000,00000000,00000000,1,2223164074,5463,1,00000748,0,0,0,1,0
2081,2081,0,0,0,1f,60,0001871c,849501fa,04444444,000002ca,1,0,0,1,1,422354e8,0ade,"iSTATE2",1,818fe8f8,818fe8f8,fcfc5460,00000000,00000000,00000000,1,2224357882,5464,1,00000749,0,0,0,1,0
2082,2082,0,0,0,1f,60,0001871c,84a73680,04444444,000002ca,1,0,0,1,1,422354e8,0ade,"iSTATE2",1,81a21d7e,81a21d7e,fcfc5460,00000000,00000000,00000000,1,2225550976,5465,1,0000074a,0,0,0,1,0
2083,2083,0,0,0,1f,60,0001871c,84b96b06,04444444,000002ca,1,0,0,1,1,422354e8,0ade,"iSTATE2",1,81b45204,81b45204,fcfc5460,00000000,00000000,00000000,1,2226744070,5466,1,0000074b,0,0,0,1,0
2084,2084,0,0,0,1f,60,0001871c,84cba256,04444444,000002ca,1,0,0,1,1,422354e8,0ade,"iSTATE2",1,81c68954,81c68954,fcfc5460,00000000,00000000,00000000,1,2227937878,5467,1,0000074c,0,0,0,1,0
2085,2085,0,0,0,1f,60,0001871c,84ddd6dc,04444444,000002ca,1,0,0,1,1,422354e8,0ade,"iSTATE2",1,81d8bdda,81d8bdda,fcfc5460,00000000,00000000,00000000,1,2229130972,5468,1,0000074d,0,0,0,1,0
2086,2086,0,0,0,1f,60,0001871c,84f00b62,04444444,000002ca,1,0,0,1,1,422354e8,0ade,"iSTATE2",1,81eaf260,81eaf260,fcfc5460,00000000,00000000,00000000,1,2230324066,5469,1,0000074e,0,0,0,1,0
2087,2087,0,0,0,1f,60,0001871c,850242b2,04444444,000002ca,1,0,0,1,1,422354e8,0ade,"iSTATE2",1,81fd29b0,81fd29b0,fcfc5460,00000000,00000000,00000000,1,2231517874,5470,1,0000074f,0,0,0,1,0
2088,2088,0,0,0,1f,60,0001871c,85147738,04444444,000002ca,1,0,0,1,1,422354e8,0ade,"iSTATE2",1,820f5e36,820f5e36,fcfc5460,00000000,00000000,00000000,1,2232710968,5471,1,00000750,0,0,0,1,0
2089,2089,0,0,0,1f,60,0001871c,8526abbe,04444444,000002ca,1,0,0,1,1,422354e8,0ade,"iSTATE2",1,822192bc,822192bc,fcfc5460,00000000,00000000,00000000,1,2233904062,5472,1,00000751,0,0,0,1,0
2090,2090,0,0,0,1f,60,0001871c,8538e30e,04444444,000002ca,1,0,0,1,1,422354e8,0ade,"iSTATE2",1,8233ca0c,8233ca0c,fcfc5460,00000000,00000000,00000000,1,2235097870,5473,1,00000752,0,0,0,1,0
2091,2091,0,0,0,1f,60,0001871c,854b1794,04444444,000002ca,1,0,0,1,1,422354e8,0ade,"iSTATE2",1,8245fe92,8245fe92,fcfc5460,00000000,00000000,00000000,1,2236290964,5474,1,00000753,0,0,0,1,0
2092,2092,0,0,0,1f,60,0001871c,855d4c1a,04444444,000002ca,1,0,0,1,1,422354e8,0ade,"iSTATE2",1,82583318,82583318,fcfc5460,00000000,00000000,00000000,1,2237484058,5475,1,00000754,0,0,0,1,0
2093,2093,0,0,0,1f,60,0001871c,856f836a,04444444,000002ca,1,0,0,1,1,422354e8,0ade,"iSTATE2",1,826a6a68,826a6a68,fcfc5460,00000000,00000000,00000000,1,2238677866,5476,1,00000755,0,0,0,1,0
2094,2094,0,0,0,1f,60,0001871c,8581b7f0,04444444,000002ca,1,0,0,1,1,422354e8,0ade,"iSTATE2",1,827c9eee,827c9eee,fcfc5460,00000000,00000000,00000000,1,2239870960,5477,1,00000756,0,0,0,1,0
2095,2095,0,0,0,1f,60,0001871c,8593ec76,04444444,000002ca,1,0,0,1,1,422354e8,0ade,"iSTATE2",1,828ed374,828ed374,fcfc5460,00000000,00000000,00000000,1,2241064054,5478,1,00000757,0,0,0,1,0
2096,2096,0,0,0,1f,60,0001871c,85a623c6,04444444,000002ca,1,0,0,1,1,422354e8,0ade,"iSTATE2",1,82a10ac4,82a10ac4,fcfc5460,00000000,00000000,00000000,1,2242257862,5479,1,00000758,0,0,0,1,0
2097,2097,0,0,0,1f,60,0001871c,85b8584c,04444444,000002ca,1,0,0,1,1,422354e8,0ade,"iSTATE2",1,82b33f4a,82b33f4a,fcfc5460,00000000,00000000,00000000,1,2243450956,5480,1,00000759,0,0,0,1,0
2098,2098,0,0,0,1f,60,0001871c,85ca8cd2,04444444,000002ca,1,0,0,1,1,422354e8,0ade,"iSTATE2",1,82c573d0,82c573d0,fcfc5460,00000000,00000000,00000000,1,2244644050,5481,1,0000075a,0,0,0,1,0
2099,2099,0,0,0,1f,60,0001871c,85dcc422,04444444,000002ca,1,0,0,1,1,422354e8,0ade,"iSTATE2",1,82d7ab20,82d7ab20,fcfc5460,00000000,00000000,00000000,1,2245837858,5482,1,0000075b,0,0,0,1,0
2100,2100,0,0,0,1f,60,0001871c,85eef8a8,04444444,000002ca,1,0,0,1,1,422354e8,0ade,"iSTATE2",1,82e9dfa6,82e9dfa6,fcfc5460,00000000,00000000,00000000,1,2247030952,5483,1,0000075c,0,0,0,1,0
2101,2101,0,0,0,1f,60,0001871c,86012d2e,04444444,000002ca,1,0,0,1,1,422354e8,0ade,"iSTATE2",1,82fc142c,82fc142c,fcfc5460,00000000,00000000,00000000,1,2248224046,5484,1,0000075d,0,0,0,1,0
2102,2102,0,0,0,1f,60,0001871c,8613647e,04444444,000002ca,1,0,0,1,1,422354e8,0ade,"iSTATE2",1,830e4b7c,830e4b7c,fcfc5460,00000000,00000000,00000000,1,2249417854,5485,1,0000075e,0,0,0,1,0
2103,2103,0,0,0,1f,60,0001871c,86259904,04444444,000002ca,1,0,0,1,1,422354e8,0ade,"iSTATE2",1,83208002,83208002,fcfc5460,00000000,00000000,00000000,1,2250610948,5486,1,0000075f,0,0,0,1,0
2104,2104,0,0,0,1f,60,0001871c,8637cd8a,04444444,000002ca,1,0,0,1,1,422354e8,0ade,"iSTATE2",1,8332b488,8332b488,fcfc5460,00000000,00000000,00000000,1,2251804042,5487,1,00000760,0,0,0,1,0
2105,2105,0,0,0,1f,60,0001871c,864a04da,04444444,000002ca,1,0,0,1,1,422354e8,0ade,"iSTATE2",1,8344ebd8,8344ebd8,fcfc5460,00000000,00000000,00000000,1,2252997850,5488,1,00000761,0,0,0,1,0
2106,2106,0,0,0,1f,60,0001871c,865c3960,04444444,000002ca,1,0,0,1,1,422354e8,0ade,"iSTATE2",1,8357205e,8357205e,fcfc5460,00000000,00000000,00000000,1,2254190944,5489,1,00000762,0,0,0,1,0
2107,2107,0,0,0,1f,60,0001871c,866e6de6,04444444,000002ca,1,0,0,1,1,422354e8,0ade,"iSTATE2",1,836954e4,836954e4,fcfc5460,00000000,00000000,00000000,1,2255384038,5490,1,00000763,0,0,0,1,0
2108,2108,0,0,0,1f,60,0001871c,8680a26c,04444444,000002ca,1,0,0,1,1,422354e8,0ade,"iSTATE2",1,837b896a,837b896a,fcfc5460,00000000,00000000,00000000,1,2256577132,5491,1,00000764,0,0,0,1,0
2109,2109,0,0,0,1f,60,0001871c,8692d9bc,04444444,000002ca,1,0,0,1,1,422354e8,0ade,"iSTATE2",1,838dc0ba,838dc0ba,fcfc5460,00000000,00000000,00000000,1,2257770940,5492,1,00000765,0,0,0,1,0
2110,2110,0,0,0,1f,60,0001871c,86a50e42,04444444,000002ca,1,0,0,1,1,422354e8,0ade,"iSTATE2",1,839ff540,839ff540,fcfc5460,00000000,00000000,00000000,1,2258964034,5493,1,00000766,0,0,0,1,0
2111,2111,0,0,0,1f,60,0001871c,86b742c8,04444444,000002ca,1,0,0,1,1,422354e8,0ade,"iSTATE2",1,83b229c6,83b229c6,fcfc5460,00000000,00000000,00000000,1,2260157128,5494,1,00000767,0,0,0,1,0
2112,2112,0,0,0,1f,60,0001871c,86c97a18,04444444,000002ca,1,0,0,1,1,422354e8,0ade,"iSTATE2",1,83c46116,83c46116,fcfc5460,00000000,00000000,00000000,1,2261350936,5495,1,00000768,0,0,0,1,0
2113,2113,0,0,0,1f,60,0001871c,86dbae9e,04444444,000002ca,1,0,0,1,1,422354e8,0ade,"iSTATE2",1,83d6959c,83d6959c,fcfc5460,00000000,00000000,00000000,1,2262544030,5496,1,00000769,0,0,0,1,0
2114,2114,0,0,0,1f,60,0001871c,86ede324,04444444,000002ca,1,0,0,1,1,422354e8,0ade,"iSTATE2",1,83e8ca22,83e8ca22,fcfc5460,00000000,00000000,00000000,1,2263737124,5497,1,0000076a,0,0,0,1,0
2115,2115,0,0,0,1f,60,0001871c,87001a74,04444444,000002ca,1,0,0,1,1,422354e8,0ade,"iSTATE2",1,83fb0172,83fb0172,fcfc5460,00000000,00000000,00000000,1,2264930932,5498,1,0000076b,0,0,0,1,0
2116,2116,0,0,0,1f,60,0001871c,87124efa,04444444,000002ca,1,0,0,1,1,422354e8,0ade,"iSTATE2",1,840d35f8,840d35f8,fcfc5460,00000000,00000000,00000000,1,2266124026,5499,1,0000076c,0,0,0,1,0
2117,2117,0,0,0,1f,60,0001871c,87248380,04444444,000002ca,1,0,0,1,1,422354e8,0ade,"iSTATE2",1,841f6a7e,841f6a7e,fcfc5460,00000000,00000000,00000000,1,2267317120,5500,1,0000076d,0,0,0,1,0
2118,2118,0,0,0,1f,60,0001871c,8736bad0,04444444,000002ca,1,0,0,1,1,422354e8,0ade,"iSTATE2",1,8431a1ce,8431a1ce,fcfc5460,00000000,00000000,00000000,1,2268510928,5501,1,0000076e,0,0,0,1,0
2119,2119,0,0,0,1f,60,0001871c,8748ef56,04444444,000002ca,1,0,0,1,1,422354e8,0ade,"iSTATE2",1,8443d654,8443d654,fcfc5460,00000000,00000000,00000000,1,2269704022,5502,1,0000076f,0,0,0,1,0
2120,2120,0,0,0,1f,60,0001871c,875b23dc,04444444,000002ca,1,0,0,1,1,422354e8,0ade,"iSTATE2",1,84560ada,84560ada,fcfc5460,00000000,00000000,00000000,1,2270897116,5503,1,00000770,0,0,0,1,0
2121,2121,0,0,0,1f,60,0001871c,876d5b2c,04444444,000002ca,1,0,0,1,1,422354e8,0ade,"iSTATE2",1,8468422a,8468422a,fcfc5460,00000000,00000000,00000000,1,2272090924,5504,1,00000771,0,0,0,1,0
2122,2122,0,0,0,1f,60,0001871c,877f8fb2,04444444,000002ca,1,0,0,1,1,422354e8,0ade,"iSTATE2",1,847a76b0,847a76b0,fcfc5460,00000000,00000000,00000000,1,2273284018,5505,1,00000772,0,0,0,1,0
2123,2123,0,0,0,1f,60,0001871c,8791c438,04444444,000002ca,1,0,0,1,1,422354e8,0ade,"iSTATE2",1,848cab36,848cab36,fcfc5460,00000000,00000000,00000000,1,2274477112,5506,1,00000773,0,0,0,1,0
2124,2124,0,0,0,1f,60,0001871c,87a3fb88,04444444,000002ca,1,0,0,1,1,422354e8,0ade,"iSTATE2",1,849ee286,849ee286,fcfc5460,00000000,00000000,00000000,1,2275670920,5507,1,00000774,0,0,0,1,0
2125,2125,0,0,0,1f,60,0001871c,87b6300e,04444444,000002ca,1,0,0,1,1,422354e8,0ade,"iSTATE2",1,84b1170c,84b1170c,fcfc5460,00000000,00000000,00000000,1,2276864014,5508,1,00000775,0,0,0,1,0
2126,2126,0,0,0,1f,60,0001871c,87c86494,04444444,000002ca,1,0,0,1,1,422354e8,0ade,"iSTATE2",1,84c34b92,84c34b92,fcfc5460,00000000,00000000,00000000,1,2278057108,5509,1,00000776,0,0,0,1,0
2127,2127,0,0,0,1f,60,0001871c,87da9be4,04444444,000002ca,1,0,0,1,1,422354e8,0ade,"iSTATE2",1,84d582e2,84d582e2,fcfc5460,00000000,00000000,00000000,1,2279250916,5510,1,00000777,0,0,0,1,0
2128,2128,0,0,0,1f,60,0001871c,87ecd06a,04444444,000002ca,1,0,0,1,1,422354e8,0ade,"iSTATE2",1,84e7b768,84e7b768,fcfc5460,00000000,00000000,00000000,1,2280444010,5511,1,00000778,0,0,0,1,0
2129,2129,0,0,0,1f,60,0001871c,87ff04f0,04444444,000002ca,1,0,0,1,1,422354e8,0ade,"iSTATE2",1,84f9ebee,84f9ebee,fcfc5460,00000000,00000000,00000000,1,2281637104,5512,1,00000779,0,0,0,1,0
2130,2130,0,0,0,1f,60,0001871c,88113c40,04444444,000002ca,1,0,0,1,1,422354e8,0ade,"iSTATE2",1,850c233e,850c233e,fcfc5460,00000000,00000000,00000000,1,2282830912,5513,1,0000077a,0,0,0,1,0
2131,2131,0,0,0,1f,60,0001871c,882370c6,04444444,000002ca,1,0,0,1,1,422354e8,0ade,"iSTATE2",1,851e57c4,851e57c4,fcfc5460,00000000,00000000,00000000,1,2284024006,5514,1,0000077b,0,0,0,1,0
2132,2132,0,0,0,1f,60,0001871c,8835a54c,04444444,000002ca,1,0,0,1,1,422354e8,0ade,"iSTATE2",1,85308c4a,85308c4a,fcfc5460,00000000,00000000,00000000,1,2285217100,5515,1,0000077c,0,0,0,1,0
2133,2133,0,0,0,1f,60,0001871c,8847dc9c,04444444,000002ca,1,0,0,1,1,422354e8,0ade,"iSTATE2",1,8542c39a,8542c39a,fcfc5460,00000000,00000000,00000000,1,2286410908,5516,1,0000077d,0,0,0,1,0
2134,2134,0,0,0,1f,60,0001871c,885a1122,04444444,000002ca,1,0,0,1,1,422354e8,0ade,"iSTATE2",1,8554f820,8554f820,fcfc5460,00000000,00000000,00000000,1,2287604002,5517,1,0000077e,0,0,0,1,0
2135,2135,0,0,0,1f,60,0001871c,886c45a8,04444444,000002ca,1,0,0,1,1,422354e8,0ade,"iSTATE2",1,85672ca6,85672ca6,fcfc5460,00000000,00000000,00000000,1,2288797096,5518,1,0000077f,0,0,0,1,0
2136,2136,0,0,0,1f,60,0001871c,887e7a2e,04444444,000002ca,1,0,0,1,1,422354e8,0ade,"iSTATE2",1,8579612c,8579612c,fcfc5460,00000000,00000000,00000000,1,2289990190,5519,1,00000780,0,0,0,1,0
2137,2137,0,1,0,20,60,0001871c,8890b182,04444444,000002ca,1,0,0,1,1,422354e8,0ade,"iSTATE2",1,8589f08c,8589f08c,fcfae6fe,00000000,00000000,00000000,1,2291184002,5520,1,00000781,0,0,0,1,0
2138,2138,0,0,0,20,60,0001871c,88a2e608,04444444,000002ca,1,0,0,1,1,422354e8,0ade,"iSTATE2",1,859c2512,859c2512,fcfae6fe,00000000,00000000,00000000,1,2292377096,5521,1,00000782,0,0,0,1,0
2139,2139,0,0,0,20,60,0001871c,88b51a8e,04444444,000002ca,1,0,0,1,1,422354e8,0ade,"iSTATE2",1,85ae5998,85ae5998,fcfae6fe,00000000,00000000,00000000,1,2293570190,5522,1,00000783,0,0,0,1,0
2140,2140,0,0,0,20,60,0001871c,88c751de,04444444,000002ca,1,0,0,1,1,422354e8,0ade,"iSTATE2",1,85c090e8,85c090e8,fcfae6fe,00000000,00000000,00000000,1,2294763998,5523,1,00000784,0,0,0,1,0
2141,2141,0,0,0,20,60,0001871c,88d98664,04444444,000002ca,1,0,0,1,1,422354e8,0ade,"iSTATE2",1,85d2c56e,85d2c56e,fcfae6fe,00000000,00000000,00000000,1,2295957092,5524,1,00000785,0,0,0,1,0
2142,2142,0,0,0,20,60,0001871c,88ebbaea,04444444,000002ca,1,0,0,1,1,422354e8,0ade,"iSTATE2",1,85e4f9f4,85e4f9f4,fcfae6fe,00000000,00000000,00000000,1,2297150186,5525,1,00000786,0,0,0,1,0
2143,2143,0,0,0,20,60,0001871c,88fdf23a,04444444,000002ca,1,0,0,1,1,422354e8,0ade,"iSTATE2",1,85f73144,85f73144,fcfae6fe,00000000,00000000,00000000,1,2298343994,5526,1,00000787,0,0,0,1,0
2144,2144,0,0,0,20,60,0001871c,891026c0,04444444,000002ca,1,0,0,1,1,422354e8,0ade,"iSTATE2",1,860965ca,860965ca,fcfae6fe,00000000,00000000,00000000,1,2299537088,5527,1,00000788,0,0,0,1,0
2145,2145,0,0,0,20,60,0001871c,89225b46,04444444,000002ca,1,0,0,1,1,422354e8,0ade,"iSTATE2",1,861b9a50,861b9a50,fcfae6fe,00000000,00000000,00000000,1,2300730182,5528,1,00000789,0,0,0,1,0
2146,2146,0,0,0,20,60,0001871c,89349296,04444444,000002ca,1,0,0,1,1,422354e8,0ade,"iSTATE2",1,862dd1a0,862dd1a0,fcfae6fe,00000000,00000000,00000000,1,2301923990,5529,1,0000078a,0,0,0,1,0
2147,2147,0,0,0,20,60,0001871c,8946c71c,04444444,000002ca,1,0,0,1,1,422354e8,0ade,"iSTATE2",1,86400626,86400626,fcfae6fe,00000000,00000000,00000000,1,2303117084,5530,1,0000078b,0,0,0,1,0
2148,2148,0,0,0,20,60,0001871c,8958fba2,04444444,000002ca,1,0,0,1,1,422354e8,0ade,"iSTATE2",1,86523aac,86523aac,fcfae6fe,00000000,00000000,00000000,1,2304310178,5531,1,0000078c,0,0,0,1,0
2149,2149,0,0,0,20,60,0001871c,896b32f2,04444444,000002ca,1,0,0,1,1,422354e8,0ade,"iSTATE2",1,866471fc,866471fc,fcfae6fe,00000000,00000000,00000000,1,2305503986,5532,1,0000078d,0,0,0,1,0
2150,2150,0,0,0,20,60,0001871c,897d6778,04444444,000002ca,1,0,0,1,1,422354e8,0ade,"iSTATE2",1,8676a682,8676a682,fcfae6fe,00000000,00000000,00000000,1,2306697080,5533,1,0000078e,0,0,0,1,0
2151,2151,0,0,0,20,60,0001871c,898f9bfe,04444444,000002ca,1,0,0,1,1,422354e8,0ade,"iSTATE2",1,8688db08,8688db08,fcfae6fe,00000000,00000000,00000000,1,2307890174,5534,1,0000078f,0,0,0,1,0
2152,2152,0,0,0,20,60,0001871c,89a1d34e,04444444,000002ca,1,0,0,1,1,422354e8,0ade,"iSTATE2",1,869b1258,869b1258,fcfae6fe,00000000,00000000,00000000,1,2309083982,5535,1,00000790,0,0,0,1,0
2153,2153,0,0,0,20,60,0001871c,89b407d4,04444444,000002ca,1,0,0,1,1,422354e8,0ade,"iSTATE2",1,86ad46de,86ad46de,fcfae6fe,00000000,00000000,00000000,1,2310277076,5536,1,00000791,0,0,0,1,0
2154,2154,0,0,0,20,60,0001871c,89c63c5a,04444444,000002ca,1,0,0,1,1,422354e8,0ade,"iSTATE2",1,86bf7b64,86bf7b64,fcfae6fe,00000000,00000000,00000000,1,2311470170,5537,1,00000792,0,0,0,1,0
2155,2155,0,0,0,20,60,0001871c,89d873aa,04444444,000002ca,1,0,0,1,1,422354e8,0ade,"iSTATE2",1,86d1b2b4,86d1b2b4,fcfae6fe,00000000,00000000,00000000,1,2312663978,5538,1,00000793,0,0,0,1,0
2156,2156,0,0,0,20,60,0001871c,89eaa830,04444444,000002ca,1,0,0,1,1,422354e8,0ade,"iSTATE2",1,86e3e73a,86e3e73a,fcfae6fe,00000000,00000000,00000000,1,2313857072,5539,1,00000794,0,0,0,1,0
2157,2157,0,0,0,20,60,0001871c,89fcdcb6,04444444,000002ca,1,0,0,1,1,422354e8,0ade,"iSTATE2",1,86f61bc0,86f61bc0,fcfae6fe,00000000,00000000,00000000,1,2315050166,5540,1,00000795,0,0,0,1,0
2158,2158,0,0,0,20,60,0001871c,8a0f1406,04444444,000002ca,1,0,0,1,1,422354e8,0ade,"iSTATE2",1,87085310,87085310,fcfae6fe,00000000,00000000,00000000,1,2316243974,5541,1,00000796,0,0,0,1,0
2159,2159,0,0,0,20,60,0001871c,8a21488c,04444444,000002ca,1,0,0,1,1,422354e8,0ade,"iSTATE2",1,871a8796,871a8796,fcfae6fe,00000000,00000000,00000000,1,2317437068,5542,1,00000797,0,0,0,1,0
2160,2160,0,0,0,20,60,0001871c,8a337d12,04444444,000002ca,1,0,0,1,1,422354e8,0ade,"iSTATE2",1,872cbc1c,872cbc1c,fcfae6fe,00000000,00000000,00000000,1,2318630162,5543,1,00000798,0,0,0,1,0
2161,2161,0,0,0,20,60,0001871c,8a45b462,04444444,000002ca,1,0,0,1,1,422354e8,0ade,"iSTATE2",1,873ef36c,873ef36c,fcfae6fe,00000000,00000000,00000000,1,2319823970,5544,1,00000799,0,0,0,1,0
2162,2162,0,0,0,20,60,0001871c,8a57e8e8,04444444,000002ca,1,0,0,1,1,422354e8,0ade,"iSTATE2",1,875127f2,875127f2,fcfae6fe,00000000,00000000,00000000,1,2321017064,5545,1,0000079a,0,0,0,1,0
2163,2163,0,0,0,20,60,0001871c,8a6a1d6e,04444444,000002ca,1,0,0,1,1,422354e8,0ade,"iSTATE2",1,87635c78,87635c78,fcfae6fe,00000000,00000000,00000000,1,2322210158,5546,1,0000079b,0,0,0,1,0
2164,2164,0,0,0,20,60,0001871c,8a7c54be,04444444,000002ca,1,0,0,1,1,422354e8,0ade,"iSTATE2",1,877593c8,877593c8,fcfae6fe,00000000,00000000,00000000,1,2323403966,5547,1,0000079c,0,0,0,1,0
2165,2165,0,0,0,20,60,0001871c,8a8e8944,04444444,000002ca,1,0,0,1,1,422354e8,0ade,"iSTATE2",1,8787c84e,8787c84e,fcfae6fe,00000000,00000000,00000000,1,2324597060,5548,1,0000079d,0,0,0,1,0
2166,2166,0,0,0,20,60,0001871c,8aa0bdca,04444444,000002ca,1,0,0,1,1,422354e8,0ade,"iSTATE2",1,8799fcd4,8799fcd4,fcfae6fe,00000000,00000000,00000000,1,2325790154,5549,1,0000079e,0,0,0,1,0
2167,2167,0,0,0,20,60,0001871c,8ab2f250,04444444,000002ca,1,0,0,1,1,422354e8,0ade,"iSTATE2",1,87ac315a,87ac315a,fcfae6fe,00000000,00000000,00000000,1,2326983248,5550,1,0000079f,0,0,0,1,0
2168,2168,0,0,0,20,60,0001871c,8ac529a0,04444444,000002ca,1,0,0,1,1,422354e8,0ade,"iSTATE2",1,87be68aa,87be68aa,fcfae6fe,00000000,00000000,00000000,1,2328177056,5551,1,000007a0,0,0,0,1,0
2169,2169,0,0,0,20,60,0001871c,8ad75e26,04444444,000002ca,1,0,0,1,1,422354e8,0ade,"iSTATE2",1,87d09d30,87d09d30,fcfae6fe,00000000,00000000,00000000,1,2329370150,5552,1,000007a1,0,0,0,1,0
2170,2170,0,0,0,20,60,0001871c,8ae992ac,04444444,000002ca,1,0,0,1,1,422354e8,0ade,"iSTATE2",1,87e2d1b6,87e2d1b6,fcfae6fe,00000000,00000000,00000000,1,2330563244,5553,1,000007a2,0,0,0,1,0
2171,2171,0,0,0,20,60,0001871c,8afbc9fc,04444444,000002ca,1,0,0,1,1,422354e8,0ade,"iSTATE2",1,87f50906,87f50906,fcfae6fe,00000000,00000000,00000000,1,2331757052,5554,1,000007a3,0,0,0,1,0
2172,2172,0,0,0,20,60,0001871c,8b0dfe82,04444444,000002ca,1,0,0,1,1,422354e8,0ade,"iSTATE2",1,88073d8c,88073d8c,fcfae6fe,00000000,00000000,00000000,1,2332950146,5555,1,000007a4,0,0,0,1,0
2173,2173,0,0,0,20,60,0001871c,8b203308,04444444,000002ca,1,0,0,1,1,422354e8,0ade,"iSTATE2",1,88197212,88197212,fcfae6fe,00000000,00000000,00000000,1,2334143240,5556,1,000007a5,0,0,0,1,0
2174,2174,0,0,0,20,60,0001871c,8b326a58,04444444,000002ca,1,0,0,1,1,422354e8,0ade,"iSTATE2",1,882ba962,882ba962,fcfae6fe,00000000,00000000,00000000,1,2335337048,5557,1,000007a6,0,0,0,1,0
2175,2175,0,0,0,20,60,0001871c,8b449ede,04444444,000002ca,1,0,0,1,1,422354e8,0ade,"iSTATE2",1,883ddde8,883ddde8,fcfae6fe,00000000,00000000,00000000,1,2336530142,5558,1,000007a7,0,0,0,1,0
2176,2176,0,0,0,20,60,0001871c,8b56d364,04444444,000002ca,1,0,0,1,1,422354e8,0ade,"iSTATE2",1,8850126e,8850126e,fcfae6fe,00000000,00000000,00000000,1,2337723236,5559,1,000007a8,0,0,0,1,0
2177,2177,0,0,0,20,60,0001871c,8b690ab4,04444444,000002ca,1,0,0,1,1,422354e8,0ade,"iSTATE2",1,886249be,886249be,fcfae6fe,00000000,00000000,00000000,1,2338917044,5560,1,000007a9,0,0,0,1,0
2178,2178,0,0,0,20,60,0001871c,8b7b3f3a,04444444,000002ca,1,0,0,1,1,422354e8,0ade,"iSTATE2",1,88747e44,88747e44,fcfae6fe,00000000,00000000,00000000,1,2340110138,5561,1,000007aa,0,0,0,1,0
2179,2179,0,0,0,20,60,0001871c,8b8d73c0,04444444,000002ca,1,0,0,1,1,422354e8,0ade,"iSTATE2",1,8886b2ca,8886b2ca,fcfae6fe,00000000,00000000,00000000,1,2341303232,5562,1,000007ab,0,0,0,1,0
2180,2180,0,0,0,20,60,0001871c,8b9fab10,04444444,000002ca,1,0,0,1,1,422354e8,0ade,"iSTATE2",1,8898ea1a,8898ea1a,fcfae6fe,00000000,00000000,00000000,1,2342497040,5563,1,000007ac,0,0,0,1,0
2181,2181,0,0,0,20,60,0001871c,8bb1df96,04444444,000002ca,1,0,0,1,1,422354e8,0ade,"iSTATE2",1,88ab1ea0,88ab1ea0,fcfae6fe,00000000,00000000,00000000,1,2343690134,5564,1,000007ad,0,0,0,1,0
2182,2182,0,0,0,20,60,0001871c,8bc4141c,04444444,000002ca,1,0,0,1,1,422354e8,0ade,"iSTATE2",1,88bd5326,88bd5326,fcfae6fe,00000000,00000000,00000000,1,2344883228,5565,1,000007ae,0,0,0,1,0
2183,2183,0,0,0,20,60,0001871c,8bd64b6c,04444444,000002ca,1,0,0,1,1,422354e8,0ade,"iSTATE2",1,88cf8a76,88cf8a76,fcfae6fe,00000000,00000000,00000000,1,2346077036,5566,1,000007af,0,0,0,1,0
2184,2184,0,0,0,20,60,0001871c,8be87ff2,04444444,000002ca,1,0,0,1,1,422354e8,0ade,"iSTATE2",1,88e1befc,88e1befc,fcfae6fe,00000000,00000000,00000000,1,2347270130,5567,1,000007b0,0,0,0,1,0
2185,2185,0,0,0,20,60,0001871c,8bfab478,04444444,000002ca,1,0,0,1,1,422354e8,0ade,"iSTATE2",1,88f3f382,88f3f382,fcfae6fe,00000000,00000000,00000000,1,2348463224,5568,1,000007b1,0,0,0,1,0
2186,2186,0,0,0,20,60,0001871c,8c0cebc8,04444444,000002ca,1,0,0,1,1,422354e8,0ade,"iSTATE2",1,89062ad2,89062ad2,fcfae6fe,00000000,00000000,00000000,1,2349657032,5569,1,000007b2,0,0,0,1,0
2187,2187,0,0,0,20,60,0001871c,8c1f204e,04444444,000002ca,1,0,0,1,1,422354e8,0ade,"iSTATE2",1,89185f58,89185f58,fcfae6fe,00000000,00000000,00000000,1,2350850126,5570,1,000007b3,0,0,0,1,0
2188,2188,0,0,0,20,60,0001871c,8c3154d4,04444444,000002ca,1,0,0,1,1,422354e8,0ade,"iSTATE2",1,892a93de,892a93de,fcfae6fe,00000000,00000000,00000000,1,2352043220,5571,1,000007b4,0,0,0,1,0
2189,2189,0,0,0,20,60,0001871c,8c438c24,04444444,000002ca,1,0,0,1,1,422354e8,0ade,"iSTATE2",1,893ccb2e,893ccb2e,fcfae6fe,00000000,00000000,00000000,1,2353237028,5572,1,000007b5,0,0,0,1,0
2190,2190,0,0,0,20,60,0001871c,8c55c0aa,04444444,000002ca,1,0,0,1,1,422354e8,0ade,"iSTATE2",1,894effb4,894effb4,fcfae6fe,00000000,00000000,00000000,1,2354430122,5573,1,000007b6,0,0,0,1,0
2191,2191,0,0,0,20,60,0001871c,8c67f530,04444444,000002ca,1,0,0,1,1,422354e8,0ade,"iSTATE2",1,8961343a,8961343a,fcfae6fe,00000000,00000000,00000000,1,2355623216,5574,1,000007b7,0,0,0,1,0
2192,2192,0,0,0,20,60,0001871c,8c7a2c80,04444444,000002ca,1,0,0,1,1,422354e8,0ade,"iSTATE2",1,89736b8a,89736b8a,fcfae6fe,00000000,00000000,00000000,1,2356817024,5575,1,000007b8,0,0,0,1,0
2193,2193,0,0,0,20,60,0001871c,8c8c6106,04444444,000002ca,1,0,0,1,1,422354e8,0ade,"iSTATE2",1,8985a010,8985a010,fcfae6fe,00000000,00000000,00000000,1,2358010118,5576,1,000007b9,0,0,0,1,0
2194,2194,0,0,0,20,60,0001871c,8c9e958c,04444444,000002ca,1,0,0,1,1,422354e8,0ade,"iSTATE2",1,8997d496,8997d496,fcfae6fe,00000000,00000000,00000000,1,2359203212,5577,1,000007ba,0,0,0,1,0
2195,2195,0,0,0,20,60,0001871c,8cb0ca12,04444444,000002ca,1,0,0,1,1,422354e8,0ade,"iSTATE2",1,89aa091c,89aa091c,fcfae6fe,00000000,00000000,00000000,1,2360396306,5578,1,000007bb,0,0,0,1,0
2196,2196,0,0,0,20,60,0001871c,8cc30162,04444444,000002ca,1,0,0,1,1,422354e8,0ade,"iSTATE2",1,89bc406c,89bc406c,fcfae6fe,00000000,00000000,00000000,1,2361590114,5579,1,000007bc,0,0,0,1,0
2197,2197,0,1,0,21,60,0001871b,8cd535ec,04444444,000002ca,1,0,0,1,1,422354e8,0ade,"iSTATE2",1,89cd3f5c,89cd3f5c,fcf93f0a,00000000,00000000,00000000,1,2362783212,5580,1,000007bd,0,0,0,1,0
2198,2198,0,0,0,21,60,0001871b,8ce76a72,04444444,000002ca,1,0,0,1,1,422354e8,0ade,"iSTATE2",1,89df73e2,89df73e2,fcf93f0a,00000000,00000000,00000000,1,2363976306,5581,1,000007be,0,0,0,1,0
2199,2199,0,0,0,21,60,0001871b,8cf9a1c2,04444444,000002ca,1,0,0,1,1,422354e8,0ade,"iSTATE2",1,89f1ab32,89f1ab32,fcf93f0a,00000000,00000000,00000000,1,2365170114,5582,1,000007bf,0,0,0,1,0
2200,2200,0,0,0,21,60,0001871b,8d0bd648,04444444,000002ca,1,0,0,1,1,422354e8,0ade,"iSTATE2",1,8a03dfb8,8a03dfb8,fcf93f0a,00000000,00000000,00000000,1,2366363208,5583,1,000007c0,0,0,0,1,0
2201,2201,0,0,0,21,60,0001871b,8d1e0ace,04444444,000002ca,1,0,0,1,1,422354e8,0ade,"iSTATE2",1,8a16143e,8a16143e,fcf93f0a,00000000,00000000,00000000,1,2367556302,5584,1,000007c1,0,0,0,1,0
2202,2202,0,0,0,21,60,0001871b,8d30421e,04444444,000002ca,1,0,0,1,1,422354e8,0ade,"iSTATE2",1,8a284b8e,8a284b8e,fcf93f0a,00000000,00000000,00000000,1,2368750110,5585,1,000007c2,0,0,0,1,0
2203,2203,0,0,0,21,60,0001871b,8d4276a4,04444444,000002ca,1,0,0,1,1,422354e8,0ade,"iSTATE2",1,8a3a8014,8a3a8014,fcf93f0a,00000000,00000000,00000000,1,2369943204,5586,1,000007c3,0,0,0,1,0
2204,2204,0,0,0,21,60,0001871b,8d54ab2a,04444444,000002ca,1,0,0,1,1,422354e8,0ade,"iSTATE2",1,8a4cb49a,8a4cb49a,fcf93f0a,00000000,00000000,00000000,1,2371136298,5587,1,000007c4,0,0,0,1,0
2205,2205,0,0,0,21,60,0001871b,8d66e27a,04444444,000002ca,1,0,0,1,1,422354e8,0ade,"iSTATE2",1,8a5eebea,8a5eebea,fcf93f0a,00000000,00000000,00000000,1,2372330106,5588,1,000007c5,0,0,0,1,0
2206,2206,0,0,0,21,60,0001871b,8d791700,04444444,000002ca,1,0,0,1,1,422354e8,0ade,"iSTATE2",1,8a712070,8a712070,fcf93f0a,00000000,00000000,00000000,1,2373523200,5589,1,000007c6,0,0,0,1,0
2207,2207,0,0,0,21,60,0001871b,8d8b4b86,04444444,000002ca,1,0,0,1,1,422354e8,0ade,"iSTATE2",1,8a8354f6,8a8354f6,fcf93f0a,00000000,00000000,00000000,1,2374716294,5590,1,000007c7,0,0,0,1,0
2208,2208,0,0,0,21,60,0001871b,8d9d82d6,04444444,000002ca,1,0,0,1,1,422354e8,0ade,"iSTATE2",1,8a958c46,8a958c46,fcf93f0a,00000000,00000000,00000000,1,2375910102,5591,1,000007c8,0,0,0,1,0
2209,2209,0,0,0,21,60,0001871b,8dafb75c,04444444,000002ca,1,0,0,1,1,422354e8,0ade,"iSTATE2",1,8aa7c0cc,8aa7c0cc,fcf93f0a,00000000,00000000,00000000,1,2377103196,5592,1,000007c9,0,0,0,1,0
2210,2210,0,0,0,21,60,0001871b,8dc1ebe2,04444444,000002ca,1,0,0,1,1,422354e8,0ade,"iSTATE2",1,8ab9f552,8ab9f552,fcf93f0a,00000000,00000000,00000000,1,2378296290,5593,1,000007ca,0,0,0,1,0
2211,2211,0,0,0,21,60,0001871b,8dd42332,04444444,000002ca,1,0,0,1,1,422354e8,0ade,"iSTATE2",1,8acc2ca2,8acc2ca2,fcf93f0a,00000000,00000000,00000000,1,2379490098,5594,1,000007cb,0,0,0,1,0
2212,2212,0,0,0,21,60,0001871b,8de657b8,04444444,000002ca,1,0,0,1,1,422354e8,0ade,"iSTATE2",1,8ade6128,8ade6128,fcf93f0a,00000000,00000000,00000000,1,2380683192,5595,1,000007cc,0,0,0,1,0
2213,2213,0,0,0,21,60,0001871b,8df88c3e,04444444,000002ca,1,0,0,1,1,422354e8,0ade,"iSTATE2",1,8af095ae,8af095ae,fcf93f0a,00000000,00000000,00000000,1,2381876286,5596,1,000007cd,0,0,0,1,0
2214,2214,0,0,0,21,60,0001871b,8e0ac38e,04444444,000002ca,1,0,0,1,1,422354e8,0ade,"iSTATE2",1,8b02ccfe,8b02ccfe,fcf93f0a,00000000,00000000,00000000,1,2383070094,5597,1,000007ce,0,0,0,1,0
2215,2215,0,0,0,21,60,0001871b,8e1cf814,04444444,000002ca,1,0,0,1,1,422354e8,0ade,"iSTATE2",1,8b150184,8b150184,fcf93f0a,00000000,00000000,00000000,1,2384263188,5598,1,000007cf,0,0,0,1,0
2216,2216,0,0,0,21,60,0001871b,8e2f2c9a,04444444,000002ca,1,0,0,1,1,422354e8,0ade,"iSTATE2",1,8b27360a,8b27360a,fcf93f0a,00000000,00000000,00000000,1,2385456282,5599,1,000007d0,0,0,0,1,0
2217,2217,0,0,0,21,60,0001871b,8e4163ea,04444444,000002ca,1,0,0,1,1,422354e8,0ade,"iSTATE2",1,8b396d5a,8b396d5a,fcf93f0a,00000000,00000000,00000000,1,2386650090,5600,1,000007d1,0,0,0,1,0
2218,2218,0,0,0,21,60,0001871b,8e539870,04444444,000002ca,1,0,0,1,1,422354e8,0ade,"iSTATE2",1,8b4ba1e0,8b4ba1e0,fcf93f0a,00000000,00000000,00000000,1,2387843184,5601,1,000007d2,0,0,0,1,0
2219,2219,0,0,0,21,60,0001871b,8e65ccf6,04444444,000002ca,1,0,0,1,1,422354e8,0ade,"iSTATE2",1,8b5dd666,8b5dd666,fcf93f0a,00000000,00000000,00000000,1,2389036278,5602,1,000007d3,0,0,0,1,0
2220,2220,0,0,0,21,60,0001871b,8e780446,04444444,000002ca,1,0,0,1,1,422354e8,0ade,"iSTATE2",1,8b700db6,8b700db6,fcf93f0a,00000000,00000000,00000000,1,2390230086,5603,1,000007d4,0,0,0,1,0
2221,2221,0,0,0,21,60,0001871b,8e8a38cc,04444444,000002ca,1,0,0,1,1,422354e8,0ade,"iSTATE2",1,8b82423c,8b82423c,fcf93f0a,00000000,00000000,00000000,1,2391423180,5604,1,000007d5,0,0,0,1,0
2222,2222,0,0,0,21,60,0001871b,8e9c6d52,04444444,000002ca,1,0,0,1,1,422354e8,0ade,"iSTATE2",1,8b9476c2,8b9476c2,fcf93f0a,00000000,00000000,00000000,1,2392616274,5605,1,000007d6,0,0,0,1,0
2223,2223,0,0,0,21,60,0001871b,8eaea4a2,04444444,000002ca,1,0,0,1,1,422354e8,0ade,"iSTATE2",1,8ba6ae12,8ba6ae12,fcf93f0a,00000000,00000000,00000000,1,2393810082,5606,1,000007d7,0,0,0,1,0
2224,2224,0,0,0,21,60,0001871b,8ec0d928,04444444,000002ca,1,0,0,1,1,422354e8,0ade,"iSTATE2",1,8bb8e298,8bb8e298,fcf93f0a,00000000,00000000,00000000,1,2395003176,5607,1,000007d8,0,0,0,1,0
2225,2225,0,0,0,21,60,0001871b,8ed30dae,04444444,000002ca,1,0,0,1,1,422354e8,0ade,"iSTATE2",1,8bcb171e,8bcb171e,fcf93f0a,00000000,00000000,00000000,1,2396196270,5608,1,000007d9,0,0,0,1,0
2226,2226,0,0,0,21,60,0001871b,8ee54234,04444444,000002ca,1,0,0,1,1,422354e8,0ade,"iSTATE2",1,8bdd4ba4,8bdd4ba4,fcf93f0a,00000000,00000000,00000000,1,2397389364,5609,1,000007da,0,0,0,1,0
2227,2227,0,0,0,21,60,0001871b,8ef77984,04444444,000002ca,1,0,0,1,1,422354e8,0ade,"iSTATE2",1,8bef82f4,8bef82f4,fcf93f0a,00000000,00000000,00000000,1,2398583172,5610,1,000007db,0,0,0,1,0
2228,2228,0,0,0,21,60,0001871b,8f09ae0a,04444444,000002ca,1,0,0,1,1,422354e8,0ade,"iSTATE2",1,8c01b77a,8c01b77a,fcf93f0a,00000000,00000000,00000000,1,2399776266,5611,1,000007dc,0,0,0,1,0
2229,2229,0,0,0,21,60,0001871b,8f1be290,04444444,000002ca,1,0,0,1,1,422354e8,0ade,"iSTATE2",1,8c13ec00,8c13ec00,fcf93f0a,00000000,00000000,00000000,1,2400969360,5612,1,000007dd,0,0,0,1,0
2230,2230,0,0,0,21,60,0001871b,8f2e19e0,04444444,000002ca,1,0,0,1,1,422354e8,0ade,"iSTATE2",1,8c262350,8c262350,fcf93f0a,00000000,00000000,00000000,1,2402163168,5613,1,000007de,0,0,0,1,0
2231,2231,0,0,0,21,60,0001871b,8f404e66,04444444,000002ca,1,0,0,1,1,422354e8,0ade,"iSTATE2",1,8c3857d6,8c3857d6,fcf93f0a,00000000,00000000,00000000,1,2403356262,5614,1,000007df,0,0,0,1,0
2232,2232,0,0,0,21,60,0001871b,8f5282ec,04444444,000002ca,1,0,0,1,1,422354e8,0ade,"iSTATE2",1,8c4a8c5c,8c4a8c5c,fcf93f0a,00000000,00000000,00000000,1,2404549356,5615,1,000007e0,0,0,0,1,0
2233,2233,0,0,0,21,60,0001871b,8f64ba3c,04444444,000002ca,1,0,0,1,1,422354e8,0ade,"iSTATE2",1,8c5cc3ac,8c5cc3ac,fcf93f0a,00000000,00000000,00000000,1,2405743164,5616,1,000007e1,0,0,0,1,0
2234,2234,0,0,0,21,60,0001871b,8f76eec2,04444444,000002ca,1,0,0,1,1,422354e8,0ade,"iSTATE2",1,8c6ef832,8c6ef832,fcf93f0a,00000000,00000000,00000000,1,2406936258,5617,1,000007e2,0,0,0,1,0
2235,2235,0,0,0,21,60,0001871b,8f892348,04444444,000002ca,1,0,0,1,1,422354e8,0ade,"iSTATE2",1,8c812cb8,8c812cb8,fcf93f0a,00000000,00000000,00000000,1,2408129352,5618,1,000007e3,0,0,0,1,0
2236,2236,0,0,0,21,60,0001871b,8f9b5a98,04444444,000002ca,1,0,0,1,1,422354e8,0ade,"iSTATE2",1,8c936408,8c936408,fcf93f0a,00000000,00000000,00000000,1,2409323160,5619,1,000007e4,0,0,0,1,0
2237,2237,0,0,0,21,60,0001871b,8fad8f1e,04444444,000002ca,1,0,0,1,1,422354e8,0ade,"iSTATE2",1,8ca5988e,8ca5988e,fcf93f0a,00000000,00000000,00000000,1,2410516254,5620,1,000007e5,0,0,0,1,0
2238,2238,0,0,0,21,60,0001871b,8fbfc3a4,04444444,000002ca,1,0,0,1,1,422354e8,0ade,"iSTATE2",1,8cb7cd14,8cb7cd14,fcf93f0a,00000000,00000000,00000000,1,2411709348,5621,1,000007e6,0,0,0,1,0
2239,2239,0,0,0,21,60,0001871b,8fd1faf4,04444444,000002ca,1,0,0,1,1,422354e8,0ade,"iSTATE2",1,8cca0464,8cca0464,fcf93f0a,00000000,00000000,00000000,1,2412903156,5622,1,000007e7,0,0,0,1,0
2240,2240,0,0,0,21,60,0001871b,8fe42f7a,04444444,000002ca,1,0,0,1,1,422354e8,0ade,"iSTATE2",1,8cdc38ea,8cdc38ea,fcf93f0a,00000000,00000000,00000000,1,2414096250,5623,1,000007e8,0,0,0,1,0
2241,2241,0,0,0,21,60,0001871b,8ff66400,04444444,000002ca,1,0,0,1,1,422354e8,0ade,"iSTATE2",1,8cee6d70,8cee6d70,fcf93f0a,00000000,00000000,00000000,1,2415289344,5624,1,000007e9,0,0,0,1,0
2242,2242,0,0,0,21,60,0001871b,90089b50,04444444,000002ca,1,0,0,1,1,422354e8,0ade,"iSTATE2",1,8d00a4c0,8d00a4c0,fcf93f0a,00000000,00000000,00000000,1,2416483152,5625,1,000007ea,0,0,0,1,0
2243,2243,0,0,0,21,60,0001871b,901acfd6,04444444,000002ca,1,0,0,1,1,422354e8,0ade,"iSTATE2",1,8d12d946,8d12d946,fcf93f0a,00000000,00000000,00000000,1,2417676246,5626,1,000007eb,0,0,0,1,0
2244,2244,0,0,0,21,60,0001871b,902d045c,04444444,000002ca,1,0,0,1,1,422354e8,0ade,"iSTATE2",1,8d250dcc,8d250dcc,fcf93f0a,00000000,00000000,00000000,1,2418869340,5627,1,000007ec,0,0,0,1,0
2245,2245,0,0,0,21,60,0001871b,903f3bac,04444444,000002ca,1,0,0,1,1,422354e8,0ade,"iSTATE2",1,8d37451c,8d37451c,fcf93f0a,00000000,00000000,00000000,1,2420063148,5628,1,000007ed,0,0,0,1,0
2246,2246,0,0,0,21,60,0001871b,90517032,04444444,000002ca,1,0,0,1,1,422354e8,0ade,"iSTATE2",1,8d4979a2,8d4979a2,fcf93f0a,00000000,00000000,00000000,1,2421256242,5629,1,000007ee,0,0,0,1,0
2247,2247,0,0,0,21,60,0001871b,9063a4b8,04444444,000002ca,1,0,0,1,1,422354e8,0ade,"iSTATE2",1,8d5bae28,8d5bae28,fcf93f0a,00000000,00000000,00000000,1,2422449336,5630,1,000007ef,0,0,0,1,0
2248,2248,0,0,0,21,60,0001871b,9075dc08,04444444,000002ca,1,0,0,1,1,422354e8,0ade,"iSTATE2",1,8d6de578,8d6de578,fcf93f0a,00000000,00000000,00000000,1,2423643144,5631,1,000007f0,0,0,0,1,0
2249,2249,0,0,0,21,60,0001871b,9088108e,04444444,000002ca,1,0,0,1,1,422354e8,0ade,"iSTATE2",1,8d8019fe,8d8019fe,fcf93f0a,00000000,00000000,00000000,1,2424836238,5632,1,000007f1,0,0,0,1,0
2250,2250,0,0,0,21,60,0001871b,909a4514,04444444,000002ca,1,0,0,1,1,422354e8,0ade,"iSTATE2",1,8d924e84,8d924e84,fcf93f0a,00000000,00000000,00000000,1,2426029332,5633,1,000007f2,0,0,0,1,0
2251,2251,0,0,0,21,60,0001871b,90ac7c64,04444444,000002ca,1,0,0,1,1,422354e8,0ade,"iSTATE2",1,8da485d4,8da485d4,fcf93f0a,00000000,00000000,00000000,1,2427223140,5634,1,000007f3,0,0,0,1,0
2252,2252,0,0,0,21,60,0001871b,90beb0ea,04444444,000002ca,1,0,0,1,1,422354e8,0ade,"iSTATE2",1,8db6ba5a,8db6ba5a,fcf93f0a,00000000,00000000,00000000,1,2428416234,5635,1,000007f4,0,0,0,1,0
2253,2253,0,0,0,21,60,0001871b,90d0e570,04444444,000002ca,1,0,0,1,1,422354e8,0ade,"iSTATE2",1,8dc8eee0,8dc8eee0,fcf93f0a,00000000,00000000,00000000,1,2429609328,5636,1,000007f5,0,0,0,1,0
2254,2254,0,0,0,21,60,0001871b,90e319f6,04444444,000002ca,1,0,0,1,1,422354e8,0ade,"iSTATE2",1,8ddb2366,8ddb2366,fcf93f0a,00000000,00000000,00000000,1,2430802422,5637,1,000007f6,0,0,0,1,0
2255,2255,0,0,0,21,60,0001871b,90f55146,04444444,000002ca,1,0,0,1,1,422354e8,0ade,"iSTATE2",1,8ded5ab6,8ded5ab6,fcf93f0a,00000000,00000000,00000000,1,2431996230,5638,1,000007f7,0,0,0,1,0
2256,2256,0,0,0,21,60,0001871b,910785cc,04444444,000002ca,1,0,0,1,1,422354e8,0ade,"iSTATE2",1,8dff8f3c,8dff8f3c,fcf93f0a,00000000,00000000,00000000,1,2433189324,5639,1,000007f8,0,0,0,1,0
2257,2257,0,1,0,22,60,0001871c,9119ba56,04444444,000002ca,1,0,0,1,1,422354e8,0ade,"iSTATE2",1,8e105664,8e105664,fcf80970,00000000,00000000,00000000,1,2434382422,5640,1,000007f9,0,0,0,1,0
2258,2258,0,0,0,22,60,0001871c,912bf1a6,04444444,000002ca,1,0,0,1,1,422354e8,0ade,"iSTATE2",1,8e228db4,8e228db4,fcf80970,00000000,00000000,00000000,1,2435576230,5641,1,000007fa,0,0,0,1,0
2259,2259,0,0,0,22,60,0001871c,913e262c,04444444,000002ca,1,0,0,1,1,422354e8,0ade,"iSTATE2",1,8e34c23a,8e34c23a,fcf80970,00000000,00000000,00000000,1,2436769324,5642,1,000007fb,0,0,0,1,0
2260,2260,0,0,0,22,60,0001871c,91505ab2,04444444,000002ca,1,0,0,1,1,422354e8,0ade,"iSTATE2",1,8e46f6c0,8e46f6c0,fcf80970,00000000,00000000,00000000,1,2437962418,5643,1,000007fc,0,0,0,1,0
2261,2261,0,0,0,22,60,0001871c,91629202,04444444,000002ca,1,0,0,1,1,422354e8,0ade,"iSTATE2",1,8e592e10,8e592e10,fcf80970,00000000,00000000,00000000,1,2439156226,5644,1,000007fd,0,0,0,1,0
2262,2262,0,0,0,22,60,0001871c,9174c688,04444444,000002ca,1,0,0,1,1,422354e8,0ade,"iSTATE2",1,8e6b6296,8e6b6296,fcf80970,00000000,00000000,00000000,1,2440349320,5645,1,000007fe,0,0,0,1,0
2263,2263,0,0,0,22,60,0001871c,9186fb0e,04444444,000002ca,1,0,0,1,1,422354e8,0ade,"iSTATE2",1,8e7d971c,8e7d971c,fcf80970,00000000,00000000,00000000,1,2441542414,5646,1,000007ff,0,0,0,1,0
2264,2264,0,0,0,22,60,0001871c,9199325e,04444444,000002ca,1,0,0,1,1,422354e8,0ade,"iSTATE2",1,8e8fce6c,8e8fce6c,fcf80970,00000000,00000000,00000000,1,2442736222,5647,1,00000800,0,0,0,1,0
2265,2265,0,0,0,22,60,0001871c,91ab66e4,04444444,000002ca,1,0,0,1,1,422354e8,0ade,"iSTATE2",1,8ea202f2,8ea202f2,fcf80970,00000000,00000000,00000000,1,2443929316,5648,1,00000801,0,0,0,1,0
2266,2266,0,0,0,22,60,0001871c,91bd9b6a,04444444,000002ca,1,0,0,1,1,422354e8,0ade,"iSTATE2",1,8eb43778,8eb43778,fcf80970,00000000,00000000,00000000,1,2445122410,5649,1,00000802,0,0,0,1,0
2267,2267,0,0,0,22,60,0001871c,91cfd2ba,04444444,000002ca,1,0,0,1,1,422354e8,0ade,"iSTATE2",1,8ec66ec8,8ec66ec8,fcf80970,00000000,00000000,00000000,1,2446316218,5650,1,00000803,0,0,0,1,0
2268,2268,0,0,0,22,60,0001871c,91e20740,04444444,000002ca,1,0,0,1,1,422354e8,0ade,"iSTATE2",1,8ed8a34e,8ed8a34e,fcf80970,00000000,00000000,00000000,1,2447509312,5651,1,00000804,0,0,0,1,0
2269,2269,0,0,0,22,60,0001871c,91f43bc6,04444444,000002ca,1,0,0,1,1,422354e8,0ade,"iSTATE2",1,8eead7d4,8eead7d4,fcf80970,00000000,00000000,00000000,1,2448702406,5652,1,00000805,0,0,0,1,0
2270,2270,0,0,0,22,60,0001871c,92067316,04444444,000002ca,1,0,0,1,1,422354e8,0ade,"iSTATE2",1,8efd0f24,8efd0f24,fcf80970,00000000,00000000,00000000,1,2449896214,5653,1,00000806,0,0,0,1,0
2271,2271,0,0,0,22,60,0001871c,9218a79c,04444444,000002ca,1,0,0,1,1,422354e8,0ade,"iSTATE2",1,8f0f43aa,8f0f43aa,fcf80970,00000000,00000000,00000000,1,2451089308,5654,1,00000807,0,0,0,1,0
2272,2272,0,0,0,22,60,0001871c,922adc22,04444444,000002ca,1,0,0,1,1,422354e8,0ade,"iSTATE2",1,8f217830,8f217830,fcf80970,00000000,00000000,00000000,1,2452282402,5655,1,00000808,0,0,0,1,0
2273,2273,0,0,0,22,60,0001871c,923d1372,04444444,000002ca,1,0,0,1,1,422354e8,0ade,"iSTATE2",1,8f33af80,8f33af80,fcf80970,00000000,00000000,00000000,1,2453476210,5656,1,00000809,0,0,0,1,0
2274,2274,0,0,0,22,60,0001871c,924f47f8,04444444,000002ca,1,0,0,1,1,422354e8,0ade,"iSTATE2",1,8f45e406,8f45e406,fcf80970,00000000,00000000,00000000,1,2454669304,5657,1,0000080a,0,0,0,1,0
2275,2275,0,0,0,22,60,0001871c,92617c7e,04444444,000002ca,1,0,0,1,1,422354e8,0ade,"iSTATE2",1,8f58188c,8f58188c,fcf80970,00000000,00000000,00000000,1,2455862398,5658,1,0000080b,0,0,0,1,0
2276,2276,0,0,0,22,60,0001871c,9273b3ce,04444444,000002ca,1,0,0,1,1,422354e8,0ade,"iSTATE2",1,8f6a4fdc,8f6a4fdc,fcf80970,00000000,00000000,00000000,1,2457056206,5659,1,0000080c,0,0,0,1,0
2277,2277,0,0,0,22,60,0001871c,9285e854,04444444,000002ca,1,0,0,1,1,422354e8,0ade,"iSTATE2",1,8f7c8462,8f7c8462,fcf80970,00000000,00000000,00000000,1,2458249300,5660,1,0000080d,0,0,0,1,0
2278,2278,0,0,0,22,60,0001871c,92981cda,04444444,000002ca,1,0,0,1,1,422354e8,0ade,"iSTATE2",1,8f8eb8e8,8f8eb8e8,fcf80970,00000000,00000000,00000000,1,2459442394,5661,1,0000080e,0,0,0,1,0
2279,2279,0,0,0,22,60,0001871c,92aa542a,04444444,000002ca,1,0,0,1,1,422354e8,0ade,"iSTATE2",1,8fa0f038,8fa0f038,fcf80970,00000000,00000000,00000000,1,2460636202,5662,1,0000080f,0,0,0,1,0
2280,2280,0,0,0,22,60,0001871c,92bc88b0,04444444,000002ca,1,0,0,1,1,422354e8,0ade,"iSTATE2",1,8fb324be,8fb324be,fcf80970,00000000,00000000,00000000,1,2461829296,5663,1,00000810,0,0,0,1,0
2281,2281,0,0,0,22,60,0001871c,92cebd36,04444444,000002ca,1,0,0,1,1,422354e8,0ade,"iSTATE2",1,8fc55944,8fc55944,fcf80970,00000000,00000000,00000000,1,2463022390,5664,1,00000811,0,0,0,1,0
2282,2282,0,0,0,22,60,0001871c,92e0f486,04444444,000002ca,1,0,0,1,1,422354e8,0ade,"iSTATE2",1,8fd79094,8fd79094,fcf80970,00000000,00000000,00000000,1,2464216198,5665,1,00000812,0,0,0,1,0
2283,2283,0,0,0,22,60,0001871c,92f3290c,04444444,000002ca,1,0,0,1,1,422354e8,0ade,"iSTATE2",1,8fe9c51a,8fe9c51a,fcf80970,00000000,00000000,00000000,1,2465409292,5666,1,00000813,0,0,0,1,0
2284,2284,0,0,0,22,60,0001871c,93055d92,04444444,000002ca,1,0,0,1,1,422354e8,0ade,"iSTATE2",1,8ffbf9a0,8ffbf9a0,fcf80970,00000000,00000000,00000000,1,2466602386,5667,1,00000814,0,0,0,1,0
2285,2285,0,0,0,22,60,0001871c,93179218,04444444,000002ca,1,0,0,1,1,422354e8,0ade,"iSTATE2",1,900e2e26,900e2e26,fcf80970,00000000,00000000,00000000,1,2467795480,5668,1,00000815,0,0,0,1,0
2286,2286,0,0,0,22,60,0001871c,9329c968,04444444,000002ca,1,0,0,1,1,422354e8,0ade,"iSTATE2",1,90206576,90206576,fcf80970,00000000,00000000,00000000,1,2468989288,5669,1,00000816,0,0,0,1,0
2287,2287,0,0,0,22,60,0001871c,933bfdee,04444444,000002ca,1,0,0,1,1,422354e8,0ade,"iSTATE2",1,903299fc,903299fc,fcf80970,00000000,00000000,00000000,1,2470182382,5670,1,00000817,0,0,0,1,0
2288,2288,0,0,0,22,60,0001871c,934e3274,04444444,000002ca,1,0,0,1,1,422354e8,0ade,"iSTATE2",1,9044ce82,9044ce82,fcf80970,00000000,00000000,00000000,1,2471375476,5671,1,00000818,0,0,0,1,0
2289,2289,0,0,0,22,60,0001871c,936069c4,04444444,000002ca,1,0,0,1,1,422354e8,0ade,"iSTATE2",1,905705d2,905705d2,fcf80970,00000000,00000000,00000000,1,2472569284,5672,1,00000819,0,0,0,1,0
2290,2290,0,0,0,22,60,0001871c,93729e4a,04444444,000002ca,1,0,0,1,1,422354e8,0ade,"iSTATE2",1,90693a58,90693a58,fcf80970,00000000,00000000,00000000,1,2473762378,5673,1,0000081a,0,0,0,1,0
2291,2291,0,0,0,22,60,0001871c,9384d2d0,04444444,000002ca,1,0,0,1,1,422354e8,0ade,"iSTATE2",1,907b6ede,907b6ede,fcf80970,00000000,00000000,00000000,1,2474955472,5674,1,0000081b,0,0,0,1,0
2292,2292,0,0,0,22,60,0001871c,93970a20,04444444,000002ca,1,0,0,1,1,422354e8,0ade,"iSTATE2",1,908da62e,908da62e,fcf80970,00000000,00000000,00000000,1,2476149280,5675,1,0000081c,0,0,0,1,0
2293,2293,0,0,0,22,60,0001871c,93a93ea6,04444444,000002ca,1,0,0,1,1,422354e8,0ade,"iSTATE2",1,909fdab4,909fdab4,fcf80970,00000000,00000000,00000000,1,2477342374,5676,1,0000081d,0,0,0,1,0
2294,2294,0,0,0,22,60,0001871c,93bb732c,04444444,000002ca,1,0,0,1,1,422354e8,0ade,"iSTATE2",1,90b20f3a,90b20f3a,fcf80970,00000000,00000000,00000000,1,2478535468,5677,1,0000081e,0,0,0,1,0
2295,2295,0,0,0,22,60,0001871c,93cdaa7c,04444444,000002ca,1,0,0,1,1,422354e8,0ade,"iSTATE2",1,90c4468a,90c4468a,fcf80970,00000000,00000000,00000000,1,2479729276,5678,1,0000081f,0,0,0,1,0
2296,2296,0,0,0,22,60,0001871c,93dfdf02,04444444,000002ca,1,0,0,1,1,422354e8,0ade,"iSTATE2",1,90d67b10,90d67b10,fcf80970,00000000,00000000,00000000,1,2480922370,5679,1,00000820,0,0,0,1,0
2297,2297,0,0,0,22,60,0001871c,93f21388,04444444,000002ca,1,0,0,1,1,422354e8,0ade,"iSTATE2",1,90e8af96,90e8af96,fcf80970,00000000,00000000,00000000,1,2482115464,5680,1,00000821,0,0,0,1,0
2298,2298,0,0,0,22,60,0001871c,94044ad8,04444444,000002ca,1,0,0,1,1,422354e8,0ade,"iSTATE2",1,90fae6e6,90fae6e6,fcf80970,00000000,00000000,00000000,1,2483309272,5681,1,00000822,0,0,0,1,0
2299,2299,0,0,0,22,60,0001871c,94167f5e,04444444,000002ca,1,0,0,1,1,422354e8,0ade,"iSTATE2",1,910d1b6c,910d1b6c,fcf80970,00000000,00000000,00000000,1,2484502366,5682,1,00000823,0,0,0,1,0
2300,2300,0,0,0,22,60,0001871c,9428b3e4,04444444,000002ca,1,0,0,1,1,422354e8,0ade,"iSTATE2",1,911f4ff2,911f4ff2,fcf80970,00000000,00000000,00000000,1,2485695460,5683,1,00000824,0,0,0,1,0
2301,2301,0,0,0,22,60,0001871c,943aeb34,04444444,000002ca,1,0,0,1,1,422354e8,0ade,"iSTATE2",1,91318742,91318742,fcf80970,00000000,00000000,00000000,1,2486889268,5684,1,00000825,0,0,0,1,0
2302,2302,0,0,0,22,60,0001871c,944d1fba,04444444,000002ca,1,0,0,1,1,422354e8,0ade,"iSTATE2",1,9143bbc8,9143bbc8,fcf80970,00000000,00000000,00000000,1,2488082362,5685,1,00000826,0,0,0,1,0
2303,2303,0,0,0,22,60,0001871c,945f5440,04444444,000002ca,1,0,0,1,1,422354e8,0ade,"iSTATE2",1,9155f04e,9155f04e,fcf80970,00000000,00000000,00000000,1,2489275456,5686,1,00000827,0,0,0,1,0
2304,2304,0,0,0,22,60,0001871c,94718b90,04444444,000002ca,1,0,0,1,1,422354e8,0ade,"iSTATE2",1,9168279e,9168279e,fcf80970,00000000,00000000,00000000,1,2490469264,5687,1,00000828,0,0,0,1,0
2305,2305,0,0,0,22,60,0001871c,9483c016,04444444,000002ca,1,0,0,1,1,422354e8,0ade,"iSTATE2",1,917a5c24,917a5c24,fcf80970,00000000,00000000,00000000,1,2491662358,5688,1,00000829,0,0,0,1,0
2306,2306,0,0,0,22,60,0001871c,9495f49c,04444444,000002ca,1,0,0,1,1,422354e8,0ade,"iSTATE2",1,918c90aa,918c90aa,fcf80970,00000000,00000000,00000000,1,2492855452,5689,1,0000082a,0,0,0,1,0
2307,2307,0,0,0,22,60,0001871c,94a82bec,04444444,000002ca,1,0,0,1,1,422354e8,0ade,"iSTATE2",1,919ec7fa,919ec7fa,fcf80970,00000000,00000000,00000000,1,2494049260,5690,1,0000082b,0,0,0,1,0
2308,2308,0,0,0,22,60,0001871c,94ba6072,04444444,000002ca,1,0,0,1,1,422354e8,0ade,"iSTATE2",1,91b0fc80,91b0fc80,fcf80970,00000000,00000000,00000000,1,2495242354,5691,1,0000082c,0,0,0,1,0
2309,2309,0,0,0,22,60,0001871c,94cc94f8,04444444,000002ca,1,0,0,1,1,422354e8,0ade,"iSTATE2",1,91c33106,91c33106,fcf80970,00000000,00000000,00000000,1,2496435448,5692,1,0000082d,0,0,0,1,0
2310,2310,0,0,0,22,60,0001871c,94decc48,04444444,000002ca,1,0,0,1,1,422354e8,0ade,"iSTATE2",1,91d56856,91d56856,fcf80970,00000000,00000000,00000000,1,2497629256,5693,1,0000082e,0,0,0,1,0
2311,2311,0,0,0,22,60,0001871c,94f100ce,04444444,000002ca,1,0,0,1,1,422354e8,0ade,"iSTATE2",1,91e79cdc,91e79cdc,fcf80970,00000000,00000000,00000000,1,2498822350,5694,1,0000082f,0,0,0,1,0
2312,2312,0,0,0,22,60,0001871c,95033554,04444444,000002ca,1,0,0,1,1,422354e8,0ade,"iSTATE2",1,91f9d162,91f9d162,fcf80970,00000000,00000000,00000000,1,2500015444,5695,1,00000830,0,0,0,1,0
2313,2313,0,0,0,22,60,0001871c,951569da,04444444,000002ca,1,0,0,1,1,422354e8,0ade,"iSTATE2",1,920c05e8,920c05e8,fcf80970,00000000,00000000,00000000,1,2501208538,5696,1,00000831,0,0,0,1,0
2314,2314,0,0,0,22,60,0001871c,9527a12a,04444444,000002ca,1,0,0,1,1,422354e8,0ade,"iSTATE2",1,921e3d38,921e3d38,fcf80970,00000000,00000000,00000000,1,2502402346,5697,1,00000832,0,0,0,1,0
2315,2315,0,0,0,22,60,0001871c,9539d5b0,04444444,000002ca,1,0,0,1,1,422354e8,0ade,"iSTATE2",1,923071be,923071be,fcf80970,00000000,00000000,00000000,1,2503595440,5698,1,00000833,0,0,0,1,0
2316,2316,0,0,0,22,60,0001871c,954c0a36,04444444,000002ca,1,0,0,1,1,422354e8,0ade,"iSTATE2",1,9242a644,9242a644,fcf80970,00000000,00000000,00000000,1,2504788534,5699,1,00000834,0,0,0,1,0
2317,2317,0,1,0,23,60,0001871b,955e418a,04444444,000002ca,1,0,0,1,1,422354e8,0ade,"iSTATE2",1,92536d6c,92536d6c,fcf69c0e,00000000,00000000,00000000,1,2505982346,5700,1,00000835,0,0,0,1,0
2318,2318,0,0,0,23,60,0001871b,95707610,04444444,000002ca,1,0,0,1,1,422354e8,0ade,"iSTATE2",1,9265a1f2,9265a1f2,fcf69c0e,00000000,00000000,00000000,1,2507175440,5701,1,00000836,0,0,0,1,0
2319,2319,0,0,0,23,60,0001871b,9582aa96,04444444,000002ca,1,0,0,1,1,422354e8,0ade,"iSTATE2",1,9277d678,9277d678,fcf69c0e,00000000,00000000,00000000,1,2508368534,5702,1,00000837,0,0,0,1,0
2320,2320,0,0,0,23,60,0001871b,9594e1e6,04444444,000002ca,1,0,0,1,1,422354e8,0ade,"iSTATE2",1,928a0dc8,928a0dc8,fcf69c0e,00000000,00000000,00000000,1,2509562342,5703,1,00000838,0,0,0,1,0
2321,2321,0,0,0,23,60,0001871b,95a7166c,04444444,000002ca,1,0,0,1,1,422354e8,0ade,"iSTATE2",1,929c424e,929c424e,fcf69c0e,00000000,00000000,00000000,1,2510755436,5704,1,00000839,0,0,0,1,0
2322,2322,0,0,0,23,60,0001871b,95b94af2,04444444,000002ca,1,0,0,1,1,422354e8,0ade,"iSTATE2",1,92ae76d4,92ae76d4,fcf69c0e,00000000,00000000,00000000,1,2511948530,5705,1,0000083a,0,0,0,1,0
2323,2323,0,0,0,23,60,0001871b,95cb8242,04444444,000002ca,1,0,0,1,1,422354e8,0ade,"iSTATE2",1,92c0ae24,92c0ae24,fcf69c0e,00000000,00000000,00000000,1,2513142338,5706,1,0000083b,0,0,0,1,0
2324,2324,0,0,0,23,60,0001871b,95ddb6c8,04444444,000002ca,1,0,0,1,1,422354e8,0ade,"iSTATE2",1,92d2e2aa,92d2e2aa,fcf69c0e,00000000,00000000,00000000,1,2514335432,5707,1,0000083c,0,0,0,1,0
2325,2325,0,0,0,23,60,0001871b,95efeb4e,04444444,000002ca,1,0,0,1,1,422354e8,0ade,"iSTATE2",1,92e51730,92e51730,fcf69c0e,00000000,00000000,00000000,1,2515528526,5708,1,0000083d,0,0,0,1,0
2326,2326,0,0,0,23,60,0001871b,9602229e,04444444,000002ca,1,0,0,1,1,422354e8,0ade,"iSTATE2",1,92f74e80,92f74e80,fcf69c0e,00000000,00000000,00000000,1,2516722334,5709,1,0000083e,0,0,0,1,0
2327,2327,0,0,0,23,60,0001871b,96145724,04444444,000002ca,1,0,0,1,1,422354e8,0ade,"iSTATE2",1,93098306,93098306,fcf69c0e,00000000,00000000,00000000,1,2517915428,5710,1,0000083f,0,0,0,1,0
2328,2328,0,0,0,23,60,0001871b,96268baa,04444444,000002ca,1,0,0,1,1,422354e8,0ade,"iSTATE2",1,931bb78c,931bb78c,fcf69c0e,00000000,00000000,00000000,1,2519108522,5711,1,00000840,0,0,0,1,0
2329,2329,0,0,0,23,60,0001871b,9638c2fa,04444444,000002ca,1,0,0,1,1,422354e8,0ade,"iSTATE2",1,932deedc,932deedc,fcf69c0e,00000000,00000000,00000000,1,2520302330,5712,1,00000841,0,0,0,1,0
2330,2330,0,0,0,23,60,0001871b,964af780,04444444,000002ca,1,0,0,1,1,422354e8,0ade,"iSTATE2",1,93402362,93402362,fcf69c0e,00000000,00000000,00000000,1,2521495424,5713,1,00000842,0,0,0,1,0
2331,2331,0,0,0,23,60,0001871b,965d2c06,04444444,000002ca,1,0,0,1,1,422354e8,0ade,"iSTATE2",1,935257e8,935257e8,fcf69c0e,00000000,00000000,00000000,1,2522688518,5714,1,00000843,0,0,0,1,0
2332,2332,0,0,0,23,60,0001871b,966f6356,04444444,000002ca,1,0,0,1,1,422354e8,0ade,"iSTATE2",1,93648f38,93648f38,fcf69c0e,00000000,00000000,00000000,1,2523882326,5715,1,00000844,0,0,0,1,0
2333,2333,0,0,0,23,60,0001871b,968197dc,04444444,000002ca,1,0,0,1,1,422354e8,0ade,"iSTATE2",1,9376c3be,9376c3be,fcf69c0e,00000000,00000000,00000000,1,2525075420,5716,1,00000845,0,0,0,1,0
2334,2334,0,0,0,23,60,0001871b,9693cc62,04444444,000002ca,1,0,0,1,1,422354e8,0ade,"iSTATE2",1,9388f844,9388f844,fcf69c0e,00000000,00000000,00000000,1,2526268514,5717,1,00000846,0,0,0,1,0
2335,2335,0,0,0,23,60,0001871b,96a603b2,04444444,000002ca,1,0,0,1,1,422354e8,0ade,"iSTATE2",1,939b2f94,939b2f94,fcf69c0e,00000000,00000000,00000000,1,2527462322,5718,1,00000847,0,0,0,1,0
2336,2336,0,0,0,23,60,0001871b,96b83838,04444444,000002ca,1,0,0,1,1,422354e8,0ade,"iSTATE2",1,93ad641a,93ad641a,fcf69c0e,00000000,00000000,00000000,1,2528655416,5719,1,00000848,0,0,0,1,0
2337,2337,0,0,0,23,60,0001871b,96ca6cbe,04444444,000002ca,1,0,0,1,1,422354e8,0ade,"iSTATE2",1,93bf98a0,93bf98a0,fcf69c0e,00000000,00000000,00000000,1,2529848510,5720,1,00000849,0,0,0,1,0
2338,2338,0,0,0,23,60,0001871b,96dca40e,04444444,000002ca,1,0,0,1,1,422354e8,0ade,"iSTATE2",1,93d1cff0,93d1cff0,fcf69c0e,00000000,00000000,00000000,1,2531042318,5721,1,0000084a,0,0,0,1,0
2339,2339,0,0,0,23,60,0001871b,96eed894,04444444,000002ca,1,0,0,1,1,422354e8,0ade,"iSTATE2",1,93e40476,93e40476,fcf69c0e,00000000,00000000,00000000,1,2532235412,5722,1,0000084b,0,0,0,1,0
2340,2340,0,0,0,23,60,0001871b,97010d1a,04444444,000002ca,1,0,0,1,1,422354e8,0ade,"iSTATE2",1,93f638fc,93f638fc,fcf69c0e,00000000,00000000,00000000,1,2533428506,5723,1,0000084c,0,0,0,1,0
2341,2341,0,0,0,23,60,0001871b,9713446a,04444444,000002ca,1,0,0,1,1,422354e8,0ade,"iSTATE2",1,9408704c,9408704c,fcf69c0e,00000000,00000000,00000000,1,2534622314,5724,1,0000084d,0,0,0,1,0
2342,2342,0,0,0,23,60,0001871b,972578f0,04444444,000002ca,1,0,0,1,1,422354e8,0ade,"iSTATE2",1,941aa4d2,941aa4d2,fcf69c0e,00000000,00000000,00000000,1,2535815408,5725,1,0000084e,0,0,0,1,0
2343,2343,0,0,0,23,60,0001871b,9737ad76,04444444,000002ca,1,0,0,1,1,422354e8,0ade,"iSTATE2",1,942cd958,942cd958,fcf69c0e,00000000,00000000,00000000,1,2537008502,5726,1,0000084f,0,0,0,1,0
2344,2344,0,0,0,23,60,0001871b,9749e1fc,04444444,000002ca,1,0,0,1,1,422354e8,0ade,"iSTATE2",1,943f0dde,943f0dde,fcf69c0e,00000000,00000000,00000000,1,2538201596,5727,1,00000850,0,0,0,1,0
2345,2345,0,0,0,23,60,0001871b,975c194c,04444444,000002ca,1,0,0,1,1,422354e8,0ade,"iSTATE2",1,9451452e,9451452e,fcf69c0e,00000000,00000000,00000000,1,2539395404,5728,1,00000851,0,0,0,1,0
2346,2346,0,0,0,23,60,0001871b,976e4dd2,04444444,000002ca,1,0,0,1,1,422354e8,0ade,"iSTATE2",1,946379b4,946379b4,fcf69c0e,00000000,00000000,00000000,1,2540588498,5729,1,00000852,0,0,0,1,0
2347,2347,0,0,0,23,60,0001871b,97808258,04444444,000002ca,1,0,0,1,1,422354e8,0ade,"iSTATE2",1,9475ae3a,9475ae3a,fcf69c0e,00000000,00000000,00000000,1,2541781592,5730,1,00000853,0,0,0,1,0
2348,2348,0,0,0,23,60,0001871b,9792b9a8,04444444,000002ca,1,0,0,1,1,422354e8,0ade,"iSTATE2",1,9487e58a,9487e58a,fcf69c0e,00000000,00000000,00000000,1,2542975400,5731,1,00000854,0,0,0,1,0
2349,2349,0,0,0,23,60,0001871b,97a4ee2e,04444444,000002ca,1,0,0,1,1,422354e8,0ade,"iSTATE2",1,949a1a10,949a1a10,fcf69c0e,00000000,00000000,00000000,1,2544168494,5732,1,00000855,0,0,0,1,0
2350,2350,0,0,0,23,60,0001871b,97b722b4,04444444,000002ca,1,0,0,1,1,422354e8,0ade,"iSTATE2",1,94ac4e96,94ac4e96,fcf69c0e,00000000,00000000,00000000,1,2545361588,5733,1,00000856,0,0,0,1,0
2351,2351,0,0,0,23,60,0001871b,97c95a04,04444444,000002ca,1,0,0,1,1,422354e8,0ade,"iSTATE2",1,94be85e6,94be85e6,fcf69c0e,00000000,00000000,00000000,1,2546555396,5734,1,00000857,0,0,0,1,0
2352,2352,0,0,0,23,60,0001871b,97db8e8a,04444444,000002ca,1,0,0,1,1,422354e8,0ade,"iSTATE2",1,94d0ba6c,94d0ba6c,fcf69c0e,00000000,00000000,00000000,1,2547748490,5735,1,00000858,0,0,0,1,0
2353,2353,0,0,0,23,60,0001871b,97edc310,04444444,000002ca,1,0,0,1,1,422354e8,0ade,"iSTATE2",1,94e2eef2,94e2eef2,fcf69c0e,00000000,00000000,00000000,1,2548941584,5736,1,00000859,0,0,0,1,0
2354,2354,0,0,0,23,60,0001871b,97fffa60,04444444,000002ca,1,0,0,1,1,422354e8,0ade,"iSTATE2",1,94f52642,94f52642,fcf69c0e,00000000,00000000,00000000,1,2550135392,5737,1,0000085a,0,0,0,1,0
2355,2355,0,0,0,23,60,0001871b,98122ee6,04444444,000002ca,1,0,0,1,1,422354e8,0ade,"iSTATE2",1,95075ac8,95075ac8,fcf69c0e,00000000,00000000,00000000,1,2551328486,5738,1,0000085b,0,0,0,1,0
2356,2356,0,0,0,23,60,0001871b,9824636c,04444444,000002ca,1,0,0,1,1,422354e8,0ade,"iSTATE2",1,95198f4e,95198f4e,fcf69c0e,00000000,00000000,00000000,1,2552521580,5739,1,0000085c,0,0,0,1,0
2357,2357,0,0,0,23,60,0001871b,98369abc,04444444,000002ca,1,0,0,1,1,422354e8,0ade,"iSTATE2",1,952bc69e,952bc69e,fcf69c0e,00000000,00000000,00000000,1,2553715388,5740,1,0000085d,0,0,0,1,0
2358,2358,0,0,0,23,60,0001871b,9848cf42,04444444,000002ca,1,0,0,1,1,422354e8,0ade,"iSTATE2",1,953dfb24,953dfb24,fcf69c0e,00000000,00000000,00000000,1,2554908482,5741,1,0000085e,0,0,0,1,0
2359,2359,0,0,0,23,60,0001871b,985b03c8,04444444,000002ca,1,0,0,1,1,422354e8,0ade,"iSTATE2",1,95502faa,95502faa,fcf69c0e,00000000,00000000,00000000,1,2556101576,5742,1,0000085f,0,0,0,1,0
2360,2360,0,0,0,23,60,0001871b,986d3b18,04444444,000002ca,1,0,0,1,1,422354e8,0ade,"iSTATE2",1,956266fa,956266fa,fcf69c0e,00000000,00000000,00000000,1,2557295384,5743,1,00000860,0,0,0,1,0
2361,2361,0,0,0,23,60,0001871b,987f6f9e,04444444,000002ca,1,0,0,1,1,422354e8,0ade,"iSTATE2",1,95749b80,95749b80,fcf69c0e,00000000,00000000,00000000,1,2558488478,5744,1,00000861,0,0,0,1,0
2362,2362,0,0,0,23,60,0001871b,9891a424,04444444,000002ca,1,0,0,1,1,422354e8,0ade,"iSTATE2",1,9586d006,9586d006,fcf69c0e,00000000,00000000,00000000,1,2559681572,5745,1,00000862,0,0,0,1,0
2363,2363,0,0,0,23,60,0001871b,98a3db74,04444444,000002ca,1,0,0,1,1,422354e8,0ade,"iSTATE2",1,95990756,95990756,fcf69c0e,00000000,00000000,00000000,1,2560875380,5746,1,00000863,0,0,0,1,0
2364,2364,0,0,0,23,60,0001871b,98b60ffa,04444444,000002ca,1,0,0,1,1,422354e8,0ade,"iSTATE2",1,95ab3bdc,95ab3bdc,fcf69c0e,00000000,00000000,00000000,1,2562068474,5747,1,00000864,0,0,0,1,0
2365,2365,0,0,0,23,60,0001871b,98c84480,04444444,000002ca,1,0,0,1,1,422354e8,0ade,"iSTATE2",1,95bd7062,95bd7062,fcf69c0e,00000000,00000000,00000000,1,2563261568,5748,1,00000865,0,0,0,1,0
2366,2366,0,0,0,23,60,0001871b,98da7bd0,04444444,000002ca,1,0,0,1,1,422354e8,0ade,"iSTATE2",1,95cfa7b2,95cfa7b2,fcf69c0e,00000000,00000000,00000000,1,2564455376,5749,1,00000866,0,0,0,1,0
2367,2367,0,0,0,23,60,0001871b,98ecb056,04444444,000002ca,1,0,0,1,1,422354e8,0ade,"iSTATE2",1,95e1dc38,95e1dc38,fcf69c0e,00000000,00000000,00000000,1,2565648470,5750,1,00000867,0,0,0,1,0
2368,2368,0,0,0,23,60,0001871b,98fee4dc,04444444,000002ca,1,0,0,1,1,422354e8,0ade,"iSTATE2",1,95f410be,95f410be,fcf69c0e,00000000,00000000,00000000,1,2566841564,5751,1,00000868,0,0,0,1,0
2369,2369,0,0,0,23,60,0001871b,99111c2c,04444444,000002ca,1,0,0,1,1,422354e8,0ade,"iSTATE2",1,9606480e,9606480e,fcf69c0e,00000000,00000000,00000000,1,2568035372,5752,1,00000869,0,0,0,1,0
2370,2370,0,0,0,23,60,0001871b,992350b2,04444444,000002ca,1,0,0,1,1,422354e8,0ade,"iSTATE2",1,96187c94,96187c94,fcf69c0e,00000000,00000000,00000000,1,2569228466,5753,1,0000086a,0,0,0,1,0
2371,2371,0,0,0,23,60,0001871b,99358538,04444444,000002ca,1,0,0,1,1,422354e8,0ade,"iSTATE2",1,962ab11a,962ab11a,fcf69c0e,00000000,00000000,00000000,1,2570421560,5754,1,0000086b,0,0,0,1,0
2372,2372,0,0,0,23,60,0001871b,9947b9be,04444444,000002ca,1,0,0,1,1,422354e8,0ade,"iSTATE2",1,963ce5a0,963ce5a0,fcf69c0e,00000000,00000000,00000000,1,2571614654,5755,1,0000086c,0,0,0,1,0
2373,2373,0,0,0,23,60,0001871b,9959f10e,04444444,000002ca,1,0,0,1,1,422354e8,0ade,"iSTATE2",1,964f1cf0,964f1cf0,fcf69c0e,00000000,00000000,00000000,1,2572808462,5756,1,0000086d,0,0,0,1,0
2374,2374,0,0,0,23,60,0001871b,996c2594,04444444,000002ca,1,0,0,1,1,422354e8,0ade,"iSTATE2",1,96615176,96615176,fcf69c0e,00000000,00000000,00000000,1,2574001556,5757,1,0000086e,0,0,0,1,0
2375,2375,0,0,0,23,60,0001871b,997e5a1a,04444444,000002ca,1,0,0,1,1,422354e8,0ade,"iSTATE2",1,967385fc,967385fc,fcf69c0e,00000000,00000000,00000000,1,2575194650,5758,1,0000086f,0,0,0,1,0
2376,2376,0,0,0,23,60,0001871b,9990916a,04444444,000002ca,1,0,0,1,1,422354e8,0ade,"iSTATE2",1,9685bd4c,9685bd4c,fcf69c0e,00000000,00000000,00000000,1,2576388458,5759,1,00000870,0,0,0,1,0
2377,2377,0,1,0,24,60,0001871c,99a2c5f4,04444444,000002ca,1,0,0,1,1,422354e8,0ade,"iSTATE2",1,96968474,96968474,fcf52be2,00000000,00000000,00000000,1,2577581556,5760,1,00000871,0,0,0,1,0
2378,2378,0,0,0,24,60,0001871c,99b4fa7a,04444444,000002ca,1,0,0,1,1,422354e8,0ade,"iSTATE2",1,96a8b8fa,96a8b8fa,fcf52be2,00000000,00000000,00000000,1,2578774650,5761,1,00000872,0,0,0,1,0
2379,2379,0,0,0,24,60,0001871c,99c731ca,04444444,000002ca,1,0,0,1,1,422354e8,0ade,"iSTATE2",1,96baf04a,96baf04a,fcf52be2,00000000,00000000,00000000,1,2579968458,5762,1,00000873,0,0,0,1,0
2380,2380,0,0,0,24,60,0001871c,99d96650,04444444,000002ca,1,0,0,1,1,422354e8,0ade,"iSTATE2",1,96cd24d0,96cd24d0,fcf52be2,00000000,00000000,00000000,1,2581161552,5763,1,00000874,0,0,0,1,0
2381,2381,0,0,0,24,60,0001871c,99eb9ad6,04444444,000002ca,1,0,0,1,1,422354e8,0ade,"iSTATE2",1,96df5956,96df5956,fcf52be2,00000000,00000000,00000000,1,2582354646,5764,1,00000875,0,0,0,1,0
2382,2382,0,0,0,24,60,0001871c,99fdd226,04444444,000002ca,1,0,0,1,1,422354e8,0ade,"iSTATE2",1,96f190a6,96f190a6,fcf52be2,00000000,00000000,00000000,1,2583548454,5765,1,00000876,0,0,0,1,0
2383,2383,0,0,0,24,60,0001871c,9a1006ac,04444444,000002ca,1,0,0,1,1,422354e8,0ade,"iSTATE2",1,9703c52c,9703c52c,fcf52be2,00000000,00000000,00000000,1,2584741548,5766,1,00000877,0,0,0,1,0
2384,2384,0,0,0,24,60,0001871c,9a223b32,04444444,000002ca,1,0,0,1,1,422354e8,0ade,"iSTATE2",1,9715f9b2,9715f9b2,fcf52be2,00000000,00000000,00000000,1,2585934642,5767,1,00000878,0,0,0,1,0
2385,2385,0,0,0,24,60,0001871c,9a347282,04444444,000002ca,1,0,0,1,1,422354e8,0ade,"iSTATE2",1,97283102,97283102,fcf52be2,00000000,00000000,00000000,1,2587128450,5768,1,00000879,0,0,0,1,0
2386,2386,0,0,0,24,60,0001871c,9a46a708,04444444,000002ca,1,0,0,1,1,422354e8,0ade,"iSTATE2",1,973a6588,973a6588,fcf52be2,00000000,00000000,00000000,1,2588321544,5769,1,0000087a,0,0,0,1,0
2387,2387,0,0,0,24,60,0001871c,9a58db8e,04444444,000002ca,1,0,0,1,1,422354e8,0ade,"iSTATE2",1,974c9a0e,974c9a0e,fcf52be2,00000000,00000000,00000000,1,2589514638,5770,1,0000087b,0,0,0,1,0
2388,2388,0,0,0,24,60,0001871c,9a6b12de,04444444,000002ca,1,0,0,1,1,422354e8,0ade,"iSTATE2",1,975ed15e,975ed15e,fcf52be2,00000000,00000000,00000000,1,2590708446,5771,1,0000087c,0,0,0,1,0
2389,2389,0,0,0,24,60,0001871c,9a7d4764,04444444,000002ca,1,0,0,1,1,422354e8,0ade,"iSTATE2",1,977105e4,977105e4,fcf52be2,00000000,00000000,00000000,1,2591901540,5772,1,0000087d,0,0,0,1,0
2390,2390,0,0,0,24,60,0001871c,9a8f7bea,04444444,000002ca,1,0,0,1,1,422354e8,0ade,"iSTATE2",1,97833a6a,97833a6a,fcf52be2,00000000,00000000,00000000,1,2593094634,5773,1,0000087e,0,0,0,1,0
2391,2391,0,0,0,24,60,0001871c,9aa1b33a,04444444,000002ca,1,0,0,1,1,422354e8,0ade,"iSTATE2",1,979571ba,979571ba,fcf52be2,00000000,00000000,00000000,1,2594288442,5774,1,0000087f,0,0,0,1,0
2392,2392,0,0,0,24,60,0001871c,9ab3e7c0,04444444,000002ca,1,0,0,1,1,422354e8,0ade,"iSTATE2",1,97a7a640,97a7a640,fcf52be2,00000000,00000000,00000000,1,2595481536,5775,1,00000880,0,0,0,1,0
2393,2393,0,0,0,24,60,0001871c,9ac61c46,04444444,000002ca,1,0,0,1,1,422354e8,0ade,"iSTATE2",1,97b9dac6,97b9dac6,fcf52be2,00000000,00000000,00000000,1,2596674630,5776,1,00000881,0,0,0,1,0
2394,2394,0,0,0,24,60,0001871c,9ad85396,04444444,000002ca,1,0,0,1,1,422354e8,0ade,"iSTATE2",1,97cc1216,97cc1216,fcf52be2,00000000,00000000,00000000,1,2597868438,5777,1,00000882,0,0,0,1,0
2395,2395,0,0,0,24,60,0001871c,9aea881c,04444444,000002ca,1,0,0,1,1,422354e8,0ade,"iSTATE2",1,97de469c,97de469c,fcf52be2,00000000,00000000,00000000,1,2599061532,5778,1,00000883,0,0,0,1,0
2396,2396,0,0,0,24,60,0001871c,9afcbca2,04444444,000002ca,1,0,0,1,1,422354e8,0ade,"iSTATE2",1,97f07b22,97f07b22,fcf52be2,00000000,00000000,00000000,1,2600254626,5779,1,00000884,0,0,0,1,0
2397,2397,0,0,0,24,60,0001871c,9b0ef3f2,04444444,000002ca,1,0,0,1,1,422354e8,0ade,"iSTATE2",1,9802b272,9802b272,fcf52be2,00000000,00000000,00000000,1,2601448434,5780,1,00000885,0,0,0,1,0
2398,2398,0,0,0,24,60,0001871c,9b212878,04444444,000002ca,1,0,0,1,1,422354e8,0ade,"iSTATE2",1,9814e6f8,9814e6f8,fcf52be2,00000000,00000000,00000000,1,2602641528,5781,1,00000886,0,0,0,1,0
2399,2399,0,0,0,24,60,0001871c,9b335cfe,04444444,000002ca,1,0,0,1,1,422354e8,0ade,"iSTATE2",1,98271b7e,98271b7e,fcf52be2,00000000,00000000,00000000,1,2603834622,5782,1,00000887,0,0,0,1,0
2400,2400,0,0,0,24,60,0001871c,9b45944e,04444444,000002ca,1,0,0,1,1,422354e8,0ade,"iSTATE2",1,983952ce,983952ce,fcf52be2,00000000,00000000,00000000,1,2605028430,5783,1,00000888,0,0,0,1,0
2401,2401,0,0,0,24,60,0001871c,9b57c8d4,04444444,000002ca,1,0,0,1,1,422354e8,0ade,"iSTATE2",1,984b8754,984b8754,fcf52be2,00000000,00000000,00000000,1,2606221524,5784,1,00000889,0,0,0,1,0
2402,2402,0,0,0,24,60,0001871c,9b69fd5a,04444444,000002ca,1,0,0,1,1,422354e8,0ade,"iSTATE2",1,985dbbda,985dbbda,fcf52be2,00000000,00000000,00000000,1,2607414618,5785,1,0000088a,0,0,0,1,0
2403,2403,0,0,0,24,60,0001871c,9b7c31e0,04444444,000002ca,1,0,0,1,1,422354e8,0ade,"iSTATE2",1,986ff060,986ff060,fcf52be2,00000000,00000000,00000000,1,2608607712,5786,1,0000088b,0,0,0,1,0
2404,2404,0,0,0,24,60,0001871c,9b8e6930,04444444,000002ca,1,0,0,1,1,422354e8,0ade,"iSTATE2",1,988227b0,988227b0,fcf52be2,00000000,00000000,00000000,1,2609801520,5787,1,0000088c,0,0,0,1,0
2405,2405,0,0,0,24,60,0001871c,9ba09db6,04444444,000002ca,1,0,0,1,1,422354e8,0ade,"iSTATE2",1,98945c36,98945c36,fcf52be2,00000000,00000000,00000000,1,2610994614,5788,1,0000088d,0,0,0,1,0
2406,2406,0,0,0,24,60,0001871c,9bb2d23c,04444444,000002ca,1,0,0,1,1,422354e8,0ade,"iSTATE2",1,98a690bc,98a690bc,fcf52be2,00000000,00000000,00000000,1,2612187708,5789,1,0000088e,0,0,0,1,0
2407,2407,0,0,0,24,60,0001871c,9bc5098c,04444444,000002ca,1,0,0,1,1,422354e8,0ade,"iSTATE2",1,98b8c80c,98b8c80c,fcf52be2,00000000,00000000,00000000,1,2613381516,5790,1,0000088f,0,0,0,1,0
2408,2408,0,0,0,24,60,0001871c,9bd73e12,04444444,000002ca,1,0,0,1,1,422354e8,0ade,"iSTATE2",1,98cafc92,98cafc92,fcf52be2,00000000,00000000,00000000,1,2614574610,5791,1,00000890,0,0,0,1,0
2409,2409,0,0,0,24,60,0001871c,9be97298,04444444,000002ca,1,0,0,1,1,422354e8,0ade,"iSTATE2",1,98dd3118,98dd3118,fcf52be2,00000000,00000000,00000000,1,2615767704,5792,1,00000891,0,0,0,1,0
2410,2410,0,0,0,24,60,0001871c,9bfba9e8,04444444,000002ca,1,0,0,1,1,422354e8,0ade,"iSTATE2",1,98ef6868,98ef6868,fcf52be2,00000000,00000000,00000000,1,2616961512,5793,1,00000892,0,0,0,1,0
2411,2411,0,0,0,24,60,0001871c,9c0dde6e,04444444,000002ca,1,0,0,1,1,422354e8,0ade,"iSTATE2",1,99019cee,99019cee,fcf52be2,00000000,00000000,00000000,1,2618154606,5794,1,00000893,0,0,0,1,0
2412,2412,0,0,0,24,60,0001871c,9c2012f4,04444444,000002ca,1,0,0,1,1,422354e8,0ade,"iSTATE2",1,9913d174,9913d174,fcf52be2,00000000,00000000,00000000,1,2619347700,5795,1,00000894,0,0,0,1,0
2413,2413,0,0,0,24,60,0001871c,9c324a44,04444444,000002ca,1,0,0,1,1,422354e8,0ade,"iSTATE2",1,992608c4,992608c4,fcf52be2,00000000,00000000,00000000,1,2620541508,5796,1,00000895,0,0,0,1,0
2414,2414,0,0,0,24,60,0001871c,9c447eca,04444444,000002ca,1,0,0,1,1,422354e8,0ade,"iSTATE2",1,99383d4a,99383d4a,fcf52be2,00000000,00000000,00000000,1,2621734602,5797,1,00000896,0,0,0,1,0
2415,2415,0,0,0,24,60,0001871c,9c56b350,04444444,000002ca,1,0,0,1,1,422354e8,0ade,"iSTATE2",1,994a71d0,994a71d0,fcf52be2,00000000,00000000,00000000,1,2622927696,5798,1,00000897,0,0,0,1,0
2416,2416,0,0,0,24,60,0001871c,9c68eaa0,04444444,000002ca,1,0,0,1,1,422354e8,0ade,"iSTATE2",1,995ca920,995ca920,fcf52be2,00000000,00000000,00000000,1,2624121504,5799,1,00000898,0,0,0,1,0
2417,2417,0,0,0,24,60,0001871c,9c7b1f26,04444444,000002ca,1,0,0,1,1,422354e8,0ade,"iSTATE2",1,996edda6,996edda6,fcf52be2,00000000,00000000,00000000,1,2625314598,5800,1,00000899,0,0,0,1,0
2418,2418,0,0,0,24,60,0001871c,9c8d53ac,04444444,000002ca,1,0,0,1,1,422354e8,0ade,"iSTATE2",1,9981122c,9981122c,fcf52be2,00000000,00000000,00000000,1,2626507692,5801,1,0000089a,0,0,0,1,0
2419,2419,0,0,0,24,60,0001871c,9c9f8afc,04444444,000002ca,1,0,0,1,1,422354e8,0ade,"iSTATE2",1,9993497c,9993497c,fcf52be2,00000000,00000000,00000000,1,2627701500,5802,1,0000089b,0,0,0,1,0
2420,2420,0,0,0,24,60,0001871c,9cb1bf82,04444444,000002ca,1,0,0,1,1,422354e8,0ade,"iSTATE2",1,99a57e02,99a57e02,fcf52be2,00000000,00000000,00000000,1,2628894594,5803,1,0000089c,0,0,0,1,0
2421,2421,0,0,0,24,60,0001871c,9cc3f408,04444444,000002ca,1,0,0,1,1,422354e8,0ade,"iSTATE2",1,99b7b288,99b7b288,fcf52be2,00000000,00000000,00000000,1,2630087688,5804,1,0000089d,0,0,0,1,0
2422,2422,0,0,0,24,60,0001871c,9cd62b58,04444444,000002ca,1,0,0,1,1,422354e8,0ade,"iSTATE2",1,99c9e9d8,99c9e9d8,fcf52be2,00000000,00000000,00000000,1,2631281496,5805,1,0000089e,0,0,0,1,0
2423,2423,0,0,0,24,60,0001871c,9ce85fde,04444444,000002ca,1,0,0,1,1,422354e8,0ade,"iSTATE2",1,99dc1e5e,99dc1e5e,fcf52be2,00000000,00000000,00000000,1,2632474590,5806,1,0000089f,0,0,0,1,0
2424,2424,0,0,0,24,60,0001871c,9cfa9464,04444444,000002ca,1,0,0,1,1,422354e8,0ade,"iSTATE2",1,99ee52e4,99ee52e4,fcf52be2,00000000,00000000,00000000,1,2633667684,5807,1,000008a0,0,0,0,1,0
2425,2425,0,0,0,24,60,0001871c,9d0ccbb4,04444444,000002ca,1,0,0,1,1,422354e8,0ade,"iSTATE2",1,9a008a34,9a008a34,fcf52be2,00000000,00000000,00000000,1,2634861492,5808,1,000008a1,0,0,0,1,0
2426,2426,0,0,0,24,60,0001871c,9d1f003a,04444444,000002ca,1,0,0,1,1,422354e8,0ade,"iSTATE2",1,9a12beba,9a12beba,fcf52be2,00000000,00000000,00000000,1,2636054586,5809,1,000008a2,0,0,0,1,0
2427,2427,0,0,0,24,60,0001871c,9d3134c0,04444444,000002ca,1,0,0,1,1,422354e8,0ade,"iSTATE2",1,9a24f340,9a24f340,fcf52be2,00000000,00000000,00000000,1,2637247680,5810,1,000008a3,0,0,0,1,0
2428,2428,0,0,0,24,60,0001871c,9d436c10,04444444,000002ca,1,0,0,1,1,422354e8,0ade,"iSTATE2",1,9a372a90,9a372a90,fcf52be2,00000000,00000000,00000000,1,2638441488,5811,1,000008a4,0,0,0,1,0
2429,2429,0,0,0,24,60,0001871c,9d55a096,04444444,000002ca,1,0,0,1,1,422354e8,0ade,"iSTATE2",1,9a495f16,9a495f16,fcf52be2,00000000,00000000,00000000,1,2639634582,5812,1,000008a5,0,0,0,1,0
2430,2430,0,0,0,24,60,0001871c,9d67d51c,04444444,000002ca,1,0,0,1,1,422354e8,0ade,"iSTATE2",1,9a5b939c,9a5b939c,fcf52be2,00000000,00000000,00000000,1,2640827676,5813,1,000008a6,0,0,0,1,0
2431,2431,0,0,0,24,60,0001871c,9d7a09a2,04444444,000002ca,1,0,0,1,1,422354e8,0ade,"iSTATE2",1,9a6dc822,9a6dc822,fcf52be2,00000000,00000000,00000000,1,2642020770,5814,1,000008a7,0,0,0,1,0
2432,2432,0,0,0,24,60,0001871c,9d8c40f2,04444444,000002ca,1,0,0,1,1,422354e8,0ade,"iSTATE2",1,9a7fff72,9a7fff72,fcf52be2,00000000,00000000,00000000,1,2643214578,5815,1,000008a8,0,0,0,1,0
2433,2433,0,0,0,24,60,0001871c,9d9e7578,04444444,000002ca,1,0,0,1,1,422354e8,0ade,"iSTATE2",1,9a9233f8,9a9233f8,fcf52be2,00000000,00000000,00000000,1,2644407672,5816,1,000008a9,0,0,0,1,0
2434,2434,0,0,0,24,60,0001871c,9db0a9fe,04444444,000002ca,1,0,0,1,1,422354e8,0ade,"iSTATE2",1,9aa4687e,9aa4687e,fcf52be2,00000000,00000000,00000000,1,2645600766,5817,1,000008aa,0,0,0,1,0
2435,2435,0,0,0,24,60,0001871c,9dc2e14e,04444444,000002ca,1,0,0,1,1,422354e8,0ade,"iSTATE2",1,9ab69fce,9ab69fce,fcf52be2,00000000,00000000,00000000,1,2646794574,5818,1,000008ab,0,0,0,1,0
2436,2436,0,0,0,24,60,0001871c,9dd515d4,04444444,000002ca,1,0,0,1,1,422354e8,0ade,"iSTATE2",1,9ac8d454,9ac8d454,fcf52be2,00000000,00000000,00000000,1,2647987668,5819,1,000008ac,0,0,0,1,0
2437,2437,0,1,0,25,60,0001871c,9de74a5e,04444444,000002ca,1,0,0,1,1,422354e8,0ade,"iSTATE2",1,9ad960ea,9ad960ea,fcf3be80,00000000,00000000,00000000,1,2649180766,5820,1,000008ad,0,0,0,1,0
2438,2438,0,0,0,25,60,0001871c,9df981ae,04444444,000002ca,1,0,0,1,1,422354e8,0ade,"iSTATE2",1,9aeb983a,9aeb983a,fcf3be80,00000000,00000000,00000000,1,2650374574,5821,1,000008ae,0,0,0,1,0
2439,2439,0,0,0,25,60,0001871c,9e0bb634,04444444,000002ca,1,0,0,1,1,422354e8,0ade,"iSTATE2",1,9afdccc0,9afdccc0,fcf3be80,00000000,00000000,00000000,1,2651567668,5822,1,000008af,0,0,0,1,0
2440,2440,0,0,0,25,60,0001871c,9e1deaba,04444444,000002ca,1,0,0,1,1,422354e8,0ade,"iSTATE2",1,9b100146,9b100146,fcf3be80,00000000,00000000,00000000,1,2652760762,5823,1,000008b0,0,0,0,1,0
2441,2441,0,0,0,25,60,0001871c,9e30220a,04444444,000002ca,1,0,0,1,1,422354e8,0ade,"iSTATE2",1,9b223896,9b223896,fcf3be80,00000000,00000000,00000000,1,2653954570,5824,1,000008b1,0,0,0,1,0
2442,2442,0,0,0,25,60,0001871c,9e425690,04444444,000002ca,1,0,0,1,1,422354e8,0ade,"iSTATE2",1,9b346d1c,9b346d1c,fcf3be80,00000000,00000000,00000000,1,2655147664,5825,1,000008b2,0,0,0,1,0
2443,2443,0,0,0,25,60,0001871c,9e548b16,04444444,000002ca,1,0,0,1,1,422354e8,0ade,"iSTATE2",1,9b46a1a2,9b46a1a2,fcf3be80,00000000,00000000,00000000,1,2656340758,5826,1,000008b3,0,0,0,1,0
2444,2444,0,0,0,25,60,0001871c,9e66c266,04444444,000002ca,1,0,0,1,1,422354e8,0ade,"iSTATE2",1,9b58d8f2,9b58d8f2,fcf3be80,00000000,00000000,00000000,1,2657534566,5827,1,000008b4,0,0,0,1,0
2445,2445,0,0,0,25,60,0001871c,9e78f6ec,04444444,000002ca,1,0,0,1,1,422354e8,0ade,"iSTATE2",1,9b6b0d78,9b6b0d78,fcf3be80,00000000,00000000,00000000,1,2658727660,5828,1,000008b5,0,0,0,1,0
2446,2446,0,0,0,25,60,0001871c,9e8b2b72,04444444,000002ca,1,0,0,1,1,422354e8,0ade,"iSTATE2",1,9b7d41fe,9b7d41fe,fcf3be80,00000000,00000000,00000000,1,2659920754,5829,1,000008b6,0,0,0,1,0
2447,2447,0,0,0,25,60,0001871c,9e9d62c2,04444444,000002ca,1,0,0,1,1,422354e8,0ade,"iSTATE2",1,9b8f794e,9b8f794e,fcf3be80,00000000,00000000,00000000,1,2661114562,5830,1,000008b7,0,0,0,1,0
2448,2448,0,0,0,25,60,0001871c,9eaf9748,04444444,000002ca,1,0,0,1,1,422354e8,0ade,"iSTATE2",1,9ba1add4,9ba1add4,fcf3be80,00000000,00000000,00000000,1,2662307656,5831,1,000008b8,0,0,0,1,0
2449,2449,0,0,0,25,60,0001871c,9ec1cbce,04444444,000002ca,1,0,0,1,1,422354e8,0ade,"iSTATE2",1,9bb3e25a,9bb3e25a,fcf3be80,00000000,00000000,00000000,1,2663500750,5832,1,000008b9,0,0,0,1,0
2450,2450,0,0,0,25,60,0001871c,9ed4031e,04444444,000002ca,1,0,0,1,1,422354e8,0ade,"iSTATE2",1,9bc619aa,9bc619aa,fcf3be80,00000000,00000000,00000000,1,2664694558,5833,1,000008ba,0,0,0,1,0
2451,2451,0,0,0,25,60,0001871c,9ee637a4,04444444,000002ca,1,0,0,1,1,422354e8,0ade,"iSTATE2",1,9bd84e30,9bd84e30,fcf3be80,00000000,00000000,00000000,1,2665887652,5834,1,000008bb,0,0,0,1,0
2452,2452,0,0,0,25,60,0001871c,9ef86c2a,04444444,000002ca,1,0,0,1,1,422354e8,0ade,"iSTATE2",1,9bea82b6,9bea82b6,fcf3be80,00000000,00000000,00000000,1,2667080746,5835,1,000008bc,0,0,0,1,0
2453,2453,0,0,0,25,60,0001871c,9f0aa37a,04444444,000002ca,1,0,0,1,1,422354e8,0ade,"iSTATE2",1,9bfcba06,9bfcba06,fcf3be80,00000000,00000000,00000000,1,2668274554,5836,1,000008bd,0,0,0,1,0
2454,2454,0,0,0,25,60,0001871c,9f1cd800,04444444,000002ca,1,0,0,1,1,422354e8,0ade,"iSTATE2",1,9c0eee8c,9c0eee8c,fcf3be80,00000000,00000000,00000000,1,2669467648,5837,1,000008be,0,0,0,1,0
2455,2455,0,0,0,25,60,0001871c,9f2f0c86,04444444,000002ca,1,0,0,1,1,422354e8,0ade,"iSTATE2",1,9c212312,9c212312,fcf3be80,00000000,00000000,00000000,1,2670660742,5838,1,000008bf,0,0,0,1,0
2456,2456,0,0,0,25,60,0001871c,9f4143d6,04444444,000002ca,1,0,0,1,1,422354e8,0ade,"iSTATE2",1,9c335a62,9c335a62,fcf3be80,00000000,00000000,00000000,1,2671854550,5839,1,000008c0,0,0,0,1,0
2457,2457,0,0,0,25,60,0001871c,9f53785c,04444444,000002ca,1,0,0,1,1,422354e8,0ade,"iSTATE2",1,9c458ee8,9c458ee8,fcf3be80,00000000,00000000,00000000,1,2673047644,5840,1,000008c1,0,0,0,1,0
2458,2458,0,0,0,25,60,0001871c,9f65ace2,04444444,000002ca,1,0,0,1,1,422354e8,0ade,"iSTATE2",1,9c57c36e,9c57c36e,fcf3be80,00000000,00000000,00000000,1,2674240738,5841,1,000008c2,0,0,0,1,0
2459,2459,0,0,0,25,60,0001871c,9f77e432,04444444,000002ca,1,0,0,1,1,422354e8,0ade,"iSTATE2",1,9c69fabe,9c69fabe,fcf3be80,00000000,00000000,00000000,1,2675434546,5842,1,000008c3,0,0,0,1,0
2460,2460,0,0,0,25,60,0001871c,9f8a18b8,04444444,000002ca,1,0,0,1,1,422354e8,0ade,"iSTATE2",1,9c7c2f44,9c7c2f44,fcf3be80,00000000,00000000,00000000,1,2676627640,5843,1,000008c4,0,0,0,1,0
2461,2461,0,0,0,25,60,0001871c,9f9c4d3e,04444444,000002ca,1,0,0,1,1,422354e8,0ade,"iSTATE2",1,9c8e63ca,9c8e63ca,fcf3be80,00000000,00000000,00000000,1,2677820734,5844,1,000008c5,0,0,0,1,0
2462,2462,0,0,0,25,60,0001871c,9fae81c4,04444444,000002ca,1,0,0,1,1,422354e8,0ade,"iSTATE2",1,9ca09850,9ca09850,fcf3be80,00000000,00000000,00000000,1,2679013828,5845,1,000008c6,0,0,0,1,0
2463,2463,0,0,0,25,60,0001871c,9fc0b914,04444444,000002ca,1,0,0,1,1,422354e8,0ade,"iSTATE2",1,9cb2cfa0,9cb2cfa0,fcf3be80,00000000,00000000,00000000,1,2680207636,5846,1,000008c7,0,0,0,1,0
2464,2464,0,0,0,25,60,0001871c,9fd2ed9a,04444444,000002ca,1,0,0,1,1,422354e8,0ade,"iSTATE2",1,9cc50426,9cc50426,fcf3be80,00000000,00000000,00000000,1,2681400730,5847,1,000008c8,0,0,0,1,0
2465,2465,0,0,0,25,60,0001871c,9fe52220,04444444,000002ca,1,0,0,1,1,422354e8,0ade,"iSTATE2",1,9cd738ac,9cd738ac,fcf3be80,00000000,00000000,00000000,1,2682593824,5848,1,000008c9,0,0,0,1,0
2466,2466,0,0,0,25,60,0001871c,9ff75970,04444444,000002ca,1,0,0,1,1,422354e8,0ade,"iSTATE2",1,9ce96ffc,9ce96ffc,fcf3be80,00000000,00000000,00000000,1,2683787632,5849,1,000008ca,0,0,0,1,0
2467,2467,0,0,0,25,60,0001871c,a0098df6,04444444,000002ca,1,0,0,1,1,422354e8,0ade,"iSTATE2",1,9cfba482,9cfba482,fcf3be80,00000000,00000000,00000000,1,2684980726,5850,1,000008cb,0,0,0,1,0
2468,2468,0,0,0,25,60,0001871c,a01bc27c,04444444,000002ca,1,0,0,1,1,422354e8,0ade,"iSTATE2",1,9d0dd908,9d0dd908,fcf3be80,00000000,00000000,00000000,1,2686173820,5851,1,000008cc,0,0,0,1,0
2469,2469,0,0,0,25,60,0001871c,a02df9cc,04444444,000002ca,1,0,0,1,1,422354e8,0ade,"iSTATE2",1,9d201058,9d201058,fcf3be80,00000000,00000000,00000000,1,2687367628,5852,1,000008cd,0,0,0,1,0
2470,2470,0,0,0,25,60,0001871c,a0402e52,04444444,000002ca,1,0,0,1,1,422354e8,0ade,"iSTATE2",1,9d3244de,9d3244de,fcf3be80,00000000,00000000,00000000,1,2688560722,5853,1,000008ce,0,0,0,1,0
2471,2471,0,0,0,25,60,0001871c,a05262d8,04444444,000002ca,1,0,0,1,1,422354e8,0ade,"iSTATE2",1,9d447964,9d447964,fcf3be80,00000000,00000000,00000000,1,2689753816,5854,1,000008cf,0,0,0,1,0
2472,2472,0,0,0,25,60,0001871c,a0649a28,04444444,000002ca,1,0,0,1,1,422354e8,0ade,"iSTATE2",1,9d56b0b4,9d56b0b4,fcf3be80,00000000,00000000,00000000,1,2690947624,5855,1,000008d0,0,0,0,1,0
2473,2473,0,0,0,25,60,0001871c,a076ceae,04444444,000002ca,1,0,0,1,1,422354e8,0ade,"iSTATE2",1,9d68e53a,9d68e53a,fcf3be80,00000000,00000000,00000000,1,2692140718,5856,1,000008d1,0,0,0,1,0
2474,2474,0,0,0,25,60,0001871c,a0890334,04444444,000002ca,1,0,0,1,1,422354e8,0ade,"iSTATE2",1,9d7b19c0,9d7b19c0,fcf3be80,00000000,00000000,00000000,1,2693333812,5857,1,000008d2,0,0,0,1,0
2475,2475,0,0,0,25,60,0001871c,a09b3a84,04444444,000002ca,1,0,0,1,1,422354e8,0ade,"iSTATE2",1,9d8d5110,9d8d5110,fcf3be80,00000000,00000000,00000000,1,2694527620,5858,1,000008d3,0,0,0,1,0
2476,2476,0,0,0,25,60,0001871c,a0ad6f0a,04444444,000002ca,1,0,0,1,1,422354e8,0ade,"iSTATE2",1,9d9f8596,9d9f8596,fcf3be80,00000000,00000000,00000000,1,2695720714,5859,1,000008d4,0,0,0,1,0
2477,2477,0,0,0,25,60,0001871c,a0bfa390,04444444,000002ca,1,0,0,1,1,422354e8,0ade,"iSTATE2",1,9db1ba1c,9db1ba1c,fcf3be80,00000000,00000000,00000000,1,2696913808,5860,1,000008d5,0,0,0,1,0
2478,2478,0,0,0,25,60,0001871c,a0d1dae0,04444444,000002ca,1,0,0,1,1,422354e8,0ade,"iSTATE2",1,9dc3f16c,9dc3f16c,fcf3be80,00000000,00000000,00000000,1,2698107616,5861,1,000008d6,0,0,0,1,0
2479,2479,0,0,0,25,60,0001871c,a0e40f66,04444444,000002ca,1,0,0,1,1,422354e8,0ade,"iSTATE2",1,9dd625f2,9dd625f2,fcf3be80,00000000,00000000,00000000,1,2699300710,5862,1,000008d7,0,0,0,1,0
2480,2480,0,0,0,25,60,0001871c,a0f643ec,04444444,000002ca,1,0,0,1,1,422354e8,0ade,"iSTATE2",1,9de85a78,9de85a78,fcf3be80,00000000,00000000,00000000,1,2700493804,5863,1,000008d8,0,0,0,1,0
2481,2481,0,0,0,25,60,0001871c,a1087b3c,04444444,000002ca,1,0,0,1,1,422354e8,0ade,"iSTATE2",1,9dfa91c8,9dfa91c8,fcf3be80,00000000,00000000,00000000,1,2701687612,5864,1,000008d9,0,0,0,1,0
2482,2482,0,0,0,25,60,0001871c,a11aafc2,04444444,000002ca,1,0,0,1,1,422354e8,0ade,"iSTATE2",1,9e0cc64e,9e0cc64e,fcf3be80,00000000,00000000,00000000,1,2702880706,5865,1,000008da,0,0,0,1,0
2483,2483,0,0,0,25,60,0001871c,a12ce448,04444444,000002ca,1,0,0,1,1,422354e8,0ade,"iSTATE2",1,9e1efad4,9e1efad4,fcf3be80,00000000,00000000,00000000,1,2704073800,5866,1,000008db,0,0,0,1,0
2484,2484,0,0,0,25,60,0001871c,a13f1b98,04444444,000002ca,1,0,0,1,1,422354e8,0ade,"iSTATE2",1,9e313224,9e313224,fcf3be80,00000000,00000000,00000000,1,2705267608,5867,1,000008dc,0,0,0,1,0
2485,2485,0,0,0,25,60,0001871c,a151501e,04444444,000002ca,1,0,0,1,1,422354e8,0ade,"iSTATE2",1,9e4366aa,9e4366aa,fcf3be80,00000000,00000000,00000000,1,2706460702,5868,1,000008dd,0,0,0,1,0
2486,2486,0,0,0,25,60,0001871c,a16384a4,04444444,000002ca,1,0,0,1,1,422354e8,0ade,"iSTATE2",1,9e559b30,9e559b30,fcf3be80,00000000,00000000,00000000,1,2707653796,5869,1,000008de,0,0,0,1,0
2487,2487,0,0,0,25,60,0001871c,a175bbf4,04444444,000002ca,1,0,0,1,1,422354e8,0ade,"iSTATE2",1,9e67d280,9e67d280,fcf3be80,00000000,00000000,00000000,1,2708847604,5870,1,000008df,0,0,0,1,0
2488,2488,0,0,0,25,60,0001871c,a187f07a,04444444,000002ca,1,0,0,1,1,422354e8,0ade,"iSTATE2",1,9e7a0706,9e7a0706,fcf3be80,00000000,00000000,00000000,1,2710040698,5871,1,000008e0,0,0,0,1,0
2489,2489,0,0,0,25,60,0001871c,a19a2500,04444444,000002ca,1,0,0,1,1,422354e8,0ade,"iSTATE2",1,9e8c3b8c,9e8c3b8c,fcf3be80,00000000,00000000,00000000,1,2711233792,5872,1,000008e1,0,0,0,1,0
2490,2490,0,0,0,25,60,0001871c,a1ac5986,04444444,000002ca,1,0,0,1,1,422354e8,0ade,"iSTATE2",1,9e9e7012,9e9e7012,fcf3be80,00000000,00000000,00000000,1,2712426886,5873,1,000008e2,0,0,0,1,0
2491,2491,0,0,0,25,60,0001871c,a1be90d6,04444444,000002ca,1,0,0,1,1,422354e8,0ade,"iSTATE2",1,9eb0a762,9eb0a762,fcf3be80,00000000,00000000,00000000,1,2713620694,5874,1,000008e3,0,0,0,1,0
2492,2492,0,0,0,25,60,0001871c,a1d0c55c,04444444,000002ca,1,0,0,1,1,422354e8,0ade,"iSTATE2",1,9ec2dbe8,9ec2dbe8,fcf3be80,00000000,00000000,00000000,1,2714813788,5875,1,000008e4,0,0,0,1,0
2493,2493,0,0,0,25,60,0001871c,a1e2f9e2,04444444,000002ca,1,0,0,1,1,422354e8,0ade,"iSTATE2",1,9ed5106e,9ed5106e,fcf3be80,00000000,00000000,00000000,1,2716006882,5876,1,000008e5,0,0,0,1,0
2494,2494,0,0,0,25,60,0001871c,a1f53132,04444444,000002ca,1,0,0,1,1,422354e8,0ade,"iSTATE2",1,9ee747be,9ee747be,fcf3be80,00000000,00000000,00000000,1,2717200690,5877,1,000008e6,0,0,0,1,0
2495,2495,0,0,0,25,60,0001871c,a20765b8,04444444,000002ca,1,0,0,1,1,422354e8,0ade,"iSTATE2",1,9ef97c44,9ef97c44,fcf3be80,00000000,00000000,00000000,1,2718393784,5878,1,000008e7,0,0,0,1,0
2496,2496,0,0,0,25,60,0001871c,a2199a3e,04444444,000002ca,1,0,0,1,1,422354e8,0ade,"iSTATE2",1,9f0bb0ca,9f0bb0ca,fcf3be80,00000000,00000000,00000000,1,2719586878,5879,1,000008e8,0,0,0,1,0
2497,2497,0,1,0,26,60,0001871b,a22bd192,04444444,000002ca,1,0,0,1,1,422354e8,0ade,"iSTATE2",1,9f1cb284,9f1cb284,fcf2168c,00000000,00000000,00000000,1,2720780690,5880,1,000008e9,0,0,0,1,0
2498,2498,0,0,0,26,60,0001871b,a23e0618,04444444,000002ca,1,0,0,1,1,422354e8,0ade,"iSTATE2",1,9f2ee70a,9f2ee70a,fcf2168c,00000000,00000000,00000000,1,2721973784,5881,1,000008ea,0,0,0,1,0
2499,2499,0,0,0,26,60,0001871b,a2503a9e,04444444,000002ca,1,0,0,1,1,422354e8,0ade,"iSTATE2",1,9f411b90,9f411b90,fcf2168c,00000000,00000000,00000000,1,2723166878,5882,1,000008eb,0,0,0,1,0
2500,2500,0,0,0,26,60,0001871b,a26271ee,04444444,000002ca,1,0,0,1,1,422354e8,0ade,"iSTATE2",1,9f5352e0,9f5352e0,fcf2168c,00000000,00000000,00000000,1,2724360686,5883,1,000008ec,0,0,0,1,0
2501,2501,0,0,0,26,60,0001871b,a274a674,04444444,000002ca,1,0,0,1,1,422354e8,0ade,"iSTATE2",1,9f658766,9f658766,fcf2168c,00000000,00000000,00000000,1,2725553780,5884,1,000008ed,0,0,0,1,0
2502,2502,0,0,0,26,60,0001871b,a286dafa,04444444,000002ca,1,0,0,1,1,422354e8,0ade,"iSTATE2",1,9f77bbec,9f77bbec,fcf2168c,00000000,00000000,00000000,1,2726746874,5885,1,000008ee,0,0,0,1,0
2503,2503,0,0,0,26,60,0001871b,a299124a,04444444,000002ca,1,0,0,1,1,422354e8,0ade,"iSTATE2",1,9f89f33c,9f89f33c,fcf2168c,00000000,00000000,00000000,1,2727940682,5886,1,000008ef,0,0,0,1,0
2504,2504,0,0,0,26,60,0001871b,a2ab46d0,04444444,000002ca,1,0,0,1,1,422354e8,0ade,"iSTATE2",1,9f9c27c2,9f9c27c2,fcf2168c,00000000,00000000,00000000,1,2729133776,5887,1,000008f0,0,0,0,1,0
2505,2505,0,0,0,26,60,0001871b,a2bd7b56,04444444,000002ca,1,0,0,1,1,422354e8,0ade,"iSTATE2",1,9fae5c48,9fae5c48,fcf2168c,00000000,00000000,00000000,1,2730326870,5888,1,000008f1,0,0,0,1,0
2506,2506,0,0,0,26,60,0001871b,a2cfb2a6,04444444,000002ca,1,0,0,1,1,422354e8,0ade,"iSTATE2",1,9fc09398,9fc09398,fcf2168c,00000000,00000000,00000000,1,2731520678,5889,1,000008f2,0,0,0,1,0
2507,2507,0,0,0,26,60,0001871b,a2e1e72c,04444444,000002ca,1,0,0,1,1,422354e8,0ade,"iSTATE2",1,9fd2c81e,9fd2c81e,fcf2168c,00000000,00000000,00000000,1,2732713772,5890,1,000008f3,0,0,0,1,0
2508,2508,0,0,0,26,60,0001871b,a2f41bb2,04444444,000002ca,1,0,0,1,1,422354e8,0ade,"iSTATE2",1,9fe4fca4,9fe4fca4,fcf2168c,00000000,00000000,00000000,1,2733906866,5891,1,000008f4,0,0,0,1,0
2509,2509,0,0,0,26,60,0001871b,a3065302,04444444,000002ca,1,0,0,1,1,422354e8,0ade,"iSTATE2",1,9ff733f4,9ff733f4,fcf2168c,00000000,00000000,00000000,1,2735100674,5892,1,000008f5,0,0,0,1,0
2510,2510,0,0,0,26,60,0001871b,a3188788,04444444,000002ca,1,0,0,1,1,422354e8,0ade,"iSTATE2",1,a009687a,a009687a,fcf2168c,00000000,00000000,00000000,1,2736293768,5893,1,000008f6,0,0,0,1,0
2511,2511,0,0,0,26,60,0001871b,a32abc0e,04444444,000002ca,1,0,0,1,1,422354e8,0ade,"iSTATE2",1,a01b9d00,a01b9d00,fcf2168c,00000000,00000000,00000000,1,2737486862,5894,1,000008f7,0,0,0,1,0
2512,2512,0,0,0,26,60,0001871b,a33cf35e,04444444,000002ca,1,0,0,1,1,422354e8,0ade,"iSTATE2",1,a02dd450,a02dd450,fcf2168c,00000000,00000000,00000000,1,2738680670,5895,1,000008f8,0,0,0,1,0
2513,2513,0,0,0,26,60,0001871b,a34f27e4,04444444,000002ca,1,0,0,1,1,422354e8,0ade,"iSTATE2",1,a04008d6,a04008d6,fcf2168c,00000000,00000000,00000000,1,2739873764,5896,1,000008f9,0,0,0,1,0
2514,2514,0,0,0,26,60,0001871b,a3615c6a,04444444,000002ca,1,0,0,1,1,422354e8,0ade,"iSTATE2",1,a0523d5c,a0523d5c,fcf2168c,00000000,00000000,00000000,1,2741066858,5897,1,000008fa,0,0,0,1,0
2515,2515,0,0,0,26,60,0001871b,a37393ba,04444444,000002ca,1,0,0,1,1,422354e8,0ade,"iSTATE2",1,a06474ac,a06474ac,fcf2168c,00000000,00000000,00000000,1,2742260666,5898,1,000008fb,0,0,0,1,0
2516,2516,0,0,0,26,60,0001871b,a385c840,04444444,000002ca,1,0,0,1,1,422354e8,0ade,"iSTATE2",1,a076a932,a076a932,fcf2168c,00000000,00000000,00000000,1,2743453760,5899,1,000008fc,0,0,0,1,0
2517,2517,0,0,0,26,60,0001871b,a397fcc6,04444444,000002ca,1,0,0,1,1,422354e8,0ade,"iSTATE2",1,a088ddb8,a088ddb8,fcf2168c,00000000,00000000,00000000,1,2744646854,5900,1,000008fd,0,0,0,1,0
2518,2518,0,0,0,26,60,0001871b,a3aa3416,04444444,000002ca,1,0,0,1,1,422354e8,0ade,"iSTATE2",1,a09b1508,a09b1508,fcf2168c,00000000,00000000,00000000,1,2745840662,5901,1,000008fe,0,0,0,1,0
2519,2519,0,0,0,26,60,0001871b,a3bc689c,04444444,000002ca,1,0,0,1,1,422354e8,0ade,"iSTATE2",1,a0ad498e,a0ad498e,fcf2168c,00000000,00000000,00000000,1,2747033756,5902,1,000008ff,0,0,0,1,0
2520,2520,0,0,0,26,60,0001871b,a3ce9d22,04444444,000002ca,1,0,0,1,1,422354e8,0ade,"iSTATE2",1,a0bf7e14,a0bf7e14,fcf2168c,00000000,00000000,00000000,1,2748226850,5903,1,00000900,0,0,0,1,0
2521,2521,0,0,0,26,60,0001871b,a3e0d1a8,04444444,000002ca,1,0,0,1,1,422354e8,0ade,"iSTATE2",1,a0d1b29a,a0d1b29a,fcf2168c,00000000,00000000,00000000,1,2749419944,5904,1,00000901,0,0,0,1,0
2522,2522,0,0,0,26,60,0001871b,a3f308f8,04444444,000002ca,1,0,0,1,1,422354e8,0ade,"iSTATE2",1,a0e3e9ea,a0e3e9ea,fcf2168c,00000000,00000000,00000000,1,2750613752,5905,1,00000902,0,0,0,1,0
2523,2523,0,0,0,26,60,0001871b,a4053d7e,04444444,000002ca,1,0,0,1,1,422354e8,0ade,"iSTATE2",1,a0f61e70,a0f61e70,fcf2168c,00000000,00000000,00000000,1,2751806846,5906,1,00000903,0,0,0,1,0
2524,2524,0,0,0,26,60,0001871b,a4177204,04444444,000002ca,1,0,0,1,1,422354e8,0ade,"iSTATE2",1,a10852f6,a10852f6,fcf2168c,00000000,00000000,00000000,1,2752999940,5907,1,00000904,0,0,0,1,0
2525,2525,0,0,0,26,60,0001871b,a429a954,04444444,000002ca,1,0,0,1,1,422354e8,0ade,"iSTATE2",1,a11a8a46,a11a8a46,fcf2168c,00000000,00000000,00000000,1,2754193748,5908,1,00000905,0,0,0,1,0
2526,2526,0,0,0,26,60,0001871b,a43bddda,04444444,000002ca,1,0,0,1,1,422354e8,0ade,"iSTATE2",1,a12cbecc,a12cbecc,fcf2168c,00000000,00000000,00000000,1,2755386842,5909,1,00000906,0,0,0,1,0
2527,2527,0,0,0,26,60,0001871b,a44e1260,04444444,000002ca,1,0,0,1,1,422354e8,0ade,"iSTATE2",1,a13ef352,a13ef352,fcf2168c,00000000,00000000,00000000,1,2756579936,5910,1,00000907,0,0,0,1,0
2528,2528,0,0,0,26,60,0001871b,a46049b0,04444444,000002ca,1,0,0,1,1,422354e8,0ade,"iSTATE2",1,a1512aa2,a1512aa2,fcf2168c,00000000,00000000,00000000,1,2757773744,5911,1,00000908,0,0,0,1,0
2529,2529,0,0,0,26,60,0001871b,a4727e36,04444444,000002ca,1,0,0,1,1,422354e8,0ade,"iSTATE2",1,a1635f28,a1635f28,fcf2168c,00000000,00000000,00000000,1,2758966838,5912,1,00000909,0,0,0,1,0
2530,2530,0,0,0,26,60,0001871b,a484b2bc,04444444,000002ca,1,0,0,1,1,422354e8,0ade,"iSTATE2",1,a17593ae,a17593ae,fcf2168c,00000000,00000000,00000000,1,2760159932,5913,1,0000090a,0,0,0,1,0
2531,2531,0,0,0,26,60,0001871b,a496ea0c,04444444,000002ca,1,0,0,1,1,422354e8,0ade,"iSTATE2",1,a187cafe,a187cafe,fcf2168c,00000000,00000000,00000000,1,2761353740,5914,1,0000090b,0,0,0,1,0
2532,2532,0,0,0,26,60,0001871b,a4a91e92,04444444,000002ca,1,0,0,1,1,422354e8,0ade,"iSTATE2",1,a199ff84,a199ff84,fcf2168c,00000000,00000000,00000000,1,2762546834,5915,1,0000090c,0,0,0,1,0
2533,2533,0,0,0,26,60,0001871b,a4bb5318,04444444,000002ca,1,0,0,1,1,422354e8,0ade,"iSTATE2",1,a1ac340a,a1ac340a,fcf2168c,00000000,00000000,00000000,1,2763739928,5916,1,0000090d,0,0,0,1,0
2534,2534,0,0,0,26,60,0001871b,a4cd8a68,04444444,000002ca,1,0,0,1,1,422354e8,0ade,"iSTATE2",1,a1be6b5a,a1be6b5a,fcf2168c,00000000,00000000,00000000,1,2764933736,5917,1,0000090e,0,0,0,1,0
2535,2535,0,0,0,26,60,0001871b,a4dfbeee,04444444,000002ca,1,0,0,1,1,422354e8,0ade,"iSTATE2",1,a1d09fe0,a1d09fe0,fcf2168c,00000000,00000000,00000000,1,2766126830,5918,1,0000090f,0,0,0,1,0
2536,2536,0,0,0,26,60,0001871b,a4f1f374,04444444,000002ca,1,0,0,1,1,422354e8,0ade,"iSTATE2",1,a1e2d466,a1e2d466,fcf2168c,00000000,00000000,00000000,1,2767319924,5919,1,00000910,0,0,0,1,0
2537,2537,0,0,0,26,60,0001871b,a5042ac4,04444444,000002ca,1,0,0,1,1,422354e8,0ade,"iSTATE2",1,a1f50bb6,a1f50bb6,fcf2168c,00000000,00000000,00000000,1,2768513732,5920,1,00000911,0,0,0,1,0
2538,2538,0,0,0,26,60,0001871b,a5165f4a,04444444,000002ca,1,0,0,1,1,422354e8,0ade,"iSTATE2",1,a207403c,a207403c,fcf2168c,00000000,00000000,00000000,1,2769706826,5921,1,00000912,0,0,0,1,0
2539,2539,0,0,0,26,60,0001871b,a52893d0,04444444,000002ca,1,0,0,1,1,422354e8,0ade,"iSTATE2",1,a21974c2,a21974c2,fcf2168c,00000000,00000000,00000000,1,2770899920,5922,1,00000913,0,0,0,1,0
2540,2540,0,0,0,26,60,0001871b,a53acb20,04444444,000002ca,1,0,0,1,1,422354e8,0ade,"iSTATE2",1,a22bac12,a22bac12,fcf2168c,00000000,00000000,00000000,1,2772093728,5923,1,00000914,0,0,0,1,0
2541,2541,0,0,0,26,60,0001871b,a54cffa6,04444444,000002ca,1,0,0,1,1,422354e8,0ade,"iSTATE2",1,a23de098,a23de098,fcf2168c,00000000,00000000,00000000,1,2773286822,5924,1,00000915,0,0,0,1,0
2542,2542,0,0,0,26,60,0001871b,a55f342c,04444444,000002ca,1,0,0,1,1,422354e8,0ade,"iSTATE2",1,a250151e,a250151e,fcf2168c,00000000,00000000,00000000,1,2774479916,5925,1,00000916,0,0,0,1,0
2543,2543,0,0,0,26,60,0001871b,a5716b7c,04444444,000002ca,1,0,0,1,1,422354e8,0ade,"iSTATE2",1,a2624c6e,a2624c6e,fcf2168c,00000000,00000000,00000000,1,2775673724,5926,1,00000917,0,0,0,1,0
2544,2544,0,0,0,26,60,0001871b,a583a002,04444444,000002ca,1,0,0,1,1,422354e8,0ade,"iSTATE2",1,a27480f4,a27480f4,fcf2168c,00000000,00000000,00000000,1,2776866818,5927,1,00000918,0,0,0,1,0
2545,2545,0,0,0,26,60,0001871b,a595d488,04444444,000002ca,1,0,0,1,1,422354e8,0ade,"iSTATE2",1,a286b57a,a286b57a,fcf2168c,00000000,00000000,00000000,1,2778059912,5928,1,00000919,0,0,0,1,0
2546,2546,0,0,0,26,60,0001871b,a5a80bd8,04444444,000002ca,1,0,0,1,1,422354e8,0ade,"iSTATE2",1,a298ecca,a298ecca,fcf2168c,00000000,00000000,00000000,1,2779253720,5929,1,0000091a,0,0,0,1,0
2547,2547,0,0,0,26,60,0001871b,a5ba405e,04444444,000002ca,1,0,0,1,1,422354e8,0ade,"iSTATE2",1,a2ab2150,a2ab2150,fcf2168c,00000000,00000000,00000000,1,2780446814,5930,1,0000091b,0,0,0,1,0
2548,2548,0,0,0,26,60,0001871b,a5cc74e4,04444444,000002ca,1,0,0,1,1,422354e8,0ade,"iSTATE2",1,a2bd55d6,a2bd55d6,fcf2168c,00000000,00000000,00000000,1,2781639908,5931,1,0000091c,0,0,0,1,0
2549,2549,0,0,0,26,60,0001871b,a5dea96a,04444444,000002ca,1,0,0,1,1,422354e8,0ade,"iSTATE2",1,a2cf8a5c,a2cf8a5c,fcf2168c,00000000,00000000,00000000,1,2782833002,5932,1,0000091d,0,0,0,1,0
2550,2550,0,0,0,26,60,0001871b,a5f0e0ba,04444444,000002ca,1,0,0,1,1,422354e8,0ade,"iSTATE2",1,a2e1c1ac,a2e1c1ac,fcf2168c,00000000,00000000,00000000,1,2784026810,5933,1,0000091e,0,0,0,1,0
2551,2551,0,0,0,26,60,0001871b,a6031540,04444444,000002ca,1,0,0,1,1,422354e8,0ade,"iSTATE2",1,a2f3f632,a2f3f632,fcf2168c,00000000,00000000,00000000,1,2785219904,5934,1,0000091f,0,0,0,1,0
2552,2552,0,0,0,26,60,0001871b,a61549c6,04444444,000002ca,1,0,0,1,1,422354e8,0ade,"iSTATE2",1,a3062ab8,a3062ab8,fcf2168c,00000000,00000000,00000000,1,2786412998,5935,1,00000920,0,0,0,1,0
2553,2553,0,0,0,26,60,0001871b,a6278116,04444444,000002ca,1,0,0,1,1,422354e8,0ade,"iSTATE2",1,a3186208,a3186208,fcf2168c,00000000,00000000,00000000,1,2787606806,5936,1,00000921,0,0,0,1,0
2554,2554,0,0,0,26,60,0001871b,a639b59c,04444444,000002ca,1,0,0,1,1,422354e8,0ade,"iSTATE2",1,a32a968e,a32a968e,fcf2168c,00000000,00000000,00000000,1,2788799900,5937,1,00000922,0,0,0,1,0
2555,2555,0,0,0,26,60,0001871b,a64bea22,04444444,000002ca,1,0,0,1,1,422354e8,0ade,"iSTATE2",1,a33ccb14,a33ccb14,fcf2168c,00000000,00000000,00000000,1,2789992994,5938,1,00000923,0,0,0,1,0
2556,2556,0,0,0,26,60,0001871b,a65e2172,04444444,000002ca,1,0,0,1,1,422354e8,0ade,"iSTATE2",1,a34f0264,a34f0264,fcf2168c,00000000,00000000,00000000,1,2791186802,5939,1,00000924,0,0,0,1,0
2557,2557,0,1,0,27,60,0001871c,a67055fc,04444444,000002ca,1,0,0,1,1,422354e8,0ade,"iSTATE2",1,a35fc98c,a35fc98c,fcf0e0f2,00000000,00000000,00000000,1,2792379900,5940,1,00000925,0,0,0,1,0
2558,2558,0,0,0,27,60,0001871c,a6828a82,04444444,000002ca,1,0,0,1,1,422354e8,0ade,"iSTATE2",1,a371fe12,a371fe12,fcf0e0f2,00000000,00000000,00000000,1,2793572994,5941,1,00000926,0,0,0,1,0
2559,2559,0,0,0,27,60,0001871c,a694c1d2,04444444,000002ca,1,0,0,1,1,422354e8,0ade,"iSTATE2",1,a3843562,a3843562,fcf0e0f2,00000000,00000000,00000000,1,2794766802,5942,1,00000927,0,0,0,1,0
2560,2560,0,0,0,27,60,0001871c,a6a6f658,04444444,000002ca,1,0,0,1,1,422354e8,0ade,"iSTATE2",1,a39669e8,a39669e8,fcf0e0f2,00000000,00000000,00000000,1,2795959896,5943,1,00000928,0,0,0,1,0
2561,2561,0,0,0,27,60,0001871c,a6b92ade,04444444,000002ca,1,0,0,1,1,422354e8,0ade,"iSTATE2",1,a3a89e6e,a3a89e6e,fcf0e0f2,00000000,00000000,00000000,1,2797152990,5944,1,00000929,0,0,0,1,0
2562,2562,0,0,0,27,60,0001871c,a6cb622e,04444444,000002ca,1,0,0,1,1,422354e8,0ade,"iSTATE2",1,a3bad5be,a3bad5be,fcf0e0f2,00000000,00000000,00000000,1,2798346798,5945,1,0000092a,0,0,0,1,0
2563,2563,0,0,0,27,60,0001871c,a6dd96b4,04444444,000002ca,1,0,0,1,1,422354e8,0ade,"iSTATE2",1,a3cd0a44,a3cd0a44,fcf0e0f2,00000000,00000000,00000000,1,2799539892,5946,1,0000092b,0,0,0,1,0
2564,2564,0,0,0,27,60,0001871c,a6efcb3a,04444444,000002ca,1,0,0,1,1,422354e8,0ade,"iSTATE2",1,a3df3eca,a3df3eca,fcf0e0f2,00000000,00000000,00000000,1,2800732986,5947,1,0000092c,0,0,0,1,0
2565,2565,0,0,0,27,60,0001871c,a702028a,04444444,000002ca,1,0,0,1,1,422354e8,0ade,"iSTATE2",1,a3f1761a,a3f1761a,fcf0e0f2,00000000,00000000,00000000,1,2801926794,5948,1,0000092d,0,0,0,1,0
2566,2566,0,0,0,27,60,0001871c,a7143710,04444444,000002ca,1,0,0,1,1,422354e8,0ade,"iSTATE2",1,a403aaa0,a403aaa0,fcf0e0f2,00000000,00000000,00000000,1,2803119888,5949,1,0000092e,0,0,0,1,0
2567,2567,0,0,0,27,60,0001871c,a7266b96,04444444,000002ca,1,0,0,1,1,422354e8,0ade,"iSTATE2",1,a415df26,a415df26,fcf0e0f2,00000000,00000000,00000000,1,2804312982,5950,1,0000092f,0,0,0,1,0
2568,2568,0,0,0,27,60,0001871c,a738a2e6,04444444,000002ca,1,0,0,1,1,422354e8,0ade,"iSTATE2",1,a4281676,a4281676,fcf0e0f2,00000000,00000000,00000000,1,2805506790,5951,1,00000930,0,0,0,1,0
2569,2569,0,0,0,27,60,0001871c,a74ad76c,04444444,000002ca,1,0,0,1,1,422354e8,0ade,"iSTATE2",1,a43a4afc,a43a4afc,fcf0e0f2,00000000,00000000,00000000,1,2806699884,5952,1,00000931,0,0,0,1,0
2570,2570,0,0,0,27,60,0001871c,a75d0bf2,04444444,000002ca,1,0,0,1,1,422354e8,0ade,"iSTATE2",1,a44c7f82,a44c7f82,fcf0e0f2,00000000,00000000,00000000,1,2807892978,5953,1,00000932,0,0,0,1,0
2571,2571,0,0,0,27,60,0001871c,a76f4342,04444444,000002ca,1,0,0,1,1,422354e8,0ade,"iSTATE2",1,a45eb6d2,a45eb6d2,fcf0e0f2,00000000,00000000,00000000,1,2809086786,5954,1,00000933,0,0,0,1,0
2572,2572,0,0,0,27,60,0001871c,a78177c8,04444444,000002ca,1,0,0,1,1,422354e8,0ade,"iSTATE2",1,a470eb58,a470eb58,fcf0e0f2,00000000,00000000,00000000,1,2810279880,5955,1,00000934,0,0,0,1,0
2573,2573,0,0,0,27,60,0001871c,a793ac4e,04444444,000002ca,1,0,0,1,1,422354e8,0ade,"iSTATE2",1,a4831fde,a4831fde,fcf0e0f2,00000000,00000000,00000000,1,2811472974,5956,1,00000935,0,0,0,1,0
2574,2574,0,0,0,27,60,0001871c,a7a5e39e,04444444,000002ca,1,0,0,1,1,422354e8,0ade,"iSTATE2",1,a495572e,a495572e,fcf0e0f2,00000000,00000000,00000000,1,2812666782,5957,1,00000936,0,0,0,1,0
2575,2575,0,0,0,27,60,0001871c,a7b81824,04444444,000002ca,1,0,0,1,1,422354e8,0ade,"iSTATE2",1,a4a78bb4,a4a78bb4,fcf0e0f2,00000000,00000000,00000000,1,2813859876,5958,1,00000937,0,0,0,1,0
2576,2576,0,0,0,27,60,0001871c,a7ca4caa,04444444,000002ca,1,0,0,1,1,422354e8,0ade,"iSTATE2",1,a4b9c03a,a4b9c03a,fcf0e0f2,00000000,00000000,00000000,1,2815052970,5959,1,00000938,0,0,0,1,0
2577,2577,0,0,0,27,60,0001871c,a7dc83fa,04444444,000002ca,1,0,0,1,1,422354e8,0ade,"iSTATE2",1,a4cbf78a,a4cbf78a,fcf0e0f2,00000000,00000000,00000000,1,2816246778,5960,1,00000939,0,0,0,1,0
2578,2578,0,0,0,27,60,0001871c,a7eeb880,04444444,000002ca,1,0,0,1,1,422354e8,0ade,"iSTATE2",1,a4de2c10,a4de2c10,fcf0e0f2,00000000,00000000,00000000,1,2817439872,5961,1,0000093a,0,0,0,1,0
2579,2579,0,0,0,27,60,0001871c,a800ed06,04444444,000002ca,1,0,0,1,1,422354e8,0ade,"iSTATE2",1,a4f06096,a4f06096,fcf0e0f2,00000000,00000000,00000000,1,2818632966,5962,1,0000093b,0,0,0,1,0
2580,2580,0,0,0,27,60,0001871c,a813218c,04444444,000002ca,1,0,0,1,1,422354e8,0ade,"iSTATE2",1,a502951c,a502951c,fcf0e0f2,00000000,00000000,00000000,1,2819826060,5963,1,0000093c,0,0,0,1,0
2581,2581,0,0,0,27,60,0001871c,a82558dc,04444444,000002ca,1,0,0,1,1,422354e8,0ade,"iSTATE2",1,a514cc6c,a514cc6c,fcf0e0f2,00000000,00000000,00000000,1,2821019868,5964,1,0000093d,0,0,0,1,0
2582,2582,0,0,0,27,60,0001871c,a8378d62,04444444,000002ca,1,0,0,1,1,422354e8,0ade,"iSTATE2",1,a52700f2,a52700f2,fcf0e0f2,00000000,00000000,00000000,1,2822212962,5965,1,0000093e,0,0,0,1,0
2583,2583,0,0,0,27,60,0001871c,a849c1e8,04444444,000002ca,1,0,0,1,1,422354e8,0ade,"iSTATE2",1,a5393578,a5393578,fcf0e0f2,00000000,00000000,00000000,1,2823406056,5966,1,0000093f,0,0,0,1,0
2584,2584,0,0,0,27,60,0001871c,a85bf938,04444444,000002ca,1,0,0,1,1,422354e8,0ade,"iSTATE2",1,a54b6cc8,a54b6cc8,fcf0e0f2,00000000,00000000,00000000,1,2824599864,5967,1,00000940,0,0,0,1,0
2585,2585,0,0,0,27,60,0001871c,a86e2dbe,04444444,000002ca,1,0,0,1,1,422354e8,0ade,"iSTATE2",1,a55da14e,a55da14e,fcf0e0f2,00000000,00000000,00000000,1,2825792958,5968,1,00000941,0,0,0,1,0
2586,2586,0,0,0,27,60,0001871c,a8806244,04444444,000002ca,1,0,0,1,1,422354e8,0ade,"iSTATE2",1,a56fd5d4,a56fd5d4,fcf0e0f2,00000000,00000000,00000000,1,2826986052,5969,1,00000942,0,0,0,1,0
2587,2587,0,0,0,27,60,0001871c,a8929994,04444444,000002ca,1,0,0,1,1,422354e8,0ade,"iSTATE2",1,a5820d24,a5820d24,fcf0e0f2,00000000,00000000,00000000,1,2828179860,5970,1,00000943,0,0,0,1,0
2588,2588,0,0,0,27,60,0001871c,a8a4ce1a,04444444,000002ca,1,0,0,1,1,422354e8,0ade,"iSTATE2",1,a59441aa,a59441aa,fcf0e0f2,00000000,00000000,00000000,1,2829372954,5971,1,00000944,0,0,0,1,0
2589,2589,0,0,0,27,60,0001871c,a8b702a0,04444444,000002ca,1,0,0,1,1,422354e8,0ade,"iSTATE2",1,a5a67630,a5a67630,fcf0e0f2,00000000,00000000,00000000,1,2830566048,5972,1,00000945,0,0,0,1,0
2590,2590,0,0,0,27,60,0001871c,a8c939f0,04444444,000002ca,1,0,0,1,1,422354e8,0ade,"iSTATE2",1,a5b8ad80,a5b8ad80,fcf0e0f2,00000000,00000000,00000000,1,2831759856,5973,1,00000946,0,0,0,1,0
2591,2591,0,0,0,27,60,0001871c,a8db6e76,04444444,000002ca,1,0,0,1,1,422354e8,0ade,"iSTATE2",1,a5cae206,a5cae206,fcf0e0f2,00000000,00000000,00000000,1,2832952950,5974,1,00000947,0,0,0,1,0
2592,2592,0,0,0,27,60,0001871c,a8eda2fc,04444444,000002ca,1,0,0,1,1,422354e8,0ade,"iSTATE2",1,a5dd168c,a5dd168c,fcf0e0f2,00000000,00000000,00000000,1,2834146044,5975,1,00000948,0,0,0,1,0
2593,2593,0,0,0,27,60,0001871c,a8ffda4c,04444444,000002ca,1,0,0,1,1,422354e8,0ade,"iSTATE2",1,a5ef4ddc,a5ef4ddc,fcf0e0f2,00000000,00000000,00000000,1,2835339852,5976,1,00000949,0,0,0,1,0
2594,2594,0,0,0,27,60,0001871c,a9120ed2,04444444,000002ca,1,0,0,1,1,422354e8,0ade,"iSTATE2",1,a6018262,a6018262,fcf0e0f2,00000000,00000000,00000000,1,2836532946,5977,1,0000094a,0,0,0,1,0
2595,2595,0,0,0,27,60,0001871c,a9244358,04444444,000002ca,1,0,0,1,1,422354e8,0ade,"iSTATE2",1,a613b6e8,a613b6e8,fcf0e0f2,00000000,00000000,00000000,1,2837726040,5978,1,0000094b,0,0,0,1,0
2596,2596,0,0,0,27,60,0001871c,a9367aa8,04444444,000002ca,1,0,0,1,1,422354e8,0ade,"iSTATE2",1,a625ee38,a625ee38,fcf0e0f2,00000000,00000000,00000000,1,2838919848,5979,1,0000094c,0,0,0,1,0
2597,2597,0,0,0,27,60,0001871c,a948af2e,04444444,000002ca,1,0,0,1,1,422354e8,0ade,"iSTATE2",1,a63822be,a63822be,fcf0e0f2,00000000,00000000,00000000,1,2840112942,5980,1,0000094d,0,0,0,1,0
2598,2598,0,0,0,27,60,0001871c,a95ae3b4,04444444,000002ca,1,0,0,1,1,422354e8,0ade,"iSTATE2",1,a64a5744,a64a5744,fcf0e0f2,00000000,00000000,00000000,1,2841306036,5981,1,0000094e,0,0,0,1,0
2599,2599,0,0,0,27,60,0001871c,a96d1b04,04444444,000002ca,1,0,0,1,1,422354e8,0ade,"iSTATE2",1,a65c8e94,a65c8e94,fcf0e0f2,00000000,00000000,00000000,1,2842499844,5982,1,0000094f,0,0,0,1,0
2600,2600,0,0,0,27,60,0001871c,a97f4f8a,04444444,000002ca,1,0,0,1,1,422354e8,0ade,"iSTATE2",1,a66ec31a,a66ec31a,fcf0e0f2,00000000,00000000,00000000,1,2843692938,5983,1,00000950,0,0,0,1,0
2601,2601,0,0,0,27,60,0001871c,a9918410,04444444,000002ca,1,0,0,1,1,422354e8,0ade,"iSTATE2",1,a680f7a0,a680f7a0,fcf0e0f2,00000000,00000000,00000000,1,2844886032,5984,1,00000951,0,0,0,1,0
2602,2602,0,0,0,27,60,0001871c,a9a3bb60,04444444,000002ca,1,0,0,1,1,422354e8,0ade,"iSTATE2",1,a6932ef0,a6932ef0,fcf0e0f2,00000000,00000000,00000000,1,2846079840,5985,1,00000952,0,0,0,1,0
2603,2603,0,0,0,27,60,0001871c,a9b5efe6,04444444,000002ca,1,0,0,1,1,422354e8,0ade,"iSTATE2",1,a6a56376,a6a56376,fcf0e0f2,00000000,00000000,00000000,1,2847272934,5986,1,00000953,0,0,0,1,0
2604,2604,0,0,0,27,60,0001871c,a9c8246c,04444444,000002ca,1,0,0,1,1,422354e8,0ade,"iSTATE2",1,a6b797fc,a6b797fc,fcf0e0f2,00000000,00000000,00000000,1,2848466028,5987,1,00000954,0,0,0,1,0
2605,2605,0,0,0,27,60,0001871c,a9da5bbc,04444444,000002ca,1,0,0,1,1,422354e8,0ade,"iSTATE2",1,a6c9cf4c,a6c9cf4c,fcf0e0f2,00000000,00000000,00000000,1,2849659836,5988,1,00000955,0,0,0,1,0
2606,2606,0,0,0,27,60,0001871c,a9ec9042,04444444,000002ca,1,0,0,1,1,422354e8,0ade,"iSTATE2",1,a6dc03d2,a6dc03d2,fcf0e0f2,00000000,00000000,00000000,1,2850852930,5989,1,00000956,0,0,0,1,0
2607,2607,0,0,0,27,60,0001871c,a9fec4c8,04444444,000002ca,1,0,0,1,1,422354e8,0ade,"iSTATE2",1,a6ee3858,a6ee3858,fcf0e0f2,00000000,00000000,00000000,1,2852046024,5990,1,00000957,0,0,0,1,0
2608,2608,0,0,0,27,60,0001871c,aa10f94e,04444444,000002ca,1,0,0,1,1,422354e8,0ade,"iSTATE2",1,a7006cde,a7006cde,fcf0e0f2,00000000,00000000,00000000,1,2853239118,5991,1,00000958,0,0,0,1,0
2609,2609,0,0,0,27,60,0001871c,aa23309e,04444444,000002ca,1,0,0,1,1,422354e8,0ade,"iSTATE2",1,a712a42e,a712a42e,fcf0e0f2,00000000,00000000,00000000,1,2854432926,5992,1,00000959,0,0,0,1,0
2610,2610,0,0,0,27,60,0001871c,aa356524,04444444,000002ca,1,0,0,1,1,422354e8,0ade,"iSTATE2",1,a724d8b4,a724d8b4,fcf0e0f2,00000000,00000000,00000000,1,2855626020,5993,1,0000095a,0,0,0,1,0
2611,2611,0,0,0,27,60,0001871c,aa4799aa,04444444,000002ca,1,0,0,1,1,422354e8,0ade,"iSTATE2",1,a7370d3a,a7370d3a,fcf0e0f2,00000000,00000000,00000000,1,2856819114,5994,1,0000095b,0,0,0,1,0
2612,2612,0,0,0,27,60,0001871c,aa59d0fa,04444444,000002ca,1,0,0,1,1,422354e8,0ade,"iSTATE2",1,a749448a,a749448a,fcf0e0f2,00000000,00000000,00000000,1,2858012922,5995,1,0000095c,0,0,0,1,0
2613,2613,0,0,0,27,60,0001871c,aa6c0580,04444444,000002ca,1,0,0,1,1,422354e8,0ade,"iSTATE2",1,a75b7910,a75b7910,fcf0e0f2,00000000,00000000,00000000,1,2859206016,5996,1,0000095d,0,0,0,1,0
2614,2614,0,0,0,27,60,0001871c,aa7e3a06,04444444,000002ca,1,0,0,1,1,422354e8,0ade,"iSTATE2",1,a76dad96,a76dad96,fcf0e0f2,00000000,00000000,00000000,1,2860399110,5997,1,0000095e,0,0,0,1,0
2615,2615,0,0,0,27,60,0001871c,aa907156,04444444,000002ca,1,0,0,1,1,422354e8,0ade,"iSTATE2",1,a77fe4e6,a77fe4e6,fcf0e0f2,00000000,00000000,00000000,1,2861592918,5998,1,0000095f,0,0,0,1,0
2616,2616,0,0,0,27,60,0001871c,aaa2a5dc,04444444,000002ca,1,0,0,1,1,422354e8,0ade,"iSTATE2",1,a792196c,a792196c,fcf0e0f2,00000000,00000000,00000000,1,2862786012,5999,1,00000960,0,0,0,1,0
2617,2617,0,1,0,28,60,0001871b,aab4da66,04444444,000002ca,1,0,0,1,1,422354e8,0ade,"iSTATE2",1,a7a2ddca,a7a2ddca,fcef7390,00000000,00000000,00000000,1,2863979110,6000,1,00000961,0,0,0,1,0
2618,2618,0,0,0,28,60,0001871b,aac711b6,04444444,000002ca,1,0,0,1,1,422354e8,0ade,"iSTATE2",1,a7b5151a,a7b5151a,fcef7390,00000000,00000000,00000000,1,2865172918,6001,1,00000962,0,0,0,1,0
2619,2619,0,0,0,28,60,0001871b,aad9463c,04444444,000002ca,1,0,0,1,1,422354e8,0ade,"iSTATE2",1,a7c749a0,a7c749a0,fcef7390,00000000,00000000,00000000,1,2866366012,6002,1,00000963,0,0,0,1,0
2620,2620,0,0,0,28,60,0001871b,aaeb7ac2,04444444,000002ca,1,0,0,1,1,422354e8,0ade,"iSTATE2",1,a7d97e26,a7d97e26,fcef7390,00000000,00000000,00000000,1,2867559106,6003,1,00000964,0,0,0,1,0
2621,2621,0,0,0,28,60,0001871b,aafdb212,04444444,000002ca,1,0,0,1,1,422354e8,0ade,"iSTATE2",1,a7ebb576,a7ebb576,fcef7390,00000000,00000000,00000000,1,2868752914,6004,1,00000965,0,0,0,1,0
2622,2622,0,0,0,28,60,0001871b,ab0fe698,04444444,000002ca,1,0,0,1,1,422354e8,0ade,"iSTATE2",1,a7fde9fc,a7fde9fc,fcef7390,00000000,00000000,00000000,1,2869946008,6005,1,00000966,0,0,0,1,0
2623,2623,0,0,0,28,60,0001871b,ab221b1e,04444444,000002ca,1,0,0,1,1,422354e8,0ade,"iSTATE2",1,a8101e82,a8101e82,fcef7390,00000000,00000000,00000000,1,2871139102,6006,1,00000967,0,0,0,1,0
2624,2624,0,0,0,28,60,0001871b,ab34526e,04444444,000002ca,1,0,0,1,1,422354e8,0ade,"iSTATE2",1,a82255d2,a82255d2,fcef7390,00000000,00000000,00000000,1,2872332910,6007,1,00000968,0,0,0,1,0
2625,2625,0,0,0,28,60,0001871b,ab4686f4,04444444,000002ca,1,0,0,1,1,422354e8,0ade,"iSTATE2",1,a8348a58,a8348a58,fcef7390,00000000,00000000,00000000,1,2873526004,6008,1,00000969,0,0,0,1,0
2626,2626,0,0,0,28,60,0001871b,ab58bb7a,04444444,000002ca,1,0,0,1,1,422354e8,0ade,"iSTATE2",1,a846bede,a846bede,fcef7390,00000000,00000000,00000000,1,2874719098,6009,1,0000096a,0,0,0,1,0
2627,2627,0,0,0,28,60,0001871b,ab6af2ca,04444444,000002ca,1,0,0,1,1,422354e8,0ade,"iSTATE2",1,a858f62e,a858f62e,fcef7390,00000000,00000000,00000000,1,2875912906,6010,1,0000096b,0,0,0,1,0
2628,2628,0,0,0,28,60,0001871b,ab7d2750,04444444,000002ca,1,0,0,1,1,422354e8,0ade,"iSTATE2",1,a86b2ab4,a86b2ab4,fcef7390,00000000,00000000,00000000,1,2877106000,6011,1,0000096c,0,0,0,1,0
2629,2629,0,0,0,28,60,0001871b,ab8f5bd6,04444444,000002ca,1,0,0,1,1,422354e8,0ade,"iSTATE2",1,a87d5f3a,a87d5f3a,fcef7390,00000000,00000000,00000000,1,2878299094,6012,1,0000096d,0,0,0,1,0
2630,2630,0,0,0,28,60,0001871b,aba19326,04444444,000002ca,1,0,0,1,1,422354e8,0ade,"iSTATE2",1,a88f968a,a88f968a,fcef7390,00000000,00000000,00000000,1,2879492902,6013,1,0000096e,0,0,0,1,0
2631,2631,0,0,0,28,60,0001871b,abb3c7ac,04444444,000002ca,1,0,0,1,1,422354e8,0ade,"iSTATE2",1,a8a1cb10,a8a1cb10,fcef7390,00000000,00000000,00000000,1,2880685996,6014,1,0000096f,0,0,0,1,0
2632,2632,0,0,0,28,60,0001871b,abc5fc32,04444444,000002ca,1,0,0,1,1,422354e8,0ade,"iSTATE2",1,a8b3ff96,a8b3ff96,fcef7390,00000000,00000000,00000000,1,2881879090,6015,1,00000970,0,0,0,1,0
2633,2633,0,0,0,28,60,0001871b,abd83382,04444444,000002ca,1,0,0,1,1,422354e8,0ade,"iSTATE2",1,a8c636e6,a8c636e6,fcef7390,00000000,00000000,00000000,1,2883072898,6016,1,00000971,0,0,0,1,0
2634,2634,0,0,0,28,60,0001871b,abea6808,04444444,000002ca,1,0,0,1,1,422354e8,0ade,"iSTATE2",1,a8d86b6c,a8d86b6c,fcef7390,00000000,00000000,00000000,1,2884265992,6017,1,00000972,0,0,0,1,0
2635,2635,0,0,0,28,60,0001871b,abfc9c8e,04444444,000002ca,1,0,0,1,1,422354e8,0ade,"iSTATE2",1,a8ea9ff2,a8ea9ff2,fcef7390,00000000,00000000,00000000,1,2885459086,6018,1,00000973,0,0,0,1,0
2636,2636,0,0,0,28,60,0001871b,ac0ed3de,04444444,000002ca,1,0,0,1,1,422354e8,0ade,"iSTATE2",1,a8fcd742,a8fcd742,fcef7390,00000000,00000000,00000000,1,2886652894,6019,1,00000974,0,0,0,1,0
2637,2637,0,0,0,28,60,0001871b,ac210864,04444444,000002ca,1,0,0,1,1,422354e8,0ade,"iSTATE2",1,a90f0bc8,a90f0bc8,fcef7390,00000000,00000000,00000000,1,2887845988,6020,1,00000975,0,0,0,1,0
2638,2638,0,0,0,28,60,0001871b,ac333cea,04444444,000002ca,1,0,0,1,1,422354e8,0ade,"iSTATE2",1,a921404e,a921404e,fcef7390,00000000,00000000,00000000,1,2889039082,6021,1,00000976,0,0,0,1,0
2639,2639,0,0,0,28,60,0001871b,ac457170,04444444,000002ca,1,0,0,1,1,422354e8,0ade,"iSTATE2",1,a93374d4,a93374d4,fcef7390,00000000,00000000,00000000,1,2890232176,6022,1,00000977,0,0,0,1,0
2640,2640,0,0,0,28,60,0001871b,ac57a8c0,04444444,000002ca,1,0,0,1,1,422354e8,0ade,"iSTATE2",1,a945ac24,a945ac24,fcef7390,00000000,00000000,00000000,1,2891425984,6023,1,00000978,0,0,0,1,0
2641,2641,0,0,0,28,60,0001871b,ac69dd46,04444444,000002ca,1,0,0,1,1,422354e8,0ade,"iSTATE2",1,a957e0aa,a957e0aa,fcef7390,00000000,00000000,00000000,1,2892619078,6024,1,00000979,0,0,0,1,0
2642,2642,0,0,0,28,60,0001871b,ac7c11cc,04444444,000002ca,1,0,0,1,1,422354e8,0ade,"iSTATE2",1,a96a1530,a96a1530,fcef7390,00000000,00000000,00000000,1,2893812172,6025,1,0000097a,0,0,0,1,0
2643,2643,0,0,0,28,60,0001871b,ac8e491c,04444444,000002ca,1,0,0,1,1,422354e8,0ade,"iSTATE2",1,a97c4c80,a97c4c80,fcef7390,00000000,00000000,00000000,1,2895005980,6026,1,0000097b,0,0,0,1,0
2644,2644,0,0,0,28,60,0001871b,aca07da2,04444444,000002ca,1,0,0,1,1,422354e8,0ade,"iSTATE2",1,a98e8106,a98e8106,fcef7390,00000000,00000000,00000000,1,2896199074,6027,1,0000097c,0,0,0,1,0
2645,2645,0,0,0,28,60,0001871b,acb2b228,04444444,000002ca,1,0,0,1,1,422354e8,0ade,"iSTATE2",1,a9a0b58c,a9a0b58c,fcef7390,00000000,00000000,00000000,1,2897392168,6028,1,0000097d,0,0,0,1,0
2646,2646,0,0,0,28,60,0001871b,acc4e978,04444444,000002ca,1,0,0,1,1,422354e8,0ade,"iSTATE2",1,a9b2ecdc,a9b2ecdc,fcef7390,00000000,00000000,00000000,1,2898585976,6029,1,0000097e,0,0,0,1,0
2647,2647,0,0,0,28,60,0001871b,acd71dfe,04444444,000002ca,1,0,0,1,1,422354e8,0ade,"iSTATE2",1,a9c52162,a9c52162,fcef7390,00000000,00000000,00000000,1,2899779070,6030,1,0000097f,0,0,0,1,0
2648,2648,0,0,0,28,60,0001871b,ace95284,04444444,000002ca,1,0,0,1,1,422354e8,0ade,"iSTATE2",1,a9d755e8,a9d755e8,fcef7390,00000000,00000000,00000000,1,2900972164,6031,1,00000980,0,0,0,1,0
2649,2649,0,0,0,28,60,0001871b,acfb89d4,04444444,000002ca,1,0,0,1,1,422354e8,0ade,"iSTATE2",1,a9e98d38,a9e98d38,fcef7390,00000000,00000000,00000000,1,2902165972,6032,1,00000981,0,0,0,1,0
2650,2650,0,0,0,28,60,0001871b,ad0dbe5a,04444444,000002ca,1,0,0,1,1,422354e8,0ade,"iSTATE2",1,a9fbc1be,a9fbc1be,fcef7390,00000000,00000000,00000000,1,2903359066,6033,1,00000982,0,0,0,1,0
2651,2651,0,0,0,28,60,0001871b,ad1ff2e0,04444444,000002ca,1,0,0,1,1,422354e8,0ade,"iSTATE2",1,aa0df644,aa0df644,fcef7390,00000000,00000000,00000000,1,2904552160,6034,1,00000983,0,0,0,1,0
2652,2652,0,0,0,28,60,0001871b,ad322a30,04444444,000002ca,1,0,0,1,1,422354e8,0ade,"iSTATE2",1,aa202d94,aa202d94,fcef7390,00000000,00000000,00000000,1,2905745968,6035,1,00000984,0,0,0,1,0
2653,2653,0,0,0,28,60,0001871b,ad445eb6,04444444,000002ca,1,0,0,1,1,422354e8,0ade,"iSTATE2",1,aa32621a,aa32621a,fcef7390,00000000,00000000,00000000,1,2906939062,6036,1,00000985,0,0,0,1,0
2654,2654,0,0,0,28,60,0001871b,ad56933c,04444444,000002ca,1,0,0,1,1,422354e8,0ade,"iSTATE2",1,aa4496a0,aa4496a0,fcef7390,00000000,00000000,00000000,1,2908132156,6037,1,00000986,0,0,0,1,0
2655,2655,0,0,0,28,60,0001871b,ad68ca8c,04444444,000002ca,1,0,0,1,1,422354e8,0ade,"iSTATE2",1,aa56cdf0,aa56cdf0,fcef7390,00000000,00000000,00000000,1,2909325964,6038,1,00000987,0,0,0,1,0
2656,2656,0,0,0,28,60,0001871b,ad7aff12,04444444,000002ca,1,0,0,1,1,422354e8,0ade,"iSTATE2",1,aa690276,aa690276,fcef7390,00000000,00000000,00000000,1,2910519058,6039,1,00000988,0,0,0,1,0
2657,2657,0,0,0,28,60,0001871b,ad8d3398,04444444,000002ca,1,0,0,1,1,422354e8,0ade,"iSTATE2",1,aa7b36fc,aa7b36fc,fcef7390,00000000,00000000,00000000,1,2911712152,6040,1,00000989,0,0,0,1,0
2658,2658,0,0,0,28,60,0001871b,ad9f6ae8,04444444,000002ca,1,0,0,1,1,422354e8,0ade,"iSTATE2",1,aa8d6e4c,aa8d6e4c,fcef7390,00000000,00000000,00000000,1,2912905960,6041,1,0000098a,0,0,0,1,0
2659,2659,0,0,0,28,60,0001871b,adb19f6e,04444444,000002ca,1,0,0,1,1,422354e8,0ade,"iSTATE2",1,aa9fa2d2,aa9fa2d2,fcef7390,00000000,00000000,00000000,1,2914099054,6042,1,0000098b,0,0,0,1,0
2660,2660,0,0,0,28,60,0001871b,adc3d3f4,04444444,000002ca,1,0,0,1,1,422354e8,0ade,"iSTATE2",1,aab1d758,aab1d758,fcef7390,00000000,00000000,00000000,1,2915292148,6043,1,0000098c,0,0,0,1,0
2661,2661,0,0,0,28,60,0001871b,add60b44,04444444,000002ca,1,0,0,1,1,422354e8,0ade,"iSTATE2",1,aac40ea8,aac40ea8,fcef7390,00000000,00000000,00000000,1,2916485956,6044,1,0000098d,0,0,0,1,0
2662,2662,0,0,0,28,60,0001871b,ade83fca,04444444,000002ca,1,0,0,1,1,422354e8,0ade,"iSTATE2",1,aad6432e,aad6432e,fcef7390,00000000,00000000,00000000,1,2917679050,6045,1,0000098e,0,0,0,1,0
2663,2663,0,0,0,28,60,0001871b,adfa7450,04444444,000002ca,1,0,0,1,1,422354e8,0ade,"iSTATE2",1,aae877b4,aae877b4,fcef7390,00000000,00000000,00000000,1,2918872144,6046,1,0000098f,0,0,0,1,0
2664,2664,0,0,0,28,60,0001871b,ae0caba0,04444444,000002ca,1,0,0,1,1,422354e8,0ade,"iSTATE2",1,aafaaf04,aafaaf04,fcef7390,00000000,00000000,00000000,1,2920065952,6047,1,00000990,0,0,0,1,0
2665,2665,0,0,0,28,60,0001871b,ae1ee026,04444444,000002ca,1,0,0,1,1,422354e8,0ade,"iSTATE2",1,ab0ce38a,ab0ce38a,fcef7390,00000000,00000000,00000000,1,2921259046,6048,1,00000991,0,0,0,1,0
2666,2666,0,0,0,28,60,0001871b,ae3114ac,04444444,000002ca,1,0,0,1,1,422354e8,0ade,"iSTATE2",1,ab1f1810,ab1f1810,fcef7390,00000000,00000000,00000000,1,2922452140,6049,1,00000992,0,0,0,1,0
2667,2667,0,0,0,28,60,0001871b,ae434932,04444444,000002ca,1,0,0,1,1,422354e8,0ade,"iSTATE2",1,ab314c96,ab314c96,fcef7390,00000000,00000000,00000000,1,2923645234,6050,1,00000993,0,0,0,1,0
2668,2668,0,0,0,28,60,0001871b,ae558082,04444444,000002ca,1,0,0,1,1,422354e8,0ade,"iSTATE2",1,ab4383e6,ab4383e6,fcef7390,00000000,00000000,00000000,1,2924839042,6051,1,00000994,0,0,0,1,0
2669,2669,0,0,0,28,60,0001871b,ae67b508,04444444,000002ca,1,0,0,1,1,422354e8,0ade,"iSTATE2",1,ab55b86c,ab55b86c,fcef7390,00000000,00000000,00000000,1,2926032136,6052,1,00000995,0,0,0,1,0
2670,2670,0,0,0,28,60,0001871b,ae79e98e,04444444,000002ca,1,0,0,1,1,422354e8,0ade,"iSTATE2",1,ab67ecf2,ab67ecf2,fcef7390,00000000,00000000,00000000,1,2927225230,6053,1,00000996,0,0,0,1,0
2671,2671,0,0,0,28,60,0001871b,ae8c20de,04444444,000002ca,1,0,0,1,1,422354e8,0ade,"iSTATE2",1,ab7a2442,ab7a2442,fcef7390,00000000,00000000,00000000,1,2928419038,6054,1,00000997,0,0,0,1,0
2672,2672,0,0,0,28,60,0001871b,ae9e5564,04444444,000002ca,1,0,0,1,1,422354e8,0ade,"iSTATE2",1,ab8c58c8,ab8c58c8,fcef7390,00000000,00000000,00000000,1,2929612132,6055,1,00000998,0,0,0,1,0
2673,2673,0,0,0,28,60,0001871b,aeb089ea,04444444,000002ca,1,0,0,1,1,422354e8,0ade,"iSTATE2",1,ab9e8d4e,ab9e8d4e,fcef7390,00000000,00000000,00000000,1,2930805226,6056,1,00000999,0,0,0,1,0
2674,2674,0,0,0,28,60,0001871b,aec2c13a,04444444,000002ca,1,0,0,1,1,422354e8,0ade,"iSTATE2",1,abb0c49e,abb0c49e,fcef7390,00000000,00000000,00000000,1,2931999034,6057,1,0000099a,0,0,0,1,0
2675,2675,0,0,0,28,60,0001871b,aed4f5c0,04444444,000002ca,1,0,0,1,1,422354e8,0ade,"iSTATE2",1,abc2f924,abc2f924,fcef7390,00000000,00000000,00000000,1,2933192128,6058,1,0000099b,0,0,0,1,0
2676,2676,0,0,0,28,60,0001871b,aee72a46,04444444,000002ca,1,0,0,1,1,422354e8,0ade,"iSTATE2",1,abd52daa,abd52daa,fcef7390,00000000,00000000,00000000,1,2934385222,6059,1,0000099c,0,0,0,1,0
2677,2677,0,1,0,29,60,0001871c,aef9619a,04444444,000002ca,1,0,0,1,1,422354e8,0ade,"iSTATE2",1,abe5f79c,abe5f79c,fcee0364,00000000,00000000,00000000,1,2935579034,6060,1,0000099d,0,0,0,1,0
2678,2678,0,0,0,29,60,0001871c,af0b9620,04444444,000002ca,1,0,0,1,1,422354e8,0ade,"iSTATE2",1,abf82c22,abf82c22,fcee0364,00000000,00000000,00000000,1,2936772128,6061,1,0000099e,0,0,0,1,0
2679,2679,0,0,0,29,60,0001871c,af1dcaa6,04444444,000002ca,1,0,0,1,1,422354e8,0ade,"iSTATE2",1,ac0a60a8,ac0a60a8,fcee0364,00000000,00000000,00000000,1,2937965222,6062,1,0000099f,0,0,0,1,0
2680,2680,0,0,0,29,60,0001871c,af3001f6,04444444,000002ca,1,0,0,1,1,422354e8,0ade,"iSTATE2",1,ac1c97f8,ac1c97f8,fcee0364,00000000,00000000,00000000,1,2939159030,6063,1,000009a0,0,0,0,1,0
2681,2681,0,0,0,29,60,0001871c,af42367c,04444444,000002ca,1,0,0,1,1,422354e8,0ade,"iSTATE2",1,ac2ecc7e,ac2ecc7e,fcee0364,00000000,00000000,00000000,1,2940352124,6064,1,000009a1,0,0,0,1,0
2682,2682,0,0,0,29,60,0001871c,af546b02,04444444,000002ca,1,0,0,1,1,422354e8,0ade,"iSTATE2",1,ac410104,ac410104,fcee0364,00000000,00000000,00000000,1,2941545218,6065,1,000009a2,0,0,0,1,0
2683,2683,0,0,0,29,60,0001871c,af66a252,04444444,000002ca,1,0,0,1,1,422354e8,0ade,"iSTATE2",1,ac533854,ac533854,fcee0364,00000000,00000000,00000000,1,2942739026,6066,1,000009a3,0,0,0,1,0
2684,2684,0,0,0,29,60,0001871c,af78d6d8,04444444,000002ca,1,0,0,1,1,422354e8,0ade,"iSTATE2",1,ac656cda,ac656cda,fcee0364,00000000,00000000,00000000,1,2943932120,6067,1,000009a4,0,0,0,1,0
2685,2685,0,0,0,29,60,0001871c,af8b0b5e,04444444,000002ca,1,0,0,1,1,422354e8,0ade,"iSTATE2",1,ac77a160,ac77a160,fcee0364,00000000,00000000,00000000,1,2945125214,6068,1,000009a5,0,0,0,1,0
2686,2686,0,0,0,29,60,0001871c,af9d42ae,04444444,000002ca,1,0,0,1,1,422354e8,0ade,"iSTATE2",1,ac89d8b0,ac89d8b0,fcee0364,00000000,00000000,00000000,1,2946319022,6069,1,000009a6,0,0,0,1,0
2687,2687,0,0,0,29,60,0001871c,afaf7734,04444444,000002ca,1,0,0,1,1,422354e8,0ade,"iSTATE2",1,ac9c0d36,ac9c0d36,fcee0364,00000000,00000000,00000000,1,2947512116,6070,1,000009a7,0,0,0,1,0
2688,2688,0,0,0,29,60,0001871c,afc1abba,04444444,000002ca,1,0,0,1,1,422354e8,0ade,"iSTATE2",1,acae41bc,acae41bc,fcee0364,00000000,00000000,00000000,1,2948705210,6071,1,000009a8,0,0,0,1,0
2689,2689,0,0,0,29,60,0001871c,afd3e30a,04444444,000002ca,1,0,0,1,1,422354e8,0ade,"iSTATE2",1,acc0790c,acc0790c,fcee0364,00000000,00000000,00000000,1,2949899018,6072,1,000009a9,0,0,0,1,0
2690,2690,0,0,0,29,60,0001871c,afe61790,04444444,000002ca,1,0,0,1,1,422354e8,0ade,"iSTATE2",1,acd2ad92,acd2ad92,fcee0364,00000000,00000000,00000000,1,2951092112,6073,1,000009aa,0,0,0,1,0
2691,2691,0,0,0,29,60,0001871c,aff84c16,04444444,000002ca,1,0,0,1,1,422354e8,0ade,"iSTATE2",1,ace4e218,ace4e218,fcee0364,00000000,00000000,00000000,1,2952285206,6074,1,000009ab,0,0,0,1,0
2692,2692,0,0,0,29,60,0001871c,b00a8366,04444444,000002ca,1,0,0,1,1,422354e8,0ade,"iSTATE2",1,acf71968,acf71968,fcee0364,00000000,00000000,00000000,1,2953479014,6075,1,000009ac,0,0,0,1,0
2693,2693,0,0,0,29,60,0001871c,b01cb7ec,04444444,000002ca,1,0,0,1,1,422354e8,0ade,"iSTATE2",1,ad094dee,ad094dee,fcee0364,00000000,00000000,00000000,1,2954672108,6076,1,000009ad,0,0,0,1,0
2694,2694,0,0,0,29,60,0001871c,b02eec72,04444444,000002ca,1,0,0,1,1,422354e8,0ade,"iSTATE2",1,ad1b8274,ad1b8274,fcee0364,00000000,00000000,00000000,1,2955865202,6077,1,000009ae,0,0,0,1,0
2695,2695,0,0,0,29,60,0001871c,b04123c2,04444444,000002ca,1,0,0,1,1,422354e8,0ade,"iSTATE2",1,ad2db9c4,ad2db9c4,fcee0364,00000000,00000000,00000000,1,2957059010,6078,1,000009af,0,0,0,1,0
2696,2696,0,0,0,29,60,0001871c,b0535848,04444444,000002ca,1,0,0,1,1,422354e8,0ade,"iSTATE2",1,ad3fee4a,ad3fee4a,fcee0364,00000000,00000000,00000000,1,2958252104,6079,1,000009b0,0,0,0,1,0
2697,2697,0,0,0,29,60,0001871c,b0658cce,04444444,000002ca,1,0,0,1,1,422354e8,0ade,"iSTATE2",1,ad5222d0,ad5222d0,fcee0364,00000000,00000000,00000000,1,2959445198,6080,1,000009b1,0,0,0,1,0
2698,2698,0,0,0,29,60,0001871c,b077c154,04444444,000002ca,1,0,0,1,1,422354e8,0ade,"iSTATE2",1,ad645756,ad645756,fcee0364,00000000,00000000,00000000,1,2960638292,6081,1,000009b2,0,0,0,1,0
2699,2699,0,0,0,29,60,0001871c,b089f8a4,04444444,000002ca,1,0,0,1,1,422354e8,0ade,"iSTATE2",1,ad768ea6,ad768ea6,fcee0364,00000000,00000000,00000000,1,2961832100,6082,1,000009b3,0,0,0,1,0
2700,2700,0,0,0,29,60,0001871c,b09c2d2a,04444444,000002ca,1,0,0,1,1,422354e8,0ade,"iSTATE2",1,ad88c32c,ad88c32c,fcee0364,00000000,00000000,00000000,1,2963025194,6083,1,000009b4,0,0,0,1,0
2701,2701,0,0,0,29,60,0001871c,b0ae61b0,04444444,000002ca,1,0,0,1,1,422354e8,0ade,"iSTATE2",1,ad9af7b2,ad9af7b2,fcee0364,00000000,00000000,00000000,1,2964218288,6084,1,000009b5,0,0,0,1,0
2702,2702,0,0,0,29,60,0001871c,b0c09900,04444444,000002ca,1,0,0,1,1,422354e8,0ade,"iSTATE2",1,adad2f02,adad2f02,fcee0364,00000000,00000000,00000000,1,2965412096,6085,1,000009b6,0,0,0,1,0
2703,2703,0,0,0,29,60,0001871c,b0d2cd86,04444444,000002ca,1,0,0,1,1,422354e8,0ade,"iSTATE2",1,adbf6388,adbf6388,fcee0364,00000000,00000000,00000000,1,2966605190,6086,1,000009b7,0,0,0,1,0
2704,2704,0,0,0,29,60,0001871c,b0e5020c,04444444,000002ca,1,0,0,1,1,422354e8,0ade,"iSTATE2",1,add1980e,add1980e,fcee0364,00000000,00000000,00000000,1,2967798284,6087,1,000009b8,0,0,0,1,0
2705,2705,0,0,0,29,60,0001871c,b0f7395c,04444444,000002ca,1,0,0,1,1,422354e8,0ade,"iSTATE2",1,ade3cf5e,ade3cf5e,fcee0364,00000000,00000000,00000000,1,2968992092,6088,1,000009b9,0,0,0,1,0
2706,2706,0,0,0,29,60,0001871c,b1096de2,04444444,000002ca,1,0,0,1,1,422354e8,0ade,"iSTATE2",1,adf603e4,adf603e4,fcee0364,00000000,00000000,00000000,1,2970185186,6089,1,000009ba,0,0,0,1,0
2707,2707,0,0,0,29,60,0001871c,b11ba268,04444444,000002ca,1,0,0,1,1,422354e8,0ade,"iSTATE2",1,ae08386a,ae08386a,fcee0364,00000000,00000000,00000000,1,2971378280,6090,1,000009bb,0,0,0,1,0
2708,2708,0,0,0,29,60,0001871c,b12dd9b8,04444444,000002ca,1,0,0,1,1,422354e8,0ade,"iSTATE2",1,ae1a6fba,ae1a6fba,fcee0364,00000000,00000000,00000000,1,2972572088,6091,1,000009bc,0,0,0,1,0
2709,2709,0,0,0,29,60,0001871c,b1400e3e,04444444,000002ca,1,0,0,1,1,422354e8,0ade,"iSTATE2",1,ae2ca440,ae2ca440,fcee0364,00000000,00000000,00000000,1,2973765182,6092,1,000009bd,0,0,0,1,0
2710,2710,0,0,0,29,60,0001871c,b15242c4,04444444,000002ca,1,0,0,1,1,422354e8,0ade,"iSTATE2",1,ae3ed8c6,ae3ed8c6,fcee0364,00000000,00000000,00000000,1,2974958276,6093,1,000009be,0,0,0,1,0
2711,2711,0,0,0,29,60,0001871c,b1647a14,04444444,000002ca,1,0,0,1,1,422354e8,0ade,"iSTATE2",1,ae511016,ae511016,fcee0364,00000000,00000000,00000000,1,2976152084,6094,1,000009bf,0,0,0,1,0
2712,2712,0,0,0,29,60,0001871c,b176ae9a,04444444,000002ca,1,0,0,1,1,422354e8,0ade,"iSTATE2",1,ae63449c,ae63449c,fcee0364,00000000,00000000,00000000,1,2977345178,6095,1,000009c0,0,0,0,1,0
2713,2713,0,0,0,29,60,0001871c,b188e320,04444444,000002ca,1,0,0,1,1,422354e8,0ade,"iSTATE2",1,ae757922,ae757922,fcee0364,00000000,00000000,00000000,1,2978538272,6096,1,000009c1,0,0,0,1,0
2714,2714,0,0,0,29,60,0001871c,b19b1a70,04444444,000002ca,1,0,0,1,1,422354e8,0ade,"iSTATE2",1,ae87b072,ae87b072,fcee0364,00000000,00000000,00000000,1,2979732080,6097,1,000009c2,0,0,0,1,0
2715,2715,0,0,0,29,60,0001871c,b1ad4ef6,04444444,000002ca,1,0,0,1,1,422354e8,0ade,"iSTATE2",1,ae99e4f8,ae99e4f8,fcee0364,00000000,00000000,00000000,1,2980925174,6098,1,000009c3,0,0,0,1,0
2716,2716,0,0,0,29,60,0001871c,b1bf837c,04444444,000002ca,1,0,0,1,1,422354e8,0ade,"iSTATE2",1,aeac197e,aeac197e,fcee0364,00000000,00000000,00000000,1,2982118268,6099,1,000009c4,0,0,0,1,0
2717,2717,0,0,0,29,60,0001871c,b1d1bacc,04444444,000002ca,1,0,0,1,1,422354e8,0ade,"iSTATE2",1,aebe50ce,aebe50ce,fcee0364,00000000,00000000,00000000,1,2983312076,6100,1,000009c5,0,0,0,1,0
2718,2718,0,0,0,29,60,0001871c,b1e3ef52,04444444,000002ca,1,0,0,1,1,422354e8,0ade,"iSTATE2",1,aed08554,aed08554,fcee0364,00000000,00000000,00000000,1,2984505170,6101,1,000009c6,0,0,0,1,0
2719,2719,0,0,0,29,60,0001871c,b1f623d8,04444444,000002ca,1,0,0,1,1,422354e8,0ade,"iSTATE2",1,aee2b9da,aee2b9da,fcee0364,00000000,00000000,00000000,1,2985698264,6102,1,000009c7,0,0,0,1,0
2720,2720,0,0,0,29,60,0001871c,b2085b28,04444444,000002ca,1,0,0,1,1,422354e8,0ade,"iSTATE2",1,aef4f12a,aef4f12a,fcee0364,00000000,00000000,00000000,1,2986892072,6103,1,000009c8,0,0,0,1,0
2721,2721,0,0,0,29,60,0001871c,b21a8fae,04444444,000002ca,1,0,0,1,1,422354e8,0ade,"iSTATE2",1,af0725b0,af0725b0,fcee0364,00000000,00000000,00000000,1,2988085166,6104,1,000009c9,0,0,0,1,0
2722,2722,0,0,0,29,60,0001871c,b22cc434,04444444,000002ca,1,0,0,1,1,422354e8,0ade,"iSTATE2",1,af195a36,af195a36,fcee0364,00000000,00000000,00000000,1,2989278260,6105,1,000009ca,0,0,0,1,0
2723,2723,0,0,0,29,60,0001871c,b23efb84,04444444,000002ca,1,0,0,1,1,422354e8,0ade,"iSTATE2",1,af2b9186,af2b9186,fcee0364,00000000,00000000,00000000,1,2990472068,6106,1,000009cb,0,0,0,1,0
2724,2724,0,0,0,29,60,0001871c,b251300a,04444444,000002ca,1,0,0,1,1,422354e8,0ade,"iSTATE2",1,af3dc60c,af3dc60c,fcee0364,00000000,00000000,00000000,1,2991665162,6107,1,000009cc,0,0,0,1,0
2725,2725,0,0,0,29,60,0001871c,b2636490,04444444,000002ca,1,0,0,1,1,422354e8,0ade,"iSTATE2",1,af4ffa92,af4ffa92,fcee0364,00000000,00000000,00000000,1,2992858256,6108,1,000009cd,0,0,0,1,0
2726,2726,0,0,0,29,60,0001871c,b2759916,04444444,000002ca,1,0,0,1,1,422354e8,0ade,"iSTATE2",1,af622f18,af622f18,fcee0364,00000000,00000000,00000000,1,2994051350,6109,1,000009ce,0,0,0,1,0
2727,2727,0,0,0,29,60,0001871c,b287d066,04444444,000002ca,1,0,0,1,1,422354e8,0ade,"iSTATE2",1,af746668,af746668,fcee0364,00000000,00000000,00000000,1,2995245158,6110,1,000009cf,0,0,0,1,0
2728,2728,0,0,0,29,60,0001871c,b29a04ec,04444444,000002ca,1,0,0,1,1,422354e8,0ade,"iSTATE2",1,af869aee,af869aee,fcee0364,00000000,00000000,00000000,1,2996438252,6111,1,000009d0,0,0,0,1,0
2729,2729,0,0,0,29,60,0001871c,b2ac3972,04444444,000002ca,1,0,0,1,1,422354e8,0ade,"iSTATE2",1,af98cf74,af98cf74,fcee0364,00000000,00000000,00000000,1,2997631346,6112,1,000009d1,0,0,0,1,0
2730,2730,0,0,0,29,60,0001871c,b2be70c2,04444444,000002ca,1,0,0,1,1,422354e8,0ade,"iSTATE2",1,afab06c4,afab06c4,fcee0364,00000000,00000000,00000000,1,2998825154,6113,1,000009d2,0,0,0,1,0
2731,2731,0,0,0,29,60,0001871c,b2d0a548,04444444,000002ca,1,0,0,1,1,422354e8,0ade,"iSTATE2",1,afbd3b4a,afbd3b4a,fcee0364,00000000,00000000,00000000,1,3000018248,6114,1,000009d3,0,0,0,1,0
2732,2732,0,0,0,29,60,0001871c,b2e2d9ce,04444444,000002ca,1,0,0,1,1,422354e8,0ade,"iSTATE2",1,afcf6fd0,afcf6fd0,fcee0364,00000000,00000000,00000000,1,3001211342,6115,1,000009d4,0,0,0,1,0
2733,2733,0,0,0,29,60,0001871c,b2f5111e,04444444,000002ca,1,0,0,1,1,422354e8,0ade,"iSTATE2",1,afe1a720,afe1a720,fcee0364,00000000,00000000,00000000,1,3002405150,6116,1,000009d5,0,0,0,1,0
2734,2734,0,0,0,29,60,0001871c,b30745a4,04444444,000002ca,1,0,0,1,1,422354e8,0ade,"iSTATE2",1,aff3dba6,aff3dba6,fcee0364,00000000,00000000,00000000,1,3003598244,6117,1,000009d6,0,0,0,1,0
2735,2735,0,0,0,29,60,0001871c,b3197a2a,04444444,000002ca,1,0,0,1,1,422354e8,0ade,"iSTATE2",1,b006102c,b006102c,fcee0364,00000000,00000000,00000000,1,3004791338,6118,1,000009d7,0,0,0,1,0
2736,2736,0,0,0,29,60,0001871c,b32bb17a,04444444,000002ca,1,0,0,1,1,422354e8,0ade,"iSTATE2",1,b018477c,b018477c,fcee0364,00000000,00000000,00000000,1,3005985146,6119,1,000009d8,0,0,0,1,0
2737,2737,0,1,0,2a,60,0001871c,b33de604,04444444,000002ca,1,0,0,1,1,422354e8,0ade,"iSTATE2",1,b028d412,b028d412,fcec9602,00000000,00000000,00000000,1,3007178244,6120,1,000009d9,0,0,0,1,0
2738,2738,0,0,0,2a,60,0001871c,b3501a8a,04444444,000002ca,1,0,0,1,1,422354e8,0ade,"iSTATE2",1,b03b0898,b03b0898,fcec9602,00000000,00000000,00000000,1,3008371338,6121,1,000009da,0,0,0,1,0
2739,2739,0,0,0,2a,60,0001871c,b36251da,04444444,000002ca,1,0,0,1,1,422354e8,0ade,"iSTATE2",1,b04d3fe8,b04d3fe8,fcec9602,00000000,00000000,00000000,1,3009565146,6122,1,000009db,0,0,0,1,0
2740,2740,0,0,0,2a,60,0001871c,b3748660,04444444,000002ca,1,0,0,1,1,422354e8,0ade,"iSTATE2",1,b05f746e,b05f746e,fcec9602,00000000,00000000,00000000,1,3010758240,6123,1,000009dc,0,0,0,1,0
2741,2741,0,0,0,2a,60,0001871c,b386bae6,04444444,000002ca,1,0,0,1,1,422354e8,0ade,"iSTATE2",1,b071a8f4,b071a8f4,fcec9602,00000000,00000000,00000000,1,3011951334,6124,1,000009dd,0,0,0,1,0
2742,2742,0,0,0,2a,60,0001871c,b398f236,04444444,000002ca,1,0,0,1,1,422354e8,0ade,"iSTATE2",1,b083e044,b083e044,fcec9602,00000000,00000000,00000000,1,3013145142,6125,1,000009de,0,0,0,1,0
2743,2743,0,0,0,2a,60,0001871c,b3ab26bc,04444444,000002ca,1,0,0,1,1,422354e8,0ade,"iSTATE2",1,b09614ca,b09614ca,fcec9602,00000000,00000000,00000000,1,3014338236,6126,1,000009df,0,0,0,1,0
2744,2744,0,0,0,2a,60,0001871c,b3bd5b42,04444444,000002ca,1,0,0,1,1,422354e8,0ade,"iSTATE2",1,b0a84950,b0a84950,fcec9602,00000000,00000000,00000000,1,3015531330,6127,1,000009e0,0,0,0,1,0
2745,2745,0,0,0,2a,60,0001871c,b3cf9292,04444444,000002ca,1,0,0,1,1,422354e8,0ade,"iSTATE2",1,b0ba80a0,b0ba80a0,fcec9602,00000000,00000000,00000000,1,3016725138,6128,1,000009e1,0,0,0,1,0
2746,2746,0,0,0,2a,60,0001871c,b3e1c718,04444444,000002ca,1,0,0,1,1,422354e8,0ade,"iSTATE2",1,b0ccb526,b0ccb526,fcec9602,00000000,00000000,00000000,1,3017918232,6129,1,000009e2,0,0,0,1,0
2747,2747,0,0,0,2a,60,0001871c,b3f3fb9e,04444444,000002ca,1,0,0,1,1,422354e8,0ade,"iSTATE2",1,b0dee9ac,b0dee9ac,fcec9602,00000000,00000000,00000000,1,3019111326,6130,1,000009e3,0,0,0,1,0
2748,2748,0,0,0,2a,60,0001871c,b40632ee,04444444,000002ca,1,0,0,1,1,422354e8,0ade,"iSTATE2",1,b0f120fc,b0f120fc,fcec9602,00000000,00000000,00000000,1,3020305134,6131,1,000009e4,0,0,0,1,0
2749,2749,0,0,0,2a,60,0001871c,b4186774,04444444,000002ca,1,0,0,1,1,422354e8,0ade,"iSTATE2",1,b1035582,b1035582,fcec9602,00000000,00000000,00000000,1,3021498228,6132,1,000009e5,0,0,0,1,0
2750,2750,0,0,0,2a,60,0001871c,b42a9bfa,04444444,000002ca,1,0,0,1,1,422354e8,0ade,"iSTATE2",1,b1158a08,b1158a08,fcec9602,00000000,00000000,00000000,1,3022691322,6133,1,000009e6,0,0,0,1,0
2751,2751,0,0,0,2a,60,0001871c,b43cd34a,04444444,000002ca,1,0,0,1,1,422354e8,0ade,"iSTATE2",1,b127c158,b127c158,fcec9602,00000000,00000000,00000000,1,3023885130,6134,1,000009e7,0,0,0,1,0
2752,2752,0,0,0,2a,60,0001871c,b44f07d0,04444444,000002ca,1,0,0,1,1,422354e8,0ade,"iSTATE2",1,b139f5de,b139f5de,fcec9602,00000000,00000000,00000000,1,3025078224,6135,1,000009e8,0,0,0,1,0
2753,2753,0,0,0,2a,60,0001871c,b4613c56,04444444,000002ca,1,0,0,1,1,422354e8,0ade,"iSTATE2",1,b14c2a64,b14c2a64,fcec9602,00000000,00000000,00000000,1,3026271318,6136,1,000009e9,0,0,0,1,0
2754,2754,0,0,0,2a,60,0001871c,b47373a6,04444444,000002ca,1,0,0,1,1,422354e8,0ade,"iSTATE2",1,b15e61b4,b15e61b4,fcec9602,00000000,00000000,00000000,1,3027465126,6137,1,000009ea,0,0,0,1,0
2755,2755,0,0,0,2a,60,0001871c,b485a82c,04444444,000002ca,1,0,0,1,1,422354e8,0ade,"iSTATE2",1,b170963a,b170963a,fcec9602,00000000,00000000,00000000,1,3028658220,6138,1,000009eb,0,0,0,1,0
2756,2756,0,0,0,2a,60,0001871c,b497dcb2,04444444,000002ca,1,0,0,1,1,422354e8,0ade,"iSTATE2",1,b182cac0,b182cac0,fcec9602,00000000,00000000,00000000,1,3029851314,6139,1,000009ec,0,0,0,1,0
2757,2757,0,0,0,2a,60,0001871c,b4aa1138,04444444,000002ca,1,0,0,1,1,422354e8,0ade,"iSTATE2",1,b194ff46,b194ff46,fcec9602,00000000,00000000,00000000,1,3031044408,6140,1,000009ed,0,0,0,1,0
2758,2758,0,0,0,2a,60,0001871c,b4bc4888,04444444,000002ca,1,0,0,1,1,422354e8,0ade,"iSTATE2",1,b1a73696,b1a73696,fcec9602,00000000,00000000,00000000,1,3032238216,6141,1,000009ee,0,0,0,1,0
2759,2759,0,0,0,2a,60,0001871c,b4ce7d0e,04444444,000002ca,1,0,0,1,1,422354e8,0ade,"iSTATE2",1,b1b96b1c,b1b96b1c,fcec9602,00000000,00000000,00000000,1,3033431310,6142,1,000009ef,0,0,0,1,0
2760,2760,0,0,0,2a,60,0001871c,b4e0b194,04444444,000002ca,1,0,0,1,1,422354e8,0ade,"iSTATE2",1,b1cb9fa2,b1cb9fa2,fcec9602,00000000,00000000,00000000,1,3034624404,6143,1,000009f0,0,0,0,1,0
2761,2761,0,0,0,2a,60,0001871c,b4f2e8e4,04444444,000002ca,1,0,0,1,1,422354e8,0ade,"iSTATE2",1,b1ddd6f2,b1ddd6f2,fcec9602,00000000,00000000,00000000,1,3035818212,6144,1,000009f1,0,0,0,1,0
2762,2762,0,0,0,2a,60,0001871c,b5051d6a,04444444,000002ca,1,0,0,1,1,422354e8,0ade,"iSTATE2",1,b1f00b78,b1f00b78,fcec9602,00000000,00000000,00000000,1,3037011306,6145,1,000009f2,0,0,0,1,0
2763,2763,0,0,0,2a,60,0001871c,b51751f0,04444444,000002ca,1,0,0,1,1,422354e8,0ade,"iSTATE2",1,b2023ffe,b2023ffe,fcec9602,00000000,00000000,00000000,1,3038204400,6146,1,000009f3,0,0,0,1,0
2764,2764,0,0,0,2a,60,0001871c,b5298940,04444444,000002ca,1,0,0,1,1,422354e8,0ade,"iSTATE2",1,b214774e,b214774e,fcec9602,00000000,00000000,00000000,1,3039398208,6147,1,000009f4,0,0,0,1,0
2765,2765,0,0,0,2a,60,0001871c,b53bbdc6,04444444,000002ca,1,0,0,1,1,422354e8,0ade,"iSTATE2",1,b226abd4,b226abd4,fcec9602,00000000,00000000,00000000,1,3040591302,6148,1,000009f5,0,0,0,1,0
2766,2766,0,0,0,2a,60,0001871c,b54df24c,04444444,000002ca,1,0,0,1,1,422354e8,0ade,"iSTATE2",1,b238e05a,b238e05a,fcec9602,00000000,00000000,00000000,1,3041784396,6149,1,000009f6,0,0,0,1,0
2767,2767,0,0,0,2a,60,0001871c,b560299c,04444444,000002ca,1,0,0,1,1,422354e8,0ade,"iSTATE2",1,b24b17aa,b24b17aa,fcec9602,00000000,00000000,00000000,1,3042978204,6150,1,000009f7,0,0,0,1,0
2768,2768,0,0,0,2a,60,0001871c,b5725e22,04444444,000002ca,1,0,0,1,1,422354e8,0ade,"iSTATE2",1,b25d4c30,b25d4c30,fcec9602,00000000,00000000,00000000,1,3044171298,6151,1,000009f8,0,0,0,1,0
2769,2769,0,0,0,2a,60,0001871c,b58492a8,04444444,000002ca,1,0,0,1,1,422354e8,0ade,"iSTATE2",1,b26f80b6,b26f80b6,fcec9602,00000000,00000000,00000000,1,3045364392,6152,1,000009f9,0,0,0,1,0
2770,2770,0,0,0,2a,60,0001871c,b596c9f8,04444444,000002ca,1,0,0,1,1,422354e8,0ade,"iSTATE2",1,b281b806,b281b806,fcec9602,00000000,00000000,00000000,1,3046558200,6153,1,000009fa,0,0,0,1,0
2771,2771,0,0,0,2a,60,0001871c,b5a8fe7e,04444444,000002ca,1,0,0,1,1,422354e8,0ade,"iSTATE2",1,b293ec8c,b293ec8c,fcec9602,00000000,00000000,00000000,1,3047751294,6154,1,000009fb,0,0,0,1,0
2772,2772,0,0,0,2a,60,0001871c,b5bb3304,04444444,000002ca,1,0,0,1,1,422354e8,0ade,"iSTATE2",1,b2a62112,b2a62112,fcec9602,00000000,00000000,00000000,1,3048944388,6155,1,000009fc,0,0,0,1,0
2773,2773,0,0,0,2a,60,0001871c,b5cd6a54,04444444,000002ca,1,0,0,1,1,422354e8,0ade,"iSTATE2",1,b2b85862,b2b85862,fcec9602,00000000,00000000,00000000,1,3050138196,6156,1,000009fd,0,0,0,1,0
2774,2774,0,0,0,2a,60,0001871c,b5df9eda,04444444,000002ca,1,0,0,1,1,422354e8,0ade,"iSTATE2",1,b2ca8ce8,b2ca8ce8,fcec9602,00000000,00000000,00000000,1,3051331290,6157,1,000009fe,0,0,0,1,0
2775,2775,0,0,0,2a,60,0001871c,b5f1d360,04444444,000002ca,1,0,0,1,1,422354e8,0ade,"iSTATE2",1,b2dcc16e,b2dcc16e,fcec9602,00000000,00000000,00000000,1,3052524384,6158,1,000009ff,0,0,0,1,0
2776,2776,0,0,0,2a,60,0001871c,b6040ab0,04444444,000002ca,1,0,0,1,1,422354e8,0ade,"iSTATE2",1,b2eef8be,b2eef8be,fcec9602,00000000,00000000,00000000,1,3053718192,6159,1,00000a00,0,0,0,1,0
2777,2777,0,0,0,2a,60,0001871c,b6163f36,04444444,000002ca,1,0,0,1,1,422354e8,0ade,"iSTATE2",1,b3012d44,b3012d44,fcec9602,00000000,00000000,00000000,1,3054911286,6160,1,00000a01,0,0,0,1,0
2778,2778,0,0,0,2a,60,0001871c,b62873bc,04444444,000002ca,1,0,0,1,1,422354e8,0ade,"iSTATE2",1,b31361ca,b31361ca,fcec9602,00000000,00000000,00000000,1,3056104380,6161,1,00000a02,0,0,0,1,0
2779,2779,0,0,0,2a,60,0001871c,b63aab0c,04444444,000002ca,1,0,0,1,1,422354e8,0ade,"iSTATE2",1,b325991a,b325991a,fcec9602,00000000,00000000,00000000,1,3057298188,6162,1,00000a03,0,0,0,1,0
2780,2780,0,0,0,2a,60,0001871c,b64cdf92,04444444,000002ca,1,0,0,1,1,422354e8,0ade,"iSTATE2",1,b337cda0,b337cda0,fcec9602,00000000,00000000,00000000,1,3058491282,6163,1,00000a04,0,0,0,1,0
2781,2781,0,0,0,2a,60,0001871c,b65f1418,04444444,000002ca,1,0,0,1,1,422354e8,0ade,"iSTATE2",1,b34a0226,b34a0226,fcec9602,00000000,00000000,00000000,1,3059684376,6164,1,00000a05,0,0,0,1,0
2782,2782,0,0,0,2a,60,0001871c,b6714b68,04444444,000002ca,1,0,0,1,1,422354e8,0ade,"iSTATE2",1,b35c3976,b35c3976,fcec9602,00000000,00000000,00000000,1,3060878184,6165,1,00000a06,0,0,0,1,0
2783,2783,0,0,0,2a,60,0001871c,b6837fee,04444444,000002ca,1,0,0,1,1,422354e8,0ade,"iSTATE2",1,b36e6dfc,b36e6dfc,fcec9602,00000000,00000000,00000000,1,3062071278,6166,1,00000a07,0,0,0,1,0
2784,2784,0,0,0,2a,60,0001871c,b695b474,04444444,000002ca,1,0,0,1,1,422354e8,0ade,"iSTATE2",1,b380a282,b380a282,fcec9602,00000000,00000000,00000000,1,3063264372,6167,1,00000a08,0,0,0,1,0
2785,2785,0,0,0,2a,60,0001871c,b6a7e8fa,04444444,000002ca,1,0,0,1,1,422354e8,0ade,"iSTATE2",1,b392d708,b392d708,fcec9602,00000000,00000000,00000000,1,3064457466,6168,1,00000a09,0,0,0,1,0
2786,2786,0,0,0,2a,60,0001871c,b6ba204a,04444444,000002ca,1,0,0,1,1,422354e8,0ade,"iSTATE2",1,b3a50e58,b3a50e58,fcec9602,00000000,00000000,00000000,1,3065651274,6169,1,00000a0a,0,0,0,1,0
2787,2787,0,0,0,2a,60,0001871c,b6cc54d0,04444444,000002ca,1,0,0,1,1,422354e8,0ade,"iSTATE2",1,b3b742de,b3b742de,fcec9602,00000000,00000000,00000000,1,3066844368,6170,1,00000a0b,0,0,0,1,0
2788,2788,0,0,0,2a,60,0001871c,b6de8956,04444444,000002ca,1,0,0,1,1,422354e8,0ade,"iSTATE2",1,b3c97764,b3c97764,fcec9602,00000000,00000000,00000000,1,3068037462,6171,1,00000a0c,0,0,0,1,0
2789,2789,0,0,0,2a,60,0001871c,b6f0c0a6,04444444,000002ca,1,0,0,1,1,422354e8,0ade,"iSTATE2",1,b3dbaeb4,b3dbaeb4,fcec9602,00000000,00000000,00000000,1,3069231270,6172,1,00000a0d,0,0,0,1,0
2790,2790,0,0,0,2a,60,0001871c,b702f52c,04444444,000002ca,1,0,0,1,1,422354e8,0ade,"iSTATE2",1,b3ede33a,b3ede33a,fcec9602,00000000,00000000,00000000,1,3070424364,6173,1,00000a0e,0,0,0,1,0
2791,2791,0,0,0,2a,60,0001871c,b71529b2,04444444,000002ca,1,0,0,1,1,422354e8,0ade,"iSTATE2",1,b40017c0,b40017c0,fcec9602,00000000,00000000,00000000,1,3071617458,6174,1,00000a0f,0,0,0,1,0
2792,2792,0,0,0,2a,60,0001871c,b7276102,04444444,000002ca,1,0,0,1,1,422354e8,0ade,"iSTATE2",1,b4124f10,b4124f10,fcec9602,00000000,00000000,00000000,1,3072811266,6175,1,00000a10,0,0,0,1,0
2793,2793,0,0,0,2a,60,0001871c,b7399588,04444444,000002ca,1,0,0,1,1,422354e8,0ade,"iSTATE2",1,b4248396,b4248396,fcec9602,00000000,00000000,00000000,1,3074004360,6176,1,00000a11,0,0,0,1,0
2794,2794,0,0,0,2a,60,0001871c,b74bca0e,04444444,000002ca,1,0,0,1,1,422354e8,0ade,"iSTATE2",1,b436b81c,b436b81c,fcec9602,00000000,00000000,00000000,1,3075197454,6177,1,00000a12,0,0,0,1,0
2795,2795,0,0,0,2a,60,0001871c,b75e015e,04444444,000002ca,1,0,0,1,1,422354e8,0ade,"iSTATE2",1,b448ef6c,b448ef6c,fcec9602,00000000,00000000,00000000,1,3076391262,6178,1,00000a13,0,0,0,1,0
2796,2796,0,0,0,2a,60,0001871c,b77035e4,04444444,000002ca,1,0,0,1,1,422354e8,0ade,"iSTATE2",1,b45b23f2,b45b23f2,fcec9602,00000000,00000000,00000000,1,3077584356,6179,1,00000a14,0,0,0,1,0
2797,2797,0,0,0,2b,60,0001871b,b7826a6e,04444444,000002ca,1,0,0,1,1,422354e8,0ade,"iSTATE2",1,b46c22e2,b46c22e2,fceaee0e,00000000,00000000,00000000,1,3078777454,6180,1,00000a15,0,0,0,1,0
2798,2798,0,0,0,2b,60,0001871b,b794a1be,04444444,000002ca,1,0,0,1,1,422354e8,0ade,"iSTATE2",1,b47e5a32,b47e5a32,fceaee0e,00000000,00000000,00000000,1,3079971262,6181,1,00000a16,0,0,0,1,0
2799,2799,0,0,0,2b,60,0001871b,b7a6d644,04444444,000002ca,1,0,0,1,1,422354e8,0ade,"iSTATE2",1,b4908eb8,b4908eb8,fceaee0e,00000000,00000000,00000000,1,3081164356,6182,1,00000a17,0,0,0,1,0
2800,2800,0,0,0,2b,60,0001871b,b7b90aca,04444444,000002ca,1,0,0,1,1,422354e8,0ade,"iSTATE2",1,b4a2c33e,b4a2c33e,fceaee0e,00000000,00000000,00000000,1,3082357450,6183,1,00000a18,0,0,0,1,0
2801,2801,0,0,0,2b,60,0001871b,b7cb421a,04444444,000002ca,1,0,0,1,1,422354e8,0ade,"iSTATE2",1,b4b4fa8e,b4b4fa8e,fceaee0e,00000000,00000000,00000000,1,3083551258,6184,1,00000a19,0,0,0,1,0
2802,2802,0,0,0,2b,60,0001871b,b7dd76a0,04444444,000002ca,1,0,0,1,1,422354e8,0ade,"iSTATE2",1,b4c72f14,b4c72f14,fceaee0e,00000000,00000000,00000000,1,3084744352,6185,1,00000a1a,0,0,0,1,0
2803,2803,0,0,0,2b,60,0001871b,b7efab26,04444444,000002ca,1,0,0,1,1,422354e8,0ade,"iSTATE2",1,b4d9639a,b4d9639a,fceaee0e,00000000,00000000,00000000,1,3085937446,6186,1,00000a1b,0,0,0,1,0
2804,2804,0,0,0,2b,60,0001871b,b801e276,04444444,000002ca,1,0,0,1,1,422354e8,0ade,"iSTATE2",1,b4eb9aea,b4eb9aea,fceaee0e,00000000,00000000,00000000,1,3087131254,6187,1,00000a1c,0,0,0,1,0
2805,2805,0,0,0,2b,60,0001871b,b81416fc,04444444,000002ca,1,0,0,1,1,422354e8,0ade,"iSTATE2",1,b4fdcf70,b4fdcf70,fceaee0e,00000000,00000000,00000000,1,3088324348,6188,1,00000a1d,0,0,0,1,0
2806,2806,0,0,0,2b,60,0001871b,b8264b82,04444444,000002ca,1,0,0,1,1,422354e8,0ade,"iSTATE2",1,b51003f6,b51003f6,fceaee0e,00000000,00000000,00000000,1,3089517442,6189,1,00000a1e,0,0,0,1,0
2807,2807,0,0,0,2b,60,0001871b,b83882d2,04444444,000002ca,1,0,0,1,1,422354e8,0ade,"iSTATE2",1,b5223b46,b5223b46,fceaee0e,00000000,00000000,00000000,1,3090711250,6190,1,00000a1f,0,0,0,1,0
2808,2808,0,0,0,2b,60,0001871b,b84ab758,04444444,000002ca,1,0,0,1,1,422354e8,0ade,"iSTATE2",1,b5346fcc,b5346fcc,fceaee0e,00000000,00000000,00000000,1,3091904344,6191,1,00000a20,0,0,0,1,0
2809,2809,0,0,0,2b,60,0001871b,b85cebde,04444444,000002ca,1,0,0,1,1,422354e8,0ade,"iSTATE2",1,b546a452,b546a452,fceaee0e,00000000,00000000,00000000,1,3093097438,6192,1,00000a21,0,0,0,1,0
2810,2810,0,0,0,2b,60,0001871b,b86f232e,04444444,000002ca,1,0,0,1,1,422354e8,0ade,"iSTATE2",1,b558dba2,b558dba2,fceaee0e,00000000,00000000,00000000,1,3094291246,6193,1,00000a22,0,0,0,1,0
2811,2811,0,0,0,2b,60,0001871b,b88157b4,04444444,000002ca,1,0,0,1,1,422354e8,0ade,"iSTATE2",1,b56b1028,b56b1028,fceaee0e,00000000,00000000,00000000,1,3095484340,6194,1,00000a23,0,0,0,1,0
2812,2812,0,0,0,2b,60,0001871b,b8938c3a,04444444,000002ca,1,0,0,1,1,422354e8,0ade,"iSTATE2",1,b57d44ae,b57d44ae,fceaee0e,00000000,00000000,00000000,1,3096677434,6195,1,00000a24,0,0,0,1,0
2813,2813,0,0,0,2b,60,0001871b,b8a5c38a,04444444,000002ca,1,0,0,1,1,422354e8,0ade,"iSTATE2",1,b58f7bfe,b58f7bfe,fceaee0e,00000000,00000000,00000000,1,3097871242,6196,1,00000a25,0,0,0,1,0
2814,2814,0,0,0,2b,60,0001871b,b8b7f810,04444444,000002ca,1,0,0,1,1,422354e8,0ade,"iSTATE2",1,b5a1b084,b5a1b084,fceaee0e,00000000,00000000,00000000,1,3099064336,6197,1,00000a26,0,0,0,1,0
2815,2815,0,0,0,2b,60,0001871b,b8ca2c96,04444444,000002ca,1,0,0,1,1,422354e8,0ade,"iSTATE2",1,b5b3e50a,b5b3e50a,fceaee0e,00000000,00000000,00000000,1,3100257430,6198,1,00000a27,0,0,0,1,0
2816,2816,0,0,0,2b,60,0001871b,b8dc611c,04444444,000002ca,1,0,0,1,1,422354e8,0ade,"iSTATE2",1,b5c61990,b5c61990,fceaee0e,00000000,00000000,00000000,1,3101450524,6199,1,00000a28,0,0,0,1,0
2817,2817,0,0,0,2b,60,0001871b,b8ee986c,04444444,000002ca,1,0,0,1,1,422354e8,0ade,"iSTATE2",1,b5d850e0,b5d850e0,fceaee0e,00000000,00000000,00000000,1,3102644332,6200,1,00000a29,0,0,0,1,0
2818,2818,0,0,0,2b,60,0001871b,b900ccf2,04444444,000002ca,1,0,0,1,1,422354e8,0ade,"iSTATE2",1,b5ea8566,b5ea8566,fceaee0e,00000000,00000000,00000000,1,3103837426,6201,1,00000a2a,0,0,0,1,0
2819,2819,0,0,0,2b,60,0001871b,b9130178,04444444,000002ca,1,0,0,1,1,422354e8,0ade,"iSTATE2",1,b5fcb9ec,b5fcb9ec,fceaee0e,00000000,00000000,00000000,1,3105030520,6202,1,00000a2b,0,0,0,1,0
2820,2820,0,0,0,2b,60,0001871b,b92538c8,04444444,000002ca,1,0,0,1,1,422354e8,0ade,"iSTATE2",1,b60ef13c,b60ef13c,fceaee0e,00000000,00000000,00000000,1,3106224328,6203,1,00000a2c,0,0,0,1,0
2821,2821,0,0,0,2b,60,0001871b,b9376d4e,04444444,000002ca,1,0,0,1,1,422354e8,0ade,"iSTATE2",1,b62125c2,b62125c2,fceaee0e,00000000,00000000,00000000,1,3107417422,6204,1,00000a2d,0,0,0,1,0
2822,2822,0,0,0,2b,60,0001871b,b949a1d4,04444444,000002ca,1,0,0,1,1,422354e8,0ade,"iSTATE2",1,b6335a48,b6335a48,fceaee0e,00000000,00000000,00000000,1,3108610516,6205,1,00000a2e,0,0,0,1,0
2823,2823,0,0,0,2b,60,0001871b,b95bd924,04444444,000002ca,1,0,0,1,1,422354e8,0ade,"iSTATE2",1,b6459198,b6459198,fceaee0e,00000000,00000000,00000000,1,3109804324,6206,1,00000a2f,0,0,0,1,0
2824,2824,0,0,0,2b,60,0001871b,b96e0daa,04444444,000002ca,1,0,0,1,1,422354e8,0ade,"iSTATE2",1,b657c61e,b657c61e,fceaee0e,00000000,00000000,00000000,1,3110997418,6207,1,00000a30,0,0,0,1,0
2825,2825,0,0,0,2b,60,0001871b,b9804230,04444444,000002ca,1,0,0,1,1,422354e8,0ade,"iSTATE2",1,b669faa4,b669faa4,fceaee0e,00000000,00000000,00000000,1,3112190512,6208,1,00000a31,0,0,0,1,0
2826,2826,0,0,0,2b,60,0001871b,b9927980,04444444,000002ca,1,0,0,1,1,422354e8,0ade,"iSTATE2",1,b67c31f4,b67c31f4,fceaee0e,00000000,00000000,00000000,1,3113384320,6209,1,00000a32,0,0,0,1,0
2827,2827,0,0,0,2b,60,0001871b,b9a4ae06,04444444,000002ca,1,0,0,1,1,422354e8,0ade,"iSTATE2",1,b68e667a,b68e667a,fceaee0e,00000000,00000000,00000000,1,3114577414,6210,1,00000a33,0,0,0,1,0
2828,2828,0,0,0,2b,60,0001871b,b9b6e28c,04444444,000002ca,1,0,0,1,1,422354e8,0ade,"iSTATE2",1,b6a09b00,b6a09b00,fceaee0e,00000000,00000000,00000000,1,3115770508,6211,1,00000a34,0,0,0,1,0
2829,2829,0,0,0,2b,60,0001871b,b9c919dc,04444444,000002ca,1,0,0,1,1,422354e8,0ade,"iSTATE2",1,b6b2d250,b6b2d250,fceaee0e,00000000,00000000,00000000,1,3116964316,6212,1,00000a35,0,0,0,1,0
2830,2830,0,0,0,2b,60,0001871b,b9db4e62,04444444,000002ca,1,0,0,1,1,422354e8,0ade,"iSTATE2",1,b6c506d6,b6c506d6,fceaee0e,00000000,00000000,00000000,1,3118157410,6213,1,00000a36,0,0,0,1,0
2831,2831,0,0,0,2b,60,0001871b,b9ed82e8,04444444,000002ca,1,0,0,1,1,422354e8,0ade,"iSTATE2",1,b6d73b5c,b6d73b5c,fceaee0e,00000000,00000000,00000000,1,3119350504,6214,1,00000a37,0,0,0,1,0
2832,2832,0,0,0,2b,60,0001871b,b9ffba38,04444444,000002ca,1,0,0,1,1,422354e8,0ade,"iSTATE2",1,b6e972ac,b6e972ac,fceaee0e,00000000,00000000,00000000,1,3120544312,6215,1,00000a38,0,0,0,1,0
2833,2833,0,0,0,2b,60,0001871b,ba11eebe,04444444,000002ca,1,0,0,1,1,422354e8,0ade,"iSTATE2",1,b6fba732,b6fba732,fceaee0e,00000000,00000000,00000000,1,3121737406,6216,1,00000a39,0,0,0,1,0
2834,2834,0,0,0,2b,60,0001871b,ba242344,04444444,000002ca,1,0,0,1,1,422354e8,0ade,"iSTATE2",1,b70ddbb8,b70ddbb8,fceaee0e,00000000,00000000,00000000,1,3122930500,6217,1,00000a3a,0,0,0,1,0
2835,2835,0,0,0,2b,60,0001871b,ba365a94,04444444,000002ca,1,0,0,1,1,422354e8,0ade,"iSTATE2",1,b7201308,b7201308,fceaee0e,00000000,00000000,00000000,1,3124124308,6218,1,00000a3b,0,0,0,1,0
2836,2836,0,0,0,2b,60,0001871b,ba488f1a,04444444,000002ca,1,0,0,1,1,422354e8,0ade,"iSTATE2",1,b732478e,b732478e,fceaee0e,00000000,00000000,00000000,1,3125317402,6219,1,00000a3c,0,0,0,1,0
2837,2837,0,0,0,2b,60,0001871b,ba5ac3a0,04444444,000002ca,1,0,0,1,1,422354e8,0ade,"iSTATE2",1,b7447c14,b7447c14,fceaee0e,00000000,00000000,00000000,1,3126510496,6220,1,00000a3d,0,0,0,1,0
2838,2838,0,0,0,2b,60,0001871b,ba6cfaf0,04444444,000002ca,1,0,0,1,1,422354e8,0ade,"iSTATE2",1,b756b364,b756b364,fceaee0e,00000000,00000000,00000000,1,3127704304,6221,1,00000a3e,0,0,0,1,0
2839,2839,0,0,0,2b,60,0001871b,ba7f2f76,04444444,000002ca,1,0,0,1,1,422354e8,0ade,"iSTATE2",1,b768e7ea,b768e7ea,fceaee0e,00000000,00000000,00000000,1,3128897398,6222,1,00000a3f,0,0,0,1,0
2840,2840,0,0,0,2b,60,0001871b,ba9163fc,04444444,000002ca,1,0,0,1,1,422354e8,0ade,"iSTATE2",1,b77b1c70,b77b1c70,fceaee0e,00000000,00000000,00000000,1,3130090492,6223,1,00000a40,0,0,0,1,0
2841,2841,0,0,0,2b,60,0001871b,baa39b4c,04444444,000002ca,1,0,0,1,1,422354e8,0ade,"iSTATE2",1,b78d53c0,b78d53c0,fceaee0e,00000000,00000000,00000000,1,3131284300,6224,1,00000a41,0,0,0,1,0
2842,2842,0,0,0,2b,60,0001871b,bab5cfd2,04444444,000002ca,1,0,0,1,1,422354e8,0ade,"iSTATE2",1,b79f8846,b79f8846,fceaee0e,00000000,00000000,00000000,1,3132477394,6225,1,00000a42,0,0,0,1,0
2843,2843,0,0,0,2b,60,0001871b,bac80458,04444444,000002ca,1,0,0,1,1,422354e8,0ade,"iSTATE2",1,b7b1bccc,b7b1bccc,fceaee0e,00000000,00000000,00000000,1,3133670488,6226,1,00000a43,0,0,0,1,0
2844,2844,0,0,0,2b,60,0001871b,bada38de,04444444,000002ca,1,0,0,1,1,422354e8,0ade,"iSTATE2",1,b7c3f152,b7c3f152,fceaee0e,00000000,00000000,00000000,1,3134863582,6227,1,00000a44,0,0,0,1,0
2845,2845,0,0,0,2b,60,0001871b,baec702e,04444444,000002ca,1,0,0,1,1,422354e8,0ade,"iSTATE2",1,b7d628a2,b7d628a2,fceaee0e,00000000,00000000,00000000,1,3136057390,6228,1,00000a45,0,0,0,1,0
2846,2846,0,0,0,2b,60,0001871b,bafea4b4,04444444,000002ca,1,0,0,1,1,422354e8,0ade,"iSTATE2",1,b7e85d28,b7e85d28,fceaee0e,00000000,00000000,00000000,1,3137250484,6229,1,00000a46,0,0,0,1,0
2847,2847,0,0,0,2b,60,0001871b,bb10d93a,04444444,000002ca,1,0,0,1,1,422354e8,0ade,"iSTATE2",1,b7fa91ae,b7fa91ae,fceaee0e,00000000,00000000,00000000,1,3138443578,6230,1,00000a47,0,0,0,1,0
2848,2848,0,0,0,2b,60,0001871b,bb23108a,04444444,000002ca,1,0,0,1,1,422354e8,0ade,"iSTATE2",1,b80cc8fe,b80cc8fe,fceaee0e,00000000,00000000,00000000,1,3139637386,6231,1,00000a48,0,0,0,1,0
2849,2849,0,0,0,2b,60,0001871b,bb354510,04444444,000002ca,1,0,0,1,1,422354e8,0ade,"iSTATE2",1,b81efd84,b81efd84,fceaee0e,00000000,00000000,00000000,1,3140830480,6232,1,00000a49,0,0,0,1,0
2850,2850,0,0,0,2b,60,0001871b,bb477996,04444444,000002ca,1,0,0,1,1,422354e8,0ade,"iSTATE2",1,b831320a,b831320a,fceaee0e,00000000,00000000,00000000,1,3142023574,6233,1,00000a4a,0,0,0,1,0
2851,2851,0,0,0,2b,60,0001871b,bb59b0e6,04444444,000002ca,1,0,0,1,1,422354e8,0ade,"iSTATE2",1,b843695a,b843695a,fceaee0e,00000000,00000000,00000000,1,3143217382,6234,1,00000a4b,0,0,0,1,0
2852,2852,0,0,0,2b,60,0001871b,bb6be56c,04444444,000002ca,1,0,0,1,1,422354e8,0ade,"iSTATE2",1,b8559de0,b8559de0,fceaee0e,00000000,00000000,00000000,1,3144410476,6235,1,00000a4c,0,0,0,1,0
2853,2853,0,0,0,2b,60,0001871b,bb7e19f2,04444444,000002ca,1,0,0,1,1,422354e8,0ade,"iSTATE2",1,b867d266,b867d266,fceaee0e,00000000,00000000,00000000,1,3145603570,6236,1,00000a4d,0,0,0,1,0
2854,2854,0,0,0,2b,60,0001871b,bb905142,04444444,000002ca,1,0,0,1,1,422354e8,0ade,"iSTATE2",1,b87a09b6,b87a09b6,fceaee0e,00000000,00000000,00000000,1,3146797378,6237,1,00000a4e,0,0,0,1,0
2855,2855,0,0,0,2b,60,0001871b,bba285c8,04444444,000002ca,1,0,0,1,1,422354e8,0ade,"iSTATE2",1,b88c3e3c,b88c3e3c,fceaee0e,00000000,00000000,00000000,1,3147990472,6238,1,00000a4f,0,0,0,1,0
2856,2856,0,0,0,2b,60,0001871b,bbb4ba4e,04444444,000002ca,1,0,0,1,1,422354e8,0ade,"iSTATE2",1,b89e72c2,b89e72c2,fceaee0e,00000000,00000000,00000000,1,3149183566,6239,1,00000a50,0,0,0,1,0
2857,2857,0,0,0,2c,60,0001871c,bbc6f1a2,04444444,000002ca,1,0,0,1,1,422354e8,0ade,"iSTATE2",1,b8af3cb4,b8af3cb4,fce9b874,00000000,00000000,00000000,1,3150377378,6240,1,00000a51,0,0,0,1,0
2858,2858,0,0,0,2c,60,0001871c,bbd92628,04444444,000002ca,1,0,0,1,1,422354e8,0ade,"iSTATE2",1,b8c1713a,b8c1713a,fce9b874,00000000,00000000,00000000,1,3151570472,6241,1,00000a52,0,0,0,1,0
2859,2859,0,0,0,2c,60,0001871c,bbeb5aae,04444444,000002ca,1,0,0,1,1,422354e8,0ade,"iSTATE2",1,b8d3a5c0,b8d3a5c0,fce9b874,00000000,00000000,00000000,1,3152763566,6242,1,00000a53,0,0,0,1,0
2860,2860,0,0,0,2c,60,0001871c,bbfd91fe,04444444,000002ca,1,0,0,1,1,422354e8,0ade,"iSTATE2",1,b8e5dd10,b8e5dd10,fce9b874,00000000,00000000,00000000,1,3153957374,6243,1,00000a54,0,0,0,1,0
2861,2861,0,0,0,2c,60,0001871c,bc0fc684,04444444,000002ca,1,0,0,1,1,422354e8,0ade,"iSTATE2",1,b8f81196,b8f81196,fce9b874,00000000,00000000,00000000,1,3155150468,6244,1,00000a55,0,0,0,1,0
2862,2862,0,0,0,2c,60,0001871c,bc21fb0a,04444444,000002ca,1,0,0,1,1,422354e8,0ade,"iSTATE2",1,b90a461c,b90a461c,fce9b874,00000000,00000000,00000000,1,3156343562,6245,1,00000a56,0,0,0,1,0
2863,2863,0,0,0,2c,60,0001871c,bc34325a,04444444,000002ca,1,0,0,1,1,422354e8,0ade,"iSTATE2",1,b91c7d6c,b91c7d6c,fce9b874,00000000,00000000,00000000,1,3157537370,6246,1,00000a57,0,0,0,1,0
2864,2864,0,0,0,2c,60,0001871c,bc4666e0,04444444,000002ca,1,0,0,1,1,422354e8,0ade,"iSTATE2",1,b92eb1f2,b92eb1f2,fce9b874,00000000,00000000,00000000,1,3158730464,6247,1,00000a58,0,0,0,1,0
2865,2865,0,0,0,2c,60,0001871c,bc589b66,04444444,000002ca,1,0,0,1,1,422354e8,0ade,"iSTATE2",1,b940e678,b940e678,fce9b874,00000000,00000000,00000000,1,3159923558,6248,1,00000a59,0,0,0,1,0
2866,2866,0,0,0,2c,60,0001871c,bc6ad2b6,04444444,000002ca,1,0,0,1,1,422354e8,0ade,"iSTATE2",1,b9531dc8,b9531dc8,fce9b874,00000000,00000000,00000000,1,3161117366,6249,1,00000a5a,0,0,0,1,0
2867,2867,0,0,0,2c,60,0001871c,bc7d073c,04444444,000002ca,1,0,0,1,1,422354e8,0ade,"iSTATE2",1,b965524e,b965524e,fce9b874,00000000,00000000,00000000,1,3162310460,6250,1,00000a5b,0,0,0,1,0
2868,2868,0,0,0,2c,60,0001871c,bc8f3bc2,04444444,000002ca,1,0,0,1,1,422354e8,0ade,"iSTATE2",1,b97786d4,b97786d4,fce9b874,00000000,00000000,00000000,1,3163503554,6251,1,00000a5c,0,0,0,1,0
2869,2869,0,0,0,2c,60,0001871c,bca17312,04444444,000002ca,1,0,0,1,1,422354e8,0ade,"iSTATE2",1,b989be24,b989be24,fce9b874,00000000,00000000,00000000,1,3164697362,6252,1,00000a5d,0,0,0,1,0
2870,2870,0,0,0,2c,60,0001871c,bcb3a798,04444444,000002ca,1,0,0,1,1,422354e8,0ade,"iSTATE2",1,b99bf2aa,b99bf2aa,fce9b874,00000000,00000000,00000000,1,3165890456,6253,1,00000a5e,0,0,0,1,0
2871,2871,0,0,0,2c,60,0001871c,bcc5dc1e,04444444,000002ca,1,0,0,1,1,422354e8,0ade,"iSTATE2",1,b9ae2730,b9ae2730,fce9b874,00000000,00000000,00000000,1,3167083550,6254,1,00000a5f,0,0,0,1,0
2872,2872,0,0,0,2c,60,0001871c,bcd8136e,04444444,000002ca,1,0,0,1,1,422354e8,0ade,"iSTATE2",1,b9c05e80,b9c05e80,fce9b874,00000000,00000000,00000000,1,3168277358,6255,1,00000a60,0,0,0,1,0
2873,2873,0,0,0,2c,60,0001871c,bcea47f4,04444444,000002ca,1,0,0,1,1,422354e8,0ade,"iSTATE2",1,b9d29306,b9d29306,fce9b874,00000000,00000000,00000000,1,3169470452,6256,1,00000a61,0,0,0,1,0
2874,2874,0,0,0,2c,60,0001871c,bcfc7c7a,04444444,000002ca,1,0,0,1,1,422354e8,0ade,"iSTATE2",1,b9e4c78c,b9e4c78c,fce9b874,00000000,00000000,00000000,1,3170663546,6257,1,00000a62,0,0,0,1,0
2875,2875,0,0,0,2c,60,0001871c,bd0eb100,04444444,000002ca,1,0,0,1,1,422354e8,0ade,"iSTATE2",1,b9f6fc12,b9f6fc12,fce9b874,00000000,00000000,00000000,1,3171856640,6258,1,00000a63,0,0,0,1,0
2876,2876,0,0,0,2c,60,0001871c,bd20e850,04444444,000002ca,1,0,0,1,1,422354e8,0ade,"iSTATE2",1,ba093362,ba093362,fce9b874,00000000,00000000,00000000,1,3173050448,6259,1,00000a64,0,0,0,1,0
2877,2877,0,0,0,2c,60,0001871c,bd331cd6,04444444,000002ca,1,0,0,1,1,422354e8,0ade,"iSTATE2",1,ba1b67e8,ba1b67e8,fce9b874,00000000,00000000,00000000,1,3174243542,6260,1,00000a65,0,0,0,1,0
2878,2878,0,0,0,2c,60,0001871c,bd45515c,04444444,000002ca,1,0,0,1,1,422354e8,0ade,"iSTATE2",1,ba2d9c6e,ba2d9c6e,fce9b874,00000000,00000000,00000000,1,3175436636,6261,1,00000a66,0,0,0,1,0
2879,2879,0,0,0,2c,60,0001871c,bd5788ac,04444444,000002ca,1,0,0,1,1,422354e8,0ade,"iSTATE2",1,ba3fd3be,ba3fd3be,fce9b874,00000000,00000000,00000000,1,3176630444,6262,1,00000a67,0,0,0,1,0
2880,2880,0,0,0,2c,60,0001871c,bd69bd32,04444444,000002ca,1,0,0,1,1,422354e8,0ade,"iSTATE2",1,ba520844,ba520844,fce9b874,00000000,00000000,00000000,1,3177823538,6263,1,00000a68,0,0,0,1,0
2881,2881,0,0,0,2c,60,0001871c,bd7bf1b8,04444444,000002ca,1,0,0,1,1,422354e8,0ade,"iSTATE2",1,ba643cca,ba643cca,fce9b874,00000000,00000000,00000000,1,3179016632,6264,1,00000a69,0,0,0,1,0
2882,2882,0,0,0,2c,60,0001871c,bd8e2908,04444444,000002ca,1,0,0,1,1,422354e8,0ade,"iSTATE2",1,ba76741a,ba76741a,fce9b874,00000000,00000000,00000000,1,3180210440,6265,1,00000a6a,0,0,0,1,0
2883,2883,0,0,0,2c,60,0001871c,bda05d8e,04444444,000002ca,1,0,0,1,1,422354e8,0ade,"iSTATE2",1,ba88a8a0,ba88a8a0,fce9b874,00000000,00000000,00000000,1,3181403534,6266,1,00000a6b,0,0,0,1,0
2884,2884,0,0,0,2c,60,0001871c,bdb29214,04444444,000002ca,1,0,0,1,1,422354e8,0ade,"iSTATE2",1,ba9add26,ba9add26,fce9b874,00000000,00000000,00000000,1,3182596628,6267,1,00000a6c,0,0,0,1,0
2885,2885,0,0,0,2c,60,0001871c,bdc4c964,04444444,000002ca,1,0,0,1,1,422354e8,0ade,"iSTATE2",1,baad1476,baad1476,fce9b874,00000000,00000000,00000000,1,3183790436,6268,1,00000a6d,0,0,0,1,0
2886,2886,0,0,0,2c,60,0001871c,bdd6fdea,04444444,000002ca,1,0,0,1,1,422354e8,0ade,"iSTATE2",1,babf48fc,babf48fc,fce9b874,00000000,00000000,00000000,1,3184983530,6269,1,00000a6e,0,0,0,1,0
2887,2887,0,0,0,2c,60,0001871c,bde93270,04444444,000002ca,1,0,0,1,1,422354e8,0ade,"iSTATE2",1,bad17d82,bad17d82,fce9b874,00000000,00000000,00000000,1,3186176624,6270,1,00000a6f,0,0,0,1,0
2888,2888,0,0,0,2c,60,0001871c,bdfb69c0,04444444,000002ca,1,0,0,1,1,422354e8,0ade,"iSTATE2",1,bae3b4d2,bae3b4d2,fce9b874,00000000,00000000,00000000,1,3187370432,6271,1,00000a70,0,0,0,1,0
2889,2889,0,0,0,2c,60,0001871c,be0d9e46,04444444,000002ca,1,0,0,1,1,422354e8,0ade,"iSTATE2",1,baf5e958,baf5e958,fce9b874,00000000,00000000,00000000,1,3188563526,6272,1,00000a71,0,0,0,1,0
2890,2890,0,0,0,2c,60,0001871c,be1fd2cc,04444444,000002ca,1,0,0,1,1,422354e8,0ade,"iSTATE2",1,bb081dde,bb081dde,fce9b874,00000000,00000000,00000000,1,3189756620,6273,1,00000a72,0,0,0,1,0
2891,2891,0,0,0,2c,60,0001871c,be320a1c,04444444,000002ca,1,0,0,1,1,422354e8,0ade,"iSTATE2",1,bb1a552e,bb1a552e,fce9b874,00000000,00000000,00000000,1,3190950428,6274,1,00000a73,0,0,0,1,0
2892,2892,0,0,0,2c,60,0001871c,be443ea2,04444444,000002ca,1,0,0,1,1,422354e8,0ade,"iSTATE2",1,bb2c89b4,bb2c89b4,fce9b874,00000000,00000000,00000000,1,3192143522,6275,1,00000a74,0,0,0,1,0
2893,2893,0,0,0,2c,60,0001871c,be567328,04444444,000002ca,1,0,0,1,1,422354e8,0ade,"iSTATE2",1,bb3ebe3a,bb3ebe3a,fce9b874,00000000,00000000,00000000,1,3193336616,6276,1,00000a75,0,0,0,1,0
2894,2894,0,0,0,2c,60,0001871c,be68aa78,04444444,000002ca,1,0,0,1,1,422354e8,0ade,"iSTATE2",1,bb50f58a,bb50f58a,fce9b874,00000000,00000000,00000000,1,3194530424,6277,1,00000a76,0,0,0,1,0
2895,2895,0,0,0,2c,60,0001871c,be7adefe,04444444,000002ca,1,0,0,1,1,422354e8,0ade,"iSTATE2",1,bb632a10,bb632a10,fce9b874,00000000,00000000,00000000,1,3195723518,6278,1,00000a77,0,0,0,1,0
2896,2896,0,0,0,2c,60,0001871c,be8d1384,04444444,000002ca,1,0,0,1,1,422354e8,0ade,"iSTATE2",1,bb755e96,bb755e96,fce9b874,00000000,00000000,00000000,1,3196916612,6279,1,00000a78,0,0,0,1,0
2897,2897,0,0,0,2c,60,0001871c,be9f4ad4,04444444,000002ca,1,0,0,1,1,422354e8,0ade,"iSTATE2",1,bb8795e6,bb8795e6,fce9b874,00000000,00000000,00000000,1,3198110420,6280,1,00000a79,0,0,0,1,0
2898,2898,0,0,0,2c,60,0001871c,beb17f5a,04444444,000002ca,1,0,0,1,1,422354e8,0ade,"iSTATE2",1,bb99ca6c,bb99ca6c,fce9b874,00000000,00000000,00000000,1,3199303514,6281,1,00000a7a,0,0,0,1,0
2899,2899,0,0,0,2c,60,0001871c,bec3b3e0,04444444,000002ca,1,0,0,1,1,422354e8,0ade,"iSTATE2",1,bbabfef2,bbabfef2,fce9b874,00000000,00000000,00000000,1,3200496608,6282,1,00000a7b,0,0,0,1,0
2900,2900,0,0,0,2c,60,0001871c,bed5eb30,04444444,000002ca,1,0,0,1,1,422354e8,0ade,"iSTATE2",1,bbbe3642,bbbe3642,fce9b874,00000000,00000000,00000000,1,3201690416,6283,1,00000a7c,0,0,0,1,0
2901,2901,0,0,0,2c,60,0001871c,bee81fb6,04444444,000002ca,1,0,0,1,1,422354e8,0ade,"iSTATE2",1,bbd06ac8,bbd06ac8,fce9b874,00000000,00000000,00000000,1,3202883510,6284,1,00000a7d,0,0,0,1,0
2902,2902,0,0,0,2c,60,0001871c,befa543c,04444444,000002ca,1,0,0,1,1,422354e8,0ade,"iSTATE2",1,bbe29f4e,bbe29f4e,fce9b874,00000000,00000000,00000000,1,3204076604,6285,1,00000a7e,0,0,0,1,0
2903,2903,0,0,0,2c,60,0001871c,bf0c88c2,04444444,000002ca,1,0,0,1,1,422354e8,0ade,"iSTATE2",1,bbf4d3d4,bbf4d3d4,fce9b874,00000000,00000000,00000000,1,3205269698,6286,1,00000a7f,0,0,0,1,0
2904,2904,0,0,0,2c,60,0001871c,bf1ec012,04444444,000002ca,1,0,0,1,1,422354e8,0ade,"iSTATE2",1,bc070b24,bc070b24,fce9b874,00000000,00000000,00000000,1,3206463506,6287,1,00000a80,0,0,0,1,0
2905,2905,0,0,0,2c,60,0001871c,bf30f498,04444444,000002ca,1,0,0,1,1,422354e8,0ade,"iSTATE2",1,bc193faa,bc193faa,fce9b874,00000000,00000000,00000000,1,3207656600,6288,1,00000a81,0,0,0,1,0
2906,2906,0,0,0,2c,60,0001871c,bf43291e,04444444,000002ca,1,0,0,1,1,422354e8,0ade,"iSTATE2",1,bc2b7430,bc2b7430,fce9b874,00000000,00000000,00000000,1,3208849694,6289,1,00000a82,0,0,0,1,0
2907,2907,0,0,0,2c,60,0001871c,bf55606e,04444444,000002ca,1,0,0,1,1,422354e8,0ade,"iSTATE2",1,bc3dab80,bc3dab80,fce9b874,00000000,00000000,00000000,1,3210043502,6290,1,00000a83,0,0,0,1,0
2908,2908,0,0,0,2c,60,0001871c,bf6794f4,04444444,000002ca,1,0,0,1,1,422354e8,0ade,"iSTATE2",1,bc4fe006,bc4fe006,fce9b874,00000000,00000000,00000000,1,3211236596,6291,1,00000a84,0,0,0,1,0
2909,2909,0,0,0,2c,60,0001871c,bf79c97a,04444444,000002ca,1,0,0,1,1,422354e8,0ade,"iSTATE2",1,bc62148c,bc62148c,fce9b874,00000000,00000000,00000000,1,3212429690,6292,1,00000a85,0,0,0,1,0
2910,2910,0,0,0,2c,60,0001871c,bf8c00ca,04444444,000002ca,1,0,0,1,1,422354e8,0ade,"iSTATE2",1,bc744bdc,bc744bdc,fce9b874,00000000,00000000,00000000,1,3213623498,6293,1,00000a86,0,0,0,1,0
2911,2911,0,0,0,2c,60,0001871c,bf9e3550,04444444,000002ca,1,0,0,1,1,422354e8,0ade,"iSTATE2",1,bc868062,bc868062,fce9b874,00000000,00000000,00000000,1,3214816592,6294,1,00000a87,0,0,0,1,0
2912,2912,0,0,0,2c,60,0001871c,bfb069d6,04444444,000002ca,1,0,0,1,1,422354e8,0ade,"iSTATE2",1,bc98b4e8,bc98b4e8,fce9b874,00000000,00000000,00000000,1,3216009686,6295,1,00000a88,0,0,0,1,0
2913,2913,0,0,0,2c,60,0001871c,bfc2a126,04444444,000002ca,1,0,0,1,1,422354e8,0ade,"iSTATE2",1,bcaaec38,bcaaec38,fce9b874,00000000,00000000,00000000,1,3217203494,6296,1,00000a89,0,0,0,1,0
2914,2914,0,0,0,2c,60,0001871c,bfd4d5ac,04444444,000002ca,1,0,0,1,1,422354e8,0ade,"iSTATE2",1,bcbd20be,bcbd20be,fce9b874,00000000,00000000,00000000,1,3218396588,6297,1,00000a8a,0,0,0,1,0
2915,2915,0,0,0,2c,60,0001871c,bfe70a32,04444444,000002ca,1,0,0,1,1,422354e8,0ade,"iSTATE2",1,bccf5544,bccf5544,fce9b874,00000000,00000000,00000000,1,3219589682,6298,1,00000a8b,0,0,0,1,0
2916,2916,0,0,0,2c,60,0001871c,bff94182,04444444,000002ca,1,0,0,1,1,422354e8,0ade,"iSTATE2",1,bce18c94,bce18c94,fce9b874,00000000,00000000,00000000,1,3220783490,6299,1,00000a8c,0,0,0,1,0
2917,2917,0,0,0,2d,60,0001871b,c00b760c,04444444,000002ca,1,0,0,1,1,422354e8,0ade,"iSTATE2",1,bcf250f2,bcf250f2,fce84b12,00000000,00000000,00000000,1,3221976588,6300,1,00000a8d,0,0,0,1,0
2918,2918,0,0,0,2d,60,0001871b,c01daa92,04444444,000002ca,1,0,0,1,1,422354e8,0ade,"iSTATE2",1,bd048578,bd048578,fce84b12,00000000,00000000,00000000,1,3223169682,6301,1,00000a8e,0,0,0,1,0
2919,2919,0,0,0,2d,60,0001871b,c02fe1e2,04444444,000002ca,1,0,0,1,1,422354e8,0ade,"iSTATE2",1,bd16bcc8,bd16bcc8,fce84b12,00000000,00000000,00000000,1,3224363490,6302,1,00000a8f,0,0,0,1,0
2920,2920,0,0,0,2d,60,0001871b,c0421668,04444444,000002ca,1,0,0,1,1,422354e8,0ade,"iSTATE2",1,bd28f14e,bd28f14e,fce84b12,00000000,00000000,00000000,1,3225556584,6303,1,00000a90,0,0,0,1,0
2921,2921,0,0,0,2d,60,0001871b,c0544aee,04444444,000002ca,1,0,0,1,1,422354e8,0ade,"iSTATE2",1,bd3b25d4,bd3b25d4,fce84b12,00000000,00000000,00000000,1,3226749678,6304,1,00000a91,0,0,0,1,0
2922,2922,0,0,0,2d,60,0001871b,c066823e,04444444,000002ca,1,0,0,1,1,422354e8,0ade,"iSTATE2",1,bd4d5d24,bd4d5d24,fce84b12,00000000,00000000,00000000,1,3227943486,6305,1,00000a92,0,0,0,1,0
2923,2923,0,0,0,2d,60,0001871b,c078b6c4,04444444,000002ca,1,0,0,1,1,422354e8,0ade,"iSTATE2",1,bd5f91aa,bd5f91aa,fce84b12,00000000,00000000,00000000,1,3229136580,6306,1,00000a93,0,0,0,1,0
2924,2924,0,0,0,2d,60,0001871b,c08aeb4a,04444444,000002ca,1,0,0,1,1,422354e8,0ade,"iSTATE2",1,bd71c630,bd71c630,fce84b12,00000000,00000000,00000000,1,3230329674,6307,1,00000a94,0,0,0,1,0
2925,2925,0,0,0,2d,60,0001871b,c09d229a,04444444,000002ca,1,0,0,1,1,422354e8,0ade,"iSTATE2",1,bd83fd80,bd83fd80,fce84b12,00000000,00000000,00000000,1,3231523482,6308,1,00000a95,0,0,0,1,0
2926,2926,0,0,0,2d,60,0001871b,c0af5720,04444444,000002ca,1,0,0,1,1,422354e8,0ade,"iSTATE2",1,bd963206,bd963206,fce84b12,00000000,00000000,00000000,1,3232716576,6309,1,00000a96,0,0,0,1,0
2927,2927,0,0,0,2d,60,0001871b,c0c18ba6,04444444,000002ca,1,0,0,1,1,422354e8,0ade,"iSTATE2",1,bda8668c,bda8668c,fce84b12,00000000,00000000,00000000,1,3233909670,6310,1,00000a97,0,0,0,1,0
2928,2928,0,0,0,2d,60,0001871b,c0d3c2f6,04444444,000002ca,1,0,0,1,1,422354e8,0ade,"iSTATE2",1,bdba9ddc,bdba9ddc,fce84b12,00000000,00000000,00000000,1,3235103478,6311,1,00000a98,0,0,0,1,0
2929,2929,0,0,0,2d,60,0001871b,c0e5f77c,04444444,000002ca,1,0,0,1,1,422354e8,0ade,"iSTATE2",1,bdccd262,bdccd262,fce84b12,00000000,00000000,00000000,1,3236296572,6312,1,00000a99,0,0,0,1,0
2930,2930,0,0,0,2d,60,0001871b,c0f82c02,04444444,000002ca,1,0,0,1,1,422354e8,0ade,"iSTATE2",1,bddf06e8,bddf06e8,fce84b12,00000000,00000000,00000000,1,3237489666,6313,1,00000a9a,0,0,0,1,0
2931,2931,0,0,0,2d,60,0001871b,c10a6352,04444444,000002ca,1,0,0,1,1,422354e8,0ade,"iSTATE2",1,bdf13e38,bdf13e38,fce84b12,00000000,00000000,00000000,1,3238683474,6314,1,00000a9b,0,0,0,1,0
2932,2932,0,0,0,2d,60,0001871b,c11c97d8,04444444,000002ca,1,0,0,1,1,422354e8,0ade,"iSTATE2",1,be0372be,be0372be,fce84b12,00000000,00000000,00000000,1,3239876568,6315,1,00000a9c,0,0,0,1,0
2933,2933,0,0,0,2d,60,0001871b,c12ecc5e,04444444,000002ca,1,0,0,1,1,422354e8,0ade,"iSTATE2",1,be15a744,be15a744,fce84b12,00000000,00000000,00000000,1,3241069662,6316,1,00000a9d,0,0,0,1,0
2934,2934,0,0,0,2d,60,0001871b,c14100e4,04444444,000002ca,1,0,0,1,1,422354e8,0ade,"iSTATE2",1,be27dbca,be27dbca,fce84b12,00000000,00000000,00000000,1,3242262756,6317,1,00000a9e,0,0,0,1,0
2935,2935,0,0,0,2d,60,0001871b,c1533834,04444444,000002ca,1,0,0,1,1,422354e8,0ade,"iSTATE2",1,be3a131a,be3a131a,fce84b12,00000000,00000000,00000000,1,3243456564,6318,1,00000a9f,0,0,0,1,0
2936,2936,0,0,0,2d,60,0001871b,c1656cba,04444444,000002ca,1,0,0,1,1,422354e8,0ade,"iSTATE2",1,be4c47a0,be4c47a0,fce84b12,00000000,00000000,00000000,1,3244649658,6319,1,00000aa0,0,0,0,1,0
2937,2937,0,0,0,2d,60,0001871b,c177a140,04444444,000002ca,1,0,0,1,1,422354e8,0ade,"iSTATE2",1,be5e7c26,be5e7c26,fce84b12,00000000,00000000,00000000,1,3245842752,6320,1,00000aa1,0,0,0,1,0
2938,2938,0,0,0,2d,60,0001871b,c189d890,04444444,000002ca,1,0,0,1,1,422354e8,0ade,"iSTATE2",1,be70b376,be70b376,fce84b12,00000000,00000000,00000000,1,3247036560,6321,1,00000aa2,0,0,0,1,0
2939,2939,0,0,0,2d,60,0001871b,c19c0d16,04444444,000002ca,1,0,0,1,1,422354e8,0ade,"iSTATE2",1,be82e7fc,be82e7fc,fce84b12,00000000,00000000,00000000,1,3248229654,6322,1,00000aa3,0,0,0,1,0
2940,2940,0,0,0,2d,60,0001871b,c1ae419c,04444444,000002ca,1,0,0,1,1,422354e8,0ade,"iSTATE2",1,be951c82,be951c82,fce84b12,00000000,00000000,00000000,1,3249422748,6323,1,00000aa4,0,0,0,1,0
2941,2941,0,0,0,2d,60,0001871b,c1c078ec,04444444,000002ca,1,0,0,1,1,422354e8,0ade,"iSTATE2",1,bea753d2,bea753d2,fce84b12,00000000,00000000,00000000,1,3250616556,6324,1,00000aa5,0,0,0,1,0
2942,2942,0,0,0,2d,60,0001871b,c1d2ad72,04444444,000002ca,1,0,0,1,1,422354e8,0ade,"iSTATE2",1,beb98858,beb98858,fce84b12,00000000,00000000,00000000,1,3251809650,6325,1,00000aa6,0,0,0,1,0
2943,2943,0,0,0,2d,60,0001871b,c1e4e1f8,04444444,000002ca,1,0,0,1,1,422354e8,0ade,"iSTATE2",1,becbbcde,becbbcde,fce84b12,00000000,00000000,00000000,1,3253002744,6326,1,00000aa7,0,0,0,1,0
2944,2944,0,0,0,2d,60,0001871b,c1f71948,04444444,000002ca,1,0,0,1,1,422354e8,0ade,"iSTATE2",1,beddf42e,beddf42e,fce84b12,00000000,00000000,00000000,1,3254196552,6327,1,00000aa8,0,0,0,1,0
2945,2945,0,0,0,2d,60,0001871b,c2094dce,04444444,000002ca,1,0,0,1,1,422354e8,0ade,"iSTATE2",1,bef028b4,bef028b4,fce84b12,00000000,00000000,00000000,1,3255389646,6328,1,00000aa9,0,0,0,1,0
2946,2946,0,0,0,2d,60,0001871b,c21b8254,04444444,000002ca,1,0,0,1,1,422354e8,0ade,"iSTATE2",1,bf025d3a,bf025d3a,fce84b12,00000000,00000000,00000000,1,3256582740,6329,1,00000aaa,0,0,0,1,0
2947,2947,0,0,0,2d,60,0001871b,c22db9a4,04444444,000002ca,1,0,0,1,1,422354e8,0ade,"iSTATE2",1,bf14948a,bf14948a,fce84b12,00000000,00000000,00000000,1,3257776548,6330,1,00000aab,0,0,0,1,0
2948,2948,0,0,0,2d,60,0001871b,c23fee2a,04444444,000002ca,1,0,0,1,1,422354e8,0ade,"iSTATE2",1,bf26c910,bf26c910,fce84b12,00000000,00000000,00000000,1,3258969642,6331,1,00000aac,0,0,0,1,0
2949,2949,0,0,0,2d,60,0001871b,c25222b0,04444444,000002ca,1,0,0,1,1,422354e8,0ade,"iSTATE2",1,bf38fd96,bf38fd96,fce84b12,00000000,00000000,00000000,1,3260162736,6332,1,00000aad,0,0,0,1,0
2950,2950,0,0,0,2d,60,0001871b,c2645a00,04444444,000002ca,1,0,0,1,1,422354e8,0ade,"iSTATE2",1,bf4b34e6,bf4b34e6,fce84b12,00000000,00000000,00000000,1,3261356544,6333,1,00000aae,0,0,0,1,0
2951,2951,0,0,0,2d,60,0001871b,c2768e86,04444444,000002ca,1,0,0,1,1,422354e8,0ade,"iSTATE2",1,bf5d696c,bf5d696c,fce84b12,00000000,00000000,00000000,1,3262549638,6334,1,00000aaf,0,0,0,1,0
2952,2952,0,0,0,2d,60,0001871b,c288c30c,04444444,000002ca,1,0,0,1,1,422354e8,0ade,"iSTATE2",1,bf6f9df2,bf6f9df2,fce84b12,00000000,00000000,00000000,1,3263742732,6335,1,00000ab0,0,0,0,1,0
2953,2953,0,0,0,2d,60,0001871b,c29afa5c,04444444,000002ca,1,0,0,1,1,422354e8,0ade,"iSTATE2",1,bf81d542,bf81d542,fce84b12,00000000,00000000,00000000,1,3264936540,6336,1,00000ab1,0,0,0,1,0
2954,2954,0,0,0,2d,60,0001871b,c2ad2ee2,04444444,000002ca,1,0,0,1,1,422354e8,0ade,"iSTATE2",1,bf9409c8,bf9409c8,fce84b12,00000000,00000000,00000000,1,3266129634,6337,1,00000ab2,0,0,0,1,0
2955,2955,0,0,0,2d,60,0001871b,c2bf6368,04444444,000002ca,1,0,0,1,1,422354e8,0ade,"iSTATE2",1,bfa63e4e,bfa63e4e,fce84b12,00000000,00000000,00000000,1,3267322728,6338,1,00000ab3,0,0,0,1,0
2956,2956,0,0,0,2d,60,0001871b,c2d19ab8,04444444,000002ca,1,0,0,1,1,422354e8,0ade,"iSTATE2",1,bfb8759e,bfb8759e,fce84b12,00000000,00000000,00000000,1,3268516536,6339,1,00000ab4,0,0,0,1,0
2957,2957,0,0,0,2d,60,0001871b,c2e3cf3e,04444444,000002ca,1,0,0,1,1,422354e8,0ade,"iSTATE2",1,bfcaaa24,bfcaaa24,fce84b12,00000000,00000000,00000000,1,3269709630,6340,1,00000ab5,0,0,0,1,0
2958,2958,0,0,0,2d,60,0001871b,c2f603c4,04444444,000002ca,1,0,0,1,1,422354e8,0ade,"iSTATE2",1,bfdcdeaa,bfdcdeaa,fce84b12,00000000,00000000,00000000,1,3270902724,6341,1,00000ab6,0,0,0,1,0
2959,2959,0,0,0,2d,60,0001871b,c3083b14,04444444,000002ca,1,0,0,1,1,422354e8,0ade,"iSTATE2",1,bfef15fa,bfef15fa,fce84b12,00000000,00000000,00000000,1,3272096532,6342,1,00000ab7,0,0,0,1,0
2960,2960,0,0,0,2d,60,0001871b,c31a6f9a,04444444,000002ca,1,0,0,1,1,422354e8,0ade,"iSTATE2",1,c0014a80,c0014a80,fce84b12,00000000,00000000,00000000,1,3273289626,6343,1,00000ab8,0,0,0,1,0
2961,2961,0,0,0,2d,60,0001871b,c32ca420,04444444,000002ca,1,0,0,1,1,422354e8,0ade,"iSTATE2",1,c0137f06,c0137f06,fce84b12,00000000,00000000,00000000,1,3274482720,6344,1,00000ab9,0,0,0,1,0
2962,2962,0,0,0,2d,60,0001871b,c33ed8a6,04444444,000002ca,1,0,0,1,1,422354e8,0ade,"iSTATE2",1,c025b38c,c025b38c,fce84b12,00000000,00000000,00000000,1,3275675814,6345,1,00000aba,0,0,0,1,0
2963,2963,0,0,0,2d,60,0001871b,c3510ff6,04444444,000002ca,1,0,0,1,1,422354e8,0ade,"iSTATE2",1,c037eadc,c037eadc,fce84b12,00000000,00000000,00000000,1,3276869622,6346,1,00000abb,0,0,0,1,0
2964,2964,0,0,0,2d,60,0001871b,c363447c,04444444,000002ca,1,0,0,1,1,422354e8,0ade,"iSTATE2",1,c04a1f62,c04a1f62,fce84b12,00000000,00000000,00000000,1,3278062716,6347,1,00000abc,0,0,0,1,0
2965,2965,0,0,0,2d,60,0001871b,c3757902,04444444,000002ca,1,0,0,1,1,422354e8,0ade,"iSTATE2",1,c05c53e8,c05c53e8,fce84b12,00000000,00000000,00000000,1,3279255810,6348,1,00000abd,0,0,0,1,0
2966,2966,0,0,0,2d,60,0001871b,c387b052,04444444,000002ca,1,0,0,1,1,422354e8,0ade,"iSTATE2",1,c06e8b38,c06e8b38,fce84b12,00000000,00000000,00000000,1,3280449618,6349,1,00000abe,0,0,0,1,0
2967,2967,0,0,0,2d,60,0001871b,c399e4d8,04444444,000002ca,1,0,0,1,1,422354e8,0ade,"iSTATE2",1,c080bfbe,c080bfbe,fce84b12,00000000,00000000,00000000,1,3281642712,6350,1,00000abf,0,0,0,1,0
2968,2968,0,0,0,2d,60,0001871b,c3ac195e,04444444,000002ca,1,0,0,1,1,422354e8,0ade,"iSTATE2",1,c092f444,c092f444,fce84b12,00000000,00000000,00000000,1,3282835806,6351,1,00000ac0,0,0,0,1,0
2969,2969,0,0,0,2d,60,0001871b,c3be50ae,04444444,000002ca,1,0,0,1,1,422354e8,0ade,"iSTATE2",1,c0a52b94,c0a52b94,fce84b12,00000000,00000000,00000000,1,3284029614,6352,1,00000ac1,0,0,0,1,0
2970,2970,0,0,0,2d,60,0001871b,c3d08534,04444444,000002ca,1,0,0,1,1,422354e8,0ade,"iSTATE2",1,c0b7601a,c0b7601a,fce84b12,00000000,00000000,00000000,1,3285222708,6353,1,00000ac2,0,0,0,1,0
2971,2971,0,0,0,2d,60,0001871b,c3e2b9ba,04444444,000002ca,1,0,0,1,1,422354e8,0ade,"iSTATE2",1,c0c994a0,c0c994a0,fce84b12,00000000,00000000,00000000,1,3286415802,6354,1,00000ac3,0,0,0,1,0
2972,2972,0,0,0,2d,60,0001871b,c3f4f10a,04444444,000002ca,1,0,0,1,1,422354e8,0ade,"iSTATE2",1,c0dbcbf0,c0dbcbf0,fce84b12,00000000,00000000,00000000,1,3287609610,6355,1,00000ac4,0,0,0,1,0
2973,2973,0,0,0,2d,60,0001871b,c4072590,04444444,000002ca,1,0,0,1,1,422354e8,0ade,"iSTATE2",1,c0ee0076,c0ee0076,fce84b12,00000000,00000000,00000000,1,3288802704,6356,1,00000ac5,0,0,0,1,0
2974,2974,0,0,0,2d,60,0001871b,c4195a16,04444444,000002ca,1,0,0,1,1,422354e8,0ade,"iSTATE2",1,c10034fc,c10034fc,fce84b12,00000000,00000000,00000000,1,3289995798,6357,1,00000ac6,0,0,0,1,0
2975,2975,0,0,0,2d,60,0001871b,c42b9166,04444444,000002ca,1,0,0,1,1,422354e8,0ade,"iSTATE2",1,c1126c4c,c1126c4c,fce84b12,00000000,00000000,00000000,1,3291189606,6358,1,00000ac7,0,0,0,1,0
2976,2976,0,0,0,2d,60,0001871b,c43dc5ec,04444444,000002ca,1,0,0,1,1,422354e8,0ade,"iSTATE2",1,c124a0d2,c124a0d2,fce84b12,00000000,00000000,00000000,1,3292382700,6359,1,00000ac8,0,0,0,1,0
2977,2977,0,0,0,2e,60,0001871c,c44ffa76,04444444,000002ca,1,0,0,1,1,422354e8,0ade,"iSTATE2",1,c13567fa,c13567fa,fce6dae6,00000000,00000000,00000000,1,3293575798,6360,1,00000ac9,0,0,0,1,0
2978,2978,0,0,0,2e,60,0001871c,c46231c6,04444444,000002ca,1,0,0,1,1,422354e8,0ade,"iSTATE2",1,c1479f4a,c1479f4a,fce6dae6,00000000,00000000,00000000,1,3294769606,6361,1,00000aca,0,0,0,1,0
2979,2979,0,0,0,2e,60,0001871c,c474664c,04444444,000002ca,1,0,0,1,1,422354e8,0ade,"iSTATE2",1,c159d3d0,c159d3d0,fce6dae6,00000000,00000000,00000000,1,3295962700,6362,1,00000acb,0,0,0,1,0
2980,2980,0,0,0,2e,60,0001871c,c4869ad2,04444444,000002ca,1,0,0,1,1,422354e8,0ade,"iSTATE2",1,c16c0856,c16c0856,fce6dae6,00000000,00000000,00000000,1,3297155794,6363,1,00000acc,0,0,0,1,0
2981,2981,0,0,0,2e,60,0001871c,c498d222,04444444,000002ca,1,0,0,1,1,422354e8,0ade,"iSTATE2",1,c17e3fa6,c17e3fa6,fce6dae6,00000000,00000000,00000000,1,3298349602,6364,1,00000acd,0,0,0,1,0
2982,2982,0,0,0,2e,60,0001871c,c4ab06a8,04444444,000002ca,1,0,0,1,1,422354e8,0ade,"iSTATE2",1,c190742c,c190742c,fce6dae6,00000000,00000000,00000000,1,3299542696,6365,1,00000ace,0,0,0,1,0
2983,2983,0,0,0,2e,60,0001871c,c4bd3b2e,04444444,000002ca,1,0,0,1,1,422354e8,0ade,"iSTATE2",1,c1a2a8b2,c1a2a8b2,fce6dae6,00000000,00000000,00000000,1,3300735790,6366,1,00000acf,0,0,0,1,0
2984,2984,0,0,0,2e,60,0001871c,c4cf727e,04444444,000002ca,1,0,0,1,1,422354e8,0ade,"iSTATE2",1,c1b4e002,c1b4e002,fce6dae6,00000000,00000000,00000000,1,3301929598,6367,1,00000ad0,0,0,0,1,0
2985,2985,0,0,0,2e,60,0001871c,c4e1a704,04444444,000002ca,1,0,0,1,1,422354e8,0ade,"iSTATE2",1,c1c71488,c1c71488,fce6dae6,00000000,00000000,00000000,1,3303122692,6368,1,00000ad1,0,0,0,1,0
2986,2986,0,0,0,2e,60,0001871c,c4f3db8a,04444444,000002ca,1,0,0,1,1,422354e8,0ade,"iSTATE2",1,c1d9490e,c1d9490e,fce6dae6,00000000,00000000,00000000,1,3304315786,6369,1,00000ad2,0,0,0,1,0
2987,2987,0,0,0,2e,60,0001871c,c50612da,04444444,000002ca,1,0,0,1,1,422354e8,0ade,"iSTATE2",1,c1eb805e,c1eb805e,fce6dae6,00000000,00000000,00000000,1,3305509594,6370,1,00000ad3,0,0,0,1,0
2988,2988,0,0,0,2e,60,0001871c,c5184760,04444444,000002ca,1,0,0,1,1,422354e8,0ade,"iSTATE2",1,c1fdb4e4,c1fdb4e4,fce6dae6,00000000,00000000,00000000,1,3306702688,6371,1,00000ad4,0,0,0,1,0
2989,2989,0,0,0,2e,60,0001871c,c52a7be6,04444444,000002ca,1,0,0,1,1,422354e8,0ade,"iSTATE2",1,c20fe96a,c20fe96a,fce6dae6,00000000,00000000,00000000,1,3307895782,6372,1,00000ad5,0,0,0,1,0
2990,2990,0,0,0,2e,60,0001871c,c53cb336,04444444,000002ca,1,0,0,1,1,422354e8,0ade,"iSTATE2",1,c22220ba,c22220ba,fce6dae6,00000000,00000000,00000000,1,3309089590,6373,1,00000ad6,0,0,0,1,0
2991,2991,0,0,0,2e,60,0001871c,c54ee7bc,04444444,000002ca,1,0,0,1,1,422354e8,0ade,"iSTATE2",1,c2345540,c2345540,fce6dae6,00000000,00000000,00000000,1,3310282684,6374,1,00000ad7,0,0,0,1,0
2992,2992,0,0,0,2e,60,0001871c,c5611c42,04444444,000002ca,1,0,0,1,1,422354e8,0ade,"iSTATE2",1,c24689c6,c24689c6,fce6dae6,00000000,00000000,00000000,1,3311475778,6375,1,00000ad8,0,0,0,1,0
2993,2993,0,0,0,2e,60,0001871c,c57350c8,04444444,000002ca,1,0,0,1,1,422354e8,0ade,"iSTATE2",1,c258be4c,c258be4c,fce6dae6,00000000,00000000,00000000,1,3312668872,6376,1,00000ad9,0,0,0,1,0
2994,2994,0,0,0,2e,60,0001871c,c5858818,04444444,000002ca,1,0,0,1,1,422354e8,0ade,"iSTATE2",1,c26af59c,c26af59c,fce6dae6,00000000,00000000,00000000,1,3313862680,6377,1,00000ada,0,0,0,1,0
2995,2995,0,0,0,2e,60,0001871c,c597bc9e,04444444,000002ca,1,0,0,1,1,422354e8,0ade,"iSTATE2",1,c27d2a22,c27d2a22,fce6dae6,00000000,00000000,00000000,1,3315055774,6378,1,00000adb,0,0,0,1,0
2996,2996,0,0,0,2e,60,0001871c,c5a9f124,04444444,000002ca,1,0,0,1,1,422354e8,0ade,"iSTATE2",1,c28f5ea8,c28f5ea8,fce6dae6,00000000,00000000,00000000,1,3316248868,6379,1,00000adc,0,0,0,1,0
2997,2997,0,0,0,2e,60,0001871c,c5bc2874,04444444,000002ca,1,0,0,1,1,422354e8,0ade,"iSTATE2",1,c2a195f8,c2a195f8,fce6dae6,00000000,00000000,00000000,1,3317442676,6380,1,00000add,0,0,0,1,0
2998,2998,0,0,0,2e,60,0001871c,c5ce5cfa,04444444,000002ca,1,0,0,1,1,422354e8,0ade,"iSTATE2",1,c2b3ca7e,c2b3ca7e,fce6dae6,00000000,00000000,00000000,1,3318635770,6381,1,00000ade,0,0,0,1,0
2999,2999,0,0,0,2e,60,0001871c,c5e09180,04444444,000002ca,1,0,0,1,1,422354e8,0ade,"iSTATE2",1,c2c5ff04,c2c5ff04,fce6dae6,00000000,00000000,00000000,1,3319828864,6382,1,00000adf,0,0,0,1,0
3000,3000,0,0,0,2e,60,0001871c,c5f2c8d0,04444444,000002ca,1,0,0,1,1,422354e8,0ade,"iSTATE2",1,c2d83654,c2d83654,fce6dae6,00000000,00000000,00000000,1,3321022672,6383,1,00000ae0,0,0,0,1,0
3001,3001,0,0,0,2e,60,0001871c,c604fd56,04444444,000002ca,1,0,0,1,1,422354e8,0ade,"iSTATE2",1,c2ea6ada,c2ea6ada,fce6dae6,00000000,00000000,00000000,1,3322215766,6384,1,00000ae1,0,0,0,1,0
3002,3002,0,0,0,2e,60,0001871c,c61731dc,04444444,000002ca,1,0,0,1,1,422354e8,0ade,"iSTATE2",1,c2fc9f60,c2fc9f60,fce6dae6,00000000,00000000,00000000,1,3323408860,6385,1,00000ae2,0,0,0,1,0
3003,3003,0,0,0,2e,60,0001871c,c629692c,04444444,000002ca,1,0,0,1,1,422354e8,0ade,"iSTATE2",1,c30ed6b0,c30ed6b0,fce6dae6,00000000,00000000,00000000,1,3324602668,6386,1,00000ae3,0,0,0,1,0
3004,3004,0,0,0,2e,60,0001871c,c63b9db2,04444444,000002ca,1,0,0,1,1,422354e8,0ade,"iSTATE2",1,c3210b36,c3210b36,fce6dae6,00000000,00000000,00000000,1,3325795762,6387,1,00000ae4,0,0,0,1,0
3005,3005,0,0,0,2e,60,0001871c,c64dd238,04444444,000002ca,1,0,0,1,1,422354e8,0ade,"iSTATE2",1,c3333fbc,c3333fbc,fce6dae6,00000000,00000000,00000000,1,3326988856,6388,1,00000ae5,0,0,0,1,0
3006,3006,0,0,0,2e,60,0001871c,c6600988,04444444,000002ca,1,0,0,1,1,422354e8,0ade,"iSTATE2",1,c345770c,c345770c,fce6dae6,00000000,00000000,00000000,1,3328182664,6389,1,00000ae6,0,0,0,1,0
3007,3007,0,0,0,2e,60,0001871c,c6723e0e,04444444,000002ca,1,0,0,1,1,422354e8,0ade,"iSTATE2",1,c357ab92,c357ab92,fce6dae6,00000000,00000000,00000000,1,3329375758,6390,1,00000ae7,0,0,0,1,0
3008,3008,0,0,0,2e,60,0001871c,c6847294,04444444,000002ca,1,0,0,1,1,422354e8,0ade,"iSTATE2",1,c369e018,c369e018,fce6dae6,00000000,00000000,00000000,1,3330568852,6391,1,00000ae8,0,0,0,1,0
3009,3009,0,0,0,2e,60,0001871c,c696a9e4,04444444,000002ca,1,0,0,1,1,422354e8,0ade,"iSTATE2",1,c37c1768,c37c1768,fce6dae6,00000000,00000000,00000000,1,3331762660,6392,1,00000ae9,0,0,0,1,0
3010,3010,0,0,0,2e,60,0001871c,c6a8de6a,04444444,000002ca,1,0,0,1,1,422354e8,0ade,"iSTATE2",1,c38e4bee,c38e4bee,fce6dae6,00000000,00000000,00000000,1,3332955754,6393,1,00000aea,0,0,0,1,0
3011,3011,0,0,0,2e,60,0001871c,c6bb12f0,04444444,000002ca,1,0,0,1,1,422354e8,0ade,"iSTATE2",1,c3a08074,c3a08074,fce6dae6,00000000,00000000,00000000,1,3334148848,6394,1,00000aeb,0,0,0,1,0
3012,3012,0,0,0,2e,60,0001871c,c6cd4a40,04444444,000002ca,1,0,0,1,1,422354e8,0ade,"iSTATE2",1,c3b2b7c4,c3b2b7c4,fce6dae6,00000000,00000000,00000000,1,3335342656,6395,1,00000aec,0,0,0,1,0
3013,3013,0,0,0,2e,60,0001871c,c6df7ec6,04444444,000002ca,1,0,0,1,1,422354e8,0ade,"iSTATE2",1,c3c4ec4a,c3c4ec4a,fce6dae6,00000000,00000000,00000000,1,3336535750,6396,1,00000aed,0,0,0,1,0
3014,3014,0,0,0,2e,60,0001871c,c6f1b34c,04444444,000002ca,1,0,0,1,1,422354e8,0ade,"iSTATE2",1,c3d720d0,c3d720d0,fce6dae6,00000000,00000000,00000000,1,3337728844,6397,1,00000aee,0,0,0,1,0
3015,3015,0,0,0,2e,60,0001871c,c703ea9c,04444444,000002ca,1,0,0,1,1,422354e8,0ade,"iSTATE2",1,c3e95820,c3e95820,fce6dae6,00000000,00000000,00000000,1,3338922652,6398,1,00000aef,0,0,0,1,0
3016,3016,0,0,0,2e,60,0001871c,c7161f22,04444444,000002ca,1,0,0,1,1,422354e8,0ade,"iSTATE2",1,c3fb8ca6,c3fb8ca6,fce6dae6,00000000,00000000,00000000,1,3340115746,6399,1,00000af0,0,0,0,1,0
3017,3017,0,0,0,2e,60,0001871c,c72853a8,04444444,000002ca,1,0,0,1,1,422354e8,0ade,"iSTATE2",1,c40dc12c,c40dc12c,fce6dae6,00000000,00000000,00000000,1,3341308840,6400,1,00000af1,0,0,0,1,0
3018,3018,0,0,0,2e,60,0001871c,c73a8af8,04444444,000002ca,1,0,0,1,1,422354e8,0ade,"iSTATE2",1,c41ff87c,c41ff87c,fce6dae6,00000000,00000000,00000000,1,3342502648,6401,1,00000af2,0,0,0,1,0
3019,3019,0,0,0,2e,60,0001871c,c74cbf7e,04444444,000002ca,1,0,0,1,1,422354e8,0ade,"iSTATE2",1,c4322d02,c4322d02,fce6dae6,00000000,00000000,00000000,1,3343695742,6402,1,00000af3,0,0,0,1,0
3020,3020,0,0,0,2e,60,0001871c,c75ef404,04444444,000002ca,1,0,0,1,1,422354e8,0ade,"iSTATE2",1,c4446188,c4446188,fce6dae6,00000000,00000000,00000000,1,3344888836,6403,1,00000af4,0,0,0,1,0
3021,3021,0,0,0,2e,60,0001871c,c771288a,04444444,000002ca,1,0,0,1,1,422354e8,0ade,"iSTATE2",1,c456960e,c456960e,fce6dae6,00000000,00000000,00000000,1,3346081930,6404,1,00000af5,0,0,0,1,0
3022,3022,0,0,0,2e,60,0001871c,c7835fda,04444444,000002ca,1,0,0,1,1,422354e8,0ade,"iSTATE2",1,c468cd5e,c468cd5e,fce6dae6,00000000,00000000,00000000,1,3347275738,6405,1,00000af6,0,0,0,1,0
3023,3023,0,0,0,2e,60,0001871c,c7959460,04444444,000002ca,1,0,0,1,1,422354e8,0ade,"iSTATE2",1,c47b01e4,c47b01e4,fce6dae6,00000000,00000000,00000000,1,3348468832,6406,1,00000af7,0,0,0,1,0
3024,3024,0,0,0,2e,60,0001871c,c7a7c8e6,04444444,000002ca,1,0,0,1,1,422354e8,0ade,"iSTATE2",1,c48d366a,c48d366a,fce6dae6,00000000,00000000,00000000,1,3349661926,6407,1,00000af8,0,0,0,1,0
3025,3025,0,0,0,2e,60,0001871c,c7ba0036,04444444,000002ca,1,0,0,1,1,422354e8,0ade,"iSTATE2",1,c49f6dba,c49f6dba,fce6dae6,00000000,00000000,00000000,1,3350855734,6408,1,00000af9,0,0,0,1,0
3026,3026,0,0,0,2e,60,0001871c,c7cc34bc,04444444,000002ca,1,0,0,1,1,422354e8,0ade,"iSTATE2",1,c4b1a240,c4b1a240,fce6dae6,00000000,00000000,00000000,1,3352048828,6409,1,00000afa,0,0,0,1,0
3027,3027,0,0,0,2e,60,0001871c,c7de6942,04444444,000002ca,1,0,0,1,1,422354e8,0ade,"iSTATE2",1,c4c3d6c6,c4c3d6c6,fce6dae6,00000000,00000000,00000000,1,3353241922,6410,1,00000afb,0,0,0,1,0
3028,3028,0,0,0,2e,60,0001871c,c7f0a092,04444444,000002ca,1,0,0,1,1,422354e8,0ade,"iSTATE2",1,c4d60e16,c4d60e16,fce6dae6,00000000,00000000,00000000,1,3354435730,6411,1,00000afc,0,0,0,1,0
3029,3029,0,0,0,2e,60,0001871c,c802d518,04444444,000002ca,1,0,0,1,1,422354e8,0ade,"iSTATE2",1,c4e8429c,c4e8429c,fce6dae6,00000000,00000000,00000000,1,3355628824,6412,1,00000afd,0,0,0,1,0
3030,3030,0,0,0,2e,60,0001871c,c815099e,04444444,000002ca,1,0,0,1,1,422354e8,0ade,"iSTATE2",1,c4fa7722,c4fa7722,fce6dae6,00000000,00000000,00000000,1,3356821918,6413,1,00000afe,0,0,0,1,0
3031,3031,0,0,0,2e,60,0001871c,c82740ee,04444444,000002ca,1,0,0,1,1,422354e8,0ade,"iSTATE2",1,c50cae72,c50cae72,fce6dae6,00000000,00000000,00000000,1,3358015726,6414,1,00000aff,0,0,0,1,0
3032,3032,0,0,0,2e,60,0001871c,c8397574,04444444,000002ca,1,0,0,1,1,422354e8,0ade,"iSTATE2",1,c51ee2f8,c51ee2f8,fce6dae6,00000000,00000000,00000000,1,3359208820,6415,1,00000b00,0,0,0,1,0
3033,3033,0,0,0,2e,60,0001871c,c84ba9fa,04444444,000002ca,1,0,0,1,1,422354e8,0ade,"iSTATE2",1,c531177e,c531177e,fce6dae6,00000000,00000000,00000000,1,3360401914,6416,1,00000b01,0,0,0,1,0
3034,3034,0,0,0,2e,60,0001871c,c85de14a,04444444,000002ca,1,0,0,1,1,422354e8,0ade,"iSTATE2",1,c5434ece,c5434ece,fce6dae6,00000000,00000000,00000000,1,3361595722,6417,1,00000b02,0,0,0,1,0
3035,3035,0,0,0,2e,60,0001871c,c87015d0,04444444,000002ca,1,0,0,1,1,422354e8,0ade,"iSTATE2",1,c5558354,c5558354,fce6dae6,00000000,00000000,00000000,1,3362788816,6418,1,00000b03,0,0,0,1,0
3036,3036,0,0,0,2e,60,0001871c,c8824a56,04444444,000002ca,1,0,0,1,1,422354e8,0ade,"iSTATE2",1,c567b7da,c567b7da,fce6dae6,00000000,00000000,00000000,1,3363981910,6419,1,00000b04,0,0,0,1,0
3037,3037,0,0,0,2f,60,0001871c,c89481aa,04444444,000002ca,1,0,0,1,1,422354e8,0ade,"iSTATE2",1,c578473a,c578473a,fce56d84,00000000,00000000,00000000,1,3365175722,6420,1,00000b05,0,0,0,1,0
3038,3038,0,0,0,2f,60,0001871c,c8a6b630,04444444,000002ca,1,0,0,1,1,422354e8,0ade,"iSTATE2",1,c58a7bc0,c58a7bc0,fce56d84,00000000,00000000,00000000,1,3366368816,6421,1,00000b06,0,0,0,1,0
3039,3039,0,0,0,2f,60,0001871c,c8b8eab6,04444444,000002ca,1,0,0,1,1,422354e8,0ade,"iSTATE2",1,c59cb046,c59cb046,fce56d84,00000000,00000000,00000000,1,3367561910,6422,1,00000b07,0,0,0,1,0
3040,3040,0,0,0,2f,60,0001871c,c8cb2206,04444444,000002ca,1,0,0,1,1,422354e8,0ade,"iSTATE2",1,c5aee796,c5aee796,fce56d84,00000000,00000000,00000000,1,3368755718,6423,1,00000b08,0,0,0,1,0
3041,3041,0,0,0,2f,60,0001871c,c8dd568c,04444444,000002ca,1,0,0,1,1,422354e8,0ade,"iSTATE2",1,c5c11c1c,c5c11c1c,fce56d84,00000000,00000000,00000000,1,3369948812,6424,1,00000b09,0,0,0,1,0
3042,3042,0,0,0,2f,60,0001871c,c8ef8b12,04444444,000002ca,1,0,0,1,1,422354e8,0ade,"iSTATE2",1,c5d350a2,c5d350a2,fce56d84,00000000,00000000,00000000,1,3371141906,6425,1,00000b0a,0,0,0,1,0
3043,3043,0,0,0,2f,60,0001871c,c901c262,04444444,000002ca,1,0,0,1,1,422354e8,0ade,"iSTATE2",1,c5e587f2,c5e587f2,fce56d84,00000000,00000000,00000000,1,3372335714,6426,1,00000b0b,0,0,0,1,0
3044,3044,0,0,0,2f,60,0001871c,c913f6e8,04444444,000002ca,1,0,0,1,1,422354e8,0ade,"iSTATE2",1,c5f7bc78,c5f7bc78,fce56d84,00000000,00000000,00000000,1,3373528808,6427,1,00000b0c,0,0,0,1,0
3045,3045,0,0,0,2f,60,0001871c,c9262b6e,04444444,000002ca,1,0,0,1,1,422354e8,0ade,"iSTATE2",1,c609f0fe,c609f0fe,fce56d84,00000000,00000000,00000000,1,3374721902,6428,1,00000b0d,0,0,0,1,0
3046,3046,0,0,0,2f,60,0001871c,c93862be,04444444,000002ca,1,0,0,1,1,422354e8,0ade,"iSTATE2",1,c61c284e,c61c284e,fce56d84,00000000,00000000,00000000,1,3375915710,6429,1,00000b0e,0,0,0,1,0
3047,3047,0,0,0,2f,60,0001871c,c94a9744,04444444,000002ca,1,0,0,1,1,422354e8,0ade,"iSTATE2",1,c62e5cd4,c62e5cd4,fce56d84,00000000,00000000,00000000,1,3377108804,6430,1,00000b0f,0,0,0,1,0
3048,3048,0,0,0,2f,60,0001871c,c95ccbca,04444444,000002ca,1,0,0,1,1,422354e8,0ade,"iSTATE2",1,c640915a,c640915a,fce56d84,00000000,00000000,00000000,1,3378301898,6431,1,00000b10,0,0,0,1,0
3049,3049,0,0,0,2f,60,0001871c,c96f031a,04444444,000002ca,1,0,0,1,1,422354e8,0ade,"iSTATE2",1,c652c8aa,c652c8aa,fce56d84,00000000,00000000,00000000,1,3379495706,6432,1,00000b11,0,0,0,1,0
3050,3050,0,0,0,2f,60,0001871c,c98137a0,04444444,000002ca,1,0,0,1,1,422354e8,0ade,"iSTATE2",1,c664fd30,c664fd30,fce56d84,00000000,00000000,00000000,1,3380688800,6433,1,00000b12,0,0,0,1,0
3051,3051,0,0,0,2f,60,0001871c,c9936c26,04444444,000002ca,1,0,0,1,1,422354e8,0ade,"iSTATE2",1,c67731b6,c67731b6,fce56d84,00000000,00000000,00000000,1,3381881894,6434,1,00000b13,0,0,0,1,0
3052,3052,0,0,0,2f,60,0001871c,c9a5a0ac,04444444,000002ca,1,0,0,1,1,422354e8,0ade,"iSTATE2",1,c689663c,c689663c,fce56d84,00000000,00000000,00000000,1,3383074988,6435,1,00000b14,0,0,0,1,0
3053,3053,0,0,0,2f,60,0001871c,c9b7d7fc,04444444,000002ca,1,0,0,1,1,422354e8,0ade,"iSTATE2",1,c69b9d8c,c69b9d8c,fce56d84,00000000,00000000,00000000,1,3384268796,6436,1,00000b15,0,0,0,1,0
3054,3054,0,0,0,2f,60,0001871c,c9ca0c82,04444444,000002ca,1,0,0,1,1,422354e8,0ade,"iSTATE2",1,c6add212,c6add212,fce56d84,00000000,00000000,00000000,1,3385461890,6437,1,00000b16,0,0,0,1,0
3055,3055,0,0,0,2f,60,0001871c,c9dc4108,04444444,000002ca,1,0,0,1,1,422354e8,0ade,"iSTATE2",1,c6c00698,c6c00698,fce56d84,00000000,00000000,00000000,1,3386654984,6438,1,00000b17,0,0,0,1,0
3056,3056,0,0,0,2f,60,0001871c,c9ee7858,04444444,000002ca,1,0,0,1,1,422354e8,0ade,"iSTATE2",1,c6d23de8,c6d23de8,fce56d84,00000000,00000000,00000000,1,3387848792,6439,1,00000b18,0,0,0,1,0
3057,3057,0,0,0,2f,60,0001871c,ca00acde,04444444,000002ca,1,0,0,1,1,422354e8,0ade,"iSTATE2",1,c6e4726e,c6e4726e,fce56d84,00000000,00000000,00000000,1,3389041886,6440,1,00000b19,0,0,0,1,0
3058,3058,0,0,0,2f,60,0001871c,ca12e164,04444444,000002ca,1,0,0,1,1,422354e8,0ade,"iSTATE2",1,c6f6a6f4,c6f6a6f4,fce56d84,00000000,00000000,00000000,1,3390234980,6441,1,00000b1a,0,0,0,1,0
3059,3059,0,0,0,2f,60,0001871c,ca2518b4,04444444,000002ca,1,0,0,1,1,422354e8,0ade,"iSTATE2",1,c708de44,c708de44,fce56d84,00000000,00000000,00000000,1,3391428788,6442,1,00000b1b,0,0,0,1,0
3060,3060,0,0,0,2f,60,0001871c,ca374d3a,04444444,000002ca,1,0,0,1,1,422354e8,0ade,"iSTATE2",1,c71b12ca,c71b12ca,fce56d84,00000000,00000000,00000000,1,3392621882,6443,1,00000b1c,0,0,0,1,0
3061,3061,0,0,0,2f,60,0001871c,ca4981c0,04444444,000002ca,1,0,0,1,1,422354e8,0ade,"iSTATE2",1,c72d4750,c72d4750,fce56d84,00000000,00000000,00000000,1,3393814976,6444,1,00000b1d,0,0,0,1,0
3062,3062,0,0,0,2f,60,0001871c,ca5bb910,04444444,000002ca,1,0,0,1,1,422354e8,0ade,"iSTATE2",1,c73f7ea0,c73f7ea0,fce56d84,00000000,00000000,00000000,1,3395008784,6445,1,00000b1e,0,0,0,1,0
3063,3063,0,0,0,2f,60,0001871c,ca6ded96,04444444,000002ca,1,0,0,1,1,422354e8,0ade,"iSTATE2",1,c751b326,c751b326,fce56d84,00000000,00000000,00000000,1,3396201878,6446,1,00000b1f,0,0,0,1,0
3064,3064,0,0,0,2f,60,0001871c,ca80221c,04444444,000002ca,1,0,0,1,1,422354e8,0ade,"iSTATE2",1,c763e7ac,c763e7ac,fce56d84,00000000,00000000,00000000,1,3397394972,6447,1,00000b20,0,0,0,1,0
3065,3065,0,0,0,2f,60,0001871c,ca92596c,04444444,000002ca,1,0,0,1,1,422354e8,0ade,"iSTATE2",1,c7761efc,c7761efc,fce56d84,00000000,00000000,00000000,1,3398588780,6448,1,00000b21,0,0,0,1,0
3066,3066,0,0,0,2f,60,0001871c,caa48df2,04444444,000002ca,1,0,0,1,1,422354e8,0ade,"iSTATE2",1,c7885382,c7885382,fce56d84,00000000,00000000,00000000,1,3399781874,6449,1,00000b22,0,0,0,1,0
3067,3067,0,0,0,2f,60,0001871c,cab6c278,04444444,000002ca,1,0,0,1,1,422354e8,0ade,"iSTATE2",1,c79a8808,c79a8808,fce56d84,00000000,00000000,00000000,1,3400974968,6450,1,00000b23,0,0,0,1,0
3068,3068,0,0,0,2f,60,0001871c,cac8f9c8,04444444,000002ca,1,0,0,1,1,422354e8,0ade,"iSTATE2",1,c7acbf58,c7acbf58,fce56d84,00000000,00000000,00000000,1,3402168776,6451,1,00000b24,0,0,0,1,0
3069,3069,0,0,0,2f,60,0001871c,cadb2e4e,04444444,000002ca,1,0,0,1,1,422354e8,0ade,"iSTATE2",1,c7bef3de,c7bef3de,fce56d84,00000000,00000000,00000000,1,3403361870,6452,1,00000b25,0,0,0,1,0
3070,3070,0,0,0,2f,60,0001871c,caed62d4,04444444,000002ca,1,0,0,1,1,422354e8,0ade,"iSTATE2",1,c7d12864,c7d12864,fce56d84,00000000,00000000,00000000,1,3404554964,6453,1,00000b26,0,0,0,1,0
3071,3071,0,0,0,2f,60,0001871c,caff9a24,04444444,000002ca,1,0,0,1,1,422354e8,0ade,"iSTATE2",1,c7e35fb4,c7e35fb4,fce56d84,00000000,00000000,00000000,1,3405748772,6454,1,00000b27,0,0,0,1,0
3072,3072,0,0,0,2f,60,0001871c,cb11ceaa,04444444,000002ca,1,0,0,1,1,422354e8,0ade,"iSTATE2",1,c7f5943a,c7f5943a,fce56d84,00000000,00000000,00000000,1,3406941866,6455,1,00000b28,0,0,0,1,0
3073,3073,0,0,0,2f,60,0001871c,cb240330,04444444,000002ca,1,0,0,1,1,422354e8,0ade,"iSTATE2",1,c807c8c0,c807c8c0,fce56d84,00000000,00000000,00000000,1,3408134960,6456,1,00000b29,0,0,0,1,0
3074,3074,0,0,0,2f,60,0001871c,cb363a80,04444444,000002ca,1,0,0,1,1,422354e8,0ade,"iSTATE2",1,c81a0010,c81a0010,fce56d84,00000000,00000000,00000000,1,3409328768,6457,1,00000b2a,0,0,0,1,0
3075,3075,0,0,0,2f,60,0001871c,cb486f06,04444444,000002ca,1,0,0,1,1,422354e8,0ade,"iSTATE2",1,c82c3496,c82c3496,fce56d84,00000000,00000000,00000000,1,3410521862,6458,1,00000b2b,0,0,0,1,0
3076,3076,0,0,0,2f,60,0001871c,cb5aa38c,04444444,000002ca,1,0,0,1,1,422354e8,0ade,"iSTATE2",1,c83e691c,c83e691c,fce56d84,00000000,00000000,00000000,1,3411714956,6459,1,00000b2c,0,0,0,1,0
3077,3077,0,0,0,2f,60,0001871c,cb6cdadc,04444444,000002ca,1,0,0,1,1,422354e8,0ade,"iSTATE2",1,c850a06c,c850a06c,fce56d84,00000000,00000000,00000000,1,3412908764,6460,1,00000b2d,0,0,0,1,0
3078,3078,0,0,0,2f,60,0001871c,cb7f0f62,04444444,000002ca,1,0,0,1,1,422354e8,0ade,"iSTATE2",1,c862d4f2,c862d4f2,fce56d84,00000000,00000000,00000000,1,3414101858,6461,1,00000b2e,0,0,0,1,0
3079,3079,0,0,0,2f,60,0001871c,cb9143e8,04444444,000002ca,1,0,0,1,1,422354e8,0ade,"iSTATE2",1,c8750978,c8750978,fce56d84,00000000,00000000,00000000,1,3415294952,6462,1,00000b2f,0,0,0,1,0
3080,3080,0,0,0,2f,60,0001871c,cba3786e,04444444,000002ca,1,0,0,1,1,422354e8,0ade,"iSTATE2",1,c8873dfe,c8873dfe,fce56d84,00000000,00000000,00000000,1,3416488046,6463,1,00000b30,0,0,0,1,0
3081,3081,0,0,0,2f,60,0001871c,cbb5afbe,04444444,000002ca,1,0,0,1,1,422354e8,0ade,"iSTATE2",1,c899754e,c899754e,fce56d84,00000000,00000000,00000000,1,3417681854,6464,1,00000b31,0,0,0,1,0
3082,3082,0,0,0,2f,60,0001871c,cbc7e444,04444444,000002ca,1,0,0,1,1,422354e8,0ade,"iSTATE2",1,c8aba9d4,c8aba9d4,fce56d84,00000000,00000000,00000000,1,3418874948,6465,1,00000b32,0,0,0,1,0
3083,3083,0,0,0,2f,60,0001871c,cbda18ca,04444444,000002ca,1,0,0,1,1,422354e8,0ade,"iSTATE2",1,c8bdde5a,c8bdde5a,fce56d84,00000000,00000000,00000000,1,3420068042,6466,1,00000b33,0,0,0,1,0
3084,3084,0,0,0,2f,60,0001871c,cbec501a,04444444,000002ca,1,0,0,1,1,422354e8,0ade,"iSTATE2",1,c8d015aa,c8d015aa,fce56d84,00000000,00000000,00000000,1,3421261850,6467,1,00000b34,0,0,0,1,0
3085,3085,0,0,0,2f,60,0001871c,cbfe84a0,04444444,000002ca,1,0,0,1,1,422354e8,0ade,"iSTATE2",1,c8e24a30,c8e24a30,fce56d84,00000000,00000000,00000000,1,3422454944,6468,1,00000b35,0,0,0,1,0
3086,3086,0,0,0,2f,60,0001871c,cc10b926,04444444,000002ca,1,0,0,1,1,422354e8,0ade,"iSTATE2",1,c8f47eb6,c8f47eb6,fce56d84,00000000,00000000,00000000,1,3423648038,6469,1,00000b36,0,0,0,1,0
3087,3087,0,0,0,2f,60,0001871c,cc22f076,04444444,000002ca,1,0,0,1,1,422354e8,0ade,"iSTATE2",1,c906b606,c906b606,fce56d84,00000000,00000000,00000000,1,3424841846,6470,1,00000b37,0,0,0,1,0
3088,3088,0,0,0,2f,60,0001871c,cc3524fc,04444444,000002ca,1,0,0,1,1,422354e8,0ade,"iSTATE2",1,c918ea8c,c918ea8c,fce56d84,00000000,00000000,00000000,1,3426034940,6471,1,00000b38,0,0,0,1,0
3089,3089,0,0,0,2f,60,0001871c,cc475982,04444444,000002ca,1,0,0,1,1,422354e8,0ade,"iSTATE2",1,c92b1f12,c92b1f12,fce56d84,00000000,00000000,00000000,1,3427228034,6472,1,00000b39,0,0,0,1,0
3090,3090,0,0,0,2f,60,0001871c,cc5990d2,04444444,000002ca,1,0,0,1,1,422354e8,0ade,"iSTATE2",1,c93d5662,c93d5662,fce56d84,00000000,00000000,00000000,1,3428421842,6473,1,00000b3a,0,0,0,1,0
3091,3091,0,0,0,2f,60,0001871c,cc6bc558,04444444,000002ca,1,0,0,1,1,422354e8,0ade,"iSTATE2",1,c94f8ae8,c94f8ae8,fce56d84,00000000,00000000,00000000,1,3429614936,6474,1,00000b3b,0,0,0,1,0
3092,3092,0,0,0,2f,60,0001871c,cc7df9de,04444444,000002ca,1,0,0,1,1,422354e8,0ade,"iSTATE2",1,c961bf6e,c961bf6e,fce56d84,00000000,00000000,00000000,1,3430808030,6475,1,00000b3c,0,0,0,1,0
3093,3093,0,0,0,2f,60,0001871c,cc90312e,04444444,000002ca,1,0,0,1,1,422354e8,0ade,"iSTATE2",1,c973f6be,c973f6be,fce56d84,00000000,00000000,00000000,1,3432001838,6476,1,00000b3d,0,0,0,1,0
3094,3094,0,0,0,2f,60,0001871c,cca265b4,04444444,000002ca,1,0,0,1,1,422354e8,0ade,"iSTATE2",1,c9862b44,c9862b44,fce56d84,00000000,00000000,00000000,1,3433194932,6477,1,00000b3e,0,0,0,1,0
3095,3095,0,0,0,2f,60,0001871c,ccb49a3a,04444444,000002ca,1,0,0,1,1,422354e8,0ade,"iSTATE2",1,c9985fca,c9985fca,fce56d84,00000000,00000000,00000000,1,3434388026,6478,1,00000b3f,0,0,0,1,0
3096,3096,0,0,0,2f,60,0001871c,ccc6d18a,04444444,000002ca,1,0,0,1,1,422354e8,0ade,"iSTATE2",1,c9aa971a,c9aa971a,fce56d84,00000000,00000000,00000000,1,3435581834,6479,1,00000b40,0,0,0,1,0
3097,3097,0,0,0,30,60,0001871b,ccd90614,04444444,000002ca,1,0,0,1,1,422354e8,0ade,"iSTATE2",1,c9bb960a,c9bb960a,fce3c590,00000000,00000000,00000000,1,3436774932,6480,1,00000b41,0,0,0,1,0
3098,3098,0,0,0,30,60,0001871b,cceb3a9a,04444444,000002ca,1,0,0,1,1,422354e8,0ade,"iSTATE2",1,c9cdca90,c9cdca90,fce3c590,00000000,00000000,00000000,1,3437968026,6481,1,00000b42,0,0,0,1,0
3099,3099,0,0,0,30,60,0001871b,ccfd71ea,04444444,000002ca,1,0,0,1,1,422354e8,0ade,"iSTATE2",1,c9e001e0,c9e001e0,fce3c590,00000000,00000000,00000000,1,3439161834,6482,1,00000b43,0,0,0,1,0
3100,3100,0,0,0,30,60,0001871b,cd0fa670,04444444,000002ca,1,0,0,1,1,422354e8,0ade,"iSTATE2",1,c9f23666,c9f23666,fce3c590,00000000,00000000,00000000,1,3440354928,6483,1,00000b44,0,0,0,1,0
3101,3101,0,0,0,30,60,0001871b,cd21daf6,04444444,000002ca,1,0,0,1,1,422354e8,0ade,"iSTATE2",1,ca046aec,ca046aec,fce3c590,00000000,00000000,00000000,1,3441548022,6484,1,00000b45,0,0,0,1,0
3102,3102,0,0,0,30,60,0001871b,cd341246,04444444,000002ca,1,0,0,1,1,422354e8,0ade,"iSTATE2",1,ca16a23c,ca16a23c,fce3c590,00000000,00000000,00000000,1,3442741830,6485,1,00000b46,0,0,0,1,0
3103,3103,0,0,0,30,60,0001871b,cd4646cc,04444444,000002ca,1,0,0,1,1,422354e8,0ade,"iSTATE2",1,ca28d6c2,ca28d6c2,fce3c590,00000000,00000000,00000000,1,3443934924,6486,1,00000b47,0,0,0,1,0
3104,3104,0,0,0,30,60,0001871b,cd587b52,04444444,000002ca,1,0,0,1,1,422354e8,0ade,"iSTATE2",1,ca3b0b48,ca3b0b48,fce3c590,00000000,00000000,00000000,1,3445128018,6487,1,00000b48,0,0,0,1,0
3105,3105,0,0,0,30,60,0001871b,cd6ab2a2,04444444,000002ca,1,0,0,1,1,422354e8,0ade,"iSTATE2",1,ca4d4298,ca4d4298,fce3c590,00000000,00000000,00000000,1,3446321826,6488,1,00000b49,0,0,0,1,0
3106,3106,0,0,0,30,60,0001871b,cd7ce728,04444444,000002ca,1,0,0,1,1,422354e8,0ade,"iSTATE2",1,ca5f771e,ca5f771e,fce3c590,00000000,00000000,00000000,1,3447514920,6489,1,00000b4a,0,0,0,1,0
3107,3107,0,0,0,30,60,0001871b,cd8f1bae,04444444,000002ca,1,0,0,1,1,422354e8,0ade,"iSTATE2",1,ca71aba4,ca71aba4,fce3c590,00000000,00000000,00000000,1,3448708014,6490,1,00000b4b,0,0,0,1,0
3108,3108,0,0,0,30,60,0001871b,cda152fe,04444444,000002ca,1,0,0,1,1,422354e8,0ade,"iSTATE2",1,ca83e2f4,ca83e2f4,fce3c590,00000000,00000000,00000000,1,3449901822,6491,1,00000b4c,0,0,0,1,0
3109,3109,0,0,0,30,60,0001871b,cdb38784,04444444,000002ca,1,0,0,1,1,422354e8,0ade,"iSTATE2",1,ca96177a,ca96177a,fce3c590,00000000,00000000,00000000,1,3451094916,6492,1,00000b4d,0,0,0,1,0
3110,3110,0,0,0,30,60,0001871b,cdc5bc0a,04444444,000002ca,1,0,0,1,1,422354e8,0ade,"iSTATE2",1,caa84c00,caa84c00,fce3c590,00000000,00000000,00000000,1,3452288010,6493,1,00000b4e,0,0,0,1,0
3111,3111,0,0,0,30,60,0001871b,cdd7f090,04444444,000002ca,1,0,0,1,1,422354e8,0ade,"iSTATE2",1,caba8086,caba8086,fce3c590,00000000,00000000,00000000,1,3453481104,6494,1,00000b4f,0,0,0,1,0
3112,3112,0,0,0,30,60,0001871b,cdea27e0,04444444,000002ca,1,0,0,1,1,422354e8,0ade,"iSTATE2",1,caccb7d6,caccb7d6,fce3c590,00000000,00000000,00000000,1,3454674912,6495,1,00000b50,0,0,0,1,0
3113,3113,0,0,0,30,60,0001871b,cdfc5c66,04444444,000002ca,1,0,0,1,1,422354e8,0ade,"iSTATE2",1,cadeec5c,cadeec5c,fce3c590,00000000,00000000,00000000,1,3455868006,6496,1,00000b51,0,0,0,1,0
3114,3114,0,0,0,30,60,0001871b,ce0e90ec,04444444,000002ca,1,0,0,1,1,422354e8,0ade,"iSTATE2",1,caf120e2,caf120e2,fce3c590,00000000,00000000,00000000,1,3457061100,6497,1,00000b52,0,0,0,1,0
3115,3115,0,0,0,30,60,0001871b,ce20c83c,04444444,000002ca,1,0,0,1,1,422354e8,0ade,"iSTATE2",1,cb035832,cb035832,fce3c590,00000000,00000000,00000000,1,3458254908,6498,1,00000b53,0,0,0,1,0
3116,3116,0,0,0,30,60,0001871b,ce32fcc2,04444444,000002ca,1,0,0,1,1,422354e8,0ade,"iSTATE2",1,cb158cb8,cb158cb8,fce3c590,00000000,00000000,00000000,1,3459448002,6499,1,00000b54,0,0,0,1,0
3117,3117,0,0,0,30,60,0001871b,ce453148,04444444,000002ca,1,0,0,1,1,422354e8,0ade,"iSTATE2",1,cb27c13e,cb27c13e,fce3c590,00000000,00000000,00000000,1,3460641096,6500,1,00000b55,0,0,0,1,0
3118,3118,0,0,0,30,60,0001871b,ce576898,04444444,000002ca,1,0,0,1,1,422354e8,0ade,"iSTATE2",1,cb39f88e,cb39f88e,fce3c590,00000000,00000000,00000000,1,3461834904,6501,1,00000b56,0,0,0,1,0
3119,3119,0,0,0,30,60,0001871b,ce699d1e,04444444,000002ca,1,0,0,1,1,422354e8,0ade,"iSTATE2",1,cb4c2d14,cb4c2d14,fce3c590,00000000,00000000,00000000,1,3463027998,6502,1,00000b57,0,0,0,1,0
3120,3120,0,0,0,30,60,0001871b,ce7bd1a4,04444444,000002ca,1,0,0,1,1,422354e8,0ade,"iSTATE2",1,cb5e619a,cb5e619a,fce3c590,00000000,00000000,00000000,1,3464221092,6503,1,00000b58,0,0,0,1,0
3121,3121,0,0,0,30,60,0001871b,ce8e08f4,04444444,000002ca,1,0,0,1,1,422354e8,0ade,"iSTATE2",1,cb7098ea,cb7098ea,fce3c590,00000000,00000000,00000000,1,3465414900,6504,1,00000b59,0,0,0,1,0
3122,3122,0,0,0,30,60,0001871b,cea03d7a,04444444,000002ca,1,0,0,1,1,422354e8,0ade,"iSTATE2",1,cb82cd70,cb82cd70,fce3c590,00000000,00000000,00000000,1,3466607994,6505,1,00000b5a,0,0,0,1,0
3123,3123,0,0,0,30,60,0001871b,ceb27200,04444444,000002ca,1,0,0,1,1,422354e8,0ade,"iSTATE2",1,cb9501f6,cb9501f6,fce3c590,00000000,00000000,00000000,1,3467801088,6506,1,00000b5b,0,0,0,1,0
3124,3124,0,0,0,30,60,0001871b,cec4a950,04444444,000002ca,1,0,0,1,1,422354e8,0ade,"iSTATE2",1,cba73946,cba73946,fce3c590,00000000,00000000,00000000,1,3468994896,6507,1,00000b5c,0,0,0,1,0
3125,3125,0,0,0,30,60,0001871b,ced6ddd6,04444444,000002ca,1,0,0,1,1,422354e8,0ade,"iSTATE2",1,cbb96dcc,cbb96dcc,fce3c590,00000000,00000000,00000000,1,3470187990,6508,1,00000b5d,0,0,0,1,0
3126,3126,0,0,0,30,60,0001871b,cee9125c,04444444,000002ca,1,0,0,1,1,422354e8,0ade,"iSTATE2",1,cbcba252,cbcba252,fce3c590,00000000,00000000,00000000,1,3471381084,6509,1,00000b5e,0,0,0,1,0
3127,3127,0,0,0,30,60,0001871b,cefb49ac,04444444,000002ca,1,0,0,1,1,422354e8,0ade,"iSTATE2",1,cbddd9a2,cbddd9a2,fce3c590,00000000,00000000,00000000,1,3472574892,6510,1,00000b5f,0,0,0,1,0
3128,3128,0,0,0,30,60,0001871b,cf0d7e32,04444444,000002ca,1,0,0,1,1,422354e8,0ade,"iSTATE2",1,cbf00e28,cbf00e28,fce3c590,00000000,00000000,00000000,1,3473767986,6511,1,00000b60,0,0,0,1,0
3129,3129,0,0,0,30,60,0001871b,cf1fb2b8,04444444,000002ca,1,0,0,1,1,422354e8,0ade,"iSTATE2",1,cc0242ae,cc0242ae,fce3c590,00000000,00000000,00000000,1,3474961080,6512,1,00000b61,0,0,0,1,0
3130,3130,0,0,0,30,60,0001871b,cf31ea08,04444444,000002ca,1,0,0,1,1,422354e8,0ade,"iSTATE2",1,cc1479fe,cc1479fe,fce3c590,00000000,00000000,00000000,1,3476154888,6513,1,00000b62,0,0,0,1,0
3131,3131,0,0,0,30,60,0001871b,cf441e8e,04444444,000002ca,1,0,0,1,1,422354e8,0ade,"iSTATE2",1,cc26ae84,cc26ae84,fce3c590,00000000,00000000,00000000,1,3477347982,6514,1,00000b63,0,0,0,1,0
3132,3132,0,0,0,30,60,0001871b,cf565314,04444444,000002ca,1,0,0,1,1,422354e8,0ade,"iSTATE2",1,cc38e30a,cc38e30a,fce3c590,00000000,00000000,00000000,1,3478541076,6515,1,00000b64,0,0,0,1,0
3133,3133,0,0,0,30,60,0001871b,cf688a64,04444444,000002ca,1,0,0,1,1,422354e8,0ade,"iSTATE2",1,cc4b1a5a,cc4b1a5a,fce3c590,00000000,00000000,00000000,1,3479734884,6516,1,00000b65,0,0,0,1,0
3134,3134,0,0,0,30,60,0001871b,cf7abeea,04444444,000002ca,1,0,0,1,1,422354e8,0ade,"iSTATE2",1,cc5d4ee0,cc5d4ee0,fce3c590,00000000,00000000,00000000,1,3480927978,6517,1,00000b66,0,0,0,1,0
3135,3135,0,0,0,30,60,0001871b,cf8cf370,04444444,000002ca,1,0,0,1,1,422354e8,0ade,"iSTATE2",1,cc6f8366,cc6f8366,fce3c590,00000000,00000000,00000000,1,3482121072,6518,1,00000b67,0,0,0,1,0
3136,3136,0,0,0,30,60,0001871b,cf9f2ac0,04444444,000002ca,1,0,0,1,1,422354e8,0ade,"iSTATE2",1,cc81bab6,cc81bab6,fce3c590,00000000,00000000,00000000,1,3483314880,6519,1,00000b68,0,0,0,1,0
3137,3137,0,0,0,30,60,0001871b,cfb15f46,04444444,000002ca,1,0,0,1,1,422354e8,0ade,"iSTATE2",1,cc93ef3c,cc93ef3c,fce3c590,00000000,00000000,00000000,1,3484507974,6520,1,00000b69,0,0,0,1,0
3138,3138,0,0,0,30,60,0001871b,cfc393cc,04444444,000002ca,1,0,0,1,1,422354e8,0ade,"iSTATE2",1,cca623c2,cca623c2,fce3c590,00000000,00000000,00000000,1,3485701068,6521,1,00000b6a,0,0,0,1,0
3139,3139,0,0,0,30,60,0001871b,cfd5c852,04444444,000002ca,1,0,0,1,1,422354e8,0ade,"iSTATE2",1,ccb85848,ccb85848,fce3c590,00000000,00000000,00000000,1,3486894162,6522,1,00000b6b,0,0,0,1,0
3140,3140,0,0,0,30,60,0001871b,cfe7ffa2,04444444,000002ca,1,0,0,1,1,422354e8,0ade,"iSTATE2",1,ccca8f98,ccca8f98,fce3c590,00000000,00000000,00000000,1,3488087970,6523,1,00000b6c,0,0,0,1,0
3141,3141,0,0,0,30,60,0001871b,cffa3428,04444444,000002ca,1,0,0,1,1,422354e8,0ade,"iSTATE2",1,ccdcc41e,ccdcc41e,fce3c590,00000000,00000000,00000000,1,3489281064,6524,1,00000b6d,0,0,0,1,0
3142,3142,0,0,0,30,60,0001871b,d00c68ae,04444444,000002ca,1,0,0,1,1,422354e8,0ade,"iSTATE2",1,cceef8a4,cceef8a4,fce3c590,00000000,00000000,00000000,1,3490474158,6525,1,00000b6e,0,0,0,1,0
3143,3143,0,0,0,30,60,0001871b,d01e9ffe,04444444,000002ca,1,0,0,1,1,422354e8,0ade,"iSTATE2",1,cd012ff4,cd012ff4,fce3c590,00000000,00000000,00000000,1,3491667966,6526,1,00000b6f,0,0,0,1,0
3144,3144,0,0,0,30,60,0001871b,d030d484,04444444,000002ca,1,0,0,1,1,422354e8,0ade,"iSTATE2",1,cd13647a,cd13647a,fce3c590,00000000,00000000,00000000,1,3492861060,6527,1,00000b70,0,0,0,1,0
3145,3145,0,0,0,30,60,0001871b,d043090a,04444444,000002ca,1,0,0,1,1,422354e8,0ade,"iSTATE2",1,cd259900,cd259900,fce3c590,00000000,00000000,00000000,1,3494054154,6528,1,00000b71,0,0,0,1,0
3146,3146,0,0,0,30,60,0001871b,d055405a,04444444,000002ca,1,0,0,1,1,422354e8,0ade,"iSTATE2",1,cd37d050,cd37d050,fce3c590,00000000,00000000,00000000,1,3495247962,6529,1,00000b72,0,0,0,1,0
3147,3147,0,0,0,30,60,0001871b,d06774e0,04444444,000002ca,1,0,0,1,1,422354e8,0ade,"iSTATE2",1,cd4a04d6,cd4a04d6,fce3c590,00000000,00000000,00000000,1,3496441056,6530,1,00000b73,0,0,0,1,0
3148,3148,0,0,0,30,60,0001871b,d079a966,04444444,000002ca,1,0,0,1,1,422354e8,0ade,"iSTATE2",1,cd5c395c,cd5c395c,fce3c590,00000000,00000000,00000000,1,3497634150,6531,1,00000b74,0,0,0,1,0
3149,3149,0,0,0,30,60,0001871b,d08be0b6,04444444,000002ca,1,0,0,1,1,422354e8,0ade,"iSTATE2",1,cd6e70ac,cd6e70ac,fce3c590,00000000,00000000,00000000,1,3498827958,6532,1,00000b75,0,0,0,1,0
3150,3150,0,0,0,30,60,0001871b,d09e153c,04444444,000002ca,1,0,0,1,1,422354e8,0ade,"iSTATE2",1,cd80a532,cd80a532,fce3c590,00000000,00000000,00000000,1,3500021052,6533,1,00000b76,0,0,0,1,0
3151,3151,0,0,0,30,60,0001871b,d0b049c2,04444444,000002ca,1,0,0,1,1,422354e8,0ade,"iSTATE2",1,cd92d9b8,cd92d9b8,fce3c590,00000000,00000000,00000000,1,3501214146,6534,1,00000b77,0,0,0,1,0
3152,3152,0,0,0,30,60,0001871b,d0c28112,04444444,000002ca,1,0,0,1,1,422354e8,0ade,"iSTATE2",1,cda51108,cda51108,fce3c590,00000000,00000000,00000000,1,3502407954,6535,1,00000b78,0,0,0,1,0
3153,3153,0,0,0,30,60,0001871b,d0d4b598,04444444,000002ca,1,0,0,1,1,422354e8,0ade,"iSTATE2",1,cdb7458e,cdb7458e,fce3c590,00000000,00000000,00000000,1,3503601048,6536,1,00000b79,0,0,0,1,0
3154,3154,0,0,0,30,60,0001871b,d0e6ea1e,04444444,000002ca,1,0,0,1,1,422354e8,0ade,"iSTATE2",1,cdc97a14,cdc97a14,fce3c590,00000000,00000000,00000000,1,3504794142,6537,1,00000b7a,0,0,0,1,0
3155,3155,0,0,0,30,60,0001871b,d0f9216e,04444444,000002ca,1,0,0,1,1,422354e8,0ade,"iSTATE2",1,cddbb164,cddbb164,fce3c590,00000000,00000000,00000000,1,3505987950,6538,1,00000b7b,0,0,0,1,0
3156,3156,0,0,0,30,60,0001871b,d10b55f4,04444444,000002ca,1,0,0,1,1,422354e8,0ade,"iSTATE2",1,cdede5ea,cdede5ea,fce3c590,00000000,00000000,00000000,1,3507181044,6539,1,00000b7c,0,0,0,1,0
3157,3157,0,0,0,31,60,0001871c,d11d8a7e,04444444,000002ca,1,0,0,1,1,422354e8,0ade,"iSTATE2",1,cdfead12,cdfead12,fce28ff6,00000000,00000000,00000000,1,3508374142,6540,1,00000b7d,0,0,0,1,0
3158,3158,0,0,0,31,60,0001871c,d12fc1ce,04444444,000002ca,1,0,0,1,1,422354e8,0ade,"iSTATE2",1,ce10e462,ce10e462,fce28ff6,00000000,00000000,00000000,1,3509567950,6541,1,00000b7e,0,0,0,1,0
3159,3159,0,0,0,31,60,0001871c,d141f654,04444444,000002ca,1,0,0,1,1,422354e8,0ade,"iSTATE2",1,ce2318e8,ce2318e8,fce28ff6,00000000,00000000,00000000,1,3510761044,6542,1,00000b7f,0,0,0,1,0
3160,3160,0,0,0,31,60,0001871c,d1542ada,04444444,000002ca,1,0,0,1,1,422354e8,0ade,"iSTATE2",1,ce354d6e,ce354d6e,fce28ff6,00000000,00000000,00000000,1,3511954138,6543,1,00000b80,0,0,0,1,0
3161,3161,0,0,0,31,60,0001871c,d166622a,04444444,000002ca,1,0,0,1,1,422354e8,0ade,"iSTATE2",1,ce4784be,ce4784be,fce28ff6,00000000,00000000,00000000,1,3513147946,6544,1,00000b81,0,0,0,1,0
3162,3162,0,0,0,31,60,0001871c,d17896b0,04444444,000002ca,1,0,0,1,1,422354e8,0ade,"iSTATE2",1,ce59b944,ce59b944,fce28ff6,00000000,00000000,00000000,1,3514341040,6545,1,00000b82,0,0,0,1,0
3163,3163,0,0,0,31,60,0001871c,d18acb36,04444444,000002ca,1,0,0,1,1,422354e8,0ade,"iSTATE2",1,ce6bedca,ce6bedca,fce28ff6,00000000,00000000,00000000,1,3515534134,6546,1,00000b83,0,0,0,1,0
3164,3164,0,0,0,31,60,0001871c,d19d0286,04444444,000002ca,1,0,0,1,1,422354e8,0ade,"iSTATE2",1,ce7e251a,ce7e251a,fce28ff6,00000000,00000000,00000000,1,3516727942,6547,1,00000b84,0,0,0,1,0
3165,3165,0,0,0,31,60,0001871c,d1af370c,04444444,000002ca,1,0,0,1,1,422354e8,0ade,"iSTATE2",1,ce9059a0,ce9059a0,fce28ff6,00000000,00000000,00000000,1,3517921036,6548,1,00000b85,0,0,0,1,0
3166,3166,0,0,0,31,60,0001871c,d1c16b92,04444444,000002ca,1,0,0,1,1,422354e8,0ade,"iSTATE2",1,cea28e26,cea28e26,fce28ff6,00000000,00000000,00000000,1,3519114130,6549,1,00000b86,0,0,0,1,0
3167,3167,0,0,0,31,60,0001871c,d1d3a2e2,04444444,000002ca,1,0,0,1,1,422354e8,0ade,"iSTATE2",1,ceb4c576,ceb4c576,fce28ff6,00000000,00000000,00000000,1,3520307938,6550,1,00000b87,0,0,0,1,0
3168,3168,0,0,0,31,60,0001871c,d1e5d768,04444444,000002ca,1,0,0,1,1,422354e8,0ade,"iSTATE2",1,cec6f9fc,cec6f9fc,fce28ff6,00000000,00000000,00000000,1,3521501032,6551,1,00000b88,0,0,0,1,0
3169,3169,0,0,0,31,60,0001871c,d1f80bee,04444444,000002ca,1,0,0,1,1,422354e8,0ade,"iSTATE2",1,ced92e82,ced92e82,fce28ff6,00000000,00000000,00000000,1,3522694126,6552,1,00000b89,0,0,0,1,0
3170,3170,0,0,0,31,60,0001871c,d20a4074,04444444,000002ca,1,0,0,1,1,422354e8,0ade,"iSTATE2",1,ceeb6308,ceeb6308,fce28ff6,00000000,00000000,00000000,1,3523887220,6553,1,00000b8a,0,0,0,1,0
3171,3171,0,0,0,31,60,0001871c,d21c77c4,04444444,000002ca,1,0,0,1,1,422354e8,0ade,"iSTATE2",1,cefd9a58,cefd9a58,fce28ff6,00000000,00000000,00000000,1,3525081028,6554,1,00000b8b,0,0,0,1,0
3172,3172,0,0,0,31,60,0001871c,d22eac4a,04444444,000002ca,1,0,0,1,1,422354e8,0ade,"iSTATE2",1,cf0fcede,cf0fcede,fce28ff6,00000000,00000000,00000000,1,3526274122,6555,1,00000b8c,0,0,0,1,0
3173,3173,0,0,0,31,60,0001871c,d240e0d0,04444444,000002ca,1,0,0,1,1,422354e8,0ade,"iSTATE2",1,cf220364,cf220364,fce28ff6,00000000,00000000,00000000,1,3527467216,6556,1,00000b8d,0,0,0,1,0
3174,3174,0,0,0,31,60,0001871c,d2531820,04444444,000002ca,1,0,0,1,1,422354e8,0ade,"iSTATE2",1,cf343ab4,cf343ab4,fce28ff6,00000000,00000000,00000000,1,3528661024,6557,1,00000b8e,0,0,0,1,0
3175,3175,0,0,0,31,60,0001871c,d2654ca6,04444444,000002ca,1,0,0,1,1,422354e8,0ade,"iSTATE2",1,cf466f3a,cf466f3a,fce28ff6,00000000,00000000,00000000,1,3529854118,6558,1,00000b8f,0,0,0,1,0
3176,3176,0,0,0,31,60,0001871c,d277812c,04444444,000002ca,1,0,0,1,1,422354e8,0ade,"iSTATE2",1,cf58a3c0,cf58a3c0,fce28ff6,00000000,00000000,00000000,1,3531047212,6559,1,00000b90,0,0,0,1,0
3177,3177,0,0,0,31,60,0001871c,d289b87c,04444444,000002ca,1,0,0,1,1,422354e8,0ade,"iSTATE2",1,cf6adb10,cf6adb10,fce28ff6,00000000,00000000,00000000,1,3532241020,6560,1,00000b91,0,0,0,1,0
3178,3178,0,0,0,31,60,0001871c,d29bed02,04444444,000002ca,1,0,0,1,1,422354e8,0ade,"iSTATE2",1,cf7d0f96,cf7d0f96,fce28ff6,00000000,00000000,00000000,1,3533434114,6561,1,00000b92,0,0,0,1,0
3179,3179,0,0,0,31,60,0001871c,d2ae2188,04444444,000002ca,1,0,0,1,1,422354e8,0ade,"iSTATE2",1,cf8f441c,cf8f441c,fce28ff6,00000000,00000000,00000000,1,3534627208,6562,1,00000b93,0,0,0,1,0
3180,3180,0,0,0,31,60,0001871c,d2c058d8,04444444,000002ca,1,0,0,1,1,422354e8,0ade,"iSTATE2",1,cfa17b6c,cfa17b6c,fce28ff6,00000000,00000000,00000000,1,3535821016,6563,1,00000b94,0,0,0,1,0
3181,3181,0,0,0,31,60,0001871c,d2d28d5e,04444444,000002ca,1,0,0,1,1,422354e8,0ade,"iSTATE2",1,cfb3aff2,cfb3aff2,fce28ff6,00000000,00000000,00000000,1,3537014110,6564,1,00000b95,0,0,0,1,0
3182,3182,0,0,0,31,60,0001871c,d2e4c1e4,04444444,000002ca,1,0,0,1,1,422354e8,0ade,"iSTATE2",1,cfc5e478,cfc5e478,fce28ff6,00000000,00000000,00000000,1,3538207204,6565,1,00000b96,0,0,0,1,0
3183,3183,0,0,0,31,60,0001871c,d2f6f934,04444444,000002ca,1,0,0,1,1,422354e8,0ade,"iSTATE2",1,cfd81bc8,cfd81bc8,fce28ff6,00000000,00000000,00000000,1,3539401012,6566,1,00000b97,0,0,0,1,0
3184,3184,0,0,0,31,60,0001871c,d3092dba,04444444,000002ca,1,0,0,1,1,422354e8,0ade,"iSTATE2",1,cfea504e,cfea504e,fce28ff6,00000000,00000000,00000000,1,3540594106,6567,1,00000b98,0,0,0,1,0
3185,3185,0,0,0,31,60,0001871c,d31b6240,04444444,000002ca,1,0,0,1,1,422354e8,0ade,"iSTATE2",1,cffc84d4,cffc84d4,fce28ff6,00000000,00000000,00000000,1,3541787200,6568,1,00000b99,0,0,0,1,0
3186,3186,0,0,0,31,60,0001871c,d32d9990,04444444,000002ca,1,0,0,1,1,422354e8,0ade,"iSTATE2",1,d00ebc24,d00ebc24,fce28ff6,00000000,00000000,00000000,1,3542981008,6569,1,00000b9a,0,0,0,1,0
3187,3187,0,0,0,31,60,0001871c,d33fce16,04444444,000002ca,1,0,0,1,1,422354e8,0ade,"iSTATE2",1,d020f0aa,d020f0aa,fce28ff6,00000000,00000000,00000000,1,3544174102,6570,1,00000b9b,0,0,0,1,0
3188,3188,0,0,0,31,60,0001871c,d352029c,04444444,000002ca,1,0,0,1,1,422354e8,0ade,"iSTATE2",1,d0332530,d0332530,fce28ff6,00000000,00000000,00000000,1,3545367196,6571,1,00000b9c,0,0,0,1,0
3189,3189,0,0,0,31,60,0001871c,d36439ec,04444444,000002ca,1,0,0,1,1,422354e8,0ade,"iSTATE2",1,d0455c80,d0455c80,fce28ff6,00000000,00000000,00000000,1,3546561004,6572,1,00000b9d,0,0,0,1,0
3190,3190,0,0,0,31,60,0001871c,d3766e72,04444444,000002ca,1,0,0,1,1,422354e8,0ade,"iSTATE2",1,d0579106,d0579106,fce28ff6,00000000,00000000,00000000,1,3547754098,6573,1,00000b9e,0,0,0,1,0
3191,3191,0,0,0,31,60,0001871c,d388a2f8,04444444,000002ca,1,0,0,1,1,422354e8,0ade,"iSTATE2",1,d069c58c,d069c58c,fce28ff6,00000000,00000000,00000000,1,3548947192,6574,1,00000b9f,0,0,0,1,0
3192,3192,0,0,0,31,60,0001871c,d39ada48,04444444,000002ca,1,0,0,1,1,422354e8,0ade,"iSTATE2",1,d07bfcdc,d07bfcdc,fce28ff6,00000000,00000000,00000000,1,3550141000,6575,1,00000ba0,0,0,0,1,0
3193,3193,0,0,0,31,60,0001871c,d3ad0ece,04444444,000002ca,1,0,0,1,1,422354e8,0ade,"iSTATE2",1,d08e3162,d08e3162,fce28ff6,00000000,00000000,00000000,1,3551334094,6576,1,00000ba1,0,0,0,1,0
3194,3194,0,0,0,31,60,0001871c,d3bf4354,04444444,000002ca,1,0,0,1,1,422354e8,0ade,"iSTATE2",1,d0a065e8,d0a065e8,fce28ff6,00000000,00000000,00000000,1,3552527188,6577,1,00000ba2,0,0,0,1,0
3195,3195,0,0,0,31,60,0001871c,d3d17aa4,04444444,000002ca,1,0,0,1,1,422354e8,0ade,"iSTATE2",1,d0b29d38,d0b29d38,fce28ff6,00000000,00000000,00000000,1,3553720996,6578,1,00000ba3,0,0,0,1,0
3196,3196,0,0,0,31,60,0001871c,d3e3af2a,04444444,000002ca,1,0,0,1,1,422354e8,0ade,"iSTATE2",1,d0c4d1be,d0c4d1be,fce28ff6,00000000,00000000,00000000,1,3554914090,6579,1,00000ba4,0,0,0,1,0
3197,3197,0,0,0,31,60,0001871c,d3f5e3b0,04444444,000002ca,1,0,0,1,1,422354e8,0ade,"iSTATE2",1,d0d70644,d0d70644,fce28ff6,00000000,00000000,00000000,1,3556107184,6580,1,00000ba5,0,0,0,1,0
3198,3198,0,0,0,31,60,0001871c,d4081836,04444444,000002ca,1,0,0,1,1,422354e8,0ade,"iSTATE2",1,d0e93aca,d0e93aca,fce28ff6,00000000,00000000,00000000,1,3557300278,6581,1,00000ba6,0,0,0,1,0
3199,3199,0,0,0,31,60,0001871c,d41a4f86,04444444,000002ca,1,0,0,1,1,422354e8,0ade,"iSTATE2",1,d0fb721a,d0fb721a,fce28ff6,00000000,00000000,00000000,1,3558494086,6582,1,00000ba7,0,0,0,1,0
3200,3200,0,0,0,31,60,0001871c,d42c840c,04444444,000002ca,1,0,0,1,1,422354e8,0ade,"iSTATE2",1,d10da6a0,d10da6a0,fce28ff6,00000000,00000000,00000000,1,3559687180,6583,1,00000ba8,0,0,0,1,0
3201,3201,0,0,0,31,60,0001871c,d43eb892,04444444,000002ca,1,0,0,1,1,422354e8,0ade,"iSTATE2",1,d11fdb26,d11fdb26,fce28ff6,00000000,00000000,00000000,1,3560880274,6584,1,00000ba9,0,0,0,1,0
3202,3202,0,0,0,31,60,0001871c,d450efe2,04444444,000002ca,1,0,0,1,1,422354e8,0ade,"iSTATE2",1,d1321276,d1321276,fce28ff6,00000000,00000000,00000000,1,3562074082,6585,1,00000baa,0,0,0,1,0
3203,3203,0,0,0,31,60,0001871c,d4632468,04444444,000002ca,1,0,0,1,1,422354e8,0ade,"iSTATE2",1,d14446fc,d14446fc,fce28ff6,00000000,00000000,00000000,1,3563267176,6586,1,00000bab,0,0,0,1,0
3204,3204,0,0,0,31,60,0001871c,d47558ee,04444444,000002ca,1,0,0,1,1,422354e8,0ade,"iSTATE2",1,d1567b82,d1567b82,fce28ff6,00000000,00000000,00000000,1,3564460270,6587,1,00000bac,0,0,0,1,0
3205,3205,0,0,0,31,60,0001871c,d487903e,04444444,000002ca,1,0,0,1,1,422354e8,0ade,"iSTATE2",1,d168b2d2,d168b2d2,fce28ff6,00000000,00000000,00000000,1,3565654078,6588,1,00000bad,0,0,0,1,0
3206,3206,0,0,0,31,60,0001871c,d499c4c4,04444444,000002ca,1,0,0,1,1,422354e8,0ade,"iSTATE2",1,d17ae758,d17ae758,fce28ff6,00000000,00000000,00000000,1,3566847172,6589,1,00000bae,0,0,0,1,0
3207,3207,0,0,0,31,60,0001871c,d4abf94a,04444444,000002ca,1,0,0,1,1,422354e8,0ade,"iSTATE2",1,d18d1bde,d18d1bde,fce28ff6,00000000,00000000,00000000,1,3568040266,6590,1,00000baf,0,0,0,1,0
3208,3208,0,0,0,31,60,0001871c,d4be309a,04444444,000002ca,1,0,0,1,1,422354e8,0ade,"iSTATE2",1,d19f532e,d19f532e,fce28ff6,00000000,00000000,00000000,1,3569234074,6591,1,00000bb0,0,0,0,1,0
3209,3209,0,0,0,31,60,0001871c,d4d06520,04444444,000002ca,1,0,0,1,1,422354e8,0ade,"iSTATE2",1,d1b187b4,d1b187b4,fce28ff6,00000000,00000000,00000000,1,3570427168,6592,1,00000bb1,0,0,0,1,0
3210,3210,0,0,0,31,60,0001871c,d4e299a6,04444444,000002ca,1,0,0,1,1,422354e8,0ade,"iSTATE2",1,d1c3bc3a,d1c3bc3a,fce28ff6,00000000,00000000,00000000,1,3571620262,6593,1,00000bb2,0,0,0,1,0
3211,3211,0,0,0,31,60,0001871c,d4f4d0f6,04444444,000002ca,1,0,0,1,1,422354e8,0ade,"iSTATE2",1,d1d5f38a,d1d5f38a,fce28ff6,00000000,00000000,00000000,1,3572814070,6594,1,00000bb3,0,0,0,1,0
3212,3212,0,0,0,31,60,0001871c,d507057c,04444444,000002ca,1,0,0,1,1,422354e8,0ade,"iSTATE2",1,d1e82810,d1e82810,fce28ff6,00000000,00000000,00000000,1,3574007164,6595,1,00000bb4,0,0,0,1,0
3213,3213,0,0,0,31,60,0001871c,d5193a02,04444444,000002ca,1,0,0,1,1,422354e8,0ade,"iSTATE2",1,d1fa5c96,d1fa5c96,fce28ff6,00000000,00000000,00000000,1,3575200258,6596,1,00000bb5,0,0,0,1,0
3214,3214,0,0,0,31,60,0001871c,d52b7152,04444444,000002ca,1,0,0,1,1,422354e8,0ade,"iSTATE2",1,d20c93e6,d20c93e6,fce28ff6,00000000,00000000,00000000,1,3576394066,6597,1,00000bb6,0,0,0,1,0
3215,3215,0,0,0,31,60,0001871c,d53da5d8,04444444,000002ca,1,0,0,1,1,422354e8,0ade,"iSTATE2",1,d21ec86c,d21ec86c,fce28ff6,00000000,00000000,00000000,1,3577587160,6598,1,00000bb7,0,0,0,1,0
3216,3216,0,0,0,31,60,0001871c,d54fda5e,04444444,000002ca,1,0,0,1,1,422354e8,0ade,"iSTATE2",1,d230fcf2,d230fcf2,fce28ff6,00000000,00000000,00000000,1,3578780254,6599,1,00000bb8,0,0,0,1,0
3217,3217,0,0,0,32,60,0001871b,d56211b2,04444444,000002ca,1,0,0,1,1,422354e8,0ade,"iSTATE2",1,d241c41a,d241c41a,fce12294,00000000,00000000,00000000,1,3579974066,6600,1,00000bb9,0,0,0,1,0
3218,3218,0,0,0,32,60,0001871b,d5744638,04444444,000002ca,1,0,0,1,1,422354e8,0ade,"iSTATE2",1,d253f8a0,d253f8a0,fce12294,00000000,00000000,00000000,1,3581167160,6601,1,00000bba,0,0,0,1,0
3219,3219,0,0,0,32,60,0001871b,d5867abe,04444444,000002ca,1,0,0,1,1,422354e8,0ade,"iSTATE2",1,d2662d26,d2662d26,fce12294,00000000,00000000,00000000,1,3582360254,6602,1,00000bbb,0,0,0,1,0
3220,3220,0,0,0,32,60,0001871b,d598b20e,04444444,000002ca,1,0,0,1,1,422354e8,0ade,"iSTATE2",1,d2786476,d2786476,fce12294,00000000,00000000,00000000,1,3583554062,6603,1,00000bbc,0,0,0,1,0
3221,3221,0,0,0,32,60,0001871b,d5aae694,04444444,000002ca,1,0,0,1,1,422354e8,0ade,"iSTATE2",1,d28a98fc,d28a98fc,fce12294,00000000,00000000,00000000,1,3584747156,6604,1,00000bbd,0,0,0,1,0
3222,3222,0,0,0,32,60,0001871b,d5bd1b1a,04444444,000002ca,1,0,0,1,1,422354e8,0ade,"iSTATE2",1,d29ccd82,d29ccd82,fce12294,00000000,00000000,00000000,1,3585940250,6605,1,00000bbe,0,0,0,1,0
3223,3223,0,0,0,32,60,0001871b,d5cf526a,04444444,000002ca,1,0,0,1,1,422354e8,0ade,"iSTATE2",1,d2af04d2,d2af04d2,fce12294,00000000,00000000,00000000,1,3587134058,6606,1,00000bbf,0,0,0,1,0
3224,3224,0,0,0,32,60,0001871b,d5e186f0,04444444,000002ca,1,0,0,1,1,422354e8,0ade,"iSTATE2",1,d2c13958,d2c13958,fce12294,00000000,00000000,00000000,1,3588327152,6607,1,00000bc0,0,0,0,1,0
3225,3225,0,0,0,32,60,0001871b,d5f3bb76,04444444,000002ca,1,0,0,1,1,422354e8,0ade,"iSTATE2",1,d2d36dde,d2d36dde,fce12294,00000000,00000000,00000000,1,3589520246,6608,1,00000bc1,0,0,0,1,0
3226,3226,0,0,0,32,60,0001871b,d605f2c6,04444444,000002ca,1,0,0,1,1,422354e8,0ade,"iSTATE2",1,d2e5a52e,d2e5a52e,fce12294,00000000,00000000,00000000,1,3590714054,6609,1,00000bc2,0,0,0,1,0
3227,3227,0,0,0,32,60,0001871b,d618274c,04444444,000002ca,1,0,0,1,1,422354e8,0ade,"iSTATE2",1,d2f7d9b4,d2f7d9b4,fce12294,00000000,00000000,00000000,1,3591907148,6610,1,00000bc3,0,0,0,1,0
3228,3228,0,0,0,32,60,0001871b,d62a5bd2,04444444,000002ca,1,0,0,1,1,422354e8,0ade,"iSTATE2",1,d30a0e3a,d30a0e3a,fce12294,00000000,00000000,00000000,1,3593100242,6611,1,00000bc4,0,0,0,1,0
3229,3229,0,0,0,32,60,0001871b,d63c9058,04444444,000002ca,1,0,0,1,1,422354e8,0ade,"iSTATE2",1,d31c42c0,d31c42c0,fce12294,00000000,00000000,00000000,1,3594293336,6612,1,00000bc5,0,0,0,1,0
3230,3230,0,0,0,32,60,0001871b,d64ec7a8,04444444,000002ca,1,0,0,1,1,422354e8,0ade,"iSTATE2",1,d32e7a10,d32e7a10,fce12294,00000000,00000000,00000000,1,3595487144,6613,1,00000bc6,0,0,0,1,0
3231,3231,0,0,0,32,60,0001871b,d660fc2e,04444444,000002ca,1,0,0,1,1,422354e8,0ade,"iSTATE2",1,d340ae96,d340ae96,fce12294,00000000,00000000,00000000,1,3596680238,6614,1,00000bc7,0,0,0,1,0
3232,3232,0,0,0,32,60,0001871b,d67330b4,04444444,000002ca,1,0,0,1,1,422354e8,0ade,"iSTATE2",1,d352e31c,d352e31c,fce12294,00000000,00000000,00000000,1,3597873332,6615,1,00000bc8,0,0,0,1,0
3233,3233,0,0,0,32,60,0001871b,d6856804,04444444,000002ca,1,0,0,1,1,422354e8,0ade,"iSTATE2",1,d3651a6c,d3651a6c,fce12294,00000000,00000000,00000000,1,3599067140,6616,1,00000bc9,0,0,0,1,0
3234,3234,0,0,0,32,60,0001871b,d6979c8a,04444444,000002ca,1,0,0,1,1,422354e8,0ade,"iSTATE2",1,d3774ef2,d3774ef2,fce12294,00000000,00000000,00000000,1,3600260234,6617,1,00000bca,0,0,0,1,0
3235,3235,0,0,0,32,60,0001871b,d6a9d110,04444444,000002ca,1,0,0,1,1,422354e8,0ade,"iSTATE2",1,d3898378,d3898378,fce12294,00000000,00000000,00000000,1,3601453328,6618,1,00000bcb,0,0,0,1,0
3236,3236,0,0,0,32,60,0001871b,d6bc0860,04444444,000002ca,1,0,0,1,1,422354e8,0ade,"iSTATE2",1,d39bbac8,d39bbac8,fce12294,00000000,00000000,00000000,1,3602647136,6619,1,00000bcc,0,0,0,1,0
3237,3237,0,0,0,32,60,0001871b,d6ce3ce6,04444444,000002ca,1,0,0,1,1,422354e8,0ade,"iSTATE2",1,d3adef4e,d3adef4e,fce12294,00000000,00000000,00000000,1,3603840230,6620,1,00000bcd,0,0,0,1,0
3238,3238,0,0,0,32,60,0001871b,d6e0716c,04444444,000002ca,1,0,0,1,1,422354e8,0ade,"iSTATE2",1,d3c023d4,d3c023d4,fce12294,00000000,00000000,00000000,1,3605033324,6621,1,00000bce,0,0,0,1,0
3239,3239,0,0,0,32,60,0001871b,d6f2a8bc,04444444,000002ca,1,0,0,1,1,422354e8,0ade,"iSTATE2",1,d3d25b24,d3d25b24,fce12294,00000000,00000000,00000000,1,3606227132,6622,1,00000bcf,0,0,0,1,0
3240,3240,0,0,0,32,60,0001871b,d704dd42,04444444,000002ca,1,0,0,1,1,422354e8,0ade,"iSTATE2",1,d3e48faa,d3e48faa,fce12294,00000000,00000000,00000000,1,3607420226,6623,1,00000bd0,0,0,0,1,0
3241,3241,0,0,0,32,60,0001871b,d71711c8,04444444,000002ca,1,0,0,1,1,422354e8,0ade,"iSTATE2",1,d3f6c430,d3f6c430,fce12294,00000000,00000000,00000000,1,3608613320,6624,1,00000bd1,0,0,0,1,0
3242,3242,0,0,0,32,60,0001871b,d7294918,04444444,000002ca,1,0,0,1,1,422354e8,0ade,"iSTATE2",1,d408fb80,d408fb80,fce12294,00000000,00000000,00000000,1,3609807128,6625,1,00000bd2,0,0,0,1,0
3243,3243,0,0,0,32,60,0001871b,d73b7d9e,04444444,000002ca,1,0,0,1,1,422354e8,0ade,"iSTATE2",1,d41b3006,d41b3006,fce12294,00000000,00000000,00000000,1,3611000222,6626,1,00000bd3,0,0,0,1,0
3244,3244,0,0,0,32,60,0001871b,d74db224,04444444,000002ca,1,0,0,1,1,422354e8,0ade,"iSTATE2",1,d42d648c,d42d648c,fce12294,00000000,00000000,00000000,1,3612193316,6627,1,00000bd4,0,0,0,1,0
3245,3245,0,0,0,32,60,0001871b,d75fe974,04444444,000002ca,1,0,0,1,1,422354e8,0ade,"iSTATE2",1,d43f9bdc,d43f9bdc,fce12294,00000000,00000000,00000000,1,3613387124,6628,1,00000bd5,0,0,0,1,0
3246,3246,0,0,0,32,60,0001871b,d7721dfa,04444444,000002ca,1,0,0,1,1,422354e8,0ade,"iSTATE2",1,d451d062,d451d062,fce12294,00000000,00000000,00000000,1,3614580218,6629,1,00000bd6,0,0,0,1,0
3247,3247,0,0,0,32,60,0001871b,d7845280,04444444,000002ca,1,0,0,1,1,422354e8,0ade,"iSTATE2",1,d46404e8,d46404e8,fce12294,00000000,00000000,00000000,1,3615773312,6630,1,00000bd7,0,0,0,1,0
3248,3248,0,0,0,32,60,0001871b,d79689d0,04444444,000002ca,1,0,0,1,1,422354e8,0ade,"iSTATE2",1,d4763c38,d4763c38,fce12294,00000000,00000000,00000000,1,3616967120,6631,1,00000bd8,0,0,0,1,0
3249,3249,0,0,0,32,60,0001871b,d7a8be56,04444444,000002ca,1,0,0,1,1,422354e8,0ade,"iSTATE2",1,d48870be,d48870be,fce12294,00000000,00000000,00000000,1,3618160214,6632,1,00000bd9,0,0,0,1,0
3250,3250,0,0,0,32,60,0001871b,d7baf2dc,04444444,000002ca,1,0,0,1,1,422354e8,0ade,"iSTATE2",1,d49aa544,d49aa544,fce12294,00000000,00000000,00000000,1,3619353308,6633,1,00000bda,0,0,0,1,0
3251,3251,0,0,0,32,60,0001871b,d7cd2a2c,04444444,000002ca,1,0,0,1,1,422354e8,0ade,"iSTATE2",1,d4acdc94,d4acdc94,fce12294,00000000,00000000,00000000,1,3620547116,6634,1,00000bdb,0,0,0,1,0
3252,3252,0,0,0,32,60,0001871b,d7df5eb2,04444444,000002ca,1,0,0,1,1,422354e8,0ade,"iSTATE2",1,d4bf111a,d4bf111a,fce12294,00000000,00000000,00000000,1,3621740210,6635,1,00000bdc,0,0,0,1,0
3253,3253,0,0,0,32,60,0001871b,d7f19338,04444444,000002ca,1,0,0,1,1,422354e8,0ade,"iSTATE2",1,d4d145a0,d4d145a0,fce12294,00000000,00000000,00000000,1,3622933304,6636,1,00000bdd,0,0,0,1,0
3254,3254,0,0,0,32,60,0001871b,d803ca88,04444444,000002ca,1,0,0,1,1,422354e8,0ade,"iSTATE2",1,d4e37cf0,d4e37cf0,fce12294,00000000,00000000,00000000,1,3624127112,6637,1,00000bde,0,0,0,1,0
3255,3255,0,0,0,32,60,0001871b,d815ff0e,04444444,000002ca,1,0,0,1,1,422354e8,0ade,"iSTATE2",1,d4f5b176,d4f5b176,fce12294,00000000,00000000,00000000,1,3625320206,6638,1,00000bdf,0,0,0,1,0
3256,3256,0,0,0,32,60,0001871b,d8283394,04444444,000002ca,1,0,0,1,1,422354e8,0ade,"iSTATE2",1,d507e5fc,d507e5fc,fce12294,00000000,00000000,00000000,1,3626513300,6639,1,00000be0,0,0,0,1,0
3257,3257,0,0,0,32,60,0001871b,d83a681a,04444444,000002ca,1,0,0,1,1,422354e8,0ade,"iSTATE2",1,d51a1a82,d51a1a82,fce12294,00000000,00000000,00000000,1,3627706394,6640,1,00000be1,0,0,0,1,0
3258,3258,0,0,0,32,60,0001871b,d84c9f6a,04444444,000002ca,1,0,0,1,1,422354e8,0ade,"iSTATE2",1,d52c51d2,d52c51d2,fce12294,00000000,00000000,00000000,1,3628900202,6641,1,00000be2,0,0,0,1,0
3259,3259,0,0,0,32,60,0001871b,d85ed3f0,04444444,000002ca,1,0,0,1,1,422354e8,0ade,"iSTATE2",1,d53e8658,d53e8658,fce12294,00000000,00000000,00000000,1,3630093296,6642,1,00000be3,0,0,0,1,0
3260,3260,0,0,0,32,60,0001871b,d8710876,04444444,000002ca,1,0,0,1,1,422354e8,0ade,"iSTATE2",1,d550bade,d550bade,fce12294,00000000,00000000,00000000,1,3631286390,6643,1,00000be4,0,0,0,1,0
3261,3261,0,0,0,32,60,0001871b,d8833fc6,04444444,000002ca,1,0,0,1,1,422354e8,0ade,"iSTATE2",1,d562f22e,d562f22e,fce12294,00000000,00000000,00000000,1,3632480198,6644,1,00000be5,0,0,0,1,0
3262,3262,0,0,0,32,60,0001871b,d895744c,04444444,000002ca,1,0,0,1,1,422354e8,0ade,"iSTATE2",1,d57526b4,d57526b4,fce12294,00000000,00000000,00000000,1,3633673292,6645,1,00000be6,0,0,0,1,0
3263,3263,0,0,0,32,60,0001871b,d8a7a8d2,04444444,000002ca,1,0,0,1,1,422354e8,0ade,"iSTATE2",1,d5875b3a,d5875b3a,fce12294,00000000,00000000,00000000,1,3634866386,6646,1,00000be7,0,0,0,1,0
3264,3264,0,0,0,32,60,0001871b,d8b9e022,04444444,000002ca,1,0,0,1,1,422354e8,0ade,"iSTATE2",1,d599928a,d599928a,fce12294,00000000,00000000,00000000,1,3636060194,6647,1,00000be8,0,0,0,1,0
3265,3265,0,0,0,32,60,0001871b,d8cc14a8,04444444,000002ca,1,0,0,1,1,422354e8,0ade,"iSTATE2",1,d5abc710,d5abc710,fce12294,00000000,00000000,00000000,1,3637253288,6648,1,00000be9,0,0,0,1,0
3266,3266,0,0,0,32,60,0001871b,d8de492e,04444444,000002ca,1,0,0,1,1,422354e8,0ade,"iSTATE2",1,d5bdfb96,d5bdfb96,fce12294,00000000,00000000,00000000,1,3638446382,6649,1,00000bea,0,0,0,1,0
3267,3267,0,0,0,32,60,0001871b,d8f0807e,04444444,000002ca,1,0,0,1,1,422354e8,0ade,"iSTATE2",1,d5d032e6,d5d032e6,fce12294,00000000,00000000,00000000,1,3639640190,6650,1,00000beb,0,0,0,1,0
3268,3268,0,0,0,32,60,0001871b,d902b504,04444444,000002ca,1,0,0,1,1,422354e8,0ade,"iSTATE2",1,d5e2676c,d5e2676c,fce12294,00000000,00000000,00000000,1,3640833284,6651,1,00000bec,0,0,0,1,0
3269,3269,0,0,0,32,60,0001871b,d914e98a,04444444,000002ca,1,0,0,1,1,422354e8,0ade,"iSTATE2",1,d5f49bf2,d5f49bf2,fce12294,00000000,00000000,00000000,1,3642026378,6652,1,00000bed,0,0,0,1,0
3270,3270,0,0,0,32,60,0001871b,d92720da,04444444,000002ca,1,0,0,1,1,422354e8,0ade,"iSTATE2",1,d606d342,d606d342,fce12294,00000000,00000000,00000000,1,3643220186,6653,1,00000bee,0,0,0,1,0
3271,3271,0,0,0,32,60,0001871b,d9395560,04444444,000002ca,1,0,0,1,1,422354e8,0ade,"iSTATE2",1,d61907c8,d61907c8,fce12294,00000000,00000000,00000000,1,3644413280,6654,1,00000bef,0,0,0,1,0
3272,3272,0,0,0,32,60,0001871b,d94b89e6,04444444,000002ca,1,0,0,1,1,422354e8,0ade,"iSTATE2",1,d62b3c4e,d62b3c4e,fce12294,00000000,00000000,00000000,1,3645606374,6655,1,00000bf0,0,0,0,1,0
3273,3273,0,0,0,32,60,0001871b,d95dc136,04444444,000002ca,1,0,0,1,1,422354e8,0ade,"iSTATE2",1,d63d739e,d63d739e,fce12294,00000000,00000000,00000000,1,3646800182,6656,1,00000bf1,0,0,0,1,0
3274,3274,0,0,0,32,60,0001871b,d96ff5bc,04444444,000002ca,1,0,0,1,1,422354e8,0ade,"iSTATE2",1,d64fa824,d64fa824,fce12294,00000000,00000000,00000000,1,3647993276,6657,1,00000bf2,0,0,0,1,0
3275,3275,0,0,0,32,60,0001871b,d9822a42,04444444,000002ca,1,0,0,1,1,422354e8,0ade,"iSTATE2",1,d661dcaa,d661dcaa,fce12294,00000000,00000000,00000000,1,3649186370,6658,1,00000bf3,0,0,0,1,0
3276,3276,0,0,0,32,60,0001871b,d9946192,04444444,000002ca,1,0,0,1,1,422354e8,0ade,"iSTATE2",1,d67413fa,d67413fa,fce12294,00000000,00000000,00000000,1,3650380178,6659,1,00000bf4,0,0,0,1,0
3277,3277,0,0,0,33,60,0001871c,d9a6961c,04444444,000002ca,1,0,0,1,1,422354e8,0ade,"iSTATE2",1,d684db22,d684db22,fcdfb268,00000000,00000000,00000000,1,3651573276,6660,1,00000bf5,0,0,0,1,0
3278,3278,0,0,0,33,60,0001871c,d9b8caa2,04444444,000002ca,1,0,0,1,1,422354e8,0ade,"iSTATE2",1,d6970fa8,d6970fa8,fcdfb268,00000000,00000000,00000000,1,3652766370,6661,1,00000bf6,0,0,0,1,0
3279,3279,0,0,0,33,60,0001871c,d9cb01f2,04444444,000002ca,1,0,0,1,1,422354e8,0ade,"iSTATE2",1,d6a946f8,d6a946f8,fcdfb268,00000000,00000000,00000000,1,3653960178,6662,1,00000bf7,0,0,0,1,0
3280,3280,0,0,0,33,60,0001871c,d9dd3678,04444444,000002ca,1,0,0,1,1,422354e8,0ade,"iSTATE2",1,d6bb7b7e,d6bb7b7e,fcdfb268,00000000,00000000,00000000,1,3655153272,6663,1,00000bf8,0,0,0,1,0
3281,3281,0,0,0,33,60,0001871c,d9ef6afe,04444444,000002ca,1,0,0,1,1,422354e8,0ade,"iSTATE2",1,d6cdb004,d6cdb004,fcdfb268,00000000,00000000,00000000,1,3656346366,6664,1,00000bf9,0,0,0,1,0
3282,3282,0,0,0,33,60,0001871c,da01a24e,04444444,000002ca,1,0,0,1,1,422354e8,0ade,"iSTATE2",1,d6dfe754,d6dfe754,fcdfb268,00000000,00000000,00000000,1,3657540174,6665,1,00000bfa,0,0,0,1,0
3283,3283,0,0,0,33,60,0001871c,da13d6d4,04444444,000002ca,1,0,0,1,1,422354e8,0ade,"iSTATE2",1,d6f21bda,d6f21bda,fcdfb268,00000000,00000000,00000000,1,3658733268,6666,1,00000bfb,0,0,0,1,0
3284,3284,0,0,0,33,60,0001871c,da260b5a,04444444,000002ca,1,0,0,1,1,422354e8,0ade,"iSTATE2",1,d7045060,d7045060,fcdfb268,00000000,00000000,00000000,1,3659926362,6667,1,00000bfc,0,0,0,1,0
3285,3285,0,0,0,33,60,0001871c,da3842aa,04444444,000002ca,1,0,0,1,1,422354e8,0ade,"iSTATE2",1,d71687b0,d71687b0,fcdfb268,00000000,00000000,00000000,1,3661120170,6668,1,00000bfd,0,0,0,1,0
3286,3286,0,0,0,33,60,0001871c,da4a7730,04444444,000002ca,1,0,0,1,1,422354e8,0ade,"iSTATE2",1,d728bc36,d728bc36,fcdfb268,00000000,00000000,00000000,1,3662313264,6669,1,00000bfe,0,0,0,1,0
3287,3287,0,0,0,33,60,0001871c,da5cabb6,04444444,000002ca,1,0,0,1,1,422354e8,0ade,"iSTATE2",1,d73af0bc,d73af0bc,fcdfb268,00000000,00000000,00000000,1,3663506358,6670,1,00000bff,0,0,0,1,0
3288,3288,0,0,0,33,60,0001871c,da6ee03c,04444444,000002ca,1,0,0,1,1,422354e8,0ade,"iSTATE2",1,d74d2542,d74d2542,fcdfb268,00000000,00000000,00000000,1,3664699452,6671,1,00000c00,0,0,0,1,0
3289,3289,0,0,0,33,60,0001871c,da81178c,04444444,000002ca,1,0,0,1,1,422354e8,0ade,"iSTATE2",1,d75f5c92,d75f5c92,fcdfb268,00000000,00000000,00000000,1,3665893260,6672,1,00000c01,0,0,0,1,0
3290,3290,0,0,0,33,60,0001871c,da934c12,04444444,000002ca,1,0,0,1,1,422354e8,0ade,"iSTATE2",1,d7719118,d7719118,fcdfb268,00000000,00000000,00000000,1,3667086354,6673,1,00000c02,0,0,0,1,0
3291,3291,0,0,0,33,60,0001871c,daa58098,04444444,000002ca,1,0,0,1,1,422354e8,0ade,"iSTATE2",1,d783c59e,d783c59e,fcdfb268,00000000,00000000,00000000,1,3668279448,6674,1,00000c03,0,0,0,1,0
3292,3292,0,0,0,33,60,0001871c,dab7b7e8,04444444,000002ca,1,0,0,1,1,422354e8,0ade,"iSTATE2",1,d795fcee,d795fcee,fcdfb268,00000000,00000000,00000000,1,3669473256,6675,1,00000c04,0,0,0,1,0
3293,3293,0,0,0,33,60,0001871c,dac9ec6e,04444444,000002ca,1,0,0,1,1,422354e8,0ade,"iSTATE2",1,d7a83174,d7a83174,fcdfb268,00000000,00000000,00000000,1,3670666350,6676,1,00000c05,0,0,0,1,0
3294,3294,0,0,0,33,60,0001871c,dadc20f4,04444444,000002ca,1,0,0,1,1,422354e8,0ade,"iSTATE2",1,d7ba65fa,d7ba65fa,fcdfb268,00000000,00000000,00000000,1,3671859444,6677,1,00000c06,0,0,0,1,0
3295,3295,0,0,0,33,60,0001871c,daee5844,04444444,000002ca,1,0,0,1,1,422354e8,0ade,"iSTATE2",1,d7cc9d4a,d7cc9d4a,fcdfb268,00000000,00000000,00000000,1,3673053252,6678,1,00000c07,0,0,0,1,0
3296,3296,0,0,0,33,60,0001871c,db008cca,04444444,000002ca,1,0,0,1,1,422354e8,0ade,"iSTATE2",1,d7ded1d0,d7ded1d0,fcdfb268,00000000,00000000,00000000,1,3674246346,6679,1,00000c08,0,0,0,1,0
3297,3297,0,0,0,33,60,0001871c,db12c150,04444444,000002ca,1,0,0,1,1,422354e8,0ade,"iSTATE2",1,d7f10656,d7f10656,fcdfb268,00000000,00000000,00000000,1,3675439440,6680,1,00000c09,0,0,0,1,0
3298,3298,0,0,0,33,60,0001871c,db24f8a0,04444444,000002ca,1,0,0,1,1,422354e8,0ade,"iSTATE2",1,d8033da6,d8033da6,fcdfb268,00000000,00000000,00000000,1,3676633248,6681,1,00000c0a,0,0,0,1,0
3299,3299,0,0,0,33,60,0001871c,db372d26,04444444,000002ca,1,0,0,1,1,422354e8,0ade,"iSTATE2",1,d815722c,d815722c,fcdfb268,00000000,00000000,00000000,1,3677826342,6682,1,00000c0b,0,0,0,1,0
3300,3300,0,0,0,33,60,0001871c,db4961ac,04444444,000002ca,1,0,0,1,1,422354e8,0ade,"iSTATE2",1,d827a6b2,d827a6b2,fcdfb268,00000000,00000000,00000000,1,3679019436,6683,1,00000c0c,0,0,0,1,0
3301,3301,0,0,0,33,60,0001871c,db5b98fc,04444444,000002ca,1,0,0,1,1,422354e8,0ade,"iSTATE2",1,d839de02,d839de02,fcdfb268,00000000,00000000,00000000,1,3680213244,6684,1,00000c0d,0,0,0,1,0
3302,3302,0,0,0,33,60,0001871c,db6dcd82,04444444,000002ca,1,0,0,1,1,422354e8,0ade,"iSTATE2",1,d84c1288,d84c1288,fcdfb268,00000000,00000000,00000000,1,3681406338,6685,1,00000c0e,0,0,0,1,0
3303,3303,0,0,0,33,60,0001871c,db800208,04444444,000002ca,1,0,0,1,1,422354e8,0ade,"iSTATE2",1,d85e470e,d85e470e,fcdfb268,00000000,00000000,00000000,1,3682599432,6686,1,00000c0f,0,0,0,1,0
3304,3304,0,0,0,33,60,0001871c,db923958,04444444,000002ca,1,0,0,1,1,422354e8,0ade,"iSTATE2",1,d8707e5e,d8707e5e,fcdfb268,00000000,00000000,00000000,1,3683793240,6687,1,00000c10,0,0,0,1,0
3305,3305,0,0,0,33,60,0001871c,dba46dde,04444444,000002ca,1,0,0,1,1,422354e8,0ade,"iSTATE2",1,d882b2e4,d882b2e4,fcdfb268,00000000,00000000,00000000,1,3684986334,6688,1,00000c11,0,0,0,1,0
3306,3306,0,0,0,33,60,0001871c,dbb6a264,04444444,000002ca,1,0,0,1,1,422354e8,0ade,"iSTATE2",1,d894e76a,d894e76a,fcdfb268,00000000,00000000,00000000,1,3686179428,6689,1,00000c12,0,0,0,1,0
3307,3307,0,0,0,33,60,0001871c,dbc8d9b4,04444444,000002ca,1,0,0,1,1,422354e8,0ade,"iSTATE2",1,d8a71eba,d8a71eba,fcdfb268,00000000,00000000,00000000,1,3687373236,6690,1,00000c13,0,0,0,1,0
3308,3308,0,0,0,33,60,0001871c,dbdb0e3a,04444444,000002ca,1,0,0,1,1,422354e8,0ade,"iSTATE2",1,d8b95340,d8b95340,fcdfb268,00000000,00000000,00000000,1,3688566330,6691,1,00000c14,0,0,0,1,0
3309,3309,0,0,0,33,60,0001871c,dbed42c0,04444444,000002ca,1,0,0,1,1,422354e8,0ade,"iSTATE2",1,d8cb87c6,d8cb87c6,fcdfb268,00000000,00000000,00000000,1,3689759424,6692,1,00000c15,0,0,0,1,0
3310,3310,0,0,0,33,60,0001871c,dbff7a10,04444444,000002ca,1,0,0,1,1,422354e8,0ade,"iSTATE2",1,d8ddbf16,d8ddbf16,fcdfb268,00000000,00000000,00000000,1,3690953232,6693,1,00000c16,0,0,0,1,0
3311,3311,0,0,0,33,60,0001871c,dc11ae96,04444444,000002ca,1,0,0,1,1,422354e8,0ade,"iSTATE2",1,d8eff39c,d8eff39c,fcdfb268,00000000,00000000,00000000,1,3692146326,6694,1,00000c17,0,0,0,1,0
3312,3312,0,0,0,33,60,0001871c,dc23e31c,04444444,000002ca,1,0,0,1,1,422354e8,0ade,"iSTATE2",1,d9022822,d9022822,fcdfb268,00000000,00000000,00000000,1,3693339420,6695,1,00000c18,0,0,0,1,0
3313,3313,0,0,0,33,60,0001871c,dc361a6c,04444444,000002ca,1,0,0,1,1,422354e8,0ade,"iSTATE2",1,d9145f72,d9145f72,fcdfb268,00000000,00000000,00000000,1,3694533228,6696,1,00000c19,0,0,0,1,0
3314,3314,0,0,0,33,60,0001871c,dc484ef2,04444444,000002ca,1,0,0,1,1,422354e8,0ade,"iSTATE2",1,d92693f8,d92693f8,fcdfb268,00000000,00000000,00000000,1,3695726322,6697,1,00000c1a,0,0,0,1,0
3315,3315,0,0,0,33,60,0001871c,dc5a8378,04444444,000002ca,1,0,0,1,1,422354e8,0ade,"iSTATE2",1,d938c87e,d938c87e,fcdfb268,00000000,00000000,00000000,1,3696919416,6698,1,00000c1b,0,0,0,1,0
3316,3316,0,0,0,33,60,0001871c,dc6cb7fe,04444444,000002ca,1,0,0,1,1,422354e8,0ade,"iSTATE2",1,d94afd04,d94afd04,fcdfb268,00000000,00000000,00000000,1,3698112510,6699,1,00000c1c,0,0,0,1,0
3317,3317,0,0,0,33,60,0001871c,dc7eef4e,04444444,000002ca,1,0,0,1,1,422354e8,0ade,"iSTATE2",1,d95d3454,d95d3454,fcdfb268,00000000,00000000,00000000,1,3699306318,6700,1,00000c1d,0,0,0,1,0
3318,3318,0,0,0,33,60,0001871c,dc9123d4,04444444,000002ca,1,0,0,1,1,422354e8,0ade,"iSTATE2",1,d96f68da,d96f68da,fcdfb268,00000000,00000000,00000000,1,3700499412,6701,1,00000c1e,0,0,0,1,0
3319,3319,0,0,0,33,60,0001871c,dca3585a,04444444,000002ca,1,0,0,1,1,422354e8,0ade,"iSTATE2",1,d9819d60,d9819d60,fcdfb268,00000000,00000000,00000000,1,3701692506,6702,1,00000c1f,0,0,0,1,0
3320,3320,0,0,0,33,60,0001871c,dcb58faa,04444444,000002ca,1,0,0,1,1,422354e8,0ade,"iSTATE2",1,d993d4b0,d993d4b0,fcdfb268,00000000,00000000,00000000,1,3702886314,6703,1,00000c20,0,0,0,1,0
3321,3321,0,0,0,33,60,0001871c,dcc7c430,04444444,000002ca,1,0,0,1,1,422354e8,0ade,"iSTATE2",1,d9a60936,d9a60936,fcdfb268,00000000,00000000,00000000,1,3704079408,6704,1,00000c21,0,0,0,1,0
3322,3322,0,0,0,33,60,0001871c,dcd9f8b6,04444444,000002ca,1,0,0,1,1,422354e8,0ade,"iSTATE2",1,d9b83dbc,d9b83dbc,fcdfb268,00000000,00000000,00000000,1,3705272502,6705,1,00000c22,0,0,0,1,0
3323,3323,0,0,0,33,60,0001871c,dcec3006,04444444,000002ca,1,0,0,1,1,422354e8,0ade,"iSTATE2",1,d9ca750c,d9ca750c,fcdfb268,00000000,00000000,00000000,1,3706466310,6706,1,00000c23,0,0,0,1,0
3324,3324,0,0,0,33,60,0001871c,dcfe648c,04444444,000002ca,1,0,0,1,1,422354e8,0ade,"iSTATE2",1,d9dca992,d9dca992,fcdfb268,00000000,00000000,00000000,1,3707659404,6707,1,00000c24,0,0,0,1,0
3325,3325,0,0,0,33,60,0001871c,dd109912,04444444,000002ca,1,0,0,1,1,422354e8,0ade,"iSTATE2",1,d9eede18,d9eede18,fcdfb268,00000000,00000000,00000000,1,3708852498,6708,1,00000c25,0,0,0,1,0
3326,3326,0,0,0,33,60,0001871c,dd22d062,04444444,000002ca,1,0,0,1,1,422354e8,0ade,"iSTATE2",1,da011568,da011568,fcdfb268,00000000,00000000,00000000,1,3710046306,6709,1,00000c26,0,0,0,1,0
3327,3327,0,0,0,33,60,0001871c,dd3504e8,04444444,000002ca,1,0,0,1,1,422354e8,0ade,"iSTATE2",1,da1349ee,da1349ee,fcdfb268,00000000,00000000,00000000,1,3711239400,6710,1,00000c27,0,0,0,1,0
3328,3328,0,0,0,33,60,0001871c,dd47396e,04444444,000002ca,1,0,0,1,1,422354e8,0ade,"iSTATE2",1,da257e74,da257e74,fcdfb268,00000000,00000000,00000000,1,3712432494,6711,1,00000c28,0,0,0,1,0
3329,3329,0,0,0,33,60,0001871c,dd5970be,04444444,000002ca,1,0,0,1,1,422354e8,0ade,"iSTATE2",1,da37b5c4,da37b5c4,fcdfb268,00000000,00000000,00000000,1,3713626302,6712,1,00000c29,0,0,0,1,0
3330,3330,0,0,0,33,60,0001871c,dd6ba544,04444444,000002ca,1,0,0,1,1,422354e8,0ade,"iSTATE2",1,da49ea4a,da49ea4a,fcdfb268,00000000,00000000,00000000,1,3714819396,6713,1,00000c2a,0,0,0,1,0
3331,3331,0,0,0,33,60,0001871c,dd7dd9ca,04444444,000002ca,1,0,0,1,1,422354e8,0ade,"iSTATE2",1,da5c1ed0,da5c1ed0,fcdfb268,00000000,00000000,00000000,1,3716012490,6714,1,00000c2b,0,0,0,1,0
3332,3332,0,0,0,33,60,0001871c,dd90111a,04444444,000002ca,1,0,0,1,1,422354e8,0ade,"iSTATE2",1,da6e5620,da6e5620,fcdfb268,00000000,00000000,00000000,1,3717206298,6715,1,00000c2c,0,0,0,1,0
3333,3333,0,0,0,33,60,0001871c,dda245a0,04444444,000002ca,1,0,0,1,1,422354e8,0ade,"iSTATE2",1,da808aa6,da808aa6,fcdfb268,00000000,00000000,00000000,1,3718399392,6716,1,00000c2d,0,0,0,1,0
3334,3334,0,0,0,33,60,0001871c,ddb47a26,04444444,000002ca,1,0,0,1,1,422354e8,0ade,"iSTATE2",1,da92bf2c,da92bf2c,fcdfb268,00000000,00000000,00000000,1,3719592486,6717,1,00000c2e,0,0,0,1,0
3335,3335,0,0,0,33,60,0001871c,ddc6b176,04444444,000002ca,1,0,0,1,1,422354e8,0ade,"iSTATE2",1,daa4f67c,daa4f67c,fcdfb268,00000000,00000000,00000000,1,3720786294,6718,1,00000c2f,0,0,0,1,0
3336,3336,0,0,0,33,60,0001871c,ddd8e5fc,04444444,000002ca,1,0,0,1,1,422354e8,0ade,"iSTATE2",1,dab72b02,dab72b02,fcdfb268,00000000,00000000,00000000,1,3721979388,6719,1,00000c30,0,0,0,1,0
3337,3337,0,0,0,34,60,0001871c,ddeb1a86,04444444,000002ca,1,0,0,1,1,422354e8,0ade,"iSTATE2",1,dac7b798,dac7b798,fcde4506,00000000,00000000,00000000,1,3723172486,6720,1,00000c31,0,0,0,1,0
3338,3338,0,0,0,34,60,0001871c,ddfd51d6,04444444,000002ca,1,0,0,1,1,422354e8,0ade,"iSTATE2",1,dad9eee8,dad9eee8,fcde4506,00000000,00000000,00000000,1,3724366294,6721,1,00000c32,0,0,0,1,0
3339,3339,0,0,0,34,60,0001871c,de0f865c,04444444,000002ca,1,0,0,1,1,422354e8,0ade,"iSTATE2",1,daec236e,daec236e,fcde4506,00000000,00000000,00000000,1,3725559388,6722,1,00000c33,0,0,0,1,0
3340,3340,0,0,0,34,60,0001871c,de21bae2,04444444,000002ca,1,0,0,1,1,422354e8,0ade,"iSTATE2",1,dafe57f4,dafe57f4,fcde4506,00000000,00000000,00000000,1,3726752482,6723,1,00000c34,0,0,0,1,0
3341,3341,0,0,0,34,60,0001871c,de33f232,04444444,000002ca,1,0,0,1,1,422354e8,0ade,"iSTATE2",1,db108f44,db108f44,fcde4506,00000000,00000000,00000000,1,3727946290,6724,1,00000c35,0,0,0,1,0
3342,3342,0,0,0,34,60,0001871c,de4626b8,04444444,000002ca,1,0,0,1,1,422354e8,0ade,"iSTATE2",1,db22c3ca,db22c3ca,fcde4506,00000000,00000000,00000000,1,3729139384,6725,1,00000c36,0,0,0,1,0
3343,3343,0,0,0,34,60,0001871c,de585b3e,04444444,000002ca,1,0,0,1,1,422354e8,0ade,"iSTATE2",1,db34f850,db34f850,fcde4506,00000000,00000000,00000000,1,3730332478,6726,1,00000c37,0,0,0,1,0
3344,3344,0,0,0,34,60,0001871c,de6a928e,04444444,000002ca,1,0,0,1,1,422354e8,0ade,"iSTATE2",1,db472fa0,db472fa0,fcde4506,00000000,00000000,00000000,1,3731526286,6727,1,00000c38,0,0,0,1,0
3345,3345,0,0,0,34,60,0001871c,de7cc714,04444444,000002ca,1,0,0,1,1,422354e8,0ade,"iSTATE2",1,db596426,db596426,fcde4506,00000000,00000000,00000000,1,3732719380,6728,1,00000c39,0,0,0,1,0
3346,3346,0,0,0,34,60,0001871c,de8efb9a,04444444,000002ca,1,0,0,1,1,422354e8,0ade,"iSTATE2",1,db6b98ac,db6b98ac,fcde4506,00000000,00000000,00000000,1,3733912474,6729,1,00000c3a,0,0,0,1,0
3347,3347,0,0,0,34,60,0001871c,dea13020,04444444,000002ca,1,0,0,1,1,422354e8,0ade,"iSTATE2",1,db7dcd32,db7dcd32,fcde4506,00000000,00000000,00000000,1,3735105568,6730,1,00000c3b,0,0,0,1,0
3348,3348,0,0,0,34,60,0001871c,deb36770,04444444,000002ca,1,0,0,1,1,422354e8,0ade,"iSTATE2",1,db900482,db900482,fcde4506,00000000,00000000,00000000,1,3736299376,6731,1,00000c3c,0,0,0,1,0
3349,3349,0,0,0,34,60,0001871c,dec59bf6,04444444,000002ca,1,0,0,1,1,422354e8,0ade,"iSTATE2",1,dba23908,dba23908,fcde4506,00000000,00000000,00000000,1,3737492470,6732,1,00000c3d,0,0,0,1,0
3350,3350,0,0,0,34,60,0001871c,ded7d07c,04444444,000002ca,1,0,0,1,1,422354e8,0ade,"iSTATE2",1,dbb46d8e,dbb46d8e,fcde4506,00000000,00000000,00000000,1,3738685564,6733,1,00000c3e,0,0,0,1,0
3351,3351,0,0,0,34,60,0001871c,deea07cc,04444444,000002ca,1,0,0,1,1,422354e8,0ade,"iSTATE2",1,dbc6a4de,dbc6a4de,fcde4506,00000000,00000000,00000000,1,3739879372,6734,1,00000c3f,0,0,0,1,0
3352,3352,0,0,0,34,60,0001871c,defc3c52,04444444,000002ca,1,0,0,1,1,422354e8,0ade,"iSTATE2",1,dbd8d964,dbd8d964,fcde4506,00000000,00000000,00000000,1,3741072466,6735,1,00000c40,0,0,0,1,0
3353,3353,0,0,0,34,60,0001871c,df0e70d8,04444444,000002ca,1,0,0,1,1,422354e8,0ade,"iSTATE2",1,dbeb0dea,dbeb0dea,fcde4506,00000000,00000000,00000000,1,3742265560,6736,1,00000c41,0,0,0,1,0
3354,3354,0,0,0,34,60,0001871c,df20a828,04444444,000002ca,1,0,0,1,1,422354e8,0ade,"iSTATE2",1,dbfd453a,dbfd453a,fcde4506,00000000,00000000,00000000,1,3743459368,6737,1,00000c42,0,0,0,1,0
3355,3355,0,0,0,34,60,0001871c,df32dcae,04444444,000002ca,1,0,0,1,1,422354e8,0ade,"iSTATE2",1,dc0f79c0,dc0f79c0,fcde4506,00000000,00000000,00000000,1,3744652462,6738,1,00000c43,0,0,0,1,0
3356,3356,0,0,0,34,60,0001871c,df451134,04444444,000002ca,1,0,0,1,1,422354e8,0ade,"iSTATE2",1,dc21ae46,dc21ae46,fcde4506,00000000,00000000,00000000,1,3745845556,6739,1,00000c44,0,0,0,1,0
3357,3357,0,0,0,34,60,0001871c,df574884,04444444,000002ca,1,0,0,1,1,422354e8,0ade,"iSTATE2",1,dc33e596,dc33e596,fcde4506,00000000,00000000,00000000,1,3747039364,6740,1,00000c45,0,0,0,1,0
3358,3358,0,0,0,34,60,0001871c,df697d0a,04444444,000002ca,1,0,0,1,1,422354e8,0ade,"iSTATE2",1,dc461a1c,dc461a1c,fcde4506,00000000,00000000,00000000,1,3748232458,6741,1,00000c46,0,0,0,1,0
3359,3359,0,0,0,34,60,0001871c,df7bb190,04444444,000002ca,1,0,0,1,1,422354e8,0ade,"iSTATE2",1,dc584ea2,dc584ea2,fcde4506,00000000,00000000,00000000,1,3749425552,6742,1,00000c47,0,0,0,1,0
3360,3360,0,0,0,34,60,0001871c,df8de8e0,04444444,000002ca,1,0,0,1,1,422354e8,0ade,"iSTATE2",1,dc6a85f2,dc6a85f2,fcde4506,00000000,00000000,00000000,1,3750619360,6743,1,00000c48,0,0,0,1,0
3361,3361,0,0,0,34,60,0001871c,dfa01d66,04444444,000002ca,1,0,0,1,1,422354e8,0ade,"iSTATE2",1,dc7cba78,dc7cba78,fcde4506,00000000,00000000,00000000,1,3751812454,6744,1,00000c49,0,0,0,1,0
3362,3362,0,0,0,34,60,0001871c,dfb251ec,04444444,000002ca,1,0,0,1,1,422354e8,0ade,"iSTATE2",1,dc8eeefe,dc8eeefe,fcde4506,00000000,00000000,00000000,1,3753005548,6745,1,00000c4a,0,0,0,1,0
3363,3363,0,0,0,34,60,0001871c,dfc4893c,04444444,000002ca,1,0,0,1,1,422354e8,0ade,"iSTATE2",1,dca1264e,dca1264e,fcde4506,00000000,00000000,00000000,1,3754199356,6746,1,00000c4b,0,0,0,1,0
3364,3364,0,0,0,34,60,0001871c,dfd6bdc2,04444444,000002ca,1,0,0,1,1,422354e8,0ade,"iSTATE2",1,dcb35ad4,dcb35ad4,fcde4506,00000000,00000000,00000000,1,3755392450,6747,1,00000c4c,0,0,0,1,0
3365,3365,0,0,0,34,60,0001871c,dfe8f248,04444444,000002ca,1,0,0,1,1,422354e8,0ade,"iSTATE2",1,dcc58f5a,dcc58f5a,fcde4506,00000000,00000000,00000000,1,3756585544,6748,1,00000c4d,0,0,0,1,0
3366,3366,0,0,0,34,60,0001871c,dffb2998,04444444,000002ca,1,0,0,1,1,422354e8,0ade,"iSTATE2",1,dcd7c6aa,dcd7c6aa,fcde4506,00000000,00000000,00000000,1,3757779352,6749,1,00000c4e,0,0,0,1,0
3367,3367,0,0,0,34,60,0001871c,e00d5e1e,04444444,000002ca,1,0,0,1,1,422354e8,0ade,"iSTATE2",1,dce9fb30,dce9fb30,fcde4506,00000000,00000000,00000000,1,3758972446,6750,1,00000c4f,0,0,0,1,0
3368,3368,0,0,0,34,60,0001871c,e01f92a4,04444444,000002ca,1,0,0,1,1,422354e8,0ade,"iSTATE2",1,dcfc2fb6,dcfc2fb6,fcde4506,00000000,00000000,00000000,1,3760165540,6751,1,00000c50,0,0,0,1,0
3369,3369,0,0,0,34,60,0001871c,e031c9f4,04444444,000002ca,1,0,0,1,1,422354e8,0ade,"iSTATE2",1,dd0e6706,dd0e6706,fcde4506,00000000,00000000,00000000,1,3761359348,6752,1,00000c51,0,0,0,1,0
3370,3370,0,0,0,34,60,0001871c,e043fe7a,04444444,000002ca,1,0,0,1,1,422354e8,0ade,"iSTATE2",1,dd209b8c,dd209b8c,fcde4506,00000000,00000000,00000000,1,3762552442,6753,1,00000c52,0,0,0,1,0
3371,3371,0,0,0,34,60,0001871c,e0563300,04444444,000002ca,1,0,0,1,1,422354e8,0ade,"iSTATE2",1,dd32d012,dd32d012,fcde4506,00000000,00000000,00000000,1,3763745536,6754,1,00000c53,0,0,0,1,0
3372,3372,0,0,0,34,60,0001871c,e0686a50,04444444,000002ca,1,0,0,1,1,422354e8,0ade,"iSTATE2",1,dd450762,dd450762,fcde4506,00000000,00000000,00000000,1,3764939344,6755,1,00000c54,0,0,0,1,0
3373,3373,0,0,0,34,60,0001871c,e07a9ed6,04444444,000002ca,1,0,0,1,1,422354e8,0ade,"iSTATE2",1,dd573be8,dd573be8,fcde4506,00000000,00000000,00000000,1,3766132438,6756,1,00000c55,0,0,0,1,0
3374,3374,0,0,0,34,60,0001871c,e08cd35c,04444444,000002ca,1,0,0,1,1,422354e8,0ade,"iSTATE2",1,dd69706e,dd69706e,fcde4506,00000000,00000000,00000000,1,3767325532,6757,1,00000c56,0,0,0,1,0
3375,3375,0,0,0,34,60,0001871c,e09f07e2,04444444,000002ca,1,0,0,1,1,422354e8,0ade,"iSTATE2",1,dd7ba4f4,dd7ba4f4,fcde4506,00000000,00000000,00000000,1,3768518626,6758,1,00000c57,0,0,0,1,0
3376,3376,0,0,0,34,60,0001871c,e0b13f32,04444444,000002ca,1,0,0,1,1,422354e8,0ade,"iSTATE2",1,dd8ddc44,dd8ddc44,fcde4506,00000000,00000000,00000000,1,3769712434,6759,1,00000c58,0,0,0,1,0
3377,3377,0,0,0,34,60,0001871c,e0c373b8,04444444,000002ca,1,0,0,1,1,422354e8,0ade,"iSTATE2",1,dda010ca,dda010ca,fcde4506,00000000,00000000,00000000,1,3770905528,6760,1,00000c59,0,0,0,1,0
3378,3378,0,0,0,34,60,0001871c,e0d5a83e,04444444,000002ca,1,0,0,1,1,422354e8,0ade,"iSTATE2",1,ddb24550,ddb24550,fcde4506,00000000,00000000,00000000,1,3772098622,6761,1,00000c5a,0,0,0,1,0
3379,3379,0,0,0,34,60,0001871c,e0e7df8e,04444444,000002ca,1,0,0,1,1,422354e8,0ade,"iSTATE2",1,ddc47ca0,ddc47ca0,fcde4506,00000000,00000000,00000000,1,3773292430,6762,1,00000c5b,0,0,0,1,0
3380,3380,0,0,0,34,60,0001871c,e0fa1414,04444444,000002ca,1,0,0,1,1,422354e8,0ade,"iSTATE2",1,ddd6b126,ddd6b126,fcde4506,00000000,00000000,00000000,1,3774485524,6763,1,00000c5c,0,0,0,1,0
3381,3381,0,0,0,34,60,0001871c,e10c489a,04444444,000002ca,1,0,0,1,1,422354e8,0ade,"iSTATE2",1,dde8e5ac,dde8e5ac,fcde4506,00000000,00000000,00000000,1,3775678618,6764,1,00000c5d,0,0,0,1,0
3382,3382,0,0,0,34,60,0001871c,e11e7fea,04444444,000002ca,1,0,0,1,1,422354e8,0ade,"iSTATE2",1,ddfb1cfc,ddfb1cfc,fcde4506,00000000,00000000,00000000,1,3776872426,6765,1,00000c5e,0,0,0,1,0
3383,3383,0,0,0,34,60,0001871c,e130b470,04444444,000002ca,1,0,0,1,1,422354e8,0ade,"iSTATE2",1,de0d5182,de0d5182,fcde4506,00000000,00000000,00000000,1,3778065520,6766,1,00000c5f,0,0,0,1,0
3384,3384,0,0,0,34,60,0001871c,e142e8f6,04444444,000002ca,1,0,0,1,1,422354e8,0ade,"iSTATE2",1,de1f8608,de1f8608,fcde4506,00000000,00000000,00000000,1,3779258614,6767,1,00000c60,0,0,0,1,0
3385,3385,0,0,0,34,60,0001871c,e1552046,04444444,000002ca,1,0,0,1,1,422354e8,0ade,"iSTATE2",1,de31bd58,de31bd58,fcde4506,00000000,00000000,00000000,1,3780452422,6768,1,00000c61,0,0,0,1,0
3386,3386,0,0,0,34,60,0001871c,e16754cc,04444444,000002ca,1,0,0,1,1,422354e8,0ade,"iSTATE2",1,de43f1de,de43f1de,fcde4506,00000000,00000000,00000000,1,3781645516,6769,1,00000c62,0,0,0,1,0
3387,3387,0,0,0,34,60,0001871c,e1798952,04444444,000002ca,1,0,0,1,1,422354e8,0ade,"iSTATE2",1,de562664,de562664,fcde4506,00000000,00000000,00000000,1,3782838610,6770,1,00000c63,0,0,0,1,0
3388,3388,0,0,0,34,60,0001871c,e18bc0a2,04444444,000002ca,1,0,0,1,1,422354e8,0ade,"iSTATE2",1,de685db4,de685db4,fcde4506,00000000,00000000,00000000,1,3784032418,6771,1,00000c64,0,0,0,1,0
3389,3389,0,0,0,34,60,0001871c,e19df528,04444444,000002ca,1,0,0,1,1,422354e8,0ade,"iSTATE2",1,de7a923a,de7a923a,fcde4506,00000000,00000000,00000000,1,3785225512,6772,1,00000c65,0,0,0,1,0
3390,3390,0,0,0,34,60,0001871c,e1b029ae,04444444,000002ca,1,0,0,1,1,422354e8,0ade,"iSTATE2",1,de8cc6c0,de8cc6c0,fcde4506,00000000,00000000,00000000,1,3786418606,6773,1,00000c66,0,0,0,1,0
3391,3391,0,0,0,34,60,0001871c,e1c260fe,04444444,000002ca,1,0,0,1,1,422354e8,0ade,"iSTATE2",1,de9efe10,de9efe10,fcde4506,00000000,00000000,00000000,1,3787612414,6774,1,00000c67,0,0,0,1,0
3392,3392,0,0,0,34,60,0001871c,e1d49584,04444444,000002ca,1,0,0,1,1,422354e8,0ade,"iSTATE2",1,deb13296,deb13296,fcde4506,00000000,00000000,00000000,1,3788805508,6775,1,00000c68,0,0,0,1,0
3393,3393,0,0,0,34,60,0001871c,e1e6ca0a,04444444,000002ca,1,0,0,1,1,422354e8,0ade,"iSTATE2",1,dec3671c,dec3671c,fcde4506,00000000,00000000,00000000,1,3789998602,6776,1,00000c69,0,0,0,1,0
3394,3394,0,0,0,34,60,0001871c,e1f9015a,04444444,000002ca,1,0,0,1,1,422354e8,0ade,"iSTATE2",1,ded59e6c,ded59e6c,fcde4506,00000000,00000000,00000000,1,3791192410,6777,1,00000c6a,0,0,0,1,0
3395,3395,0,0,0,34,60,0001871c,e20b35e0,04444444,000002ca,1,0,0,1,1,422354e8,0ade,"iSTATE2",1,dee7d2f2,dee7d2f2,fcde4506,00000000,00000000,00000000,1,3792385504,6778,1,00000c6b,0,0,0,1,0
3396,3396,0,0,0,34,60,0001871c,e21d6a66,04444444,000002ca,1,0,0,1,1,422354e8,0ade,"iSTATE2",1,defa0778,defa0778,fcde4506,00000000,00000000,00000000,1,3793578598,6779,1,00000c6c,0,0,0,1,0
3397,3397,0,0,0,35,60,0001871b,e22fa1ba,04444444,000002ca,1,0,0,1,1,422354e8,0ade,"iSTATE2",1,df0b0932,df0b0932,fcdc9d12,00000000,00000000,00000000,1,3794772410,6780,1,00000c6d,0,0,0,1,0
3398,3398,0,0,0,35,60,0001871b,e241d640,04444444,000002ca,1,0,0,1,1,422354e8,0ade,"iSTATE2",1,df1d3db8,df1d3db8,fcdc9d12,00000000,00000000,00000000,1,3795965504,6781,1,00000c6e,0,0,0,1,0
3399,3399,0,0,0,35,60,0001871b,e2540ac6,04444444,000002ca,1,0,0,1,1,422354e8,0ade,"iSTATE2",1,df2f723e,df2f723e,fcdc9d12,00000000,00000000,00000000,1,3797158598,6782,1,00000c6f,0,0,0,1,0
3400,3400,0,0,0,35,60,0001871b,e2664216,04444444,000002ca,1,0,0,1,1,422354e8,0ade,"iSTATE2",1,df41a98e,df41a98e,fcdc9d12,00000000,00000000,00000000,1,3798352406,6783,1,00000c70,0,0,0,1,0
3401,3401,0,0,0,35,60,0001871b,e278769c,04444444,000002ca,1,0,0,1,1,422354e8,0ade,"iSTATE2",1,df53de14,df53de14,fcdc9d12,00000000,00000000,00000000,1,3799545500,6784,1,00000c71,0,0,0,1,0
3402,3402,0,0,0,35,60,0001871b,e28aab22,04444444,000002ca,1,0,0,1,1,422354e8,0ade,"iSTATE2",1,df66129a,df66129a,fcdc9d12,00000000,00000000,00000000,1,3800738594,6785,1,00000c72,0,0,0,1,0
3403,3403,0,0,0,35,60,0001871b,e29ce272,04444444,000002ca,1,0,0,1,1,422354e8,0ade,"iSTATE2",1,df7849ea,df7849ea,fcdc9d12,00000000,00000000,00000000,1,3801932402,6786,1,00000c73,0,0,0,1,0
3404,3404,0,0,0,35,60,0001871b,e2af16f8,04444444,000002ca,1,0,0,1,1,422354e8,0ade,"iSTATE2",1,df8a7e70,df8a7e70,fcdc9d12,00000000,00000000,00000000,1,3803125496,6787,1,00000c74,0,0,0,1,0
3405,3405,0,0,0,35,60,0001871b,e2c14b7e,04444444,000002ca,1,0,0,1,1,422354e8,0ade,"iSTATE2",1,df9cb2f6,df9cb2f6,fcdc9d12,00000000,00000000,00000000,1,3804318590,6788,1,00000c75,0,0,0,1,0
3406,3406,0,0,0,35,60,0001871b,e2d38004,04444444,000002ca,1,0,0,1,1,422354e8,0ade,"iSTATE2",1,dfaee77c,dfaee77c,fcdc9d12,00000000,00000000,00000000,1,3805511684,6789,1,00000c76,0,0,0,1,0
3407,3407,0,0,0,35,60,0001871b,e2e5b754,04444444,000002ca,1,0,0,1,1,422354e8,0ade,"iSTATE2",1,dfc11ecc,dfc11ecc,fcdc9d12,00000000,00000000,00000000,1,3806705492,6790,1,00000c77,0,0,0,1,0
3408,3408,0,0,0,35,60,0001871b,e2f7ebda,04444444,000002ca,1,0,0,1,1,422354e8,0ade,"iSTATE2",1,dfd35352,dfd35352,fcdc9d12,00000000,00000000,00000000,1,3807898586,6791,1,00000c78,0,0,0,1,0
3409,3409,0,0,0,35,60,0001871b,e30a2060,04444444,000002ca,1,0,0,1,1,422354e8,0ade,"iSTATE2",1,dfe587d8,dfe587d8,fcdc9d12,00000000,00000000,00000000,1,3809091680,6792,1,00000c79,0,0,0,1,0
3410,3410,0,0,0,35,60,0001871b,e31c57b0,04444444,000002ca,1,0,0,1,1,422354e8,0ade,"iSTATE2",1,dff7bf28,dff7bf28,fcdc9d12,00000000,00000000,00000000,1,3810285488,6793,1,00000c7a,0,0,0,1,0
3411,3411,0,0,0,35,60,0001871b,e32e8c36,04444444,000002ca,1,0,0,1,1,422354e8,0ade,"iSTATE2",1,e009f3ae,e009f3ae,fcdc9d12,00000000,00000000,00000000,1,3811478582,6794,1,00000c7b,0,0,0,1,0
3412,3412,0,0,0,35,60,0001871b,e340c0bc,04444444,000002ca,1,0,0,1,1,422354e8,0ade,"iSTATE2",1,e01c2834,e01c2834,fcdc9d12,00000000,00000000,00000000,1,3812671676,6795,1,00000c7c,0,0,0,1,0
3413,3413,0,0,0,35,60,0001871b,e352f80c,04444444,000002ca,1,0,0,1,1,422354e8,0ade,"iSTATE2",1,e02e5f84,e02e5f84,fcdc9d12,00000000,00000000,00000000,1,3813865484,6796,1,00000c7d,0,0,0,1,0
3414,3414,0,0,0,35,60,0001871b,e3652c92,04444444,000002ca,1,0,0,1,1,422354e8,0ade,"iSTATE2",1,e040940a,e040940a,fcdc9d12,00000000,00000000,00000000,1,3815058578,6797,1,00000c7e,0,0,0,1,0
3415,3415,0,0,0,35,60,0001871b,e3776118,04444444,000002ca,1,0,0,1,1,422354e8,0ade,"iSTATE2",1,e052c890,e052c890,fcdc9d12,00000000,00000000,00000000,1,3816251672,6798,1,00000c7f,0,0,0,1,0
3416,3416,0,0,0,35,60,0001871b,e3899868,04444444,000002ca,1,0,0,1,1,422354e8,0ade,"iSTATE2",1,e064ffe0,e064ffe0,fcdc9d12,00000000,00000000,00000000,1,3817445480,6799,1,00000c80,0,0,0,1,0
3417,3417,0,0,0,35,60,0001871b,e39bccee,04444444,000002ca,1,0,0,1,1,422354e8,0ade,"iSTATE2",1,e0773466,e0773466,fcdc9d12,00000000,00000000,00000000,1,3818638574,6800,1,00000c81,0,0,0,1,0
3418,3418,0,0,0,35,60,0001871b,e3ae0174,04444444,000002ca,1,0,0,1,1,422354e8,0ade,"iSTATE2",1,e08968ec,e08968ec,fcdc9d12,00000000,00000000,00000000,1,3819831668,6801,1,00000c82,0,0,0,1,0
3419,3419,0,0,0,35,60,0001871b,e3c038c4,04444444,000002ca,1,0,0,1,1,422354e8,0ade,"iSTATE2",1,e09ba03c,e09ba03c,fcdc9d12,00000000,00000000,00000000,1,3821025476,6802,1,00000c83,0,0,0,1,0
3420,3420,0,0,0,35,60,0001871b,e3d26d4a,04444444,000002ca,1,0,0,1,1,422354e8,0ade,"iSTATE2",1,e0add4c2,e0add4c2,fcdc9d12,00000000,00000000,00000000,1,3822218570,6803,1,00000c84,0,0,0,1,0
3421,3421,0,0,0,35,60,0001871b,e3e4a1d0,04444444,000002ca,1,0,0,1,1,422354e8,0ade,"iSTATE2",1,e0c00948,e0c00948,fcdc9d12,00000000,00000000,00000000,1,3823411664,6804,1,00000c85,0,0,0,1,0
3422,3422,0,0,0,35,60,0001871b,e3f6d920,04444444,000002ca,1,0,0,1,1,422354e8,0ade,"iSTATE2",1,e0d24098,e0d24098,fcdc9d12,00000000,00000000,00000000,1,3824605472,6805,1,00000c86,0,0,0,1,0
3423,3423,0,0,0,35,60,0001871b,e4090da6,04444444,000002ca,1,0,0,1,1,422354e8,0ade,"iSTATE2",1,e0e4751e,e0e4751e,fcdc9d12,00000000,00000000,00000000,1,3825798566,6806,1,00000c87,0,0,0,1,0
3424,3424,0,0,0,35,60,0001871b,e41b422c,04444444,000002ca,1,0,0,1,1,422354e8,0ade,"iSTATE2",1,e0f6a9a4,e0f6a9a4,fcdc9d12,00000000,00000000,00000000,1,3826991660,6807,1,00000c88,0,0,0,1,0
3425,3425,0,0,0,35,60,0001871b,e42d797c,04444444,000002ca,1,0,0,1,1,422354e8,0ade,"iSTATE2",1,e108e0f4,e108e0f4,fcdc9d12,00000000,00000000,00000000,1,3828185468,6808,1,00000c89,0,0,0,1,0
3426,3426,0,0,0,35,60,0001871b,e43fae02,04444444,000002ca,1,0,0,1,1,422354e8,0ade,"iSTATE2",1,e11b157a,e11b157a,fcdc9d12,00000000,00000000,00000000,1,3829378562,6809,1,00000c8a,0,0,0,1,0
3427,3427,0,0,0,35,60,0001871b,e451e288,04444444,000002ca,1,0,0,1,1,422354e8,0ade,"iSTATE2",1,e12d4a00,e12d4a00,fcdc9d12,00000000,00000000,00000000,1,3830571656,6810,1,00000c8b,0,0,0,1,0
3428,3428,0,0,0,35,60,0001871b,e46419d8,04444444,000002ca,1,0,0,1,1,422354e8,0ade,"iSTATE2",1,e13f8150,e13f8150,fcdc9d12,00000000,00000000,00000000,1,3831765464,6811,1,00000c8c,0,0,0,1,0
3429,3429,0,0,0,35,60,0001871b,e4764e5e,04444444,000002ca,1,0,0,1,1,422354e8,0ade,"iSTATE2",1,e151b5d6,e151b5d6,fcdc9d12,00000000,00000000,00000000,1,3832958558,6812,1,00000c8d,0,0,0,1,0
3430,3430,0,0,0,35,60,0001871b,e48882e4,04444444,000002ca,1,0,0,1,1,422354e8,0ade,"iSTATE2",1,e163ea5c,e163ea5c,fcdc9d12,00000000,00000000,00000000,1,3834151652,6813,1,00000c8e,0,0,0,1,0
3431,3431,0,0,0,35,60,0001871b,e49aba34,04444444,000002ca,1,0,0,1,1,422354e8,0ade,"iSTATE2",1,e17621ac,e17621ac,fcdc9d12,00000000,00000000,00000000,1,3835345460,6814,1,00000c8f,0,0,0,1,0
3432,3432,0,0,0,35,60,0001871b,e4aceeba,04444444,000002ca,1,0,0,1,1,422354e8,0ade,"iSTATE2",1,e1885632,e1885632,fcdc9d12,00000000,00000000,00000000,1,3836538554,6815,1,00000c90,0,0,0,1,0
3433,3433,0,0,0,35,60,0001871b,e4bf2340,04444444,000002ca,1,0,0,1,1,422354e8,0ade,"iSTATE2",1,e19a8ab8,e19a8ab8,fcdc9d12,00000000,00000000,00000000,1,3837731648,6816,1,00000c91,0,0,0,1,0
3434,3434,0,0,0,35,60,0001871b,e4d157c6,04444444,000002ca,1,0,0,1,1,422354e8,0ade,"iSTATE2",1,e1acbf3e,e1acbf3e,fcdc9d12,00000000,00000000,00000000,1,3838924742,6817,1,00000c92,0,0,0,1,0
3435,3435,0,0,0,35,60,0001871b,e4e38f16,04444444,000002ca,1,0,0,1,1,422354e8,0ade,"iSTATE2",1,e1bef68e,e1bef68e,fcdc9d12,00000000,00000000,00000000,1,3840118550,6818,1,00000c93,0,0,0,1,0
3436,3436,0,0,0,35,60,0001871b,e4f5c39c,04444444,000002ca,1,0,0,1,1,422354e8,0ade,"iSTATE2",1,e1d12b14,e1d12b14,fcdc9d12,00000000,00000000,00000000,1,3841311644,6819,1,00000c94,0,0,0,1,0
3437,3437,0,0,0,35,60,0001871b,e507f822,04444444,000002ca,1,0,0,1,1,422354e8,0ade,"iSTATE2",1,e1e35f9a,e1e35f9a,fcdc9d12,00000000,00000000,00000000,1,3842504738,6820,1,00000c95,0,0,0,1,0
3438,3438,0,0,0,35,60,0001871b,e51a2f72,04444444,000002ca,1,0,0,1,1,422354e8,0ade,"iSTATE2",1,e1f596ea,e1f596ea,fcdc9d12,00000000,00000000,00000000,1,3843698546,6821,1,00000c96,0,0,0,1,0
3439,3439,0,0,0,35,60,0001871b,e52c63f8,04444444,000002ca,1,0,0,1,1,422354e8,0ade,"iSTATE2",1,e207cb70,e207cb70,fcdc9d12,00000000,00000000,00000000,1,3844891640,6822,1,00000c97,0,0,0,1,0
3440,3440,0,0,0,35,60,0001871b,e53e987e,04444444,000002ca,1,0,0,1,1,422354e8,0ade,"iSTATE2",1,e219fff6,e219fff6,fcdc9d12,00000000,00000000,00000000,1,3846084734,6823,1,00000c98,0,0,0,1,0
3441,3441,0,0,0,35,60,0001871b,e550cfce,04444444,000002ca,1,0,0,1,1,422354e8,0ade,"iSTATE2",1,e22c3746,e22c3746,fcdc9d12,00000000,00000000,00000000,1,3847278542,6824,1,00000c99,0,0,0,1,0
3442,3442,0,0,0,35,60,0001871b,e5630454,04444444,000002ca,1,0,0,1,1,422354e8,0ade,"iSTATE2",1,e23e6bcc,e23e6bcc,fcdc9d12,00000000,00000000,00000000,1,3848471636,6825,1,00000c9a,0,0,0,1,0
3443,3443,0,0,0,35,60,0001871b,e57538da,04444444,000002ca,1,0,0,1,1,422354e8,0ade,"iSTATE2",1,e250a052,e250a052,fcdc9d12,00000000,00000000,00000000,1,3849664730,6826,1,00000c9b,0,0,0,1,0
3444,3444,0,0,0,35,60,0001871b,e587702a,04444444,000002ca,1,0,0,1,1,422354e8,0ade,"iSTATE2",1,e262d7a2,e262d7a2,fcdc9d12,00000000,00000000,00000000,1,3850858538,6827,1,00000c9c,0,0,0,1,0
3445,3445,0,0,0,35,60,0001871b,e599a4b0,04444444,000002ca,1,0,0,1,1,422354e8,0ade,"iSTATE2",1,e2750c28,e2750c28,fcdc9d12,00000000,00000000,00000000,1,3852051632,6828,1,00000c9d,0,0,0,1,0
3446,3446,0,0,0,35,60,0001871b,e5abd936,04444444,000002ca,1,0,0,1,1,422354e8,0ade,"iSTATE2",1,e28740ae,e28740ae,fcdc9d12,00000000,00000000,00000000,1,3853244726,6829,1,00000c9e,0,0,0,1,0
3447,3447,0,0,0,35,60,0001871b,e5be1086,04444444,000002ca,1,0,0,1,1,422354e8,0ade,"iSTATE2",1,e29977fe,e29977fe,fcdc9d12,00000000,00000000,00000000,1,3854438534,6830,1,00000c9f,0,0,0,1,0
3448,3448,0,0,0,35,60,0001871b,e5d0450c,04444444,000002ca,1,0,0,1,1,422354e8,0ade,"iSTATE2",1,e2abac84,e2abac84,fcdc9d12,00000000,00000000,00000000,1,3855631628,6831,1,00000ca0,0,0,0,1,0
3449,3449,0,0,0,35,60,0001871b,e5e27992,04444444,000002ca,1,0,0,1,1,422354e8,0ade,"iSTATE2",1,e2bde10a,e2bde10a,fcdc9d12,00000000,00000000,00000000,1,3856824722,6832,1,00000ca1,0,0,0,1,0
3450,3450,0,0,0,35,60,0001871b,e5f4b0e2,04444444,000002ca,1,0,0,1,1,422354e8,0ade,"iSTATE2",1,e2d0185a,e2d0185a,fcdc9d12,00000000,00000000,00000000,1,3858018530,6833,1,00000ca2,0,0,0,1,0
3451,3451,0,0,0,35,60,0001871b,e606e568,04444444,000002ca,1,0,0,1,1,422354e8,0ade,"iSTATE2",1,e2e24ce0,e2e24ce0,fcdc9d12,00000000,00000000,00000000,1,3859211624,6834,1,00000ca3,0,0,0,1,0
3452,3452,0,0,0,35,60,0001871b,e61919ee,04444444,000002ca,1,0,0,1,1,422354e8,0ade,"iSTATE2",1,e2f48166,e2f48166,fcdc9d12,00000000,00000000,00000000,1,3860404718,6835,1,00000ca4,0,0,0,1,0
3453,3453,0,0,0,35,60,0001871b,e62b513e,04444444,000002ca,1,0,0,1,1,422354e8,0ade,"iSTATE2",1,e306b8b6,e306b8b6,fcdc9d12,00000000,00000000,00000000,1,3861598526,6836,1,00000ca5,0,0,0,1,0
3454,3454,0,0,0,35,60,0001871b,e63d85c4,04444444,000002ca,1,0,0,1,1,422354e8,0ade,"iSTATE2",1,e318ed3c,e318ed3c,fcdc9d12,00000000,00000000,00000000,1,3862791620,6837,1,00000ca6,0,0,0,1,0
3455,3455,0,0,0,35,60,0001871b,e64fba4a,04444444,000002ca,1,0,0,1,1,422354e8,0ade,"iSTATE2",1,e32b21c2,e32b21c2,fcdc9d12,00000000,00000000,00000000,1,3863984714,6838,1,00000ca7,0,0,0,1,0
3456,3456,0,0,0,35,60,0001871b,e661f19a,04444444,000002ca,1,0,0,1,1,422354e8,0ade,"iSTATE2",1,e33d5912,e33d5912,fcdc9d12,00000000,00000000,00000000,1,3865178522,6839,1,00000ca8,0,0,0,1,0
3457,3457,0,0,0,36,60,0001871c,e6742624,04444444,000002ca,1,0,0,1,1,422354e8,0ade,"iSTATE2",1,e34e203a,e34e203a,fcdb6778,00000000,00000000,00000000,1,3866371620,6840,1,00000ca9,0,0,0,1,0
3458,3458,0,0,0,36,60,0001871c,e6865aaa,04444444,000002ca,1,0,0,1,1,422354e8,0ade,"iSTATE2",1,e36054c0,e36054c0,fcdb6778,00000000,00000000,00000000,1,3867564714,6841,1,00000caa,0,0,0,1,0
3459,3459,0,0,0,36,60,0001871c,e69891fa,04444444,000002ca,1,0,0,1,1,422354e8,0ade,"iSTATE2",1,e3728c10,e3728c10,fcdb6778,00000000,00000000,00000000,1,3868758522,6842,1,00000cab,0,0,0,1,0
3460,3460,0,0,0,36,60,0001871c,e6aac680,04444444,000002ca,1,0,0,1,1,422354e8,0ade,"iSTATE2",1,e384c096,e384c096,fcdb6778,00000000,00000000,00000000,1,3869951616,6843,1,00000cac,0,0,0,1,0
3461,3461,0,0,0,36,60,0001871c,e6bcfb06,04444444,000002ca,1,0,0,1,1,422354e8,0ade,"iSTATE2",1,e396f51c,e396f51c,fcdb6778,00000000,00000000,00000000,1,3871144710,6844,1,00000cad,0,0,0,1,0
3462,3462,0,0,0,36,60,0001871c,e6cf3256,04444444,000002ca,1,0,0,1,1,422354e8,0ade,"iSTATE2",1,e3a92c6c,e3a92c6c,fcdb6778,00000000,00000000,00000000,1,3872338518,6845,1,00000cae,0,0,0,1,0
3463,3463,0,0,0,36,60,0001871c,e6e166dc,04444444,000002ca,1,0,0,1,1,422354e8,0ade,"iSTATE2",1,e3bb60f2,e3bb60f2,fcdb6778,00000000,00000000,00000000,1,3873531612,6846,1,00000caf,0,0,0,1,0
3464,3464,0,0,0,36,60,0001871c,e6f39b62,04444444,000002ca,1,0,0,1,1,422354e8,0ade,"iSTATE2",1,e3cd9578,e3cd9578,fcdb6778,00000000,00000000,00000000,1,3874724706,6847,1,00000cb0,0,0,0,1,0
3465,3465,0,0,0,36,60,0001871c,e705cfe8,04444444,000002ca,1,0,0,1,1,422354e8,0ade,"iSTATE2",1,e3dfc9fe,e3dfc9fe,fcdb6778,00000000,00000000,00000000,1,3875917800,6848,1,00000cb1,0,0,0,1,0
3466,3466,0,0,0,36,60,0001871c,e7180738,04444444,000002ca,1,0,0,1,1,422354e8,0ade,"iSTATE2",1,e3f2014e,e3f2014e,fcdb6778,00000000,00000000,00000000,1,3877111608,6849,1,00000cb2,0,0,0,1,0
3467,3467,0,0,0,36,60,0001871c,e72a3bbe,04444444,000002ca,1,0,0,1,1,422354e8,0ade,"iSTATE2",1,e40435d4,e40435d4,fcdb6778,00000000,00000000,00000000,1,3878304702,6850,1,00000cb3,0,0,0,1,0
3468,3468,0,0,0,36,60,0001871c,e73c7044,04444444,000002ca,1,0,0,1,1,422354e8,0ade,"iSTATE2",1,e4166a5a,e4166a5a,fcdb6778,00000000,00000000,00000000,1,3879497796,6851,1,00000cb4,0,0,0,1,0
3469,3469,0,0,0,36,60,0001871c,e74ea794,04444444,000002ca,1,0,0,1,1,422354e8,0ade,"iSTATE2",1,e428a1aa,e428a1aa,fcdb6778,00000000,00000000,00000000,1,3880691604,6852,1,00000cb5,0,0,0,1,0
3470,3470,0,0,0,36,60,0001871c,e760dc1a,04444444,000002ca,1,0,0,1,1,422354e8,0ade,"iSTATE2",1,e43ad630,e43ad630,fcdb6778,00000000,00000000,00000000,1,3881884698,6853,1,00000cb6,0,0,0,1,0
3471,3471,0,0,0,36,60,0001871c,e77310a0,04444444,000002ca,1,0,0,1,1,422354e8,0ade,"iSTATE2",1,e44d0ab6,e44d0ab6,fcdb6778,00000000,00000000,00000000,1,3883077792,6854,1,00000cb7,0,0,0,1,0
3472,3472,0,0,0,36,60,0001871c,e78547f0,04444444,000002ca,1,0,0,1,1,422354e8,0ade,"iSTATE2",1,e45f4206,e45f4206,fcdb6778,00000000,00000000,00000000,1,3884271600,6855,1,00000cb8,0,0,0,1,0
3473,3473,0,0,0,36,60,0001871c,e7977c76,04444444,000002ca,1,0,0,1,1,422354e8,0ade,"iSTATE2",1,e471768c,e471768c,fcdb6778,00000000,00000000,00000000,1,3885464694,6856,1,00000cb9,0,0,0,1,0
3474,3474,0,0,0,36,60,0001871c,e7a9b0fc,04444444,000002ca,1,0,0,1,1,422354e8,0ade,"iSTATE2",1,e483ab12,e483ab12,fcdb6778,00000000,00000000,00000000,1,3886657788,6857,1,00000cba,0,0,0,1,0
3475,3475,0,0,0,36,60,0001871c,e7bbe84c,04444444,000002ca,1,0,0,1,1,422354e8,0ade,"iSTATE2",1,e495e262,e495e262,fcdb6778,00000000,00000000,00000000,1,3887851596,6858,1,00000cbb,0,0,0,1,0
3476,3476,0,0,0,36,60,0001871c,e7ce1cd2,04444444,000002ca,1,0,0,1,1,422354e8,0ade,"iSTATE2",1,e4a816e8,e4a816e8,fcdb6778,00000000,00000000,00000000,1,3889044690,6859,1,00000cbc,0,0,0,1,0
3477,3477,0,0,0,36,60,0001871c,e7e05158,04444444,000002ca,1,0,0,1,1,422354e8,0ade,"iSTATE2",1,e4ba4b6e,e4ba4b6e,fcdb6778,00000000,00000000,00000000,1,3890237784,6860,1,00000cbd,0,0,0,1,0
3478,3478,0,0,0,36,60,0001871c,e7f288a8,04444444,000002ca,1,0,0,1,1,422354e8,0ade,"iSTATE2",1,e4cc82be,e4cc82be,fcdb6778,00000000,00000000,00000000,1,3891431592,6861,1,00000cbe,0,0,0,1,0
3479,3479,0,0,0,36,60,0001871c,e804bd2e,04444444,000002ca,1,0,0,1,1,422354e8,0ade,"iSTATE2",1,e4deb744,e4deb744,fcdb6778,00000000,00000000,00000000,1,3892624686,6862,1,00000cbf,0,0,0,1,0
3480,3480,0,0,0,36,60,0001871c,e816f1b4,04444444,000002ca,1,0,0,1,1,422354e8,0ade,"iSTATE2",1,e4f0ebca,e4f0ebca,fcdb6778,00000000,00000000,00000000,1,3893817780,6863,1,00000cc0,0,0,0,1,0
3481,3481,0,0,0,36,60,0001871c,e8292904,04444444,000002ca,1,0,0,1,1,422354e8,0ade,"iSTATE2",1,e503231a,e503231a,fcdb6778,00000000,00000000,00000000,1,3895011588,6864,1,00000cc1,0,0,0,1,0
3482,3482,0,0,0,36,60,0001871c,e83b5d8a,04444444,000002ca,1,0,0,1,1,422354e8,0ade,"iSTATE2",1,e51557a0,e51557a0,fcdb6778,00000000,00000000,00000000,1,3896204682,6865,1,00000cc2,0,0,0,1,0
3483,3483,0,0,0,36,60,0001871c,e84d9210,04444444,000002ca,1,0,0,1,1,422354e8,0ade,"iSTATE2",1,e5278c26,e5278c26,fcdb6778,00000000,00000000,00000000,1,3897397776,6866,1,00000cc3,0,0,0,1,0
3484,3484,0,0,0,36,60,0001871c,e85fc960,04444444,000002ca,1,0,0,1,1,422354e8,0ade,"iSTATE2",1,e539c376,e539c376,fcdb6778,00000000,00000000,00000000,1,3898591584,6867,1,00000cc4,0,0,0,1,0
3485,3485,0,0,0,36,60,0001871c,e871fde6,04444444,000002ca,1,0,0,1,1,422354e8,0ade,"iSTATE2",1,e54bf7fc,e54bf7fc,fcdb6778,00000000,00000000,00000000,1,3899784678,6868,1,00000cc5,0,0,0,1,0
3486,3486,0,0,0,36,60,0001871c,e884326c,04444444,000002ca,1,0,0,1,1,422354e8,0ade,"iSTATE2",1,e55e2c82,e55e2c82,fcdb6778,00000000,00000000,00000000,1,3900977772,6869,1,00000cc6,0,0,0,1,0
3487,3487,0,0,0,36,60,0001871c,e89669bc,04444444,000002ca,1,0,0,1,1,422354e8,0ade,"iSTATE2",1,e57063d2,e57063d2,fcdb6778,00000000,00000000,00000000,1,3902171580,6870,1,00000cc7,0,0,0,1,0
3488,3488,0,0,0,36,60,0001871c,e8a89e42,04444444,000002ca,1,0,0,1,1,422354e8,0ade,"iSTATE2",1,e5829858,e5829858,fcdb6778,00000000,00000000,00000000,1,3903364674,6871,1,00000cc8,0,0,0,1,0
3489,3489,0,0,0,36,60,0001871c,e8bad2c8,04444444,000002ca,1,0,0,1,1,422354e8,0ade,"iSTATE2",1,e594ccde,e594ccde,fcdb6778,00000000,00000000,00000000,1,3904557768,6872,1,00000cc9,0,0,0,1,0
3490,3490,0,0,0,36,60,0001871c,e8cd0a18,04444444,000002ca,1,0,0,1,1,422354e8,0ade,"iSTATE2",1,e5a7042e,e5a7042e,fcdb6778,00000000,00000000,00000000,1,3905751576,6873,1,00000cca,0,0,0,1,0
3491,3491,0,0,0,36,60,0001871c,e8df3e9e,04444444,000002ca,1,0,0,1,1,422354e8,0ade,"iSTATE2",1,e5b938b4,e5b938b4,fcdb6778,00000000,00000000,00000000,1,3906944670,6874,1,00000ccb,0,0,0,1,0
3492,3492,0,0,0,36,60,0001871c,e8f17324,04444444,000002ca,1,0,0,1,1,422354e8,0ade,"iSTATE2",1,e5cb6d3a,e5cb6d3a,fcdb6778,00000000,00000000,00000000,1,3908137764,6875,1,00000ccc,0,0,0,1,0
3493,3493,0,0,0,36,60,0001871c,e903a7aa,04444444,000002ca,1,0,0,1,1,422354e8,0ade,"iSTATE2",1,e5dda1c0,e5dda1c0,fcdb6778,00000000,00000000,00000000,1,3909330858,6876,1,00000ccd,0,0,0,1,0
3494,3494,0,0,0,36,60,0001871c,e915defa,04444444,000002ca,1,0,0,1,1,422354e8,0ade,"iSTATE2",1,e5efd910,e5efd910,fcdb6778,00000000,00000000,00000000,1,3910524666,6877,1,00000cce,0,0,0,1,0
3495,3495,0,0,0,36,60,0001871c,e9281380,04444444,000002ca,1,0,0,1,1,422354e8,0ade,"iSTATE2",1,e6020d96,e6020d96,fcdb6778,00000000,00000000,00000000,1,3911717760,6878,1,00000ccf,0,0,0,1,0
3496,3496,0,0,0,36,60,0001871c,e93a4806,04444444,000002ca,1,0,0,1,1,422354e8,0ade,"iSTATE2",1,e614421c,e614421c,fcdb6778,00000000,00000000,00000000,1,3912910854,6879,1,00000cd0,0,0,0,1,0
3497,3497,0,0,0,36,60,0001871c,e94c7f56,04444444,000002ca,1,0,0,1,1,422354e8,0ade,"iSTATE2",1,e626796c,e626796c,fcdb6778,00000000,00000000,00000000,1,3914104662,6880,1,00000cd1,0,0,0,1,0
3498,3498,0,0,0,36,60,0001871c,e95eb3dc,04444444,000002ca,1,0,0,1,1,422354e8,0ade,"iSTATE2",1,e638adf2,e638adf2,fcdb6778,00000000,00000000,00000000,1,3915297756,6881,1,00000cd2,0,0,0,1,0
3499,3499,0,0,0,36,60,0001871c,e970e862,04444444,000002ca,1,0,0,1,1,422354e8,0ade,"iSTATE2",1,e64ae278,e64ae278,fcdb6778,00000000,00000000,00000000,1,3916490850,6882,1,00000cd3,0,0,0,1,0
3500,3500,0,0,0,36,60,0001871c,e9831fb2,04444444,000002ca,1,0,0,1,1,422354e8,0ade,"iSTATE2",1,e65d19c8,e65d19c8,fcdb6778,00000000,00000000,00000000,1,3917684658,6883,1,00000cd4,0,0,0,1,0
3501,3501,0,0,0,36,60,0001871c,e9955438,04444444,000002ca,1,0,0,1,1,422354e8,0ade,"iSTATE2",1,e66f4e4e,e66f4e4e,fcdb6778,00000000,00000000,00000000,1,3918877752,6884,1,00000cd5,0,0,0,1,0
3502,3502,0,0,0,36,60,0001871c,e9a788be,04444444,000002ca,1,0,0,1,1,422354e8,0ade,"iSTATE2",1,e68182d4,e68182d4,fcdb6778,00000000,00000000,00000000,1,3920070846,6885,1,00000cd6,0,0,0,1,0
3503,3503,0,0,0,36,60,0001871c,e9b9c00e,04444444,000002ca,1,0,0,1,1,422354e8,0ade,"iSTATE2",1,e693ba24,e693ba24,fcdb6778,00000000,00000000,00000000,1,3921264654,6886,1,00000cd7,0,0,0,1,0
3504,3504,0,0,0,36,60,0001871c,e9cbf494,04444444,000002ca,1,0,0,1,1,422354e8,0ade,"iSTATE2",1,e6a5eeaa,e6a5eeaa,fcdb6778,00000000,00000000,00000000,1,3922457748,6887,1,00000cd8,0,0,0,1,0
3505,3505,0,0,0,36,60,0001871c,e9de291a,04444444,000002ca,1,0,0,1,1,422354e8,0ade,"iSTATE2",1,e6b82330,e6b82330,fcdb6778,00000000,00000000,00000000,1,3923650842,6888,1,00000cd9,0,0,0,1,0
3506,3506,0,0,0,36,60,0001871c,e9f0606a,04444444,000002ca,1,0,0,1,1,422354e8,0ade,"iSTATE2",1,e6ca5a80,e6ca5a80,fcdb6778,00000000,00000000,00000000,1,3924844650,6889,1,00000cda,0,0,0,1,0
3507,3507,0,0,0,36,60,0001871c,ea0294f0,04444444,000002ca,1,0,0,1,1,422354e8,0ade,"iSTATE2",1,e6dc8f06,e6dc8f06,fcdb6778,00000000,00000000,00000000,1,3926037744,6890,1,00000cdb,0,0,0,1,0
3508,3508,0,0,0,36,60,0001871c,ea14c976,04444444,000002ca,1,0,0,1,1,422354e8,0ade,"iSTATE2",1,e6eec38c,e6eec38c,fcdb6778,00000000,00000000,00000000,1,3927230838,6891,1,00000cdc,0,0,0,1,0
3509,3509,0,0,0,36,60,0001871c,ea2700c6,04444444,000002ca,1,0,0,1,1,422354e8,0ade,"iSTATE2",1,e700fadc,e700fadc,fcdb6778,00000000,00000000,00000000,1,3928424646,6892,1,00000cdd,0,0,0,1,0
3510,3510,0,0,0,36,60,0001871c,ea39354c,04444444,000002ca,1,0,0,1,1,422354e8,0ade,"iSTATE2",1,e7132f62,e7132f62,fcdb6778,00000000,00000000,00000000,1,3929617740,6893,1,00000cde,0,0,0,1,0
3511,3511,0,0,0,36,60,0001871c,ea4b69d2,04444444,000002ca,1,0,0,1,1,422354e8,0ade,"iSTATE2",1,e72563e8,e72563e8,fcdb6778,00000000,00000000,00000000,1,3930810834,6894,1,00000cdf,0,0,0,1,0
3512,3512,0,0,0,36,60,0001871c,ea5da122,04444444,000002ca,1,0,0,1,1,422354e8,0ade,"iSTATE2",1,e7379b38,e7379b38,fcdb6778,00000000,00000000,00000000,1,3932004642,6895,1,00000ce0,0,0,0,1,0
3513,3513,0,0,0,36,60,0001871c,ea6fd5a8,04444444,000002ca,1,0,0,1,1,422354e8,0ade,"iSTATE2",1,e749cfbe,e749cfbe,fcdb6778,00000000,00000000,00000000,1,3933197736,6896,1,00000ce1,0,0,0,1,0
3514,3514,0,0,0,36,60,0001871c,ea820a2e,04444444,000002ca,1,0,0,1,1,422354e8,0ade,"iSTATE2",1,e75c0444,e75c0444,fcdb6778,00000000,00000000,00000000,1,3934390830,6897,1,00000ce2,0,0,0,1,0
3515,3515,0,0,0,36,60,0001871c,ea94417e,04444444,000002ca,1,0,0,1,1,422354e8,0ade,"iSTATE2",1,e76e3b94,e76e3b94,fcdb6778,00000000,00000000,00000000,1,3935584638,6898,1,00000ce3,0,0,0,1,0
3516,3516,0,0,0,36,60,0001871c,eaa67604,04444444,000002ca,1,0,0,1,1,422354e8,0ade,"iSTATE2",1,e780701a,e780701a,fcdb6778,00000000,00000000,00000000,1,3936777732,6899,1,00000ce4,0,0,0,1,0
3517,3517,0,0,0,37,60,0001871c,eab8aa8e,04444444,000002ca,1,0,0,1,1,422354e8,0ade,"iSTATE2",1,e790fcb0,e790fcb0,fcd9fa16,00000000,00000000,00000000,1,3937970830,6900,1,00000ce5,0,0,0,1,0
3518,3518,0,0,0,37,60,0001871c,eacae1de,04444444,000002ca,1,0,0,1,1,422354e8,0ade,"iSTATE2",1,e7a33400,e7a33400,fcd9fa16,00000000,00000000,00000000,1,3939164638,6901,1,00000ce6,0,0,0,1,0
3519,3519,0,0,0,37,60,0001871c,eadd1664,04444444,000002ca,1,0,0,1,1,422354e8,0ade,"iSTATE2",1,e7b56886,e7b56886,fcd9fa16,00000000,00000000,00000000,1,3940357732,6902,1,00000ce7,0,0,0,1,0
3520,3520,0,0,0,37,60,0001871c,eaef4aea,04444444,000002ca,1,0,0,1,1,422354e8,0ade,"iSTATE2",1,e7c79d0c,e7c79d0c,fcd9fa16,00000000,00000000,00000000,1,3941550826,6903,1,00000ce8,0,0,0,1,0
3521,3521,0,0,0,37,60,0001871c,eb01823a,04444444,000002ca,1,0,0,1,1,422354e8,0ade,"iSTATE2",1,e7d9d45c,e7d9d45c,fcd9fa16,00000000,00000000,00000000,1,3942744634,6904,1,00000ce9,0,0,0,1,0
3522,3522,0,0,0,37,60,0001871c,eb13b6c0,04444444,000002ca,1,0,0,1,1,422354e8,0ade,"iSTATE2",1,e7ec08e2,e7ec08e2,fcd9fa16,00000000,00000000,00000000,1,3943937728,6905,1,00000cea,0,0,0,1,0
3523,3523,0,0,0,37,60,0001871c,eb25eb46,04444444,000002ca,1,0,0,1,1,422354e8,0ade,"iSTATE2",1,e7fe3d68,e7fe3d68,fcd9fa16,00000000,00000000,00000000,1,3945130822,6906,1,00000ceb,0,0,0,1,0
3524,3524,0,0,0,37,60,0001871c,eb381fcc,04444444,000002ca,1,0,0,1,1,422354e8,0ade,"iSTATE2",1,e81071ee,e81071ee,fcd9fa16,00000000,00000000,00000000,1,3946323916,6907,1,00000cec,0,0,0,1,0
3525,3525,0,0,0,37,60,0001871c,eb4a571c,04444444,000002ca,1,0,0,1,1,422354e8,0ade,"iSTATE2",1,e822a93e,e822a93e,fcd9fa16,00000000,00000000,00000000,1,3947517724,6908,1,00000ced,0,0,0,1,0
3526,3526,0,0,0,37,60,0001871c,eb5c8ba2,04444444,000002ca,1,0,0,1,1,422354e8,0ade,"iSTATE2",1,e834ddc4,e834ddc4,fcd9fa16,00000000,00000000,00000000,1,3948710818,6909,1,00000cee,0,0,0,1,0
3527,3527,0,0,0,37,60,0001871c,eb6ec028,04444444,000002ca,1,0,0,1,1,422354e8,0ade,"iSTATE2",1,e847124a,e847124a,fcd9fa16,00000000,00000000,00000000,1,3949903912,6910,1,00000cef,0,0,0,1,0
3528,3528,0,0,0,37,60,0001871c,eb80f778,04444444,000002ca,1,0,0,1,1,422354e8,0ade,"iSTATE2",1,e859499a,e859499a,fcd9fa16,00000000,00000000,00000000,1,3951097720,6911,1,00000cf0,0,0,0,1,0
3529,3529,0,0,0,37,60,0001871c,eb932bfe,04444444,000002ca,1,0,0,1,1,422354e8,0ade,"iSTATE2",1,e86b7e20,e86b7e20,fcd9fa16,00000000,00000000,00000000,1,3952290814,6912,1,00000cf1,0,0,0,1,0
3530,3530,0,0,0,37,60,0001871c,eba56084,04444444,000002ca,1,0,0,1,1,422354e8,0ade,"iSTATE2",1,e87db2a6,e87db2a6,fcd9fa16,00000000,00000000,00000000,1,3953483908,6913,1,00000cf2,0,0,0,1,0
3531,3531,0,0,0,37,60,0001871c,ebb797d4,04444444,000002ca,1,0,0,1,1,422354e8,0ade,"iSTATE2",1,e88fe9f6,e88fe9f6,fcd9fa16,00000000,00000000,00000000,1,3954677716,6914,1,00000cf3,0,0,0,1,0
3532,3532,0,0,0,37,60,0001871c,ebc9cc5a,04444444,000002ca,1,0,0,1,1,422354e8,0ade,"iSTATE2",1,e8a21e7c,e8a21e7c,fcd9fa16,00000000,00000000,00000000,1,3955870810,6915,1,00000cf4,0,0,0,1,0
3533,3533,0,0,0,37,60,0001871c,ebdc00e0,04444444,000002ca,1,0,0,1,1,422354e8,0ade,"iSTATE2",1,e8b45302,e8b45302,fcd9fa16,00000000,00000000,00000000,1,3957063904,6916,1,00000cf5,0,0,0,1,0
3534,3534,0,0,0,37,60,0001871c,ebee3830,04444444,000002ca,1,0,0,1,1,422354e8,0ade,"iSTATE2",1,e8c68a52,e8c68a52,fcd9fa16,00000000,00000000,00000000,1,3958257712,6917,1,00000cf6,0,0,0,1,0
3535,3535,0,0,0,37,60,0001871c,ec006cb6,04444444,000002ca,1,0,0,1,1,422354e8,0ade,"iSTATE2",1,e8d8bed8,e8d8bed8,fcd9fa16,00000000,00000000,00000000,1,3959450806,6918,1,00000cf7,0,0,0,1,0
3536,3536,0,0,0,37,60,0001871c,ec12a13c,04444444,000002ca,1,0,0,1,1,422354e8,0ade,"iSTATE2",1,e8eaf35e,e8eaf35e,fcd9fa16,00000000,00000000,00000000,1,3960643900,6919,1,00000cf8,0,0,0,1,0
3537,3537,0,0,0,37,60,0001871c,ec24d88c,04444444,000002ca,1,0,0,1,1,422354e8,0ade,"iSTATE2",1,e8fd2aae,e8fd2aae,fcd9fa16,00000000,00000000,00000000,1,3961837708,6920,1,00000cf9,0,0,0,1,0
3538,3538,0,0,0,37,60,0001871c,ec370d12,04444444,000002ca,1,0,0,1,1,422354e8,0ade,"iSTATE2",1,e90f5f34,e90f5f34,fcd9fa16,00000000,00000000,00000000,1,3963030802,6921,1,00000cfa,0,0,0,1,0
3539,3539,0,0,0,37,60,0001871c,ec494198,04444444,000002ca,1,0,0,1,1,422354e8,0ade,"iSTATE2",1,e92193ba,e92193ba,fcd9fa16,00000000,00000000,00000000,1,3964223896,6922,1,00000cfb,0,0,0,1,0
3540,3540,0,0,0,37,60,0001871c,ec5b78e8,04444444,000002ca,1,0,0,1,1,422354e8,0ade,"iSTATE2",1,e933cb0a,e933cb0a,fcd9fa16,00000000,00000000,00000000,1,3965417704,6923,1,00000cfc,0,0,0,1,0
3541,3541,0,0,0,37,60,0001871c,ec6dad6e,04444444,000002ca,1,0,0,1,1,422354e8,0ade,"iSTATE2",1,e945ff90,e945ff90,fcd9fa16,00000000,00000000,00000000,1,3966610798,6924,1,00000cfd,0,0,0,1,0
3542,3542,0,0,0,37,60,0001871c,ec7fe1f4,04444444,000002ca,1,0,0,1,1,422354e8,0ade,"iSTATE2",1,e9583416,e9583416,fcd9fa16,00000000,00000000,00000000,1,3967803892,6925,1,00000cfe,0,0,0,1,0
3543,3543,0,0,0,37,60,0001871c,ec921944,04444444,000002ca,1,0,0,1,1,422354e8,0ade,"iSTATE2",1,e96a6b66,e96a6b66,fcd9fa16,00000000,00000000,00000000,1,3968997700,6926,1,00000cff,0,0,0,1,0
3544,3544,0,0,0,37,60,0001871c,eca44dca,04444444,000002ca,1,0,0,1,1,422354e8,0ade,"iSTATE2",1,e97c9fec,e97c9fec,fcd9fa16,00000000,00000000,00000000,1,3970190794,6927,1,00000d00,0,0,0,1,0
3545,3545,0,0,0,37,60,0001871c,ecb68250,04444444,000002ca,1,0,0,1,1,422354e8,0ade,"iSTATE2",1,e98ed472,e98ed472,fcd9fa16,00000000,00000000,00000000,1,3971383888,6928,1,00000d01,0,0,0,1,0
3546,3546,0,0,0,37,60,0001871c,ecc8b9a0,04444444,000002ca,1,0,0,1,1,422354e8,0ade,"iSTATE2",1,e9a10bc2,e9a10bc2,fcd9fa16,00000000,00000000,00000000,1,3972577696,6929,1,00000d02,0,0,0,1,0
3547,3547,0,0,0,37,60,0001871c,ecdaee26,04444444,000002ca,1,0,0,1,1,422354e8,0ade,"iSTATE2",1,e9b34048,e9b34048,fcd9fa16,00000000,00000000,00000000,1,3973770790,6930,1,00000d03,0,0,0,1,0
3548,3548,0,0,0,37,60,0001871c,eced22ac,04444444,000002ca,1,0,0,1,1,422354e8,0ade,"iSTATE2",1,e9c574ce,e9c574ce,fcd9fa16,00000000,00000000,00000000,1,3974963884,6931,1,00000d04,0,0,0,1,0
3549,3549,0,0,0,37,60,0001871c,ecff59fc,04444444,000002ca,1,0,0,1,1,422354e8,0ade,"iSTATE2",1,e9d7ac1e,e9d7ac1e,fcd9fa16,00000000,00000000,00000000,1,3976157692,6932,1,00000d05,0,0,0,1,0
3550,3550,0,0,0,37,60,0001871c,ed118e82,04444444,000002ca,1,0,0,1,1,422354e8,0ade,"iSTATE2",1,e9e9e0a4,e9e9e0a4,fcd9fa16,00000000,00000000,00000000,1,3977350786,6933,1,00000d06,0,0,0,1,0
3551,3551,0,0,0,37,60,0001871c,ed23c308,04444444,000002ca,1,0,0,1,1,422354e8,0ade,"iSTATE2",1,e9fc152a,e9fc152a,fcd9fa16,00000000,00000000,00000000,1,3978543880,6934,1,00000d07,0,0,0,1,0
3552,3552,0,0,0,37,60,0001871c,ed35f78e,04444444,000002ca,1,0,0,1,1,422354e8,0ade,"iSTATE2",1,ea0e49b0,ea0e49b0,fcd9fa16,00000000,00000000,00000000,1,3979736974,6935,1,00000d08,0,0,0,1,0
3553,3553,0,0,0,37,60,0001871c,ed482ede,04444444,000002ca,1,0,0,1,1,422354e8,0ade,"iSTATE2",1,ea208100,ea208100,fcd9fa16,00000000,00000000,00000000,1,3980930782,6936,1,00000d09,0,0,0,1,0
3554,3554,0,0,0,37,60,0001871c,ed5a6364,04444444,000002ca,1,0,0,1,1,422354e8,0ade,"iSTATE2",1,ea32b586,ea32b586,fcd9fa16,00000000,00000000,00000000,1,3982123876,6937,1,00000d0a,0,0,0,1,0
3555,3555,0,0,0,37,60,0001871c,ed6c97ea,04444444,000002ca,1,0,0,1,1,422354e8,0ade,"iSTATE2",1,ea44ea0c,ea44ea0c,fcd9fa16,00000000,00000000,00000000,1,3983316970,6938,1,00000d0b,0,0,0,1,0
3556,3556,0,0,0,37,60,0001871c,ed7ecf3a,04444444,000002ca,1,0,0,1,1,422354e8,0ade,"iSTATE2",1,ea57215c,ea57215c,fcd9fa16,00000000,00000000,00000000,1,3984510778,6939,1,00000d0c,0,0,0,1,0
3557,3557,0,0,0,37,60,0001871c,ed9103c0,04444444,000002ca,1,0,0,1,1,422354e8,0ade,"iSTATE2",1,ea6955e2,ea6955e2,fcd9fa16,00000000,00000000,00000000,1,3985703872,6940,1,00000d0d,0,0,0,1,0
3558,3558,0,0,0,37,60,0001871c,eda33846,04444444,000002ca,1,0,0,1,1,422354e8,0ade,"iSTATE2",1,ea7b8a68,ea7b8a68,fcd9fa16,00000000,00000000,00000000,1,3986896966,6941,1,00000d0e,0,0,0,1,0
3559,3559,0,0,0,37,60,0001871c,edb56f96,04444444,000002ca,1,0,0,1,1,422354e8,0ade,"iSTATE2",1,ea8dc1b8,ea8dc1b8,fcd9fa16,00000000,00000000,00000000,1,3988090774,6942,1,00000d0f,0,0,0,1,0
3560,3560,0,0,0,37,60,0001871c,edc7a41c,04444444,000002ca,1,0,0,1,1,422354e8,0ade,"iSTATE2",1,ea9ff63e,ea9ff63e,fcd9fa16,00000000,00000000,00000000,1,3989283868,6943,1,00000d10,0,0,0,1,0
3561,3561,0,0,0,37,60,0001871c,edd9d8a2,04444444,000002ca,1,0,0,1,1,422354e8,0ade,"iSTATE2",1,eab22ac4,eab22ac4,fcd9fa16,00000000,00000000,00000000,1,3990476962,6944,1,00000d11,0,0,0,1,0
3562,3562,0,0,0,37,60,0001871c,edec0ff2,04444444,000002ca,1,0,0,1,1,422354e8,0ade,"iSTATE2",1,eac46214,eac46214,fcd9fa16,00000000,00000000,00000000,1,3991670770,6945,1,00000d12,0,0,0,1,0
3563,3563,0,0,0,37,60,0001871c,edfe4478,04444444,000002ca,1,0,0,1,1,422354e8,0ade,"iSTATE2",1,ead6969a,ead6969a,fcd9fa16,00000000,00000000,00000000,1,3992863864,6946,1,00000d13,0,0,0,1,0
3564,3564,0,0,0,37,60,0001871c,ee1078fe,04444444,000002ca,1,0,0,1,1,422354e8,0ade,"iSTATE2",1,eae8cb20,eae8cb20,fcd9fa16,00000000,00000000,00000000,1,3994056958,6947,1,00000d14,0,0,0,1,0
3565,3565,0,0,0,37,60,0001871c,ee22b04e,04444444,000002ca,1,0,0,1,1,422354e8,0ade,"iSTATE2",1,eafb0270,eafb0270,fcd9fa16,00000000,00000000,00000000,1,3995250766,6948,1,00000d15,0,0,0,1,0
3566,3566,0,0,0,37,60,0001871c,ee34e4d4,04444444,000002ca,1,0,0,1,1,422354e8,0ade,"iSTATE2",1,eb0d36f6,eb0d36f6,fcd9fa16,00000000,00000000,00000000,1,3996443860,6949,1,00000d16,0,0,0,1,0
3567,3567,0,0,0,37,60,0001871c,ee47195a,04444444,000002ca,1,0,0,1,1,422354e8,0ade,"iSTATE2",1,eb1f6b7c,eb1f6b7c,fcd9fa16,00000000,00000000,00000000,1,3997636954,6950,1,00000d17,0,0,0,1,0
3568,3568,0,0,0,37,60,0001871c,ee5950aa,04444444,000002ca,1,0,0,1,1,422354e8,0ade,"iSTATE2",1,eb31a2cc,eb31a2cc,fcd9fa16,00000000,00000000,00000000,1,3998830762,6951,1,00000d18,0,0,0,1,0
3569,3569,0,0,0,37,60,0001871c,ee6b8530,04444444,000002ca,1,0,0,1,1,422354e8,0ade,"iSTATE2",1,eb43d752,eb43d752,fcd9fa16,00000000,00000000,00000000,1,4000023856,6952,1,00000d19,0,0,0,1,0
3570,3570,0,0,0,37,60,0001871c,ee7db9b6,04444444,000002ca,1,0,0,1,1,422354e8,0ade,"iSTATE2",1,eb560bd8,eb560bd8,fcd9fa16,00000000,00000000,00000000,1,4001216950,6953,1,00000d1a,0,0,0,1,0
3571,3571,0,0,0,37,60,0001871c,ee8ff106,04444444,000002ca,1,0,0,1,1,422354e8,0ade,"iSTATE2",1,eb684328,eb684328,fcd9fa16,00000000,00000000,00000000,1,4002410758,6954,1,00000d1b,0,0,0,1,0
3572,3572,0,0,0,37,60,0001871c,eea2258c,04444444,000002ca,1,0,0,1,1,422354e8,0ade,"iSTATE2",1,eb7a77ae,eb7a77ae,fcd9fa16,00000000,00000000,00000000,1,4003603852,6955,1,00000d1c,0,0,0,1,0
3573,3573,0,0,0,37,60,0001871c,eeb45a12,04444444,000002ca,1,0,0,1,1,422354e8,0ade,"iSTATE2",1,eb8cac34,eb8cac34,fcd9fa16,00000000,00000000,00000000,1,4004796946,6956,1,00000d1d,0,0,0,1,0
3574,3574,0,0,0,37,60,0001871c,eec69162,04444444,000002ca,1,0,0,1,1,422354e8,0ade,"iSTATE2",1,eb9ee384,eb9ee384,fcd9fa16,00000000,00000000,00000000,1,4005990754,6957,1,00000d1e,0,0,0,1,0
3575,3575,0,0,0,37,60,0001871c,eed8c5e8,04444444,000002ca,1,0,0,1,1,422354e8,0ade,"iSTATE2",1,ebb1180a,ebb1180a,fcd9fa16,00000000,00000000,00000000,1,4007183848,6958,1,00000d1f,0,0,0,1,0
3576,3576,0,0,0,37,60,0001871c,eeeafa6e,04444444,000002ca,1,0,0,1,1,422354e8,0ade,"iSTATE2",1,ebc34c90,ebc34c90,fcd9fa16,00000000,00000000,00000000,1,4008376942,6959,1,00000d20,0,0,0,1,0
3577,3577,0,0,0,38,60,0001871b,eefd31c2,04444444,000002ca,1,0,0,1,1,422354e8,0ade,"iSTATE2",1,ebd44e4a,ebd44e4a,fcd85222,00000000,00000000,00000000,1,4009570754,6960,1,00000d21,0,0,0,1,0
3578,3578,0,0,0,38,60,0001871b,ef0f6648,04444444,000002ca,1,0,0,1,1,422354e8,0ade,"iSTATE2",1,ebe682d0,ebe682d0,fcd85222,00000000,00000000,00000000,1,4010763848,6961,1,00000d22,0,0,0,1,0
3579,3579,0,0,0,38,60,0001871b,ef219ace,04444444,000002ca,1,0,0,1,1,422354e8,0ade,"iSTATE2",1,ebf8b756,ebf8b756,fcd85222,00000000,00000000,00000000,1,4011956942,6962,1,00000d23,0,0,0,1,0
3580,3580,0,0,0,38,60,0001871b,ef33d21e,04444444,000002ca,1,0,0,1,1,422354e8,0ade,"iSTATE2",1,ec0aeea6,ec0aeea6,fcd85222,00000000,00000000,00000000,1,4013150750,6963,1,00000d24,0,0,0,1,0
3581,3581,0,0,0,38,60,0001871b,ef4606a4,04444444,000002ca,1,0,0,1,1,422354e8,0ade,"iSTATE2",1,ec1d232c,ec1d232c,fcd85222,00000000,00000000,00000000,1,4014343844,6964,1,00000d25,0,0,0,1,0
3582,3582,0,0,0,38,60,0001871b,ef583b2a,04444444,000002ca,1,0,0,1,1,422354e8,0ade,"iSTATE2",1,ec2f57b2,ec2f57b2,fcd85222,00000000,00000000,00000000,1,4015536938,6965,1,00000d26,0,0,0,1,0
3583,3583,0,0,0,38,60,0001871b,ef6a6fb0,04444444,000002ca,1,0,0,1,1,422354e8,0ade,"iSTATE2",1,ec418c38,ec418c38,fcd85222,00000000,00000000,00000000,1,4016730032,6966,1,00000d27,0,0,0,1,0
3584,3584,0,0,0,38,60,0001871b,ef7ca700,04444444,000002ca,1,0,0,1,1,422354e8,0ade,"iSTATE2",1,ec53c388,ec53c388,fcd85222,00000000,00000000,00000000,1,4017923840,6967,1,00000d28,0,0,0,1,0
3585,3585,0,0,0,38,60,0001871b,ef8edb86,04444444,000002ca,1,0,0,1,1,422354e8,0ade,"iSTATE2",1,ec65f80e,ec65f80e,fcd85222,00000000,00000000,00000000,1,4019116934,6968,1,00000d29,0,0,0,1,0
3586,3586,0,0,0,38,60,0001871b,efa1100c,04444444,000002ca,1,0,0,1,1,422354e8,0ade,"iSTATE2",1,ec782c94,ec782c94,fcd85222,00000000,00000000,00000000,1,4020310028,6969,1,00000d2a,0,0,0,1,0
3587,3587,0,0,0,38,60,0001871b,efb3475c,04444444,000002ca,1,0,0,1,1,422354e8,0ade,"iSTATE2",1,ec8a63e4,ec8a63e4,fcd85222,00000000,00000000,00000000,1,4021503836,6970,1,00000d2b,0,0,0,1,0
3588,3588,0,0,0,38,60,0001871b,efc57be2,04444444,000002ca,1,0,0,1,1,422354e8,0ade,"iSTATE2",1,ec9c986a,ec9c986a,fcd85222,00000000,00000000,00000000,1,4022696930,6971,1,00000d2c,0,0,0,1,0
3589,3589,0,0,0,38,60,0001871b,efd7b068,04444444,000002ca,1,0,0,1,1,422354e8,0ade,"iSTATE2",1,ecaeccf0,ecaeccf0,fcd85222,00000000,00000000,00000000,1,4023890024,6972,1,00000d2d,0,0,0,1,0
3590,3590,0,0,0,38,60,0001871b,efe9e7b8,04444444,000002ca,1,0,0,1,1,422354e8,0ade,"iSTATE2",1,ecc10440,ecc10440,fcd85222,00000000,00000000,00000000,1,4025083832,6973,1,00000d2e,0,0,0,1,0
3591,3591,0,0,0,38,60,0001871b,effc1c3e,04444444,000002ca,1,0,0,1,1,422354e8,0ade,"iSTATE2",1,ecd338c6,ecd338c6,fcd85222,00000000,00000000,00000000,1,4026276926,6974,1,00000d2f,0,0,0,1,0
3592,3592,0,0,0,38,60,0001871b,f00e50c4,04444444,000002ca,1,0,0,1,1,422354e8,0ade,"iSTATE2",1,ece56d4c,ece56d4c,fcd85222,00000000,00000000,00000000,1,4027470020,6975,1,00000d30,0,0,0,1,0
3593,3593,0,0,0,38,60,0001871b,f0208814,04444444,000002ca,1,0,0,1,1,422354e8,0ade,"iSTATE2",1,ecf7a49c,ecf7a49c,fcd85222,00000000,00000000,00000000,1,4028663828,6976,1,00000d31,0,0,0,1,0
3594,3594,0,0,0,38,60,0001871b,f032bc9a,04444444,000002ca,1,0,0,1,1,422354e8,0ade,"iSTATE2",1,ed09d922,ed09d922,fcd85222,00000000,00000000,00000000,1,4029856922,6977,1,00000d32,0,0,0,1,0
3595,3595,0,0,0,38,60,0001871b,f044f120,04444444,000002ca,1,0,0,1,1,422354e8,0ade,"iSTATE2",1,ed1c0da8,ed1c0da8,fcd85222,00000000,00000000,00000000,1,4031050016,6978,1,00000d33,0,0,0,1,0
3596,3596,0,0,0,38,60,0001871b,f0572870,04444444,000002ca,1,0,0,1,1,422354e8,0ade,"iSTATE2",1,ed2e44f8,ed2e44f8,fcd85222,00000000,00000000,00000000,1,4032243824,6979,1,00000d34,0,0,0,1,0
3597,3597,0,0,0,38,60,0001871b,f0695cf6,04444444,000002ca,1,0,0,1,1,422354e8,0ade,"iSTATE2",1,ed40797e,ed40797e,fcd85222,00000000,00000000,00000000,1,4033436918,6980,1,00000d35,0,0,0,1,0
3598,3598,0,0,0,38,60,0001871b,f07b917c,04444444,000002ca,1,0,0,1,1,422354e8,0ade,"iSTATE2",1,ed52ae04,ed52ae04,fcd85222,00000000,00000000,00000000,1,4034630012,6981,1,00000d36,0,0,0,1,0
3599,3599,0,0,0,38,60,0001871b,f08dc8cc,04444444,000002ca,1,0,0,1,1,422354e8,0ade,"iSTATE2",1,ed64e554,ed64e554,fcd85222,00000000,00000000,00000000,1,4035823820,6982,1,00000d37,0,0,0,1,0
3600,3600,0,0,0,38,60,0001871b,f09ffd52,04444444,000002ca,1,0,0,1,1,422354e8,0ade,"iSTATE2",1,ed7719da,ed7719da,fcd85222,00000000,00000000,00000000,1,4037016914,6983,1,00000d38,0,0,0,1,0
3601,3601,0,0,0,38,60,0001871b,f0b231d8,04444444,000002ca,1,0,0,1,1,422354e8,0ade,"iSTATE2",1,ed894e60,ed894e60,fcd85222,00000000,00000000,00000000,1,4038210008,6984,1,00000d39,0,0,0,1,0
3602,3602,0,0,0,38,60,0001871b,f0c46928,04444444,000002ca,1,0,0,1,1,422354e8,0ade,"iSTATE2",1,ed9b85b0,ed9b85b0,fcd85222,00000000,00000000,00000000,1,4039403816,6985,1,00000d3a,0,0,0,1,0
3603,3603,0,0,0,38,60,0001871b,f0d69dae,04444444,000002ca,1,0,0,1,1,422354e8,0ade,"iSTATE2",1,edadba36,edadba36,fcd85222,00000000,00000000,00000000,1,4040596910,6986,1,00000d3b,0,0,0,1,0
3604,3604,0,0,0,38,60,0001871b,f0e8d234,04444444,000002ca,1,0,0,1,1,422354e8,0ade,"iSTATE2",1,edbfeebc,edbfeebc,fcd85222,00000000,00000000,00000000,1,4041790004,6987,1,00000d3c,0,0,0,1,0
3605,3605,0,0,0,38,60,0001871b,f0fb0984,04444444,000002ca,1,0,0,1,1,422354e8,0ade,"iSTATE2",1,edd2260c,edd2260c,fcd85222,00000000,00000000,00000000,1,4042983812,6988,1,00000d3d,0,0,0,1,0
3606,3606,0,0,0,38,60,0001871b,f10d3e0a,04444444,000002ca,1,0,0,1,1,422354e8,0ade,"iSTATE2",1,ede45a92,ede45a92,fcd85222,00000000,00000000,00000000,1,4044176906,6989,1,00000d3e,0,0,0,1,0
3607,3607,0,0,0,38,60,0001871b,f11f7290,04444444,000002ca,1,0,0,1,1,422354e8,0ade,"iSTATE2",1,edf68f18,edf68f18,fcd85222,00000000,00000000,00000000,1,4045370000,6990,1,00000d3f,0,0,0,1,0
3608,3608,0,0,0,38,60,0001871b,f131a9e0,04444444,000002ca,1,0,0,1,1,422354e8,0ade,"iSTATE2",1,ee08c668,ee08c668,fcd85222,00000000,00000000,00000000,1,4046563808,6991,1,00000d40,0,0,0,1,0
3609,3609,0,0,0,38,60,0001871b,f143de66,04444444,000002ca,1,0,0,1,1,422354e8,0ade,"iSTATE2",1,ee1afaee,ee1afaee,fcd85222,00000000,00000000,00000000,1,4047756902,6992,1,00000d41,0,0,0,1,0
3610,3610,0,0,0,38,60,0001871b,f15612ec,04444444,000002ca,1,0,0,1,1,422354e8,0ade,"iSTATE2",1,ee2d2f74,ee2d2f74,fcd85222,00000000,00000000,00000000,1,4048949996,6993,1,00000d42,0,0,0,1,0
3611,3611,0,0,0,38,60,0001871b,f1684772,04444444,000002ca,1,0,0,1,1,422354e8,0ade,"iSTATE2",1,ee3f63fa,ee3f63fa,fcd85222,00000000,00000000,00000000,1,4050143090,6994,1,00000d43,0,0,0,1,0
3612,3612,0,0,0,38,60,0001871b,f17a7ec2,04444444,000002ca,1,0,0,1,1,422354e8,0ade,"iSTATE2",1,ee519b4a,ee519b4a,fcd85222,00000000,00000000,00000000,1,4051336898,6995,1,00000d44,0,0,0,1,0
3613,3613,0,0,0,38,60,0001871b,f18cb348,04444444,000002ca,1,0,0,1,1,422354e8,0ade,"iSTATE2",1,ee63cfd0,ee63cfd0,fcd85222,00000000,00000000,00000000,1,4052529992,6996,1,00000d45,0,0,0,1,0
3614,3614,0,0,0,38,60,0001871b,f19ee7ce,04444444,000002ca,1,0,0,1,1,422354e8,0ade,"iSTATE2",1,ee760456,ee760456,fcd85222,00000000,00000000,00000000,1,4053723086,6997,1,00000d46,0,0,0,1,0
3615,3615,0,0,0,38,60,0001871b,f1b11f1e,04444444,000002ca,1,0,0,1,1,422354e8,0ade,"iSTATE2",1,ee883ba6,ee883ba6,fcd85222,00000000,00000000,00000000,1,4054916894,6998,1,00000d47,0,0,0,1,0
3616,3616,0,0,0,38,60,0001871b,f1c353a4,04444444,000002ca,1,0,0,1,1,422354e8,0ade,"iSTATE2",1,ee9a702c,ee9a702c,fcd85222,00000000,00000000,00000000,1,4056109988,6999,1,00000d48,0,0,0,1,0
3617,3617,0,0,0,38,60,0001871b,f1d5882a,04444444,000002ca,1,0,0,1,1,422354e8,0ade,"iSTATE2",1,eeaca4b2,eeaca4b2,fcd85222,00000000,00000000,00000000,1,4057303082,7000,1,00000d49,0,0,0,1,0
3618,3618,0,0,0,38,60,0001871b,f1e7bf7a,04444444,000002ca,1,0,0,1,1,422354e8,0ade,"iSTATE2",1,eebedc02,eebedc02,fcd85222,00000000,00000000,00000000,1,4058496890,7001,1,00000d4a,0,0,0,1,0
3619,3619,0,0,0,38,60,0001871b,f1f9f400,04444444,000002ca,1,0,0,1,1,422354e8,0ade,"iSTATE2",1,eed11088,eed11088,fcd85222,00000000,00000000,00000000,1,4059689984,7002,1,00000d4b,0,0,0,1,0
3620,3620,0,0,0,38,60,0001871b,f20c2886,04444444,000002ca,1,0,0,1,1,422354e8,0ade,"iSTATE2",1,eee3450e,eee3450e,fcd85222,00000000,00000000,00000000,1,4060883078,7003,1,00000d4c,0,0,0,1,0
3621,3621,0,0,0,38,60,0001871b,f21e5fd6,04444444,000002ca,1,0,0,1,1,422354e8,0ade,"iSTATE2",1,eef57c5e,eef57c5e,fcd85222,00000000,00000000,00000000,1,4062076886,7004,1,00000d4d,0,0,0,1,0
3622,3622,0,0,0,38,60,0001871b,f230945c,04444444,000002ca,1,0,0,1,1,422354e8,0ade,"iSTATE2",1,ef07b0e4,ef07b0e4,fcd85222,00000000,00000000,00000000,1,4063269980,7005,1,00000d4e,0,0,0,1,0
3623,3623,0,0,0,38,60,0001871b,f242c8e2,04444444,000002ca,1,0,0,1,1,422354e8,0ade,"iSTATE2",1,ef19e56a,ef19e56a,fcd85222,00000000,00000000,00000000,1,4064463074,7006,1,00000d4f,0,0,0,1,0
3624,3624,0,0,0,38,60,0001871b,f2550032,04444444,000002ca,1,0,0,1,1,422354e8,0ade,"iSTATE2",1,ef2c1cba,ef2c1cba,fcd85222,00000000,00000000,00000000,1,4065656882,7007,1,00000d50,0,0,0,1,0
3625,3625,0,0,0,38,60,0001871b,f26734b8,04444444,000002ca,1,0,0,1,1,422354e8,0ade,"iSTATE2",1,ef3e5140,ef3e5140,fcd85222,00000000,00000000,00000000,1,4066849976,7008,1,00000d51,0,0,0,1,0
3626,3626,0,0,0,38,60,0001871b,f279693e,04444444,000002ca,1,0,0,1,1,422354e8,0ade,"iSTATE2",1,ef5085c6,ef5085c6,fcd85222,00000000,00000000,00000000,1,4068043070,7009,1,00000d52,0,0,0,1,0
3627,3627,0,0,0,38,60,0001871b,f28ba08e,04444444,000002ca,1,0,0,1,1,422354e8,0ade,"iSTATE2",1,ef62bd16,ef62bd16,fcd85222,00000000,00000000,00000000,1,4069236878,7010,1,00000d53,0,0,0,1,0
3628,3628,0,0,0,38,60,0001871b,f29dd514,04444444,000002ca,1,0,0,1,1,422354e8,0ade,"iSTATE2",1,ef74f19c,ef74f19c,fcd85222,00000000,00000000,00000000,1,4070429972,7011,1,00000d54,0,0,0,1,0
3629,3629,0,0,0,38,60,0001871b,f2b0099a,04444444,000002ca,1,0,0,1,1,422354e8,0ade,"iSTATE2",1,ef872622,ef872622,fcd85222,00000000,00000000,00000000,1,4071623066,7012,1,00000d55,0,0,0,1,0
3630,3630,0,0,0,38,60,0001871b,f2c240ea,04444444,000002ca,1,0,0,1,1,422354e8,0ade,"iSTATE2",1,ef995d72,ef995d72,fcd85222,00000000,00000000,00000000,1,4072816874,7013,1,00000d56,0,0,0,1,0
3631,3631,0,0,0,38,60,0001871b,f2d47570,04444444,000002ca,1,0,0,1,1,422354e8,0ade,"iSTATE2",1,efab91f8,efab91f8,fcd85222,00000000,00000000,00000000,1,4074009968,7014,1,00000d57,0,0,0,1,0
3632,3632,0,0,0,38,60,0001871b,f2e6a9f6,04444444,000002ca,1,0,0,1,1,422354e8,0ade,"iSTATE2",1,efbdc67e,efbdc67e,fcd85222,00000000,00000000,00000000,1,4075203062,7015,1,00000d58,0,0,0,1,0
3633,3633,0,0,0,38,60,0001871b,f2f8e146,04444444,000002ca,1,0,0,1,1,422354e8,0ade,"iSTATE2",1,efcffdce,efcffdce,fcd85222,00000000,00000000,00000000,1,4076396870,7016,1,00000d59,0,0,0,1,0
3634,3634,0,0,0,38,60,0001871b,f30b15cc,04444444,000002ca,1,0,0,1,1,422354e8,0ade,"iSTATE2",1,efe23254,efe23254,fcd85222,00000000,00000000,00000000,1,4077589964,7017,1,00000d5a,0,0,0,1,0
3635,3635,0,0,0,38,60,0001871b,f31d4a52,04444444,000002ca,1,0,0,1,1,422354e8,0ade,"iSTATE2",1,eff466da,eff466da,fcd85222,00000000,00000000,00000000,1,4078783058,7018,1,00000d5b,0,0,0,1,0
3636,3636,0,0,0,38,60,0001871b,f32f81a2,04444444,000002ca,1,0,0,1,1,422354e8,0ade,"iSTATE2",1,f0069e2a,f0069e2a,fcd85222,00000000,00000000,00000000,1,4079976866,7019,1,00000d5c,0,0,0,1,0
3637,3637,0,0,0,39,60,0001871c,f341b62c,04444444,000002ca,1,0,0,1,1,422354e8,0ade,"iSTATE2",1,f0176552,f0176552,fcd71c88,00000000,00000000,00000000,1,4081169964,7020,1,00000d5d,0,0,0,1,0
3638,3638,0,0,0,39,60,0001871c,f353eab2,04444444,000002ca,1,0,0,1,1,422354e8,0ade,"iSTATE2",1,f02999d8,f02999d8,fcd71c88,00000000,00000000,00000000,1,4082363058,7021,1,00000d5e,0,0,0,1,0
3639,3639,0,0,0,39,60,0001871c,f3662202,04444444,000002ca,1,0,0,1,1,422354e8,0ade,"iSTATE2",1,f03bd128,f03bd128,fcd71c88,00000000,00000000,00000000,1,4083556866,7022,1,00000d5f,0,0,0,1,0
3640,3640,0,0,0,39,60,0001871c,f3785688,04444444,000002ca,1,0,0,1,1,422354e8,0ade,"iSTATE2",1,f04e05ae,f04e05ae,fcd71c88,00000000,00000000,00000000,1,4084749960,7023,1,00000d60,0,0,0,1,0
3641,3641,0,0,0,39,60,0001871c,f38a8b0e,04444444,000002ca,1,0,0,1,1,422354e8,0ade,"iSTATE2",1,f0603a34,f0603a34,fcd71c88,00000000,00000000,00000000,1,4085943054,7024,1,00000d61,0,0,0,1,0
3642,3642,0,0,0,39,60,0001871c,f39cbf94,04444444,000002ca,1,0,0,1,1,422354e8,0ade,"iSTATE2",1,f0726eba,f0726eba,fcd71c88,00000000,00000000,00000000,1,4087136148,7025,1,00000d62,0,0,0,1,0
3643,3643,0,0,0,39,60,0001871c,f3aef6e4,04444444,000002ca,1,0,0,1,1,422354e8,0ade,"iSTATE2",1,f084a60a,f084a60a,fcd71c88,00000000,00000000,00000000,1,4088329956,7026,1,00000d63,0,0,0,1,0
3644,3644,0,0,0,39,60,0001871c,f3c12b6a,04444444,000002ca,1,0,0,1,1,422354e8,0ade,"iSTATE2",1,f096da90,f096da90,fcd71c88,00000000,00000000,00000000,1,4089523050,7027,1,00000d64,0,0,0,1,0
3645,3645,0,0,0,39,60,0001871c,f3d35ff0,04444444,000002ca,1,0,0,1,1,422354e8,0ade,"iSTATE2",1,f0a90f16,f0a90f16,fcd71c88,00000000,00000000,00000000,1,4090716144,7028,1,00000d65,0,0,0,1,0
3646,3646,0,0,0,39,60,0001871c,f3e59740,04444444,000002ca,1,0,0,1,1,422354e8,0ade,"iSTATE2",1,f0bb4666,f0bb4666,fcd71c88,00000000,00000000,00000000,1,4091909952,7029,1,00000d66,0,0,0,1,0
3647,3647,0,0,0,39,60,0001871c,f3f7cbc6,04444444,000002ca,1,0,0,1,1,422354e8,0ade,"iSTATE2",1,f0cd7aec,f0cd7aec,fcd71c88,00000000,00000000,00000000,1,4093103046,7030,1,00000d67,0,0,0,1,0
3648,3648,0,0,0,39,60,0001871c,f40a004c,04444444,000002ca,1,0,0,1,1,422354e8,0ade,"iSTATE2",1,f0dfaf72,f0dfaf72,fcd71c88,00000000,00000000,00000000,1,4094296140,7031,1,00000d68,0,0,0,1,0
3649,3649,0,0,0,39,60,0001871c,f41c379c,04444444,000002ca,1,0,0,1,1,422354e8,0ade,"iSTATE2",1,f0f1e6c2,f0f1e6c2,fcd71c88,00000000,00000000,00000000,1,4095489948,7032,1,00000d69,0,0,0,1,0
3650,3650,0,0,0,39,60,0001871c,f42e6c22,04444444,000002ca,1,0,0,1,1,422354e8,0ade,"iSTATE2",1,f1041b48,f1041b48,fcd71c88,00000000,00000000,00000000,1,4096683042,7033,1,00000d6a,0,0,0,1,0
3651,3651,0,0,0,39,60,0001871c,f440a0a8,04444444,000002ca,1,0,0,1,1,422354e8,0ade,"iSTATE2",1,f1164fce,f1164fce,fcd71c88,00000000,00000000,00000000,1,4097876136,7034,1,00000d6b,0,0,0,1,0
3652,3652,0,0,0,39,60,0001871c,f452d7f8,04444444,000002ca,1,0,0,1,1,422354e8,0ade,"iSTATE2",1,f128871e,f128871e,fcd71c88,00000000,00000000,00000000,1,4099069944,7035,1,00000d6c,0,0,0,1,0
3653,3653,0,0,0,39,60,0001871c,f4650c7e,04444444,000002ca,1,0,0,1,1,422354e8,0ade,"iSTATE2",1,f13abba4,f13abba4,fcd71c88,00000000,00000000,00000000,1,4100263038,7036,1,00000d6d,0,0,0,1,0
3654,3654,0,0,0,39,60,0001871c,f4774104,04444444,000002ca,1,0,0,1,1,422354e8,0ade,"iSTATE2",1,f14cf02a,f14cf02a,fcd71c88,00000000,00000000,00000000,1,4101456132,7037,1,00000d6e,0,0,0,1,0
3655,3655,0,0,0,39,60,0001871c,f4897854,04444444,000002ca,1,0,0,1,1,422354e8,0ade,"iSTATE2",1,f15f277a,f15f277a,fcd71c88,00000000,00000000,00000000,1,4102649940,7038,1,00000d6f,0,0,0,1,0
3656,3656,0,0,0,39,60,0001871c,f49bacda,04444444,000002ca,1,0,0,1,1,422354e8,0ade,"iSTATE2",1,f1715c00,f1715c00,fcd71c88,00000000,00000000,00000000,1,4103843034,7039,1,00000d70,0,0,0,1,0
3657,3657,0,0,0,39,60,0001871c,f4ade160,04444444,000002ca,1,0,0,1,1,422354e8,0ade,"iSTATE2",1,f1839086,f1839086,fcd71c88,00000000,00000000,00000000,1,4105036128,7040,1,00000d71,0,0,0,1,0
3658,3658,0,0,0,39,60,0001871c,f4c018b0,04444444,000002ca,1,0,0,1,1,422354e8,0ade,"iSTATE2",1,f195c7d6,f195c7d6,fcd71c88,00000000,00000000,00000000,1,4106229936,7041,1,00000d72,0,0,0,1,0
3659,3659,0,0,0,39,60,0001871c,f4d24d36,04444444,000002ca,1,0,0,1,1,422354e8,0ade,"iSTATE2",1,f1a7fc5c,f1a7fc5c,fcd71c88,00000000,00000000,00000000,1,4107423030,7042,1,00000d73,0,0,0,1,0
3660,3660,0,0,0,39,60,0001871c,f4e481bc,04444444,000002ca,1,0,0,1,1,422354e8,0ade,"iSTATE2",1,f1ba30e2,f1ba30e2,fcd71c88,00000000,00000000,00000000,1,4108616124,7043,1,00000d74,0,0,0,1,0
3661,3661,0,0,0,39,60,0001871c,f4f6b90c,04444444,000002ca,1,0,0,1,1,422354e8,0ade,"iSTATE2",1,f1cc6832,f1cc6832,fcd71c88,00000000,00000000,00000000,1,4109809932,7044,1,00000d75,0,0,0,1,0
3662,3662,0,0,0,39,60,0001871c,f508ed92,04444444,000002ca,1,0,0,1,1,422354e8,0ade,"iSTATE2",1,f1de9cb8,f1de9cb8,fcd71c88,00000000,00000000,00000000,1,4111003026,7045,1,00000d76,0,0,0,1,0
3663,3663,0,0,0,39,60,0001871c,f51b2218,04444444,000002ca,1,0,0,1,1,422354e8,0ade,"iSTATE2",1,f1f0d13e,f1f0d13e,fcd71c88,00000000,00000000,00000000,1,4112196120,7046,1,00000d77,0,0,0,1,0
3664,3664,0,0,0,39,60,0001871c,f52d5968,04444444,000002ca,1,0,0,1,1,422354e8,0ade,"iSTATE2",1,f203088e,f203088e,fcd71c88,00000000,00000000,00000000,1,4113389928,7047,1,00000d78,0,0,0,1,0
3665,3665,0,0,0,39,60,0001871c,f53f8dee,04444444,000002ca,1,0,0,1,1,422354e8,0ade,"iSTATE2",1,f2153d14,f2153d14,fcd71c88,00000000,00000000,00000000,1,4114583022,7048,1,00000d79,0,0,0,1,0
3666,3666,0,0,0,39,60,0001871c,f551c274,04444444,000002ca,1,0,0,1,1,422354e8,0ade,"iSTATE2",1,f227719a,f227719a,fcd71c88,00000000,00000000,00000000,1,4115776116,7049,1,00000d7a,0,0,0,1,0
3667,3667,0,0,0,39,60,0001871c,f563f9c4,04444444,000002ca,1,0,0,1,1,422354e8,0ade,"iSTATE2",1,f239a8ea,f239a8ea,fcd71c88,00000000,00000000,00000000,1,4116969924,7050,1,00000d7b,0,0,0,1,0
3668,3668,0,0,0,39,60,0001871c,f5762e4a,04444444,000002ca,1,0,0,1,1,422354e8,0ade,"iSTATE2",1,f24bdd70,f24bdd70,fcd71c88,00000000,00000000,00000000,1,4118163018,7051,1,00000d7c,0,0,0,1,0
3669,3669,0,0,0,39,60,0001871c,f58862d0,04444444,000002ca,1,0,0,1,1,422354e8,0ade,"iSTATE2",1,f25e11f6,f25e11f6,fcd71c88,00000000,00000000,00000000,1,4119356112,7052,1,00000d7d,0,0,0,1,0
3670,3670,0,0,0,39,60,0001871c,f59a9756,04444444,000002ca,1,0,0,1,1,422354e8,0ade,"iSTATE2",1,f270467c,f270467c,fcd71c88,00000000,00000000,00000000,1,4120549206,7053,1,00000d7e,0,0,0,1,0
3671,3671,0,0,0,39,60,0001871c,f5accea6,04444444,000002ca,1,0,0,1,1,422354e8,0ade,"iSTATE2",1,f2827dcc,f2827dcc,fcd71c88,00000000,00000000,00000000,1,4121743014,7054,1,00000d7f,0,0,0,1,0
3672,3672,0,0,0,39,60,0001871c,f5bf032c,04444444,000002ca,1,0,0,1,1,422354e8,0ade,"iSTATE2",1,f294b252,f294b252,fcd71c88,00000000,00000000,00000000,1,4122936108,7055,1,00000d80,0,0,0,1,0
3673,3673,0,0,0,39,60,0001871c,f5d137b2,04444444,000002ca,1,0,0,1,1,422354e8,0ade,"iSTATE2",1,f2a6e6d8,f2a6e6d8,fcd71c88,00000000,00000000,00000000,1,4124129202,7056,1,00000d81,0,0,0,1,0
3674,3674,0,0,0,39,60,0001871c,f5e36f02,04444444,000002ca,1,0,0,1,1,422354e8,0ade,"iSTATE2",1,f2b91e28,f2b91e28,fcd71c88,00000000,00000000,00000000,1,4125323010,7057,1,00000d82,0,0,0,1,0
3675,3675,0,0,0,39,60,0001871c,f5f5a388,04444444,000002ca,1,0,0,1,1,422354e8,0ade,"iSTATE2",1,f2cb52ae,f2cb52ae,fcd71c88,00000000,00000000,00000000,1,4126516104,7058,1,00000d83,0,0,0,1,0
3676,3676,0,0,0,39,60,0001871c,f607d80e,04444444,000002ca,1,0,0,1,1,422354e8,0ade,"iSTATE2",1,f2dd8734,f2dd8734,fcd71c88,00000000,00000000,00000000,1,4127709198,7059,1,00000d84,0,0,0,1,0
3677,3677,0,0,0,39,60,0001871c,f61a0f5e,04444444,000002ca,1,0,0,1,1,422354e8,0ade,"iSTATE2",1,f2efbe84,f2efbe84,fcd71c88,00000000,00000000,00000000,1,4128903006,7060,1,00000d85,0,0,0,1,0
3678,3678,0,0,0,39,60,0001871c,f62c43e4,04444444,000002ca,1,0,0,1,1,422354e8,0ade,"iSTATE2",1,f301f30a,f301f30a,fcd71c88,00000000,00000000,00000000,1,4130096100,7061,1,00000d86,0,0,0,1,0
3679,3679,0,0,0,39,60,0001871c,f63e786a,04444444,000002ca,1,0,0,1,1,422354e8,0ade,"iSTATE2",1,f3142790,f3142790,fcd71c88,00000000,00000000,00000000,1,4131289194,7062,1,00000d87,0,0,0,1,0
3680,3680,0,0,0,39,60,0001871c,f650afba,04444444,000002ca,1,0,0,1,1,422354e8,0ade,"iSTATE2",1,f3265ee0,f3265ee0,fcd71c88,00000000,00000000,00000000,1,4132483002,7063,1,00000d88,0,0,0,1,0
3681,3681,0,0,0,39,60,0001871c,f662e440,04444444,000002ca,1,0,0,1,1,422354e8,0ade,"iSTATE2",1,f3389366,f3389366,fcd71c88,00000000,00000000,00000000,1,4133676096,7064,1,00000d89,0,0,0,1,0
3682,3682,0,0,0,39,60,0001871c,f67518c6,04444444,000002ca,1,0,0,1,1,422354e8,0ade,"iSTATE2",1,f34ac7ec,f34ac7ec,fcd71c88,00000000,00000000,00000000,1,4134869190,7065,1,00000d8a,0,0,0,1,0
3683,3683,0,0,0,39,60,0001871c,f6875016,04444444,000002ca,1,0,0,1,1,422354e8,0ade,"iSTATE2",1,f35cff3c,f35cff3c,fcd71c88,00000000,00000000,00000000,1,4136062998,7066,1,00000d8b,0,0,0,1,0
3684,3684,0,0,0,39,60,0001871c,f699849c,04444444,000002ca,1,0,0,1,1,422354e8,0ade,"iSTATE2",1,f36f33c2,f36f33c2,fcd71c88,00000000,00000000,00000000,1,4137256092,7067,1,00000d8c,0,0,0,1,0
3685,3685,0,0,0,39,60,0001871c,f6abb922,04444444,000002ca,1,0,0,1,1,422354e8,0ade,"iSTATE2",1,f3816848,f3816848,fcd71c88,00000000,00000000,00000000,1,4138449186,7068,1,00000d8d,0,0,0,1,0
3686,3686,0,0,0,39,60,0001871c,f6bdf072,04444444,000002ca,1,0,0,1,1,422354e8,0ade,"iSTATE2",1,f3939f98,f3939f98,fcd71c88,00000000,00000000,00000000,1,4139642994,7069,1,00000d8e,0,0,0,1,0
3687,3687,0,0,0,39,60,0001871c,f6d024f8,04444444,000002ca,1,0,0,1,1,422354e8,0ade,"iSTATE2",1,f3a5d41e,f3a5d41e,fcd71c88,00000000,00000000,00000000,1,4140836088,7070,1,00000d8f,0,0,0,1,0
3688,3688,0,0,0,39,60,0001871c,f6e2597e,04444444,000002ca,1,0,0,1,1,422354e8,0ade,"iSTATE2",1,f3b808a4,f3b808a4,fcd71c88,00000000,00000000,00000000,1,4142029182,7071,1,00000d90,0,0,0,1,0
3689,3689,0,0,0,39,60,0001871c,f6f490ce,04444444,000002ca,1,0,0,1,1,422354e8,0ade,"iSTATE2",1,f3ca3ff4,f3ca3ff4,fcd71c88,00000000,00000000,00000000,1,4143222990,7072,1,00000d91,0,0,0,1,0
3690,3690,0,0,0,39,60,0001871c,f706c554,04444444,000002ca,1,0,0,1,1,422354e8,0ade,"iSTATE2",1,f3dc747a,f3dc747a,fcd71c88,00000000,00000000,00000000,1,4144416084,7073,1,00000d92,0,0,0,1,0
3691,3691,0,0,0,39,60,0001871c,f718f9da,04444444,000002ca,1,0,0,1,1,422354e8,0ade,"iSTATE2",1,f3eea900,f3eea900,fcd71c88,00000000,00000000,00000000,1,4145609178,7074,1,00000d93,0,0,0,1,0
3692,3692,0,0,0,39,60,0001871c,f72b312a,04444444,000002ca,1,0,0,1,1,422354e8,0ade,"iSTATE2",1,f400e050,f400e050,fcd71c88,00000000,00000000,00000000,1,4146802986,7075,1,00000d94,0,0,0,1,0
3693,3693,0,0,0,39,60,0001871c,f73d65b0,04444444,000002ca,1,0,0,1,1,422354e8,0ade,"iSTATE2",1,f41314d6,f41314d6,fcd71c88,00000000,00000000,00000000,1,4147996080,7076,1,00000d95,0,0,0,1,0
3694,3694,0,0,0,39,60,0001871c,f74f9a36,04444444,000002ca,1,0,0,1,1,422354e8,0ade,"iSTATE2",1,f425495c,f425495c,fcd71c88,00000000,00000000,00000000,1,4149189174,7077,1,00000d96,0,0,0,1,0
3695,3695,0,0,0,39,60,0001871c,f761d186,04444444,000002ca,1,0,0,1,1,422354e8,0ade,"iSTATE2",1,f43780ac,f43780ac,fcd71c88,00000000,00000000,00000000,1,4150382982,7078,1,00000d97,0,0,0,1,0
3696,3696,0,0,0,39,60,0001871c,f774060c,04444444,000002ca,1,0,0,1,1,422354e8,0ade,"iSTATE2",1,f449b532,f449b532,fcd71c88,00000000,00000000,00000000,1,4151576076,7079,1,00000d98,0,0,0,1,0
3697,3697,0,0,0,3a,60,0001871c,f7863a96,04444444,000002ca,1,0,0,1,1,422354e8,0ade,"iSTATE2",1,f45a3efe,f45a3efe,fcd5af26,00000000,00000000,00000000,1,4152769174,7080,1,00000d99,0,0,0,1,0
3698,3698,0,0,0,3a,60,0001871c,f79871e6,04444444,000002ca,1,0,0,1,1,422354e8,0ade,"iSTATE2",1,f46c764e,f46c764e,fcd5af26,00000000,00000000,00000000,1,4153962982,7081,1,00000d9a,0,0,0,1,0
3699,3699,0,0,0,3a,60,0001871c,f7aaa66c,04444444,000002ca,1,0,0,1,1,422354e8,0ade,"iSTATE2",1,f47eaad4,f47eaad4,fcd5af26,00000000,00000000,00000000,1,4155156076,7082,1,00000d9b,0,0,0,1,0
3700,3700,0,0,0,3a,60,0001871c,f7bcdaf2,04444444,000002ca,1,0,0,1,1,422354e8,0ade,"iSTATE2",1,f490df5a,f490df5a,fcd5af26,00000000,00000000,00000000,1,4156349170,7083,1,00000d9c,0,0,0,1,0
3701,3701,0,0,0,3a,60,0001871c,f7cf0f78,04444444,000002ca,1,0,0,1,1,422354e8,0ade,"iSTATE2",1,f4a313e0,f4a313e0,fcd5af26,00000000,00000000,00000000,1,4157542264,7084,1,00000d9d,0,0,0,1,0
3702,3702,0,0,0,3a,60,0001871c,f7e146c8,04444444,000002ca,1,0,0,1,1,422354e8,0ade,"iSTATE2",1,f4b54b30,f4b54b30,fcd5af26,00000000,00000000,00000000,1,4158736072,7085,1,00000d9e,0,0,0,1,0
3703,3703,0,0,0,3a,60,0001871c,f7f37b4e,04444444,000002ca,1,0,0,1,1,422354e8,0ade,"iSTATE2",1,f4c77fb6,f4c77fb6,fcd5af26,00000000,00000000,00000000,1,4159929166,7086,1,00000d9f,0,0,0,1,0
3704,3704,0,0,0,3a,60,0001871c,f805afd4,04444444,000002ca,1,0,0,1,1,422354e8,0ade,"iSTATE2",1,f4d9b43c,f4d9b43c,fcd5af26,00000000,00000000,00000000,1,4161122260,7087,1,00000da0,0,0,0,1,0
3705,3705,0,0,0,3a,60,0001871c,f817e724,04444444,000002ca,1,0,0,1,1,422354e8,0ade,"iSTATE2",1,f4ebeb8c,f4ebeb8c,fcd5af26,00000000,00000000,00000000,1,4162316068,7088,1,00000da1,0,0,0,1,0
3706,3706,0,0,0,3a,60,0001871c,f82a1baa,04444444,000002ca,1,0,0,1,1,422354e8,0ade,"iSTATE2",1,f4fe2012,f4fe2012,fcd5af26,00000000,00000000,00000000,1,4163509162,7089,1,00000da2,0,0,0,1,0
3707,3707,0,0,0,3a,60,0001871c,f83c5030,04444444,000002ca,1,0,0,1,1,422354e8,0ade,"iSTATE2",1,f5105498,f5105498,fcd5af26,00000000,00000000,00000000,1,4164702256,7090,1,00000da3,0,0,0,1,0
3708,3708,0,0,0,3a,60,0001871c,f84e8780,04444444,000002ca,1,0,0,1,1,422354e8,0ade,"iSTATE2",1,f5228be8,f5228be8,fcd5af26,00000000,00000000,00000000,1,4165896064,7091,1,00000da4,0,0,0,1,0
3709,3709,0,0,0,3a,60,0001871c,f860bc06,04444444,000002ca,1,0,0,1,1,422354e8,0ade,"iSTATE2",1,f534c06e,f534c06e,fcd5af26,00000000,00000000,00000000,1,4167089158,7092,1,00000da5,0,0,0,1,0
3710,3710,0,0,0,3a,60,0001871c,f872f08c,04444444,000002ca,1,0,0,1,1,422354e8,0ade,"iSTATE2",1,f546f4f4,f546f4f4,fcd5af26,00000000,00000000,00000000,1,4168282252,7093,1,00000da6,0,0,0,1,0
3711,3711,0,0,0,3a,60,0001871c,f88527dc,04444444,000002ca,1,0,0,1,1,422354e8,0ade,"iSTATE2",1,f5592c44,f5592c44,fcd5af26,00000000,00000000,00000000,1,4169476060,7094,1,00000da7,0,0,0,1,0
3712,3712,0,0,0,3a,60,0001871c,f8975c62,04444444,000002ca,1,0,0,1,1,422354e8,0ade,"iSTATE2",1,f56b60ca,f56b60ca,fcd5af26,00000000,00000000,00000000,1,4170669154,7095,1,00000da8,0,0,0,1,0
3713,3713,0,0,0,3a,60,0001871c,f8a990e8,04444444,000002ca,1,0,0,1,1,422354e8,0ade,"iSTATE2",1,f57d9550,f57d9550,fcd5af26,00000000,00000000,00000000,1,4171862248,7096,1,00000da9,0,0,0,1,0
3714,3714,0,0,0,3a,60,0001871c,f8bbc838,04444444,000002ca,1,0,0,1,1,422354e8,0ade,"iSTATE2",1,f58fcca0,f58fcca0,fcd5af26,00000000,00000000,00000000,1,4173056056,7097,1,00000daa,0,0,0,1,0
3715,3715,0,0,0,3a,60,0001871c,f8cdfcbe,04444444,000002ca,1,0,0,1,1,422354e8,0ade,"iSTATE2",1,f5a20126,f5a20126,fcd5af26,00000000,00000000,00000000,1,4174249150,7098,1,00000dab,0,0,0,1,0
3716,3716,0,0,0,3a,60,0001871c,f8e03144,04444444,000002ca,1,0,0,1,1,422354e8,0ade,"iSTATE2",1,f5b435ac,f5b435ac,fcd5af26,00000000,00000000,00000000,1,4175442244,7099,1,00000dac,0,0,0,1,0
3717,3717,0,0,0,3a,60,0001871c,f8f26894,04444444,000002ca,1,0,0,1,1,422354e8,0ade,"iSTATE2",1,f5c66cfc,f5c66cfc,fcd5af26,00000000,00000000,00000000,1,4176636052,7100,1,00000dad,0,0,0,1,0
3718,3718,0,0,0,3a,60,0001871c,f9049d1a,04444444,000002ca,1,0,0,1,1,422354e8,0ade,"iSTATE2",1,f5d8a182,f5d8a182,fcd5af26,00000000,00000000,00000000,1,4177829146,7101,1,00000dae,0,0,0,1,0
3719,3719,0,0,0,3a,60,0001871c,f916d1a0,04444444,000002ca,1,0,0,1,1,422354e8,0ade,"iSTATE2",1,f5ead608,f5ead608,fcd5af26,00000000,00000000,00000000,1,4179022240,7102,1,00000daf,0,0,0,1,0
3720,3720,0,0,0,3a,60,0001871c,f92908f0,04444444,000002ca,1,0,0,1,1,422354e8,0ade,"iSTATE2",1,f5fd0d58,f5fd0d58,fcd5af26,00000000,00000000,00000000,1,4180216048,7103,1,00000db0,0,0,0,1,0
3721,3721,0,0,0,3a,60,0001871c,f93b3d76,04444444,000002ca,1,0,0,1,1,422354e8,0ade,"iSTATE2",1,f60f41de,f60f41de,fcd5af26,00000000,00000000,00000000,1,4181409142,7104,1,00000db1,0,0,0,1,0
3722,3722,0,0,0,3a,60,0001871c,f94d71fc,04444444,000002ca,1,0,0,1,1,422354e8,0ade,"iSTATE2",1,f6217664,f6217664,fcd5af26,00000000,00000000,00000000,1,4182602236,7105,1,00000db2,0,0,0,1,0
3723,3723,0,0,0,3a,60,0001871c,f95fa94c,04444444,000002ca,1,0,0,1,1,422354e8,0ade,"iSTATE2",1,f633adb4,f633adb4,fcd5af26,00000000,00000000,00000000,1,4183796044,7106,1,00000db3,0,0,0,1,0
3724,3724,0,0,0,3a,60,0001871c,f971ddd2,04444444,000002ca,1,0,0,1,1,422354e8,0ade,"iSTATE2",1,f645e23a,f645e23a,fcd5af26,00000000,00000000,00000000,1,4184989138,7107,1,00000db4,0,0,0,1,0
3725,3725,0,0,0,3a,60,0001871c,f9841258,04444444,000002ca,1,0,0,1,1,422354e8,0ade,"iSTATE2",1,f65816c0,f65816c0,fcd5af26,00000000,00000000,00000000,1,4186182232,7108,1,00000db5,0,0,0,1,0
3726,3726,0,0,0,3a,60,0001871c,f99649a8,04444444,000002ca,1,0,0,1,1,422354e8,0ade,"iSTATE2",1,f66a4e10,f66a4e10,fcd5af26,00000000,00000000,00000000,1,4187376040,7109,1,00000db6,0,0,0,1,0
3727,3727,0,0,0,3a,60,0001871c,f9a87e2e,04444444,000002ca,1,0,0,1,1,422354e8,0ade,"iSTATE2",1,f67c8296,f67c8296,fcd5af26,00000000,00000000,00000000,1,4188569134,7110,1,00000db7,0,0,0,1,0
3728,3728,0,0,0,3a,60,0001871c,f9bab2b4,04444444,000002ca,1,0,0,1,1,422354e8,0ade,"iSTATE2",1,f68eb71c,f68eb71c,fcd5af26,00000000,00000000,00000000,1,4189762228,7111,1,00000db8,0,0,0,1,0
3729,3729,0,0,0,3a,60,0001871c,f9cce73a,04444444,000002ca,1,0,0,1,1,422354e8,0ade,"iSTATE2",1,f6a0eba2,f6a0eba2,fcd5af26,00000000,00000000,00000000,1,4190955322,7112,1,00000db9,0,0,0,1,0
3730,3730,0,0,0,3a,60,0001871c,f9df1e8a,04444444,000002ca,1,0,0,1,1,422354e8,0ade,"iSTATE2",1,f6b322f2,f6b322f2,fcd5af26,00000000,00000000,00000000,1,4192149130,7113,1,00000dba,0,0,0,1,0
3731,3731,0,0,0,3a,60,0001871c,f9f15310,04444444,000002ca,1,0,0,1,1,422354e8,0ade,"iSTATE2",1,f6c55778,f6c55778,fcd5af26,00000000,00000000,00000000,1,4193342224,7114,1,00000dbb,0,0,0,1,0
3732,3732,0,0,0,3a,60,0001871c,fa038796,04444444,000002ca,1,0,0,1,1,422354e8,0ade,"iSTATE2",1,f6d78bfe,f6d78bfe,fcd5af26,00000000,00000000,00000000,1,4194535318,7115,1,00000dbc,0,0,0,1,0
3733,3733,0,0,0,3a,60,0001871c,fa15bee6,04444444,000002ca,1,0,0,1,1,422354e8,0ade,"iSTATE2",1,f6e9c34e,f6e9c34e,fcd5af26,00000000,00000000,00000000,1,4195729126,7116,1,00000dbd,0,0,0,1,0
3734,3734,0,0,0,3a,60,0001871c,fa27f36c,04444444,000002ca,1,0,0,1,1,422354e8,0ade,"iSTATE2",1,f6fbf7d4,f6fbf7d4,fcd5af26,00000000,00000000,00000000,1,4196922220,7117,1,00000dbe,0,0,0,1,0
3735,3735,0,0,0,3a,60,0001871c,fa3a27f2,04444444,000002ca,1,0,0,1,1,422354e8,0ade,"iSTATE2",1,f70e2c5a,f70e2c5a,fcd5af26,00000000,00000000,00000000,1,4198115314,7118,1,00000dbf,0,0,0,1,0
3736,3736,0,0,0,3a,60,0001871c,fa4c5f42,04444444,000002ca,1,0,0,1,1,422354e8,0ade,"iSTATE2",1,f72063aa,f72063aa,fcd5af26,00000000,00000000,00000000,1,4199309122,7119,1,00000dc0,0,0,0,1,0
3737,3737,0,0,0,3a,60,0001871c,fa5e93c8,04444444,000002ca,1,0,0,1,1,422354e8,0ade,"iSTATE2",1,f7329830,f7329830,fcd5af26,00000000,00000000,00000000,1,4200502216,7120,1,00000dc1,0,0,0,1,0
3738,3738,0,0,0,3a,60,0001871c,fa70c84e,04444444,000002ca,1,0,0,1,1,422354e8,0ade,"iSTATE2",1,f744ccb6,f744ccb6,fcd5af26,00000000,00000000,00000000,1,4201695310,7121,1,00000dc2,0,0,0,1,0
3739,3739,0,0,0,3a,60,0001871c,fa82ff9e,04444444,000002ca,1,0,0,1,1,422354e8,0ade,"iSTATE2",1,f7570406,f7570406,fcd5af26,00000000,00000000,00000000,1,4202889118,7122,1,00000dc3,0,0,0,1,0
3740,3740,0,0,0,3a,60,0001871c,fa953424,04444444,000002ca,1,0,0,1,1,422354e8,0ade,"iSTATE2",1,f769388c,f769388c,fcd5af26,00000000,00000000,00000000,1,4204082212,7123,1,00000dc4,0,0,0,1,0
3741,3741,0,0,0,3a,60,0001871c,faa768aa,04444444,000002ca,1,0,0,1,1,422354e8,0ade,"iSTATE2",1,f77b6d12,f77b6d12,fcd5af26,00000000,00000000,00000000,1,4205275306,7124,1,00000dc5,0,0,0,1,0
3742,3742,0,0,0,3a,60,0001871c,fab99ffa,04444444,000002ca,1,0,0,1,1,422354e8,0ade,"iSTATE2",1,f78da462,f78da462,fcd5af26,00000000,00000000,00000000,1,4206469114,7125,1,00000dc6,0,0,0,1,0
3743,3743,0,0,0,3a,60,0001871c,facbd480,04444444,000002ca,1,0,0,1,1,422354e8,0ade,"iSTATE2",1,f79fd8e8,f79fd8e8,fcd5af26,00000000,00000000,00000000,1,4207662208,7126,1,00000dc7,0,0,0,1,0
3744,3744,0,0,0,3a,60,0001871c,fade0906,04444444,000002ca,1,0,0,1,1,422354e8,0ade,"iSTATE2",1,f7b20d6e,f7b20d6e,fcd5af26,00000000,00000000,00000000,1,4208855302,7127,1,00000dc8,0,0,0,1,0
3745,3745,0,0,0,3a,60,0001871c,faf04056,04444444,000002ca,1,0,0,1,1,422354e8,0ade,"iSTATE2",1,f7c444be,f7c444be,fcd5af26,00000000,00000000,00000000,1,4210049110,7128,1,00000dc9,0,0,0,1,0
3746,3746,0,0,0,3a,60,0001871c,fb0274dc,04444444,000002ca,1,0,0,1,1,422354e8,0ade,"iSTATE2",1,f7d67944,f7d67944,fcd5af26,00000000,00000000,00000000,1,4211242204,7129,1,00000dca,0,0,0,1,0
3747,3747,0,0,0,3a,60,0001871c,fb14a962,04444444,000002ca,1,0,0,1,1,422354e8,0ade,"iSTATE2",1,f7e8adca,f7e8adca,fcd5af26,00000000,00000000,00000000,1,4212435298,7130,1,00000dcb,0,0,0,1,0
3748,3748,0,0,0,3a,60,0001871c,fb26e0b2,04444444,000002ca,1,0,0,1,1,422354e8,0ade,"iSTATE2",1,f7fae51a,f7fae51a,fcd5af26,00000000,00000000,00000000,1,4213629106,7131,1,00000dcc,0,0,0,1,0
3749,3749,0,0,0,3a,60,0001871c,fb391538,04444444,000002ca,1,0,0,1,1,422354e8,0ade,"iSTATE2",1,f80d19a0,f80d19a0,fcd5af26,00000000,00000000,00000000,1,4214822200,7132,1,00000dcd,0,0,0,1,0
3750,3750,0,0,0,3a,60,0001871c,fb4b49be,04444444,000002ca,1,0,0,1,1,422354e8,0ade,"iSTATE2",1,f81f4e26,f81f4e26,fcd5af26,00000000,00000000,00000000,1,4216015294,7133,1,00000dce,0,0,0,1,0
3751,3751,0,0,0,3a,60,0001871c,fb5d810e,04444444,000002ca,1,0,0,1,1,422354e8,0ade,"iSTATE2",1,f8318576,f8318576,fcd5af26,00000000,00000000,00000000,1,4217209102,7134,1,00000dcf,0,0,0,1,0
3752,3752,0,0,0,3a,60,0001871c,fb6fb594,04444444,000002ca,1,0,0,1,1,422354e8,0ade,"iSTATE2",1,f843b9fc,f843b9fc,fcd5af26,00000000,00000000,00000000,1,4218402196,7135,1,00000dd0,0,0,0,1,0
3753,3753,0,0,0,3a,60,0001871c,fb81ea1a,04444444,000002ca,1,0,0,1,1,422354e8,0ade,"iSTATE2",1,f855ee82,f855ee82,fcd5af26,00000000,00000000,00000000,1,4219595290,7136,1,00000dd1,0,0,0,1,0
3754,3754,0,0,0,3a,60,0001871c,fb94216a,04444444,000002ca,1,0,0,1,1,422354e8,0ade,"iSTATE2",1,f86825d2,f86825d2,fcd5af26,00000000,00000000,00000000,1,4220789098,7137,1,00000dd2,0,0,0,1,0
3755,3755,0,0,0,3a,60,0001871c,fba655f0,04444444,000002ca,1,0,0,1,1,422354e8,0ade,"iSTATE2",1,f87a5a58,f87a5a58,fcd5af26,00000000,00000000,00000000,1,4221982192,7138,1,00000dd3,0,0,0,1,0
3756,3756,0,0,0,3a,60,0001871c,fbb88a76,04444444,000002ca,1,0,0,1,1,422354e8,0ade,"iSTATE2",1,f88c8ede,f88c8ede,fcd5af26,00000000,00000000,00000000,1,4223175286,7139,1,00000dd4,0,0,0,1,0
3757,3757,0,0,0,3b,60,0001871c,fbcac1ca,04444444,000002ca,1,0,0,1,1,422354e8,0ade,"iSTATE2",1,f89d533c,f89d533c,fcd40468,00000000,00000000,00000000,1,4224369098,7140,1,00000dd5,0,0,0,1,0
3758,3758,0,0,0,3b,60,0001871c,fbdcf650,04444444,000002ca,1,0,0,1,1,422354e8,0ade,"iSTATE2",1,f8af87c2,f8af87c2,fcd40468,00000000,00000000,00000000,1,4225562192,7141,1,00000dd6,0,0,0,1,0
3759,3759,0,0,0,3b,60,0001871c,fbef2ad6,04444444,000002ca,1,0,0,1,1,422354e8,0ade,"iSTATE2",1,f8c1bc48,f8c1bc48,fcd40468,00000000,00000000,00000000,1,4226755286,7142,1,00000dd7,0,0,0,1,0
3760,3760,0,0,0,3b,60,0001871c,fc015f5c,04444444,000002ca,1,0,0,1,1,422354e8,0ade,"iSTATE2",1,f8d3f0ce,f8d3f0ce,fcd40468,00000000,00000000,00000000,1,4227948380,7143,1,00000dd8,0,0,0,1,0
3761,3761,0,0,0,3b,60,0001871c,fc1396ac,04444444,000002ca,1,0,0,1,1,422354e8,0ade,"iSTATE2",1,f8e6281e,f8e6281e,fcd40468,00000000,00000000,00000000,1,4229142188,7144,1,00000dd9,0,0,0,1,0
3762,3762,0,0,0,3b,60,0001871c,fc25cb32,04444444,000002ca,1,0,0,1,1,422354e8,0ade,"iSTATE2",1,f8f85ca4,f8f85ca4,fcd40468,00000000,00000000,00000000,1,4230335282,7145,1,00000dda,0,0,0,1,0
3763,3763,0,0,0,3b,60,0001871c,fc37ffb8,04444444,000002ca,1,0,0,1,1,422354e8,0ade,"iSTATE2",1,f90a912a,f90a912a,fcd40468,00000000,00000000,00000000,1,4231528376,7146,1,00000ddb,0,0,0,1,0
3764,3764,0,0,0,3b,60,0001871c,fc4a3708,04444444,000002ca,1,0,0,1,1,422354e8,0ade,"iSTATE2",1,f91cc87a,f91cc87a,fcd40468,00000000,00000000,00000000,1,4232722184,7147,1,00000ddc,0,0,0,1,0
3765,3765,0,0,0,3b,60,0001871c,fc5c6b8e,04444444,000002ca,1,0,0,1,1,422354e8,0ade,"iSTATE2",1,f92efd00,f92efd00,fcd40468,00000000,00000000,00000000,1,4233915278,7148,1,00000ddd,0,0,0,1,0
3766,3766,0,0,0,3b,60,0001871c,fc6ea014,04444444,000002ca,1,0,0,1,1,422354e8,0ade,"iSTATE2",1,f9413186,f9413186,fcd40468,00000000,00000000,00000000,1,4235108372,7149,1,00000dde,0,0,0,1,0
3767,3767,0,0,0,3b,60,0001871c,fc80d764,04444444,000002ca,1,0,0,1,1,422354e8,0ade,"iSTATE2",1,f95368d6,f95368d6,fcd40468,00000000,00000000,00000000,1,4236302180,7150,1,00000ddf,0,0,0,1,0
3768,3768,0,0,0,3b,60,0001871c,fc930bea,04444444,000002ca,1,0,0,1,1,422354e8,0ade,"iSTATE2",1,f9659d5c,f9659d5c,fcd40468,00000000,00000000,00000000,1,4237495274,7151,1,00000de0,0,0,0,1,0
3769,3769,0,0,0,3b,60,0001871c,fca54070,04444444,000002ca,1,0,0,1,1,422354e8,0ade,"iSTATE2",1,f977d1e2,f977d1e2,fcd40468,00000000,00000000,00000000,1,4238688368,7152,1,00000de1,0,0,0,1,0
3770,3770,0,0,0,3b,60,0001871c,fcb777c0,04444444,000002ca,1,0,0,1,1,422354e8,0ade,"iSTATE2",1,f98a0932,f98a0932,fcd40468,00000000,00000000,00000000,1,4239882176,7153,1,00000de2,0,0,0,1,0
3771,3771,0,0,0,3b,60,0001871c,fcc9ac46,04444444,000002ca,1,0,0,1,1,422354e8,0ade,"iSTATE2",1,f99c3db8,f99c3db8,fcd40468,00000000,00000000,00000000,1,4241075270,7154,1,00000de3,0,0,0,1,0
3772,3772,0,0,0,3b,60,0001871c,fcdbe0cc,04444444,000002ca,1,0,0,1,1,422354e8,0ade,"iSTATE2",1,f9ae723e,f9ae723e,fcd40468,00000000,00000000,00000000,1,4242268364,7155,1,00000de4,0,0,0,1,0
3773,3773,0,0,0,3b,60,0001871c,fcee181c,04444444,000002ca,1,0,0,1,1,422354e8,0ade,"iSTATE2",1,f9c0a98e,f9c0a98e,fcd40468,00000000,00000000,00000000,1,4243462172,7156,1,00000de5,0,0,0,1,0
3774,3774,0,0,0,3b,60,0001871c,fd004ca2,04444444,000002ca,1,0,0,1,1,422354e8,0ade,"iSTATE2",1,f9d2de14,f9d2de14,fcd40468,00000000,00000000,00000000,1,4244655266,7157,1,00000de6,0,0,0,1,0
3775,3775,0,0,0,3b,60,0001871c,fd128128,04444444,000002ca,1,0,0,1,1,422354e8,0ade,"iSTATE2",1,f9e5129a,f9e5129a,fcd40468,00000000,00000000,00000000,1,4245848360,7158,1,00000de7,0,0,0,1,0
3776,3776,0,0,0,3b,60,0001871c,fd24b878,04444444,000002ca,1,0,0,1,1,422354e8,0ade,"iSTATE2",1,f9f749ea,f9f749ea,fcd40468,00000000,00000000,00000000,1,4247042168,7159,1,00000de8,0,0,0,1,0
3777,3777,0,0,0,3b,60,0001871c,fd36ecfe,04444444,000002ca,1,0,0,1,1,422354e8,0ade,"iSTATE2",1,fa097e70,fa097e70,fcd40468,00000000,00000000,00000000,1,4248235262,7160,1,00000de9,0,0,0,1,0
3778,3778,0,0,0,3b,60,0001871c,fd492184,04444444,000002ca,1,0,0,1,1,422354e8,0ade,"iSTATE2",1,fa1bb2f6,fa1bb2f6,fcd40468,00000000,00000000,00000000,1,4249428356,7161,1,00000dea,0,0,0,1,0
3779,3779,0,0,0,3b,60,0001871c,fd5b58d4,04444444,000002ca,1,0,0,1,1,422354e8,0ade,"iSTATE2",1,fa2dea46,fa2dea46,fcd40468,00000000,00000000,00000000,1,4250622164,7162,1,00000deb,0,0,0,1,0
3780,3780,0,0,0,3b,60,0001871c,fd6d8d5a,04444444,000002ca,1,0,0,1,1,422354e8,0ade,"iSTATE2",1,fa401ecc,fa401ecc,fcd40468,00000000,00000000,00000000,1,4251815258,7163,1,00000dec,0,0,0,1,0
3781,3781,0,0,0,3b,60,0001871c,fd7fc1e0,04444444,000002ca,1,0,0,1,1,422354e8,0ade,"iSTATE2",1,fa525352,fa525352,fcd40468,00000000,00000000,00000000,1,4253008352,7164,1,00000ded,0,0,0,1,0
3782,3782,0,0,0,3b,60,0001871c,fd91f930,04444444,000002ca,1,0,0,1,1,422354e8,0ade,"iSTATE2",1,fa648aa2,fa648aa2,fcd40468,00000000,00000000,00000000,1,4254202160,7165,1,00000dee,0,0,0,1,0
3783,3783,0,0,0,3b,60,0001871c,fda42db6,04444444,000002ca,1,0,0,1,1,422354e8,0ade,"iSTATE2",1,fa76bf28,fa76bf28,fcd40468,00000000,00000000,00000000,1,4255395254,7166,1,00000def,0,0,0,1,0
3784,3784,0,0,0,3b,60,0001871c,fdb6623c,04444444,000002ca,1,0,0,1,1,422354e8,0ade,"iSTATE2",1,fa88f3ae,fa88f3ae,fcd40468,00000000,00000000,00000000,1,4256588348,7167,1,00000df0,0,0,0,1,0
3785,3785,0,0,0,3b,60,0001871c,fdc8998c,04444444,000002ca,1,0,0,1,1,422354e8,0ade,"iSTATE2",1,fa9b2afe,fa9b2afe,fcd40468,00000000,00000000,00000000,1,4257782156,7168,1,00000df1,0,0,0,1,0
3786,3786,0,0,0,3b,60,0001871c,fddace12,04444444,000002ca,1,0,0,1,1,422354e8,0ade,"iSTATE2",1,faad5f84,faad5f84,fcd40468,00000000,00000000,00000000,1,4258975250,7169,1,00000df2,0,0,0,1,0
3787,3787,0,0,0,3b,60,0001871c,fded0298,04444444,000002ca,1,0,0,1,1,422354e8,0ade,"iSTATE2",1,fabf940a,fabf940a,fcd40468,00000000,00000000,00000000,1,4260168344,7170,1,00000df3,0,0,0,1,0
3788,3788,0,0,0,3b,60,0001871c,fdff371e,04444444,000002ca,1,0,0,1,1,422354e8,0ade,"iSTATE2",1,fad1c890,fad1c890,fcd40468,00000000,00000000,00000000,1,4261361438,7171,1,00000df4,0,0,0,1,0
3789,3789,0,0,0,3b,60,0001871c,fe116e6e,04444444,000002ca,1,0,0,1,1,422354e8,0ade,"iSTATE2",1,fae3ffe0,fae3ffe0,fcd40468,00000000,00000000,00000000,1,4262555246,7172,1,00000df5,0,0,0,1,0
3790,3790,0,0,0,3b,60,0001871c,fe23a2f4,04444444,000002ca,1,0,0,1,1,422354e8,0ade,"iSTATE2",1,faf63466,faf63466,fcd40468,00000000,00000000,00000000,1,4263748340,7173,1,00000df6,0,0,0,1,0
3791,3791,0,0,0,3b,60,0001871c,fe35d77a,04444444,000002ca,1,0,0,1,1,422354e8,0ade,"iSTATE2",1,fb0868ec,fb0868ec,fcd40468,00000000,00000000,00000000,1,4264941434,7174,1,00000df7,0,0,0,1,0
3792,3792,0,0,0,3b,60,0001871c,fe480eca,04444444,000002ca,1,0,0,1,1,422354e8,0ade,"iSTATE2",1,fb1aa03c,fb1aa03c,fcd40468,00000000,00000000,00000000,1,4266135242,7175,1,00000df8,0,0,0,1,0
3793,3793,0,0,0,3b,60,0001871c,fe5a4350,04444444,000002ca,1,0,0,1,1,422354e8,0ade,"iSTATE2",1,fb2cd4c2,fb2cd4c2,fcd40468,00000000,00000000,00000000,1,4267328336,7176,1,00000df9,0,0,0,1,0
3794,3794,0,0,0,3b,60,0001871c,fe6c77d6,04444444,000002ca,1,0,0,1,1,422354e8,0ade,"iSTATE2",1,fb3f0948,fb3f0948,fcd40468,00000000,00000000,00000000,1,4268521430,7177,1,00000dfa,0,0,0,1,0
3795,3795,0,0,0,3b,60,0001871c,fe7eaf26,04444444,000002ca,1,0,0,1,1,422354e8,0ade,"iSTATE2",1,fb514098,fb514098,fcd40468,00000000,00000000,00000000,1,4269715238,7178,1,00000dfb,0,0,0,1,0
3796,3796,0,0,0,3b,60,0001871c,fe90e3ac,04444444,000002ca,1,0,0,1,1,422354e8,0ade,"iSTATE2",1,fb63751e,fb63751e,fcd40468,00000000,00000000,00000000,1,4270908332,7179,1,00000dfc,0,0,0,1,0
3797,3797,0,0,0,3b,60,0001871c,fea31832,04444444,000002ca,1,0,0,1,1,422354e8,0ade,"iSTATE2",1,fb75a9a4,fb75a9a4,fcd40468,00000000,00000000,00000000,1,4272101426,7180,1,00000dfd,0,0,0,1,0
3798,3798,0,0,0,3b,60,0001871c,feb54f82,04444444,000002ca,1,0,0,1,1,422354e8,0ade,"iSTATE2",1,fb87e0f4,fb87e0f4,fcd40468,00000000,00000000,00000000,1,4273295234,7181,1,00000dfe,0,0,0,1,0
3799,3799,0,0,0,3b,60,0001871c,fec78408,04444444,000002ca,1,0,0,1,1,422354e8,0ade,"iSTATE2",1,fb9a157a,fb9a157a,fcd40468,00000000,00000000,00000000,1,4274488328,7182,1,00000dff,0,0,0,1,0
3800,3800,0,0,0,3b,60,0001871c,fed9b88e,04444444,000002ca,1,0,0,1,1,422354e8,0ade,"iSTATE2",1,fbac4a00,fbac4a00,fcd40468,00000000,00000000,00000000,1,4275681422,7183,1,00000e00,0,0,0,1,0
3801,3801,0,0,0,3b,60,0001871c,feebefde,04444444,000002ca,1,0,0,1,1,422354e8,0ade,"iSTATE2",1,fbbe8150,fbbe8150,fcd40468,00000000,00000000,00000000,1,4276875230,7184,1,00000e01,0,0,0,1,0
3802,3802,0,0,0,3b,60,0001871c,fefe2464,04444444,000002ca,1,0,0,1,1,422354e8,0ade,"iSTATE2",1,fbd0b5d6,fbd0b5d6,fcd40468,00000000,00000000,00000000,1,4278068324,7185,1,00000e02,0,0,0,1,0
3803,3803,0,0,0,3b,60,0001871c,ff1058ea,04444444,000002ca,1,0,0,1,1,422354e8,0ade,"iSTATE2",1,fbe2ea5c,fbe2ea5c,fcd40468,00000000,00000000,00000000,1,4279261418,7186,1,00000e03,0,0,0,1,0
3804,3804,0,0,0,3b,60,0001871c,ff22903a,04444444,000002ca,1,0,0,1,1,422354e8,0ade,"iSTATE2",1,fbf521ac,fbf521ac,fcd40468,00000000,00000000,00000000,1,4280455226,7187,1,00000e04,0,0,0,1,0
3805,3805,0,0,0,3b,60,0001871c,ff34c4c0,04444444,000002ca,1,0,0,1,1,422354e8,0ade,"iSTATE2",1,fc075632,fc075632,fcd40468,00000000,00000000,00000000,1,4281648320,7188,1,00000e05,0,0,0,1,0
3806,3806,0,0,0,3b,60,0001871c,ff46f946,04444444,000002ca,1,0,0,1,1,422354e8,0ade,"iSTATE2",1,fc198ab8,fc198ab8,fcd40468,00000000,00000000,00000000,1,4282841414,7189,1,00000e06,0,0,0,1,0
3807,3807,0,0,0,3b,60,0001871c,ff593096,04444444,000002ca,1,0,0,1,1,422354e8,0ade,"iSTATE2",1,fc2bc208,fc2bc208,fcd40468,00000000,00000000,00000000,1,4284035222,7190,1,00000e07,0,0,0,1,0
3808,3808,0,0,0,3b,60,0001871c,ff6b651c,04444444,000002ca,1,0,0,1,1,422354e8,0ade,"iSTATE2",1,fc3df68e,fc3df68e,fcd40468,00000000,00000000,00000000,1,4285228316,7191,1,00000e08,0,0,0,1,0
3809,3809,0,0,0,3b,60,0001871c,ff7d99a2,04444444,000002ca,1,0,0,1,1,422354e8,0ade,"iSTATE2",1,fc502b14,fc502b14,fcd40468,00000000,00000000,00000000,1,4286421410,7192,1,00000e09,0,0,0,1,0
3810,3810,0,0,0,3b,60,0001871c,ff8fd0f2,04444444,000002ca,1,0,0,1,1,422354e8,0ade,"iSTATE2",1,fc626264,fc626264,fcd40468,00000000,00000000,00000000,1,4287615218,7193,1,00000e0a,0,0,0,1,0
3811,3811,0,0,0,3b,60,0001871c,ffa20578,04444444,000002ca,1,0,0,1,1,422354e8,0ade,"iSTATE2",1,fc7496ea,fc7496ea,fcd40468,00000000,00000000,00000000,1,4288808312,7194,1,00000e0b,0,0,0,1,0
3812,3812,0,0,0,3b,60,0001871c,ffb439fe,04444444,000002ca,1,0,0,1,1,422354e8,0ade,"iSTATE2",1,fc86cb70,fc86cb70,fcd40468,00000000,00000000,00000000,1,4290001406,7195,1,00000e0c,0,0,0,1,0
3813,3813,0,0,0,3b,60,0001871c,ffc6714e,04444444,000002ca,1,0,0,1,1,422354e8,0ade,"iSTATE2",1,fc9902c0,fc9902c0,fcd40468,00000000,00000000,00000000,1,4291195214,7196,1,00000e0d,0,0,0,1,0
3814,3814,0,0,0,3b,60,0001871c,ffd8a5d4,04444444,000002ca,1,0,0,1,1,422354e8,0ade,"iSTATE2",1,fcab3746,fcab3746,fcd40468,00000000,00000000,00000000,1,4292388308,7197,1,00000e0e,0,0,0,1,0
3815,3815,0,0,0,3b,60,0001871c,ffeada5a,04444444,000002ca,1,0,0,1,1,422354e8,0ade,"iSTATE2",1,fcbd6bcc,fcbd6bcc,fcd40468,00000000,00000000,00000000,1,4293581402,7198,1,00000e0f,0,0,0,1,0
3816,3816,0,0,0,3b,60,0001871c,fffd11aa,04444444,000002ca,1,0,0,1,1,422354e8,0ade,"iSTATE2",1,fccfa31c,fccfa31c,fcd40468,00000000,00000000,00000000,1,4294775210,7199,1,00000e11,0,0,0,1,0
3817,3817,0,1,1,00,60,00049bea,00000000,04444444,000002ca,0,0,0,1,0,422354e8,0ade,"iSTATE2",1,000002ca,000002ca,fcd29172,00000000,00000000,00000000,1,0,0,1,00000001,1,0,0,1,0
3818,3818,0,0,0,00,60,00049bea,001237c4,04444444,000000ec,1,0,0,1,0,422354e8,0ade,"iSTATE2",1,00375012,00375012,fcd29172,00000000,00000000,00000000,1,1193924,1,1,00000002,0,0,0,1,0
3819,3819,0,0,0,00,60,00049bea,00246cc4,04444444,000000ec,1,0,0,1,0,422354e8,0ade,"iSTATE2",1,006e6592,006e6592,fcd29172,00000000,00000000,00000000,1,2387140,2,1,00000003,0,0,0,1,0
3820,3820,0,0,0,00,60,00049bea,0036a2b0,04444444,000000ec,1,0,0,1,0,422354e8,0ade,"iSTATE2",1,00a57ddc,00a57ddc,fcd29172,00000000,00000000,00000000,1,3580592,3,1,00000004,0,0,0,1,0
3821,3821,0,0,0,00,60,00049bea,0048d7b0,04444444,000000ec,1,0,0,1,0,422354e8,0ade,"iSTATE2",1,00dc935c,00dc935c,fcd29172,00000000,00000000,00000000,1,4773808,4,1,00000005,0,0,0,1,0
3822,3822,0,0,0,00,60,00049bea,005b0d9c,04444444,000000ec,1,0,0,1,0,422354e8,0ade,"iSTATE2",1,0113aba6,0113aba6,fcd29172,00000000,00000000,00000000,1,5967260,5,1,00000006,0,0,0,1,0
3823,3823,0,0,0,00,60,00049bea,006d429c,04444444,000000ec,1,0,0,1,0,422354e8,0ade,"iSTATE2",1,014ac126,014ac126,fcd29172,00000000,00000000,00000000,1,7160476,6,1,00000007,0,0,0,1,0
3824,3824,0,0,0,00,60,00049bea,007f7888,04444444,000000ec,1,0,0,1,0,422354e8,0ade,"iSTATE2",1,0181d970,0181d970,fcd29172,00000000,00000000,00000000,1,8353928,7,1,00000008,0,0,0,1,0
3825,3825,0,0,0,00,60,00049bea,0091ad88,04444444,000000ec,1,0,0,1,0,422354e8,0ade,"iSTATE2",1,01b8eef0,01b8eef0,fcd29172,00000000,00000000,00000000,1,9547144,8,1,00000009,0,0,0,1,0
3826,3826,0,0,0,00,60,00049bea,00a3e374,04444444,000000ec,1,0,0,1,0,422354e8,0ade,"iSTATE2",1,01f0073a,01f0073a,fcd29172,00000000,00000000,00000000,1,10740596,9,1,0000000a,0,0,0,1,0
3827,3827,0,0,0,00,60,00049bea,00b61874,04444444,000000ec,1,0,0,1,0,422354e8,0ade,"iSTATE2",1,02271cba,02271cba,fcd29172,00000000,00000000,00000000,1,11933812,10,1,0000000b,0,0,0,1,0
3828,3828,0,0,0,00,60,00049bea,00c84e60,04444444,000000ec,1,0,0,1,0,422354e8,0ade,"iSTATE2",1,025e3504,025e3504,fcd29172,00000000,00000000,00000000,1,13127264,11,1,0000000c,0,0,0,1,0
3829,3829,0,0,0,00,60,00049bea,00da8360,04444444,000000ec,1,0,0,1,0,422354e8,0ade,"iSTATE2",1,02954a84,02954a84,fcd29172,00000000,00000000,00000000,1,14320480,12,1,0000000d,0,0,0,1,0
3830,3830,0,0,0,00,60,00049bea,00ecb860,04444444,000000ec,1,0,0,1,0,422354e8,0ade,"iSTATE2",1,02cc6004,02cc6004,fcd29172,00000000,00000000,00000000,1,15513696,13,1,0000000e,0,0,0,1,0
3831,3831,0,0,0,00,60,00049bea,00feee4c,04444444,000000ec,1,0,0,1,0,422354e8,0ade,"iSTATE2",1,0303784e,0303784e,fcd29172,00000000,00000000,00000000,1,16707148,14,1,0000000f,0,0,0,1,0
3832,3832,0,0,0,00,60,00049bea,0111234c,04444444,000000ec,1,0,0,1,0,422354e8,0ade,"iSTATE2",1,033a8dce,033a8dce,fcd29172,00000000,00000000,00000000,1,17900364,15,1,00000010,0,0,0,1,0
3833,3833,0,0,0,00,60,00049bea,01235938,04444444,000000ec,1,0,0,1,0,422354e8,0ade,"iSTATE2",1,0371a618,0371a618,fcd29172,00000000,00000000,00000000,1,19093816,16,1,00000011,0,0,0,1,0
3834,3834,0,0,0,00,60,00049bea,01358e38,04444444,000000ec,1,0,0,1,0,422354e8,0ade,"iSTATE2",1,03a8bb98,03a8bb98,fcd29172,00000000,00000000,00000000,1,20287032,17,1,00000012,0,0,0,1,0
3835,3835,0,0,0,00,60,00049bea,0147c424,04444444,000000ec,1,0,0,1,0,422354e8,0ade,"iSTATE2",1,03dfd3e2,03dfd3e2,fcd29172,00000000,00000000,00000000,1,21480484,18,1,00000013,0,0,0,1,0
3836,3836,0,0,0,00,60,00049bea,0159f924,04444444,000000ec,1,0,0,1,0,422354e8,0ade,"iSTATE2",1,0416e962,0416e962,fcd29172,00000000,00000000,00000000,1,22673700,19,1,00000014,0,0,0,1,0
3837,3837,0,1,0,01,60,0001870b,04444444,04444444,000000ec,0,0,0,1,0,422354e8,0ade,"iSTATE2",1,0442a686,0442a686,02da3544,00000000,00000000,00000000,1,71582788,59,1,00000016,0,0,0,1,0
3838,3838,0,0,0,01,60,0001870b,0456c259,04444444,000002cb,1,0,0,1,0,422354e8,0ade,"iSTATE2",1,0448d476,0448d476,02da3544,00000000,00000000,00000000,1,72794713,61,1,0000003e,0,0,0,1,0
3839,3839,0,0,0,01,60,0001870b,0468f7d0,04444444,000002cb,1,0,0,1,0,422354e8,0ade,"iSTATE2",1,044ed712,044ed712,02da3544,00000000,00000000,00000000,1,73988048,62,1,0000003f,0,0,0,1,0
3840,3840,0,0,0,01,60,0001870b,047b2d47,04444444,000002cb,1,0,0,1,0,422354e8,0ade,"iSTATE2",1,0454d9ae,0454d9ae,02da3544,00000000,00000000,00000000,1,75181383,63,1,00000040,0,0,0,1,0
3841,3841,0,0,0,01,60,0001870b,048d62be,04444444,000002cb,1,0,0,1,0,422354e8,0ade,"iSTATE2",1,045adc4a,045adc4a,02da3544,00000000,00000000,00000000,1,76374718,64,1,00000041,0,0,0,1,0
3842,3842,0,0,0,01,60,0001870b,049f9835,04444444,000002cb,1,0,0,1,0,422354e8,0ade,"iSTATE2",1,0460dee6,0460dee6,02da3544,00000000,00000000,00000000,1,77568053,65,1,00000042,0,0,0,1,0
3843,3843,0,0,0,01,60,0001870b,04b1cdac,04444444,000002cb,1,0,0,1,0,422354e8,0ade,"iSTATE2",1,0466e182,0466e182,02da3544,00000000,00000000,00000000,1,78761388,66,1,00000043,0,0,0,1,0
3844,3844,0,0,0,01,60,0001870b,04c40323,04444444,000002cb,1,0,0,1,0,422354e8,0ade,"iSTATE2",1,046ce41e,046ce41e,02da3544,00000000,00000000,00000000,1,79954723,67,1,00000044,0,0,0,1,0
3845,3845,0,0,0,01,60,0001870b,04d6389a,04444444,000002cb,1,0,0,1,0,422354e8,0ade,"iSTATE2",1,0472e6ba,0472e6ba,02da3544,00000000,00000000,00000000,1,81148058,68,1,00000045,0,0,0,1,0
3846,3846,0,0,0,01,60,0001870b,04e86e11,04444444,000002cb,1,0,0,1,0,422354e8,0ade,"iSTATE2",1,0478e956,0478e956,02da3544,00000000,00000000,00000000,1,82341393,69,1,00000046,0,0,0,1,0
3847,3847,0,0,0,01,60,0001870b,04faa388,04444444,000002cb,1,0,0,1,0,422354e8,0ade,"iSTATE2",1,047eebf2,047eebf2,02da3544,00000000,00000000,00000000,1,83534728,70,1,00000047,0,0,0,1,0
3848,3848,0,0,0,01,60,0001870b,050cd8ff,04444444,000002cb,1,0,0,1,0,422354e8,0ade,"iSTATE2",1,0484ee8e,0484ee8e,02da3544,00000000,00000000,00000000,1,84728063,71,1,00000048,0,0,0,1,0
3849,3849,0,0,0,01,60,0001870b,051f0e76,04444444,000002cb,1,0,0,1,0,422354e8,0ade,"iSTATE2",1,048af12a,048af12a,02da3544,00000000,00000000,00000000,1,85921398,72,1,00000049,0,0,0,1,0
3850,3850,0,0,0,01,60,0001870b,053143ed,04444444,000002cb,1,0,0,1,0,422354e8,0ade,"iSTATE2",1,0490f3c6,0490f3c6,02da3544,00000000,00000000,00000000,1,87114733,73,1,0000004a,0,0,0,1,0
3851,3851,0,0,0,01,60,0001870b,05437964,04444444,000002cb,1,0,0,1,0,422354e8,0ade,"iSTATE2",1,0496f662,0496f662,02da3544,00000000,00000000,00000000,1,88308068,74,1,0000004b,0,0,0,1,0
3852,3852,0,0,0,01,60,0001870b,0555aedb,04444444,000002cb,1,0,0,1,0,422354e8,0ade,"iSTATE2",1,049cf8fe,049cf8fe,02da3544,00000000,00000000,00000000,1,89501403,75,1,0000004c,0,0,0,1,0
3853,3853,0,0,0,01,60,0001870b,0567e452,04444444,000002cb,1,0,0,1,0,422354e8,0ade,"iSTATE2",1,04a2fb9a,04a2fb9a,02da3544,00000000,00000000,00000000,1,90694738,76,1,0000004d,0,0,0,1,0
3854,3854,0,0,0,01,60,0001870b,057a19c9,04444444,000002cb,1,0,0,1,0,422354e8,0ade,"iSTATE2",1,04a8fe36,04a8fe36,02da3544,00000000,00000000,00000000,1,91888073,77,1,0000004e,0,0,0,1,0
3855,3855,0,0,0,01,60,0001870b,058c4f40,04444444,000002cb,1,0,0,1,0,422354e8,0ade,"iSTATE2",1,04af00d2,04af00d2,02da3544,00000000,00000000,00000000,1,93081408,78,1,0000004f,0,0,0,1,0
3856,3856,0,0,0,01,60,0001870b,059e81ec,04444444,000002cb,1,0,0,1,0,422354e8,0ade,"iSTATE2",1,04b50282,04b50282,02da3544,00000000,00000000,00000000,1,94274028,79,1,00000050,0,0,0,1,0
3857,3857,0,0,0,01,60,0001870b,05b0b763,04444444,000002cb,1,0,0,1,0,422354e8,0ade,"iSTATE2",1,04bb051e,04bb051e,02da3544,00000000,00000000,00000000,1,95467363,80,1,00000051,0,0,0,1,0
3858,3858,0,0,0,01,60,0001870b,05c2ecda,04444444,000002cb,1,0,0,1,0,422354e8,0ade,"iSTATE2",1,04c107ba,04c107ba,02da3544,00000000,00000000,00000000,1,96660698,81,1,00000052,0,0,0,1,0
3859,3859,0,0,0,01,60,0001870b,05d52251,04444444,000002cb,1,0,0,1,0,422354e8,0ade,"iSTATE2",1,04c70a56,04c70a56,02da3544,00000000,00000000,00000000,1,97854033,82,1,00000053,0,0,0,1,0
3860,3860,0,0,0,01,60,0001870b,05e757c8,04444444,000002cb,1,0,0,1,0,422354e8,0ade,"iSTATE2",1,04cd0cf2,04cd0cf2,02da3544,00000000,00000000,00000000,1,99047368,83,1,00000054,0,0,0,1,0
3861,3861,0,0,0,01,60,0001870b,05f98d3f,04444444,000002cb,1,0,0,1,0,422354e8,0ade,"iSTATE2",1,04d30f8e,04d30f8e,02da3544,00000000,00000000,00000000,1,100240703,84,1,00000055,0,0,0,1,0
3862,3862,0,0,0,01,60,0001870b,060bc2b6,04444444,000002cb,1,0,0,1,0,422354e8,0ade,"iSTATE2",1,04d9122a,04d9122a,02da3544,00000000,00000000,00000000,1,101434038,85,1,00000056,0,0,0,1,0
3863,3863,0,0,0,01,60,0001870b,061df82d,04444444,000002cb,1,0,0,1,0,422354e8,0ade,"iSTATE2",1,04df14c6,04df14c6,02da3544,00000000,00000000,00000000,1,102627373,86,1,00000057,0,0,0,1,0
3864,3864,0,0,0,01,60,0001870b,06302da4,04444444,000002cb,1,0,0,1,0,422354e8,0ade,"iSTATE2",1,04e51762,04e51762,02da3544,00000000,00000000,00000000,1,103820708,87,1,00000058,0,0,0,1,0
3865,3865,0,0,0,01,60,0001870b,0642631b,04444444,000002cb,1,0,0,1,0,422354e8,0ade,"iSTATE2",1,04eb19fe,04eb19fe,02da3544,00000000,00000000,00000000,1,105014043,88,1,00000059,0,0,0,1,0
3866,3866,0,0,0,01,60,0001870b,06549892,04444444,000002cb,1,0,0,1,0,422354e8,0ade,"iSTATE2",1,04f11c9a,04f11c9a,02da3544,00000000,00000000,00000000,1,106207378,89,1,0000005a,0,0,0,1,0
3867,3867,0,0,0,01,60,0001870b,0666ce09,04444444,000002cb,1,0,0,1,0,422354e8,0ade,"iSTATE2",1,04f71f36,04f71f36,02da3544,00000000,00000000,00000000,1,107400713,90,1,0000005b,0,0,0,1,0
3868,3868,0,0,0,01,60,0001870b,06790380,04444444,000002cb,1,0,0,1,0,422354e8,0ade,"iSTATE2",1,04fd21d2,04fd21d2,02da3544,00000000,00000000,00000000,1,108594048,91,1,0000005c,0,0,0,1,0
3869,3869,0,0,0,01,60,0001870b,068b38f7,04444444,000002cb,1,0,0,1,0,422354e8,0ade,"iSTATE2",1,0503246e,0503246e,02da3544,00000000,00000000,00000000,1,109787383,92,1,0000005d,0,0,0,1,0
3870,3870,0,0,0,01,60,0001870b,069d6e6e,04444444,000002cb,1,0,0,1,0,422354e8,0ade,"iSTATE2",1,0509270a,0509270a,02da3544,00000000,00000000,00000000,1,110980718,93,1,0000005e,0,0,0,1,0
3871,3871,0,0,0,01,60,0001870b,06afa3e5,04444444,000002cb,1,0,0,1,0,422354e8,0ade,"iSTATE2",1,050f29a6,050f29a6,02da3544,00000000,00000000,00000000,1,112174053,94,1,0000005f,0,0,0,1,0
3872,3872,0,0,0,01,60,0001870b,06c1d95c,04444444,000002cb,1,0,0,1,0,422354e8,0ade,"iSTATE2",1,05152c42,05152c42,02da3544,00000000,00000000,00000000,1,113367388,95,1,00000060,0,0,0,1,0
3873,3873,0,0,0,01,60,0001870b,06d40ed3,04444444,000002cb,1,0,0,1,0,422354e8,0ade,"iSTATE2",1,051b2ede,051b2ede,02da3544,00000000,00000000,00000000,1,114560723,96,1,00000061,0,0,0,1,0
3874,3874,0,0,0,01,60,0001870b,06e6444a,04444444,000002cb,1,0,0,1,0,422354e8,0ade,"iSTATE2",1,0521317a,0521317a,02da3544,00000000,00000000,00000000,1,115754058,97,1,00000062,0,0,0,1,0
3875,3875,0,0,0,01,60,0001870b,06f879c1,04444444,000002cb,1,0,0,1,0,422354e8,0ade,"iSTATE2",1,05273416,05273416,02da3544,00000000,00000000,00000000,1,116947393,98,1,00000063,0,0,0,1,0
3876,3876,0,0,0,01,60,0001870b,070aaf38,04444444,000002cb,1,0,0,1,0,422354e8,0ade,"iSTATE2",1,052d36b2,052d36b2,02da3544,00000000,00000000,00000000,1,118140728,99,1,00000064,0,0,0,1,0
3877,3877,0,0,0,01,60,0001870b,071ce4af,04444444,000002cb,1,0,0,1,0,422354e8,0ade,"iSTATE2",1,0533394e,0533394e,02da3544,00000000,00000000,00000000,1,119334063,100,1,00000065,0,0,0,1,0
3878,3878,0,0,0,01,60,0001870b,072f1a26,04444444,000002cb,1,0,0,1,0,422354e8,0ade,"iSTATE2",1,05393bea,05393bea,02da3544,00000000,00000000,00000000,1,120527398,101,1,00000066,0,0,0,1,0
3879,3879,0,0,0,01,60,0001870b,07414f9d,04444444,000002cb,1,0,0,1,0,422354e8,0ade,"iSTATE2",1,053f3e86,053f3e86,02da3544,00000000,00000000,00000000,1,121720733,102,1,00000067,0,0,0,1,0
3880,3880,0,0,0,01,60,0001870b,07538514,04444444,000002cb,1,0,0,1,0,422354e8,0ade,"iSTATE2",1,05454122,05454122,02da3544,00000000,00000000,00000000,1,122914068,103,1,00000068,0,0,0,1,0
3881,3881,0,0,0,01,60,0001870b,0765ba8b,04444444,000002cb,1,0,0,1,0,422354e8,0ade,"iSTATE2",1,054b43be,054b43be,02da3544,00000000,00000000,00000000,1,124107403,104,1,00000069,0,0,0,1,0
3882,3882,0,0,0,01,60,0001870b,0777f002,04444444,000002cb,1,0,0,1,0,422354e8,0ade,"iSTATE2",1,0551465a,0551465a,02da3544,00000000,00000000,00000000,1,125300738,105,1,0000006a,0,0,0,1,0
3883,3883,0,0,0,01,60,0001870b,078a2579,04444444,000002cb,1,0,0,1,0,422354e8,0ade,"iSTATE2",1,055748f6,055748f6,02da3544,00000000,00000000,00000000,1,126494073,106,1,0000006b,0,0,0,1,0
3884,3884,0,0,0,01,60,0001870b,079c5af0,04444444,000002cb,1,0,0,1,0,422354e8,0ade,"iSTATE2",1,055d4b92,055d4b92,02da3544,00000000,00000000,00000000,1,127687408,107,1,0000006c,0,0,0,1,0
3885,3885,0,0,0,01,60,0001870b,07ae9067,04444444,000002cb,1,0,0,1,0,422354e8,0ade,"iSTATE2",1,05634e2e,05634e2e,02da3544,00000000,00000000,00000000,1,128880743,108,1,0000006d,0,0,0,1,0
3886,3886,0,0,0,01,60,0001870b,07c0c5de,04444444,000002cb,1,0,0,1,0,422354e8,0ade,"iSTATE2",1,056950ca,056950ca,02da3544,00000000,00000000,00000000,1,130074078,109,1,0000006e,0,0,0,1,0
3887,3887,0,0,0,01,60,0001870b,07d2fb55,04444444,000002cb,1,0,0,1,0,422354e8,0ade,"iSTATE2",1,056f5366,056f5366,02da3544,00000000,00000000,00000000,1,131267413,110,1,0000006f,0,0,0,1,0
3888,3888,0,0,0,01,60,0001870b,07e530cc,04444444,000002cb,1,0,0,1,0,422354e8,0ade,"iSTATE2",1,05755602,05755602,02da3544,00000000,00000000,00000000,1,132460748,111,1,00000070,0,0,0,1,0
3889,3889,0,0,0,01,60,0001870b,07f76643,04444444,000002cb,1,0,0,1,0,422354e8,0ade,"iSTATE2",1,057b589e,057b589e,02da3544,00000000,00000000,00000000,1,133654083,112,1,00000071,0,0,0,1,0
3890,3890,0,0,0,01,60,0001870b,08099bba,04444444,000002cb,1,0,0,1,0,422354e8,0ade,"iSTATE2",1,05815b3a,05815b3a,02da3544,00000000,00000000,00000000,1,134847418,113,1,00000072,0,0,0,1,0
3891,3891,0,0,0,01,60,0001870b,081bd131,04444444,000002cb,1,0,0,1,0,422354e8,0ade,"iSTATE2",1,05875dd6,05875dd6,02da3544,00000000,00000000,00000000,1,136040753,114,1,00000073,0,0,0,1,0
3892,3892,0,0,0,01,60,0001870b,082e06a8,04444444,000002cb,1,0,0,1,0,422354e8,0ade,"iSTATE2",1,058d6072,058d6072,02da3544,00000000,00000000,00000000,1,137234088,115,1,00000074,0,0,0,1,0
3893,3893,0,0,0,01,60,0001870b,08403c1f,04444444,000002cb,1,0,0,1,0,422354e8,0ade,"iSTATE2",1,0593630e,0593630e,02da3544,00000000,00000000,00000000,1,138427423,116,1,00000075,0,0,0,1,0
3894,3894,0,0,0,01,60,0001870b,08527196,04444444,000002cb,1,0,0,1,0,422354e8,0ade,"iSTATE2",1,059965aa,059965aa,02da3544,00000000,00000000,00000000,1,139620758,117,1,00000076,0,0,0,1,0
3895,3895,0,0,0,01,60,0001870b,0864a70d,04444444,000002cb,1,0,0,1,0,422354e8,0ade,"iSTATE2",1,059f6846,059f6846,02da3544,00000000,00000000,00000000,1,140814093,118,1,00000077,0,0,0,1,0
3896,3896,0,0,0,01,60,0001870b,0876dc84,04444444,000002cb,1,0,0,1,0,422354e8,0ade,"iSTATE2",1,05a56ae2,05a56ae2,02da3544,00000000,00000000,00000000,1,142007428,119,1,00000078,0,0,0,1,0
3897,3897,0,1,0,02,60,0001871c,08891132,04444444,000002ca,1,0,0,1,0,422354e8,0ade,"iSTATE2",1,05abfc82,05abfc82,fd22d343,00000000,00000000,00000000,1,143200562,120,1,00000079,0,0,0,1,0
3898,3898,0,0,0,02,60,0001871c,089b45b8,04444444,000002ca,1,0,0,1,0,422354e8,0ade,"iSTATE2",1,05be378f,05be378f,fd22d343,00000000,00000000,00000000,1,144393656,121,1,0000007a,0,0,0,1,0
3899,3899,0,0,0,02,60,0001871c,08ad7d08,04444444,000002ca,1,0,0,1,0,422354e8,0ade,"iSTATE2",1,05d07567,05d07567,fd22d343,00000000,00000000,00000000,1,145587464,122,1,0000007b,0,0,0,1,0
3900,3900,0,0,0,02,60,0001871c,08bfb18e,04444444,000002ca,1,0,0,1,0,422354e8,0ade,"iSTATE2",1,05e2b074,05e2b074,fd22d343,00000000,00000000,00000000,1,146780558,123,1,0000007c,0,0,0,1,0
3901,3901,0,0,0,02,60,0001871c,08d1e614,04444444,000002ca,1,0,0,1,0,422354e8,0ade,"iSTATE2",1,05f4eb81,05f4eb81,fd22d343,00000000,00000000,00000000,1,147973652,124,1,0000007d,0,0,0,1,0
3902,3902,0,0,0,02,60,0001871c,08e41d64,04444444,000002ca,1,0,0,1,0,422354e8,0ade,"iSTATE2",1,06072959,06072959,fd22d343,00000000,00000000,00000000,1,149167460,125,1,0000007e,0,0,0,1,0
3903,3903,0,0,0,02,60,0001871c,08f651ea,04444444,000002ca,1,0,0,1,0,422354e8,0ade,"iSTATE2",1,06196466,06196466,fd22d343,00000000,00000000,00000000,1,150360554,126,1,0000007f,0,0,0,1,0
3904,3904,0,0,0,02,60,0001871c,09088670,04444444,000002ca,1,0,0,1,0,422354e8,0ade,"iSTATE2",1,062b9f73,062b9f73,fd22d343,00000000,00000000,00000000,1,151553648,127,1,00000080,0,0,0,1,0
3905,3905,0,0,0,02,60,0001871c,091abdc0,04444444,000002ca,1,0,0,1,0,422354e8,0ade,"iSTATE2",1,063ddd4b,063ddd4b,fd22d343,00000000,00000000,00000000,1,152747456,128,1,00000081,0,0,0,1,0
3906,3906,0,0,0,02,60,0001871c,092cf246,04444444,000002ca,1,0,0,1,0,422354e8,0ade,"iSTATE2",1,06501858,06501858,fd22d343,00000000,00000000,00000000,1,153940550,129,1,00000082,0,0,0,1,0
3907,3907,0,0,0,02,60,0001871c,093f26cc,04444444,000002ca,1,0,0,1,0,422354e8,0ade,"iSTATE2",1,06625365,06625365,fd22d343,00000000,00000000,00000000,1,155133644,130,1,00000083,0,0,0,1,0
3908,3908,0,0,0,02,60,0001871c,09515e1c,04444444,000002ca,1,0,0,1,0,422354e8,0ade,"iSTATE2",1,0674913d,0674913d,fd22d343,00000000,00000000,00000000,1,156327452,131,1,00000084,0,0,0,1,0
3909,3909,0,0,0,02,60,0001871c,096392a2,04444444,000002ca,1,0,0,1,0,422354e8,0ade,"iSTATE2",1,0686cc4a,0686cc4a,fd22d343,00000000,00000000,00000000,1,157520546,132,1,00000085,0,0,0,1,0
3910,3910,0,0,0,02,60,0001871c,0975c728,04444444,000002ca,1,0,0,1,0,422354e8,0ade,"iSTATE2",1,06990757,06990757,fd22d343,00000000,00000000,00000000,1,158713640,133,1,00000086,0,0,0,1,0
3911,3911,0,0,0,02,60,0001871c,0987fe78,04444444,000002ca,1,0,0,1,0,422354e8,0ade,"iSTATE2",1,06ab452f,06ab452f,fd22d343,00000000,00000000,00000000,1,159907448,134,1,00000087,0,0,0,1,0
3912,3912,0,0,0,02,60,0001871c,099a32fe,04444444,000002ca,1,0,0,1,0,422354e8,0ade,"iSTATE2",1,06bd803c,06bd803c,fd22d343,00000000,00000000,00000000,1,161100542,135,1,00000088,0,0,0,1,0
3913,3913,0,0,0,02,60,0001871c,09ac6784,04444444,000002ca,1,0,0,1,0,422354e8,0ade,"iSTATE2",1,06cfbb49,06cfbb49,fd22d343,00000000,00000000,00000000,1,162293636,136,1,00000089,0,0,0,1,0
3914,3914,0,0,0,02,60,0001871c,09be9ed4,04444444,000002ca,1,0,0,1,0,422354e8,0ade,"iSTATE2",1,06e1f921,06e1f921,fd22d343,00000000,00000000,00000000,1,163487444,137,1,0000008a,0,0,0,1,0
3915,3915,0,0,0,02,60,0001871c,09d0d35a,04444444,000002ca,1,0,0,1,0,422354e8,0ade,"iSTATE2",1,06f4342e,06f4342e,fd22d343,00000000,00000000,00000000,1,164680538,138,1,0000008b,0,0,0,1,0
3916,3916,0,0,0,02,60,0001871c,09e307e0,04444444,000002ca,1,0,0,1,0,422354e8,0ade,"iSTATE2",1,07066f3b,07066f3b,fd22d343,00000000,00000000,00000000,1,165873632,139,1,0000008c,0,0,0,1,0
3917,3917,0,0,0,02,60,0001871c,09f53f30,04444444,000002ca,1,0,0,1,0,422354e8,0ade,"iSTATE2",1,0718ad13,0718ad13,fd22d343,00000000,00000000,00000000,1,167067440,140,1,0000008d,0,0,0,1,0
3918,3918,0,0,0,02,60,0001871c,0a0773b6,04444444,000002ca,1,0,0,1,0,422354e8,0ade,"iSTATE2",1,072ae820,072ae820,fd22d343,00000000,00000000,00000000,1,168260534,141,1,0000008e,0,0,0,1,0
3919,3919,0,0,0,02,60,0001871c,0a19a83c,04444444,000002ca,1,0,0,1,0,422354e8,0ade,"iSTATE2",1,073d232d,073d232d,fd22d343,00000000,00000000,00000000,1,169453628,142,1,0000008f,0,0,0,1,0
3920,3920,0,0,0,02,60,0001871c,0a2bdf8c,04444444,000002ca,1,0,0,1,0,422354e8,0ade,"iSTATE2",1,074f6105,074f6105,fd22d343,00000000,00000000,00000000,1,170647436,143,1,00000090,0,0,0,1,0
3921,3921,0,0,0,02,60,0001871c,0a3e1412,04444444,000002ca,1,0,0,1,0,422354e8,0ade,"iSTATE2",1,07619c12,07619c12,fd22d343,00000000,00000000,00000000,1,171840530,144,1,00000091,0,0,0,1,0
3922,3922,0,0,0,02,60,0001871c,0a504898,04444444,000002ca,1,0,0,1,0,422354e8,0ade,"iSTATE2",1,0773d71f,0773d71f,fd22d343,00000000,00000000,00000000,1,173033624,145,1,00000092,0,0,0,1,0
3923,3923,0,0,0,02,60,0001871c,0a627fe8,04444444,000002ca,1,0,0,1,0,422354e8,0ade,"iSTATE2",1,078614f7,078614f7,fd22d343,00000000,00000000,00000000,1,174227432,146,1,00000093,0,0,0,1,0
3924,3924,0,0,0,02,60,0001871c,0a74b46e,04444444,000002ca,1,0,0,1,0,422354e8,0ade,"iSTATE2",1,07985004,07985004,fd22d343,00000000,00000000,00000000,1,175420526,147,1,00000094,0,0,0,1,0
3925,3925,0,0,0,02,60,0001871c,0a86e8f4,04444444,000002ca,1,0,0,1,0,422354e8,0ade,"iSTATE2",1,07aa8b11,07aa8b11,fd22d343,00000000,00000000,00000000,1,176613620,148,1,00000095,0,0,0,1,0
3926,3926,0,0,0,02,60,0001871c,0a991d7a,04444444,000002ca,1,0,0,1,0,422354e8,0ade,"iSTATE2",1,07bcc61e,07bcc61e,fd22d343,00000000,00000000,00000000,1,177806714,149,1,00000096,0,0,0,1,0
3927,3927,0,0,0,02,60,0001871c,0aab54ca,04444444,000002ca,1,0,0,1,0,422354e8,0ade,"iSTATE2",1,07cf03f6,07cf03f6,fd22d343,00000000,00000000,00000000,1,179000522,150,1,00000097,0,0,0,1,0
3928,3928,0,0,0,02,60,0001871c,0abd8950,04444444,000002ca,1,0,0,1,0,422354e8,0ade,"iSTATE2",1,07e13f03,07e13f03,fd22d343,00000000,00000000,00000000,1,180193616,151,1,00000098,0,0,0,1,0
3929,3929,0,0,0,02,60,0001871c,0acfbdd6,04444444,000002ca,1,0,0,1,0,422354e8,0ade,"iSTATE2",1,07f37a10,07f37a10,fd22d343,00000000,00000000,00000000,1,181386710,152,1,00000099,0,0,0,1,0
3930,3930,0,0,0,02,60,0001871c,0ae1f526,04444444,000002ca,1,0,0,1,0,422354e8,0ade,"iSTATE2",1,0805b7e8,0805b7e8,fd22d343,00000000,00000000,00000000,1,182580518,153,1,0000009a,0,0,0,1,0
3931,3931,0,0,0,02,60,0001871c,0af429ac,04444444,000002ca,1,0,0,1,0,422354e8,0ade,"iSTATE2",1,0817f2f5,0817f2f5,fd22d343,00000000,00000000,00000000,1,183773612,154,1,0000009b,0,0,0,1,0
3932,3932,0,0,0,02,60,0001871c,0b065e32,04444444,000002ca,1,0,0,1,0,422354e8,0ade,"iSTATE2",1,082a2e02,082a2e02,fd22d343,00000000,00000000,00000000,1,184966706,155,1,0000009c,0,0,0,1,0
3933,3933,0,0,0,02,60,0001871c,0b189582,04444444,000002ca,1,0,0,1,0,422354e8,0ade,"iSTATE2",1,083c6bda,083c6bda,fd22d343,00000000,00000000,00000000,1,186160514,156,1,0000009d,0,0,0,1,0
3934,3934,0,0,0,02,60,0001871c,0b2aca08,04444444,000002ca,1,0,0,1,0,422354e8,0ade,"iSTATE2",1,084ea6e7,084ea6e7,fd22d343,00000000,00000000,00000000,1,187353608,157,1,0000009e,0,0,0,1,0
3935,3935,0,0,0,02,60,0001871c,0b3cfe8e,04444444,000002ca,1,0,0,1,0,422354e8,0ade,"iSTATE2",1,0860e1f4,0860e1f4,fd22d343,00000000,00000000,00000000,1,188546702,158,1,0000009f,0,0,0,1,0
3936,3936,0,0,0,02,60,0001871c,0b4f35de,04444444,000002ca,1,0,0,1,0,422354e8,0ade,"iSTATE2",1,08731fcc,08731fcc,fd22d343,00000000,00000000,00000000,1,189740510,159,1,000000a0,0,0,0,1,0
3937,3937,0,0,0,02,60,0001871c,0b616a64,04444444,000002ca,1,0,0,1,0,422354e8,0ade,"iSTATE2",1,08855ad9,08855ad9,fd22d343,00000000,00000000,00000000,1,190933604,160,1,000000a1,0,0,0,1,0
3938,3938,0,0,0,02,60,0001871c,0b739eea,04444444,000002ca,1,0,0,1,0,422354e8,0ade,"iSTATE2",1,089795e6,089795e6,fd22d343,00000000,00000000,00000000,1,192126698,161,1,000000a2,0,0,0,1,0
3939,3939,0,0,0,02,60,0001871c,0b85d63a,04444444,000002ca,1,0,0,1,0,422354e8,0ade,"iSTATE2",1,08a9d3be,08a9d3be,fd22d343,00000000,00000000,00000000,1,193320506,162,1,000000a3,0,0,0,1,0
3940,3940,0,0,0,02,60,0001871c,0b980ac0,04444444,000002ca,1,0,0,1,0,422354e8,0ade,"iSTATE2",1,08bc0ecb,08bc0ecb,fd22d343,00000000,00000000,00000000,1,194513600,163,1,000000a4,0,0,0,1,0
3941,3941,0,0,0,02,60,0001871c,0baa3f46,04444444,000002ca,1,0,0,1,0,422354e8,0ade,"iSTATE2",1,08ce49d8,08ce49d8,fd22d343,00000000,00000000,00000000,1,195706694,164,1,000000a5,0,0,0,1,0
3942,3942,0,0,0,02,60,0001871c,0bbc7696,04444444,000002ca,1,0,0,1,0,422354e8,0ade,"iSTATE2",1,08e087b0,08e087b0,fd22d343,00000000,00000000,00000000,1,196900502,165,1,000000a6,0,0,0,1,0
3943,3943,0,0,0,02,60,0001871c,0bceab1c,04444444,000002ca,1,0,0,1,0,422354e8,0ade,"iSTATE2",1,08f2c2bd,08f2c2bd,fd22d343,00000000,00000000,00000000,1,198093596,166,1,000000a7,0,0,0,1,0
3944,3944,0,0,0,02,60,0001871c,0be0dfa2,04444444,000002ca,1,0,0,1,0,422354e8,0ade,"iSTATE2",1,0904fdca,0904fdca,fd22d343,00000000,00000000,00000000,1,199286690,167,1,000000a8,0,0,0,1,0
3945,3945,0,0,0,02,60,0001871c,0bf316f2,04444444,000002ca,1,0,0,1,0,422354e8,0ade,"iSTATE2",1,09173ba2,09173ba2,fd22d343,00000000,00000000,00000000,1,200480498,168,1,000000a9,0,0,0,1,0
3946,3946,0,0,0,02,60,0001871c,0c054b78,04444444,000002ca,1,0,0,1,0,422354e8,0ade,"iSTATE2",1,092976af,092976af,fd22d343,00000000,00000000,00000000,1,201673592,169,1,000000aa,0,0,0,1,0
3947,3947,0,0,0,02,60,0001871c,0c177ffe,04444444,000002ca,1,0,0,1,0,422354e8,0ade,"iSTATE2",1,093bb1bc,093bb1bc,fd22d343,00000000,00000000,00000000,1,202866686,170,1,000000ab,0,0,0,1,0
3948,3948,0,0,0,02,60,0001871c,0c29b74e,04444444,000002ca,1,0,0,1,0,422354e8,0ade,"iSTATE2",1,094def94,094def94,fd22d343,00000000,00000000,00000000,1,204060494,171,1,000000ac,0,0,0,1,0
3949,3949,0,0,0,02,60,0001871c,0c3bebd4,04444444,000002ca,1,0,0,1,0,422354e8,0ade,"iSTATE2",1,09602aa1,09602aa1,fd22d343,00000000,00000000,00000000,1,205253588,172,1,000000ad,0,0,0,1,0
3950,3950,0,0,0,02,60,0001871c,0c4e205a,04444444,000002ca,1,0,0,1,0,422354e8,0ade,"iSTATE2",1,097265ae,097265ae,fd22d343,00000000,00000000,00000000,1,206446682,173,1,000000ae,0,0,0,1,0
3951,3951,0,0,0,02,60,0001871c,0c6057aa,04444444,000002ca,1,0,0,1,0,422354e8,0ade,"iSTATE2",1,0984a386,0984a386,fd22d343,00000000,00000000,00000000,1,207640490,174,1,000000af,0,0,0,1,0
3952,3952,0,0,0,02,60,0001871c,0c728c30,04444444,000002ca,1,0,0,1,0,422354e8,0ade,"iSTATE2",1,0996de93,0996de93,fd22d343,00000000,00000000,00000000,1,208833584,175,1,000000b0,0,0,0,1,0
3953,3953,0,0,0,02,60,0001871c,0c84c0b6,04444444,000002ca,1,0,0,1,0,422354e8,0ade,"iSTATE2",1,09a919a0,09a919a0,fd22d343,00000000,00000000,00000000,1,210026678,176,1,000000b1,0,0,0,1,0
3954,3954,0,0,0,02,60,0001871c,0c96f806,04444444,000002ca,1,0,0,1,0,422354e8,0ade,"iSTATE2",1,09bb5778,09bb5778,fd22d343,00000000,00000000,00000000,1,211220486,177,1,000000b2,0,0,0,1,0
3955,3955,0,0,0,02,60,0001871c,0ca92c8c,04444444,000002ca,1,0,0,1,0,422354e8,0ade,"iSTATE2",1,09cd9285,09cd9285,fd22d343,00000000,00000000,00000000,1,212413580,178,1,000000b3,0,0,0,1,0
3956,3956,0,0,0,02,60,0001871c,0cbb6112,04444444,000002ca,1,0,0,1,0,422354e8,0ade,"iSTATE2",1,09dfcd92,09dfcd92,fd22d343,00000000,00000000,00000000,1,213606674,179,1,000000b4,0,0,0,1,0
3957,3957,0,1,0,03,60,0001871b,0ccd959c,04444444,000002ca,1,0,0,1,0,422354e8,0ade,"iSTATE2",1,09f09794,09f09794,fd247223,00000000,00000000,00000000,1,214799772,180,1,000000b5,0,0,0,1,0
3958,3958,0,0,0,03,60,0001871b,0cdfccec,04444444,000002ca,1,0,0,1,0,422354e8,0ade,"iSTATE2",1,0a02cee4,0a02cee4,fd247223,00000000,00000000,00000000,1,215993580,181,1,000000b6,0,0,0,1,0
3959,3959,0,0,0,03,60,0001871b,0cf20172,04444444,000002ca,1,0,0,1,0,422354e8,0ade,"iSTATE2",1,0a15036a,0a15036a,fd247223,00000000,00000000,00000000,1,217186674,182,1,000000b7,0,0,0,1,0
3960,3960,0,0,0,03,60,0001871b,0d0435f8,04444444,000002ca,1,0,0,1,0,422354e8,0ade,"iSTATE2",1,0a2737f0,0a2737f0,fd247223,00000000,00000000,00000000,1,218379768,183,1,000000b8,0,0,0,1,0
3961,3961,0,0,0,03,60,0001871b,0d166d48,04444444,000002ca,1,0,0,1,0,422354e8,0ade,"iSTATE2",1,0a396f40,0a396f40,fd247223,00000000,00000000,00000000,1,219573576,184,1,000000b9,0,0,0,1,0
3962,3962,0,0,0,03,60,0001871b,0d28a1ce,04444444,000002ca,1,0,0,1,0,422354e8,0ade,"iSTATE2",1,0a4ba3c6,0a4ba3c6,fd247223,00000000,00000000,00000000,1,220766670,185,1,000000ba,0,0,0,1,0
3963,3963,0,0,0,03,60,0001871b,0d3ad654,04444444,000002ca,1,0,0,1,0,422354e8,0ade,"iSTATE2",1,0a5dd84c,0a5dd84c,fd247223,00000000,00000000,00000000,1,221959764,186,1,000000bb,0,0,0,1,0
3964,3964,0,0,0,03,60,0001871b,0d4d0da4,04444444,000002ca,1,0,0,1,0,422354e8,0ade,"iSTATE2",1,0a700f9c,0a700f9c,fd247223,00000000,00000000,00000000,1,223153572,187,1,000000bc,0,0,0,1,0
3965,3965,0,0,0,03,60,0001871b,0d5f422a,04444444,000002ca,1,0,0,1,0,422354e8,0ade,"iSTATE2",1,0a824422,0a824422,fd247223,00000000,00000000,00000000,1,224346666,188,1,000000bd,0,0,0,1,0
3966,3966,0,0,0,03,60,0001871b,0d7176b0,04444444,000002ca,1,0,0,1,0,422354e8,0ade,"iSTATE2",1,0a9478a8,0a9478a8,fd247223,00000000,00000000,00000000,1,225539760,189,1,000000be,0,0,0,1,0
3967,3967,0,0,0,03,60,0001871b,0d83ae00,04444444,000002ca,1,0,0,1,0,422354e8,0ade,"iSTATE2",1,0aa6aff8,0aa6aff8,fd247223,00000000,00000000,00000000,1,226733568,190,1,000000bf,0,0,0,1,0
3968,3968,0,0,0,03,60,0001871b,0d95e286,04444444,000002ca,1,0,0,1,0,422354e8,0ade,"iSTATE2",1,0ab8e47e,0ab8e47e,fd247223,00000000,00000000,00000000,1,227926662,191,1,000000c0,0,0,0,1,0
3969,3969,0,0,0,03,60,0001871b,0da8170c,04444444,000002ca,1,0,0,1,0,422354e8,0ade,"iSTATE2",1,0acb1904,0acb1904,fd247223,00000000,00000000,00000000,1,229119756,192,1,000000c1,0,0,0,1,0
3970,3970,0,0,0,03,60,0001871b,0dba4e5c,04444444,000002ca,1,0,0,1,0,422354e8,0ade,"iSTATE2",1,0add5054,0add5054,fd247223,00000000,00000000,00000000,1,230313564,193,1,000000c2,0,0,0,1,0
3971,3971,0,0,0,03,60,0001871b,0dcc82e2,04444444,000002ca,1,0,0,1,0,422354e8,0ade,"iSTATE2",1,0aef84da,0aef84da,fd247223,00000000,00000000,00000000,1,231506658,194,1,000000c3,0,0,0,1,0
3972,3972,0,0,0,03,60,0001871b,0ddeb768,04444444,000002ca,1,0,0,1,0,422354e8,0ade,"iSTATE2",1,0b01b960,0b01b960,fd247223,00000000,00000000,00000000,1,232699752,195,1,000000c4,0,0,0,1,0
3973,3973,0,0,0,03,60,0001871b,0df0eeb8,04444444,000002ca,1,0,0,1,0,422354e8,0ade,"iSTATE2",1,0b13f0b0,0b13f0b0,fd247223,00000000,00000000,00000000,1,233893560,196,1,000000c5,0,0,0,1,0
3974,3974,0,0,0,03,60,0001871b,0e03233e,04444444,000002ca,1,0,0,1,0,422354e8,0ade,"iSTATE2",1,0b262536,0b262536,fd247223,00000000,00000000,00000000,1,235086654,197,1,000000c6,0,0,0,1,0
3975,3975,0,0,0,03,60,0001871b,0e1557c4,04444444,000002ca,1,0,0,1,0,422354e8,0ade,"iSTATE2",1,0b3859bc,0b3859bc,fd247223,00000000,00000000,00000000,1,236279748,198,1,000000c7,0,0,0,1,0
3976,3976,0,0,0,03,60,0001871b,0e278f14,04444444,000002ca,1,0,0,1,0,422354e8,0ade,"iSTATE2",1,0b4a910c,0b4a910c,fd247223,00000000,00000000,00000000,1,237473556,199,1,000000c8,0,0,0,1,0
3977,3977,0,0,0,03,60,0001871b,0e39c39a,04444444,000002ca,1,0,0,1,0,422354e8,0ade,"iSTATE2",1,0b5cc592,0b5cc592,fd247223,00000000,00000000,00000000,1,238666650,200,1,000000c9,0,0,0,1,0
3978,3978,0,0,0,03,60,0001871b,0e4bf820,04444444,000002ca,1,0,0,1,0,422354e8,0ade,"iSTATE2",1,0b6efa18,0b6efa18,fd247223,00000000,00000000,00000000,1,239859744,201,1,000000ca,0,0,0,1,0
3979,3979,0,0,0,03,60,0001871b,0e5e2f70,04444444,000002ca,1,0,0,1,0,422354e8,0ade,"iSTATE2",1,0b813168,0b813168,fd247223,00000000,00000000,00000000,1,241053552,202,1,000000cb,0,0,0,1,0
3980,3980,0,0,0,03,60,0001871b,0e7063f6,04444444,000002ca,1,0,0,1,0,422354e8,0ade,"iSTATE2",1,0b9365ee,0b9365ee,fd247223,00000000,00000000,00000000,1,242246646,203,1,000000cc,0,0,0,1,0
3981,3981,0,0,0,03,60,0001871b,0e82987c,04444444,000002ca,1,0,0,1,0,422354e8,0ade,"iSTATE2",1,0ba59a74,0ba59a74,fd247223,00000000,00000000,00000000,1,243439740,204,1,000000cd,0,0,0,1,0
3982,3982,0,0,0,03,60,0001871b,0e94cfcc,04444444,000002ca,1,0,0,1,0,422354e8,0ade,"iSTATE2",1,0bb7d1c4,0bb7d1c4,fd247223,00000000,00000000,00000000,1,244633548,205,1,000000ce,0,0,0,1,0
3983,3983,0,0,0,03,60,0001871b,0ea70452,04444444,000002ca,1,0,0,1,0,422354e8,0ade,"iSTATE2",1,0bca064a,0bca064a,fd247223,00000000,00000000,00000000,1,245826642,206,1,000000cf,0,0,0,1,0
3984,3984,0,0,0,03,60,0001871b,0eb938d8,04444444,000002ca,1,0,0,1,0,422354e8,0ade,"iSTATE2",1,0bdc3ad0,0bdc3ad0,fd247223,00000000,00000000,00000000,1,247019736,207,1,000000d0,0,0,0,1,0
3985,3985,0,0,0,03,60,0001871b,0ecb6d5e,04444444,000002ca,1,0,0,1,0,422354e8,0ade,"iSTATE2",1,0bee6f56,0bee6f56,fd247223,00000000,00000000,00000000,1,248212830,208,1,000000d1,0,0,0,1,0
3986,3986,0,0,0,03,60,0001871b,0edda4ae,04444444,000002ca,1,0,0,1,0,422354e8,0ade,"iSTATE2",1,0c00a6a6,0c00a6a6,fd247223,00000000,00000000,00000000,1,249406638,209,1,000000d2,0,0,0,1,0
3987,3987,0,0,0,03,60,0001871b,0eefd934,04444444,000002ca,1,0,0,1,0,422354e8,0ade,"iSTATE2",1,0c12db2c,0c12db2c,fd247223,00000000,00000000,00000000,1,250599732,210,1,000000d3,0,0,0,1,0
3988,3988,0,0,0,03,60,0001871b,0f020dba,04444444,000002ca,1,0,0,1,0,422354e8,0ade,"iSTATE2",1,0c250fb2,0c250fb2,fd247223,00000000,00000000,00000000,1,251792826,211,1,000000d4,0,0,0,1,0
3989,3989,0,0,0,03,60,0001871b,0f14450a,04444444,000002ca,1,0,0,1,0,422354e8,0ade,"iSTATE2",1,0c374702,0c374702,fd247223,00000000,00000000,00000000,1,252986634,212,1,000000d5,0,0,0,1,0
3990,3990,0,0,0,03,60,0001871b,0f267990,04444444,000002ca,1,0,0,1,0,422354e8,0ade,"iSTATE2",1,0c497b88,0c497b88,fd247223,00000000,00000000,00000000,1,254179728,213,1,000000d6,0,0,0,1,0
3991,3991,0,0,0,03,60,0001871b,0f38ae16,04444444,000002ca,1,0,0,1,0,422354e8,0ade,"iSTATE2",1,0c5bb00e,0c5bb00e,fd247223,00000000,00000000,00000000,1,255372822,214,1,000000d7,0,0,0,1,0
3992,3992,0,0,0,03,60,0001871b,0f4ae566,04444444,000002ca,1,0,0,1,0,422354e8,0ade,"iSTATE2",1,0c6de75e,0c6de75e,fd247223,00000000,00000000,00000000,1,256566630,215,1,000000d8,0,0,0,1,0
3993,3993,0,0,0,03,60,0001871b,0f5d19ec,04444444,000002ca,1,0,0,1,0,422354e8,0ade,"iSTATE2",1,0c801be4,0c801be4,fd247223,00000000,00000000,00000000,1,257759724,216,1,000000d9,0,0,0,1,0
3994,3994,0,0,0,03,60,0001871b,0f6f4e72,04444444,000002ca,1,0,0,1,0,422354e8,0ade,"iSTATE2",1,0c92506a,0c92506a,fd247223,00000000,00000000,00000000,1,258952818,217,1,000000da,0,0,0,1,0
3995,3995,0,0,0,03,60,0001871b,0f8185c2,04444444,000002ca,1,0,0,1,0,422354e8,0ade,"iSTATE2",1,0ca487ba,0ca487ba,fd247223,00000000,00000000,00000000,1,260146626,218,1,000000db,0,0,0,1,0
3996,3996,0,0,0,03,60,0001871b,0f93ba48,04444444,000002ca,1,0,0,1,0,422354e8,0ade,"iSTATE2",1,0cb6bc40,0cb6bc40,fd247223,00000000,00000000,00000000,1,261339720,219,1,000000dc,0,0,0,1,0
3997,3997,0,0,0,03,60,0001871b,0fa5eece,04444444,000002ca,1,0,0,1,0,422354e8,0ade,"iSTATE2",1,0cc8f0c6,0cc8f0c6,fd247223,00000000,00000000,00000000,1,262532814,220,1,000000dd,0,0,0,1,0
3998,3998,0,0,0,03,60,0001871b,0fb8261e,04444444,000002ca,1,0,0,1,0,422354e8,0ade,"iSTATE2",1,0cdb2816,0cdb2816,fd247223,00000000,00000000,00000000,1,263726622,221,1,000000de,0,0,0,1,0
3999,3999,0,0,0,03,60,0001871b,0fca5aa4,04444444,000002ca,1,0,0,1,0,422354e8,0ade,"iSTATE2",1,0ced5c9c,0ced5c9c,fd247223,00000000,00000000,00000000,1,264919716,222,1,000000df,0,0,0,1,0
4000,4000,0,0,0,03,60,0001871b,0fdc8f2a,04444444,000002ca,1,0,0,1,0,422354e8,0ade,"iSTATE2",1,0cff9122,0cff9122,fd247223,00000000,00000000,00000000,1,266112810,223,1,000000e0,0,0,0,1,0
4001,4001,0,0,0,03,60,0001871b,0feec67a,04444444,000002ca,1,0,0,1,0,422354e8,0ade,"iSTATE2",1,0d11c872,0d11c872,fd247223,00000000,00000000,00000000,1,267306618,224,1,000000e1,0,0,0,1,0
4002,4002,0,0,0,03,60,0001871b,1000fb00,04444444,000002ca,1,0,0,1,0,422354e8,0ade,"iSTATE2",1,0d23fcf8,0d23fcf8,fd247223,00000000,00000000,00000000,1,268499712,225,1,000000e2,0,0,0,1,0
4003,4003,0,0,0,03,60,0001871b,10132f86,04444444,000002ca,1,0,0,1,0,422354e8,0ade,"iSTATE2",1,0d36317e,0d36317e,fd247223,00000000,00000000,00000000,1,269692806,226,1,000000e3,0,0,0,1,0
4004,4004,0,0,0,03,60,0001871b,102566d6,04444444,000002ca,1,0,0,1,0,422354e8,0ade,"iSTATE2",1,0d4868ce,0d4868ce,fd247223,00000000,00000000,00000000,1,270886614,227,1,000000e4,0,0,0,1,0
4005,4005,0,0,0,03,60,0001871b,10379b5c,04444444,000002ca,1,0,0,1,0,422354e8,0ade,"iSTATE2",1,0d5a9d54,0d5a9d54,fd247223,00000000,00000000,00000000,1,272079708,228,1,000000e5,0,0,0,1,0
4006,4006,0,0,0,03,60,0001871b,1049cfe2,04444444,000002ca,1,0,0,1,0,422354e8,0ade,"iSTATE2",1,0d6cd1da,0d6cd1da,fd247223,00000000,00000000,00000000,1,273272802,229,1,000000e6,0,0,0,1,0
4007,4007,0,0,0,03,60,0001871b,105c0732,04444444,000002ca,1,0,0,1,0,422354e8,0ade,"iSTATE2",1,0d7f092a,0d7f092a,fd247223,00000000,00000000,00000000,1,274466610,230,1,000000e7,0,0,0,1,0
4008,4008,0,0,0,03,60,0001871b,106e3bb8,04444444,000002ca,1,0,0,1,0,422354e8,0ade,"iSTATE2",1,0d913db0,0d913db0,fd247223,00000000,00000000,00000000,1,275659704,231,1,000000e8,0,0,0,1,0
4009,4009,0,0,0,03,60,0001871b,1080703e,04444444,000002ca,1,0,0,1,0,422354e8,0ade,"iSTATE2",1,0da37236,0da37236,fd247223,00000000,00000000,00000000,1,276852798,232,1,000000e9,0,0,0,1,0
4010,4010,0,0,0,03,60,0001871b,1092a78e,04444444,000002ca,1,0,0,1,0,422354e8,0ade,"iSTATE2",1,0db5a986,0db5a986,fd247223,00000000,00000000,00000000,1,278046606,233,1,000000ea,0,0,0,1,0
4011,4011,0,0,0,03,60,0001871b,10a4dc14,04444444,000002ca,1,0,0,1,0,422354e8,0ade,"iSTATE2",1,0dc7de0c,0dc7de0c,fd247223,00000000,00000000,00000000,1,279239700,234,1,000000eb,0,0,0,1,0
4012,4012,0,0,0,03,60,0001871b,10b7109a,04444444,000002ca,1,0,0,1,0,422354e8,0ade,"iSTATE2",1,0dda1292,0dda1292,fd247223,00000000,00000000,00000000,1,280432794,235,1,000000ec,0,0,0,1,0
4013,4013,0,0,0,03,60,0001871b,10c947ea,04444444,000002ca,1,0,0,1,0,422354e8,0ade,"iSTATE2",1,0dec49e2,0dec49e2,fd247223,00000000,00000000,00000000,1,281626602,236,1,000000ed,0,0,0,1,0
4014,4014,0,0,0,03,60,0001871b,10db7c70,04444444,000002ca,1,0,0,1,0,422354e8,0ade,"iSTATE2",1,0dfe7e68,0dfe7e68,fd247223,00000000,00000000,00000000,1,282819696,237,1,000000ee,0,0,0,1,0
4015,4015,0,0,0,03,60,0001871b,10edb0f6,04444444,000002ca,1,0,0,1,0,422354e8,0ade,"iSTATE2",1,0e10b2ee,0e10b2ee,fd247223,00000000,00000000,00000000,1,284012790,238,1,000000ef,0,0,0,1,0
4016,4016,0,0,0,03,60,0001871b,10ffe57c,04444444,000002ca,1,0,0,1,0,422354e8,0ade,"iSTATE2",1,0e22e774,0e22e774,fd247223,00000000,00000000,00000000,1,285205884,239,1,000000f0,0,0,0,1,0
4017,4017,0,1,0,04,60,0001871c,11121cd0,04444444,000002ca,1,0,0,1,0,422354e8,0ade,"iSTATE2",1,0e33b166,0e33b166,fd2301f8,00000000,00000000,00000000,1,286399696,240,1,000000f1,0,0,0,1,0
4018,4018,0,0,0,04,60,0001871c,11245156,04444444,000002ca,1,0,0,1,0,422354e8,0ade,"iSTATE2",1,0e45e5ec,0e45e5ec,fd2301f8,00000000,00000000,00000000,1,287592790,241,1,000000f2,0,0,0,1,0
4019,4019,0,0,0,04,60,0001871c,113685dc,04444444,000002ca,1,0,0,1,0,422354e8,0ade,"iSTATE2",1,0e581a72,0e581a72,fd2301f8,00000000,00000000,00000000,1,288785884,242,1,000000f3,0,0,0,1,0
4020,4020,0,0,0,04,60,0001871c,1148bd2c,04444444,000002ca,1,0,0,1,0,422354e8,0ade,"iSTATE2",1,0e6a51c2,0e6a51c2,fd2301f8,00000000,00000000,00000000,1,289979692,243,1,000000f4,0,0,0,1,0
4021,4021,0,0,0,04,60,0001871c,115af1b2,04444444,000002ca,1,0,0,1,0,422354e8,0ade,"iSTATE2",1,0e7c8648,0e7c8648,fd2301f8,00000000,00000000,00000000,1,291172786,244,1,000000f5,0,0,0,1,0
4022,4022,0,0,0,04,60,0001871c,116d2638,04444444,000002ca,1,0,0,1,0,422354e8,0ade,"iSTATE2",1,0e8ebace,0e8ebace,fd2301f8,00000000,00000000,00000000,1,292365880,245,1,000000f6,0,0,0,1,0
4023,4023,0,0,0,04,60,0001871c,117f5d88,04444444,000002ca,1,0,0,1,0,422354e8,0ade,"iSTATE2",1,0ea0f21e,0ea0f21e,fd2301f8,00000000,00000000,00000000,1,293559688,246,1,000000f7,0,0,0,1,0
4024,4024,0,0,0,04,60,0001871c,1191920e,04444444,000002ca,1,0,0,1,0,422354e8,0ade,"iSTATE2",1,0eb326a4,0eb326a4,fd2301f8,00000000,00000000,00000000,1,294752782,247,1,000000f8,0,0,0,1,0
4025,4025,0,0,0,04,60,0001871c,11a3c694,04444444,000002ca,1,0,0,1,0,422354e8,0ade,"iSTATE2",1,0ec55b2a,0ec55b2a,fd2301f8,00000000,00000000,00000000,1,295945876,248,1,000000f9,0,0,0,1,0
4026,4026,0,0,0,04,60,0001871c,11b5fde4,04444444,000002ca,1,0,0,1,0,422354e8,0ade,"iSTATE2",1,0ed7927a,0ed7927a,fd2301f8,00000000,00000000,00000000,1,297139684,249,1,000000fa,0,0,0,1,0
4027,4027,0,0,0,04,60,0001871c,11c8326a,04444444,000002ca,1,0,0,1,0,422354e8,0ade,"iSTATE2",1,0ee9c700,0ee9c700,fd2301f8,00000000,00000000,00000000,1,298332778,250,1,000000fb,0,0,0,1,0
4028,4028,0,0,0,04,60,0001871c,11da66f0,04444444,000002ca,1,0,0,1,0,422354e8,0ade,"iSTATE2",1,0efbfb86,0efbfb86,fd2301f8,00000000,00000000,00000000,1,299525872,251,1,000000fc,0,0,0,1,0
4029,4029,0,0,0,04,60,0001871c,11ec9e40,04444444,000002ca,1,0,0,1,0,422354e8,0ade,"iSTATE2",1,0f0e32d6,0f0e32d6,fd2301f8,00000000,00000000,00000000,1,300719680,252,1,000000fd,0,0,0,1,0
4030,4030,0,0,0,04,60,0001871c,11fed2c6,04444444,000002ca,1,0,0,1,0,422354e8,0ade,"iSTATE2",1,0f20675c,0f20675c,fd2301f8,00000000,00000000,00000000,1,301912774,253,1,000000fe,0,0,0,1,0
4031,4031,0,0,0,04,60,0001871c,1211074c,04444444,000002ca,1,0,0,1,0,422354e8,0ade,"iSTATE2",1,0f329be2,0f329be2,fd2301f8,00000000,00000000,00000000,1,303105868,254,1,000000ff,0,0,0,1,0
4032,4032,0,0,0,04,60,0001871c,12233e9c,04444444,000002ca,1,0,0,1,0,422354e8,0ade,"iSTATE2",1,0f44d332,0f44d332,fd2301f8,00000000,00000000,00000000,1,304299676,255,1,00000100,0,0,0,1,0
4033,4033,0,0,0,04,60,0001871c,12357322,04444444,000002ca,1,0,0,1,0,422354e8,0ade,"iSTATE2",1,0f5707b8,0f5707b8,fd2301f8,00000000,00000000,00000000,1,305492770,256,1,00000101,0,0,0,1,0
4034,4034,0,0,0,04,60,0001871c,1247a7a8,04444444,000002ca,1,0,0,1,0,422354e8,0ade,"iSTATE2",1,0f693c3e,0f693c3e,fd2301f8,00000000,00000000,00000000,1,306685864,257,1,00000102,0,0,0,1,0
4035,4035,0,0,0,04,60,0001871c,1259def8,04444444,000002ca,1,0,0,1,0,422354e8,0ade,"iSTATE2",1,0f7b738e,0f7b738e,fd2301f8,00000000,00000000,00000000,1,307879672,258,1,00000103,0,0,0,1,0
4036,4036,0,0,0,04,60,0001871c,126c137e,04444444,000002ca,1,0,0,1,0,422354e8,0ade,"iSTATE2",1,0f8da814,0f8da814,fd2301f8,00000000,00000000,00000000,1,309072766,259,1,00000104,0,0,0,1,0
4037,4037,0,0,0,04,60,0001871c,127e4804,04444444,000002ca,1,0,0,1,0,422354e8,0ade,"iSTATE2",1,0f9fdc9a,0f9fdc9a,fd2301f8,00000000,00000000,00000000,1,310265860,260,1,00000105,0,0,0,1,0
4038,4038,0,0,0,04,60,0001871c,12907f54,04444444,000002ca,1,0,0,1,0,422354e8,0ade,"iSTATE2",1,0fb213ea,0fb213ea,fd2301f8,00000000,00000000,00000000,1,311459668,261,1,00000106,0,0,0,1,0
4039,4039,0,0,0,04,60,0001871c,12a2b3da,04444444,000002ca,1,0,0,1,0,422354e8,0ade,"iSTATE2",1,0fc44870,0fc44870,fd2301f8,00000000,00000000,00000000,1,312652762,262,1,00000107,0,0,0,1,0
4040,4040,0,0,0,04,60,0001871c,12b4e860,04444444,000002ca,1,0,0,1,0,422354e8,0ade,"iSTATE2",1,0fd67cf6,0fd67cf6,fd2301f8,00000000,00000000,00000000,1,313845856,263,1,00000108,0,0,0,1,0
4041,4041,0,0,0,04,60,0001871c,12c71fb0,04444444,000002ca,1,0,0,1,0,422354e8,0ade,"iSTATE2",1,0fe8b446,0fe8b446,fd2301f8,00000000,00000000,00000000,1,315039664,264,1,00000109,0,0,0,1,0
4042,4042,0,0,0,04,60,0001871c,12d95436,04444444,000002ca,1,0,0,1,0,422354e8,0ade,"iSTATE2",1,0ffae8cc,0ffae8cc,fd2301f8,00000000,00000000,00000000,1,316232758,265,1,0000010a,0,0,0,1,0
4043,4043,0,0,0,04,60,0001871c,12eb88bc,04444444,000002ca,1,0,0,1,0,422354e8,0ade,"iSTATE2",1,100d1d52,100d1d52,fd2301f8,00000000,00000000,00000000,1,317425852,266,1,0000010b,0,0,0,1,0
4044,4044,0,0,0,04,60,0001871c,12fdbd42,04444444,000002ca,1,0,0,1,0,422354e8,0ade,"iSTATE2",1,101f51d8,101f51d8,fd2301f8,00000000,00000000,00000000,1,318618946,267,1,0000010c,0,0,0,1,0
4045,4045,0,0,0,04,60,0001871c,130ff492,04444444,000002ca,1,0,0,1,0,422354e8,0ade,"iSTATE2",1,10318928,10318928,fd2301f8,00000000,00000000,00000000,1,319812754,268,1,0000010d,0,0,0,1,0
4046,4046,0,0,0,04,60,0001871c,13222918,04444444,000002ca,1,0,0,1,0,422354e8,0ade,"iSTATE2",1,1043bdae,1043bdae,fd2301f8,00000000,00000000,00000000,1,321005848,269,1,0000010e,0,0,0,1,0
4047,4047,0,0,0,04,60,0001871c,13345d9e,04444444,000002ca,1,0,0,1,0,422354e8,0ade,"iSTATE2",1,1055f234,1055f234,fd2301f8,00000000,00000000,00000000,1,322198942,270,1,0000010f,0,0,0,1,0
4048,4048,0,0,0,04,60,0001871c,134694ee,04444444,000002ca,1,0,0,1,0,422354e8,0ade,"iSTATE2",1,10682984,10682984,fd2301f8,00000000,00000000,00000000,1,323392750,271,1,00000110,0,0,0,1,0
4049,4049,0,0,0,04,60,0001871c,1358c974,04444444,000002ca,1,0,0,1,0,422354e8,0ade,"iSTATE2",1,107a5e0a,107a5e0a,fd2301f8,00000000,00000000,00000000,1,324585844,272,1,00000111,0,0,0,1,0
4050,4050,0,0,0,04,60,0001871c,136afdfa,04444444,000002ca,1,0,0,1,0,422354e8,0ade,"iSTATE2",1,108c9290,108c9290,fd2301f8,00000000,00000000,00000000,1,325778938,273,1,00000112,0,0,0,1,0
4051,4051,0,0,0,04,60,0001871c,137d354a,04444444,000002ca,1,0,0,1,0,422354e8,0ade,"iSTATE2",1,109ec9e0,109ec9e0,fd2301f8,00000000,00000000,00000000,1,326972746,274,1,00000113,0,0,0,1,0
4052,4052,0,0,0,04,60,0001871c,138f69d0,04444444,000002ca,1,0,0,1,0,422354e8,0ade,"iSTATE2",1,10b0fe66,10b0fe66,fd2301f8,00000000,00000000,00000000,1,328165840,275,1,00000114,0,0,0,1,0
4053,4053,0,0,0,04,60,0001871c,13a19e56,04444444,000002ca,1,0,0,1,0,422354e8,0ade,"iSTATE2",1,10c332ec,10c332ec,fd2301f8,00000000,00000000,00000000,1,329358934,276,1,00000115,0,0,0,1,0
4054,4054,0,0,0,04,60,0001871c,13b3d5a6,04444444,000002ca,1,0,0,1,0,422354e8,0ade,"iSTATE2",1,10d56a3c,10d56a3c,fd2301f8,00000000,00000000,00000000,1,330552742,277,1,00000116,0,0,0,1,0
4055,4055,0,0,0,04,60,0001871c,13c60a2c,04444444,000002ca,1,0,0,1,0,422354e8,0ade,"iSTATE2",1,10e79ec2,10e79ec2,fd2301f8,00000000,00000000,00000000,1,331745836,278,1,00000117,0,0,0,1,0
4056,4056,0,0,0,04,60,0001871c,13d83eb2,04444444,000002ca,1,0,0,1,0,422354e8,0ade,"iSTATE2",1,10f9d348,10f9d348,fd2301f8,00000000,00000000,00000000,1,332938930,279,1,00000118,0,0,0,1,0
4057,4057,0,0,0,04,60,0001871c,13ea7602,04444444,000002ca,1,0,0,1,0,422354e8,0ade,"iSTATE2",1,110c0a98,110c0a98,fd2301f8,00000000,00000000,00000000,1,334132738,280,1,00000119,0,0,0,1,0
4058,4058,0,0,0,04,60,0001871c,13fcaa88,04444444,000002ca,1,0,0,1,0,422354e8,0ade,"iSTATE2",1,111e3f1e,111e3f1e,fd2301f8,00000000,00000000,00000000,1,335325832,281,1,0000011a,0,0,0,1,0
4059,4059,0,0,0,04,60,0001871c,140edf0e,04444444,000002ca,1,0,0,1,0,422354e8,0ade,"iSTATE2",1,113073a4,113073a4,fd2301f8,00000000,00000000,00000000,1,336518926,282,1,0000011b,0,0,0,1,0
4060,4060,0,0,0,04,60,0001871c,1421165e,04444444,000002ca,1,0,0,1,0,422354e8,0ade,"iSTATE2",1,1142aaf4,1142aaf4,fd2301f8,00000000,00000000,00000000,1,337712734,283,1,0000011c,0,0,0,1,0
4061,4061,0,0,0,04,60,0001871c,14334ae4,04444444,000002ca,1,0,0,1,0,422354e8,0ade,"iSTATE2",1,1154df7a,1154df7a,fd2301f8,00000000,00000000,00000000,1,338905828,284,1,0000011d,0,0,0,1,0
4062,4062,0,0,0,04,60,0001871c,14457f6a,04444444,000002ca,1,0,0,1,0,422354e8,0ade,"iSTATE2",1,11671400,11671400,fd2301f8,00000000,00000000,00000000,1,340098922,285,1,0000011e,0,0,0,1,0
4063,4063,0,0,0,04,60,0001871c,1457b6ba,04444444,000002ca,1,0,0,1,0,422354e8,0ade,"iSTATE2",1,11794b50,11794b50,fd2301f8,00000000,00000000,00000000,1,341292730,286,1,0000011f,0,0,0,1,0
4064,4064,0,0,0,04,60,0001871c,1469eb40,04444444,000002ca,1,0,0,1,0,422354e8,0ade,"iSTATE2",1,118b7fd6,118b7fd6,fd2301f8,00000000,00000000,00000000,1,342485824,287,1,00000120,0,0,0,1,0
4065,4065,0,0,0,04,60,0001871c,147c1fc6,04444444,000002ca,1,0,0,1,0,422354e8,0ade,"iSTATE2",1,119db45c,119db45c,fd2301f8,00000000,00000000,00000000,1,343678918,288,1,00000121,0,0,0,1,0
4066,4066,0,0,0,04,60,0001871c,148e5716,04444444,000002ca,1,0,0,1,0,422354e8,0ade,"iSTATE2",1,11afebac,11afebac,fd2301f8,00000000,00000000,00000000,1,344872726,289,1,00000122,0,0,0,1,0
4067,4067,0,0,0,04,60,0001871c,14a08b9c,04444444,000002ca,1,0,0,1,0,422354e8,0ade,"iSTATE2",1,11c22032,11c22032,fd2301f8,00000000,00000000,00000000,1,346065820,290,1,00000123,0,0,0,1,0
4068,4068,0,0,0,04,60,0001871c,14b2c022,04444444,000002ca,1,0,0,1,0,422354e8,0ade,"iSTATE2",1,11d454b8,11d454b8,fd2301f8,00000000,00000000,00000000,1,347258914,291,1,00000124,0,0,0,1,0
4069,4069,0,0,0,04,60,0001871c,14c4f772,04444444,000002ca,1,0,0,1,0,422354e8,0ade,"iSTATE2",1,11e68c08,11e68c08,fd2301f8,00000000,00000000,00000000,1,348452722,292,1,00000125,0,0,0,1,0
4070,4070,0,0,0,04,60,0001871c,14d72bf8,04444444,000002ca,1,0,0,1,0,422354e8,0ade,"iSTATE2",1,11f8c08e,11f8c08e,fd2301f8,00000000,00000000,00000000,1,349645816,293,1,00000126,0,0,0,1,0
4071,4071,0,0,0,04,60,0001871c,14e9607e,04444444,000002ca,1,0,0,1,0,422354e8,0ade,"iSTATE2",1,120af514,120af514,fd2301f8,00000000,00000000,00000000,1,350838910,294,1,00000127,0,0,0,1,0
4072,4072,0,0,0,04,60,0001871c,14fb97ce,04444444,000002ca,1,0,0,1,0,422354e8,0ade,"iSTATE2",1,121d2c64,121d2c64,fd2301f8,00000000,00000000,00000000,1,352032718,295,1,00000128,0,0,0,1,0
4073,4073,0,0,0,04,60,0001871c,150dcc54,04444444,000002ca,1,0,0,1,0,422354e8,0ade,"iSTATE2",1,122f60ea,122f60ea,fd2301f8,00000000,00000000,00000000,1,353225812,296,1,00000129,0,0,0,1,0
4074,4074,0,0,0,04,60,0001871c,152000da,04444444,000002ca,1,0,0,1,0,422354e8,0ade,"iSTATE2",1,12419570,12419570,fd2301f8,00000000,00000000,00000000,1,354418906,297,1,0000012a,0,0,0,1,0
4075,4075,0,0,0,04,60,0001871c,15323560,04444444,000002ca,1,0,0,1,0,422354e8,0ade,"iSTATE2",1,1253c9f6,1253c9f6,fd2301f8,00000000,00000000,00000000,1,355612000,298,1,0000012b,0,0,0,1,0
4076,4076,0,0,0,04,60,0001871c,15446cb0,04444444,000002ca,1,0,0,1,0,422354e8,0ade,"iSTATE2",1,12660146,12660146,fd2301f8,00000000,00000000,00000000,1,356805808,299,1,0000012c,0,0,0,1,0
4077,4077,0,1,0,05,60,0001871b,1556a13a,04444444,000002ca,1,0,0,1,0,422354e8,0ade,"iSTATE2",1,1276c5a4,1276c5a4,fd219496,00000000,00000000,00000000,1,357998906,300,1,0000012d,0,0,0,1,0
4078,4078,0,0,0,05,60,0001871b,1568d5c0,04444444,000002ca,1,0,0,1,0,422354e8,0ade,"iSTATE2",1,1288fa2a,1288fa2a,fd219496,00000000,00000000,00000000,1,359192000,301,1,0000012e,0,0,0,1,0
4079,4079,0,0,0,05,60,0001871b,157b0d10,04444444,000002ca,1,0,0,1,0,422354e8,0ade,"iSTATE2",1,129b317a,129b317a,fd219496,00000000,00000000,00000000,1,360385808,302,1,0000012f,0,0,0,1,0
4080,4080,0,0,0,05,60,0001871b,158d4196,04444444,000002ca,1,0,0,1,0,422354e8,0ade,"iSTATE2",1,12ad6600,12ad6600,fd219496,00000000,00000000,00000000,1,361578902,303,1,00000130,0,0,0,1,0
4081,4081,0,0,0,05,60,0001871b,159f761c,04444444,000002ca,1,0,0,1,0,422354e8,0ade,"iSTATE2",1,12bf9a86,12bf9a86,fd219496,00000000,00000000,00000000,1,362771996,304,1,00000131,0,0,0,1,0
4082,4082,0,0,0,05,60,0001871b,15b1ad6c,04444444,000002ca,1,0,0,1,0,422354e8,0ade,"iSTATE2",1,12d1d1d6,12d1d1d6,fd219496,00000000,00000000,00000000,1,363965804,305,1,00000132,0,0,0,1,0
4083,4083,0,0,0,05,60,0001871b,15c3e1f2,04444444,000002ca,1,0,0,1,0,422354e8,0ade,"iSTATE2",1,12e4065c,12e4065c,fd219496,00000000,00000000,00000000,1,365158898,306,1,00000133,0,0,0,1,0
4084,4084,0,0,0,05,60,0001871b,15d61678,04444444,000002ca,1,0,0,1,0,422354e8,0ade,"iSTATE2",1,12f63ae2,12f63ae2,fd219496,00000000,00000000,00000000,1,366351992,307,1,00000134,0,0,0,1,0
4085,4085,0,0,0,05,60,0001871b,15e84dc8,04444444,000002ca,1,0,0,1,0,422354e8,0ade,"iSTATE2",1,13087232,13087232,fd219496,00000000,00000000,00000000,1,367545800,308,1,00000135,0,0,0,1,0
4086,4086,0,0,0,05,60,0001871b,15fa824e,04444444,000002ca,1,0,0,1,0,422354e8,0ade,"iSTATE2",1,131aa6b8,131aa6b8,fd219496,00000000,00000000,00000000,1,368738894,309,1,00000136,0,0,0,1,0
4087,4087,0,0,0,05,60,0001871b,160cb6d4,04444444,000002ca,1,0,0,1,0,422354e8,0ade,"iSTATE2",1,132cdb3e,132cdb3e,fd219496,00000000,00000000,00000000,1,369931988,310,1,00000137,0,0,0,1,0
4088,4088,0,0,0,05,60,0001871b,161eee24,04444444,000002ca,1,0,0,1,0,422354e8,0ade,"iSTATE2",1,133f128e,133f128e,fd219496,00000000,00000000,00000000,1,371125796,311,1,00000138,0,0,0,1,0
4089,4089,0,0,0,05,60,0001871b,163122aa,04444444,000002ca,1,0,0,1,0,422354e8,0ade,"iSTATE2",1,13514714,13514714,fd219496,00000000,00000000,00000000,1,372318890,312,1,00000139,0,0,0,1,0
4090,4090,0,0,0,05,60,0001871b,16435730,04444444,000002ca,1,0,0,1,0,422354e8,0ade,"iSTATE2",1,13637b9a,13637b9a,fd219496,00000000,00000000,00000000,1,373511984,313,1,0000013a,0,0,0,1,0
4091,4091,0,0,0,05,60,0001871b,16558e80,04444444,000002ca,1,0,0,1,0,422354e8,0ade,"iSTATE2",1,1375b2ea,1375b2ea,fd219496,00000000,00000000,00000000,1,374705792,314,1,0000013b,0,0,0,1,0
4092,4092,0,0,0,05,60,0001871b,1667c306,04444444,000002ca,1,0,0,1,0,422354e8,0ade,"iSTATE2",1,1387e770,1387e770,fd219496,00000000,00000000,00000000,1,375898886,315,1,0000013c,0,0,0,1,0
4093,4093,0,0,0,05,60,0001871b,1679f78c,04444444,000002ca,1,0,0,1,0,422354e8,0ade,"iSTATE2",1,139a1bf6,139a1bf6,fd219496,00000000,00000000,00000000,1,377091980,316,1,0000013d,0,0,0,1,0
4094,4094,0,0,0,05,60,0001871b,168c2edc,04444444,000002ca,1,0,0,1,0,422354e8,0ade,"iSTATE2",1,13ac5346,13ac5346,fd219496,00000000,00000000,00000000,1,378285788,317,1,0000013e,0,0,0,1,0
4095,4095,0,0,0,05,60,0001871b,169e6362,04444444,000002ca,1,0,0,1,0,422354e8,0ade,"iSTATE2",1,13be87cc,13be87cc,fd219496,00000000,00000000,00000000,1,379478882,318,1,0000013f,0,0,0,1,0
